"","swda_filename","ptb_basename","conversation_no","transcript_index","act_tag","caller","turn_index","subutterance_index","text","pos","trees","ptb_treenumbers","start_turn","end_turn","newtext","newpos"
"1","sw05utt/sw_0522_2072.utt","2/sw2072",2072,0,"o","A",1,1,"All  (( righty )) .  /","[ All/DT righty/JJ ] ./.","(INTJ (DT All) (JJ righty) (. .) (-DFL- E_S))","1",NA,NA,"All   righty  .  "," All/DT righty/JJ  ./."
"2","sw05utt/sw_0522_2072.utt","2/sw2072",2072,1,"sd","A",1,2,"{F Uh, } I'll just hand it off to you  /","[ Uh/UH ] ,/,  [ I/PRP ] 'll/MD just/RB hand/VB  [ it/PRP ] off/RP to/IN  [ you/PRP ]","(S (INTJ (UH Uh)) (, ,) (NP-SBJ (PRP I)) (VP (MD 'll) (ADVP (RB just)) (VP (VB hand) (NP (PRP it)) (PRT (RP off)) (PP (IN to) (NP (PRP you))))) (-DFL- E_S))","2",NA,NA," Uh,  I'll just hand it off to you  "," Uh/UH  ,/,   I/PRP  'll/MD just/RB hand/VB   it/PRP  off/RP to/IN   you/PRP "
"3","sw05utt/sw_0522_2072.utt","2/sw2072",2072,2,"sd^t","A",1,3,"{C and } hobbies in our spare time is what we've been selected to discuss today. /","and/CC  [ hobbies/NNS ] in/IN  [ our/PRP$ spare/JJ time/NN ] is/VBZ  [ what/WP ] [ we/PRP ] 've/VBP been/VBN selected/VBN to/TO discuss/VB  [ today/RB ] ./.","(S (CC and) (NP-SBJ (NP (NNS hobbies)) (PP-TMP (IN in) (NP (PRP$ our) (JJ spare) (NN time)))) (VP (VBZ is) (SBAR-PRD-NOM (WHNP-2 (WP what)) (S (NP-SBJ-1 (PRP we)) (VP (VBP 've) (VP (VBN been) (VP (VBN selected) (S (NP-SBJ (-NONE- *-1)) (VP (TO to) (VP (VB discuss) (NP (-NONE- *T*-2)) (NP-TMP (RB today))))))))))) (. .) (-DFL- E_S))","3",NA,NA," and  hobbies in our spare time is what we've been selected to discuss today. ","and/CC   hobbies/NNS  in/IN   our/PRP$ spare/JJ time/NN  is/VBZ   what/WP   we/PRP  've/VBP been/VBN selected/VBN to/TO discuss/VB   today/RB  ./."
"4","sw05utt/sw_0522_2072.utt","2/sw2072",2072,3,"sd","B",2,1,"{D Well, } {F uh, } the hobbies that I pursue in my spare time, are crafts  /","Well/UH ,/,  [ uh/UH ] ,/,  [ the/DT hobbies/NNS ] that/WDT  [ I/PRP ] pursue/VBP in/IN  [ my/PRP$ spare/JJ time/NN ] ,/, are/VBP  [ crafts/NNS ]","(S (INTJ (UH Well)) (, ,) (INTJ (UH uh)) (, ,) (NP-SBJ (NP (DT the) (NNS hobbies)) (SBAR (WHNP-1 (WDT that)) (S (NP-SBJ (PRP I)) (VP (VBP pursue) (NP (-NONE- *T*-1)) (PP-TMP (IN in) (NP (PRP$ my) (JJ spare) (NN time))))))) (, ,) (VP (VBP are) (NP-PRD (NNS crafts))) (-DFL- E_S))","5",NA,NA," Well,   uh,  the hobbies that I pursue in my spare time, are crafts  ","Well/UH ,/,   uh/UH  ,/,   the/DT hobbies/NNS  that/WDT   I/PRP  pursue/VBP in/IN   my/PRP$ spare/JJ time/NN  ,/, are/VBP   crafts/NNS "
"5","sw05utt/sw_0522_2072.utt","2/sw2072",2072,4,"sd","B",2,2,"{C and, } {F uh, } I've been involved in making, {F uh, } hat stands and, {F uh, } rag dolls and, {F uh, } different type hats with, {F uh, } flowers and roses, {D you know, } and, {F uh, } that kind of thing, straw hats and,","and/CC ,/,  [ uh/UH ] ,/,  [ I/PRP ] 've/VBP been/VBN involved/VBN in/IN making/VBG ,/,  [ uh/UH ] ,/,  [ hat/NN stands/NNS ] and/CC ,/,  [ uh/UH ] ,/,  [ rag/NN dolls/NNS ] and/CC ,/,  [ uh/UH ] ,/,  [ different/JJ type/NN hats/NNS ] with/IN ,/,  [ uh/UH ] ,/,  [ flowers/NNS ] and/CC  [ roses/NNS ] ,/,  [ you/PRP ] know/VBP ,/, and/CC ,/,  [ uh/UH ] ,/, that/DT  [ kind/NN ] of/IN  [ thing/NN ] ,/,  [ straw/NN hats/NNS ] and/CC ,/,","(S (CC and) (, ,) (INTJ (UH uh)) (, ,) (NP-SBJ (PRP I)) (VP (VBP 've) (VP (VBN been) (ADJP-PRD (VBN involved) (PP (IN in) (S-NOM (NP-SBJ (-NONE- *)) (VP (VBG making) (, ,) (INTJ (UH uh)) (, ,) (NP (NP (NN hat) (NNS stands)) (CC and) (, ,) (INTJ (UH uh)) (, ,) (NP (NN rag) (NNS dolls)) (CC and) (, ,) (INTJ (UH uh)) (, ,) (NP (NP (JJ different) (NN type) (NNS hats)) (PP (IN with) (, ,) (INTJ (UH uh)) (, ,) (NP (NNS flowers) (CC and) (NNS roses)))) (PRN (, ,) (S (NP-SBJ (PRP you)) (VP (VBP know))) (, ,)) (CC and) (, ,) (INTJ (UH uh)) (, ,) (NP (NP (DT that) (NN kind)) (PP (IN of) (NP (NN thing)))) (, ,) (NP (NN straw) (NNS hats)) (CC and) (, ,) (NP (NP (PDT all) (DT that) (NN kind)) (PP (IN of) (NP (NN stuff))))))))))) (. .) (-DFL- E_S))","6",NA,NA," and,   uh,  I've been involved in making,  uh,  hat stands and,  uh,  rag dolls and,  uh,  different type hats with,  uh,  flowers and roses,  you know,  and,  uh,  that kind of thing, straw hats and,","and/CC ,/,   uh/UH  ,/,   I/PRP  've/VBP been/VBN involved/VBN in/IN making/VBG ,/,   uh/UH  ,/,   hat/NN stands/NNS  and/CC ,/,   uh/UH  ,/,   rag/NN dolls/NNS  and/CC ,/,   uh/UH  ,/,   different/JJ type/NN hats/NNS  with/IN ,/,   uh/UH  ,/,   flowers/NNS  and/CC   roses/NNS  ,/,   you/PRP  know/VBP ,/, and/CC ,/,   uh/UH  ,/, that/DT   kind/NN  of/IN   thing/NN  ,/,   straw/NN hats/NNS  and/CC ,/,"
"6","sw05utt/sw_0522_2072.utt","2/sw2072",2072,5,"b","A",3,1,"Oh  <<Sounds like typing noises in background>>. /","Oh/UH ./.","(INTJ (UH Oh) (. .) (-DFL- E_S))","8",NA,NA,"Oh  Sounds like typing noises in background. ","Oh/UH ./."
"7","sw05utt/sw_0522_2072.utt","2/sw2072",2072,6,"+","B",4,1,"all that kind of stuff.  /","[ all/PDT that/DT kind/NN ] of/IN  [ stuff/NN ] ./.","(S (CC and) (, ,) (INTJ (UH uh)) (, ,) (NP-SBJ (PRP I)) (VP (VBP 've) (VP (VBN been) (ADJP-PRD (VBN involved) (PP (IN in) (S-NOM (NP-SBJ (-NONE- *)) (VP (VBG making) (, ,) (INTJ (UH uh)) (, ,) (NP (NP (NN hat) (NNS stands)) (CC and) (, ,) (INTJ (UH uh)) (, ,) (NP (NN rag) (NNS dolls)) (CC and) (, ,) (INTJ (UH uh)) (, ,) (NP (NP (JJ different) (NN type) (NNS hats)) (PP (IN with) (, ,) (INTJ (UH uh)) (, ,) (NP (NNS flowers) (CC and) (NNS roses)))) (PRN (, ,) (S (NP-SBJ (PRP you)) (VP (VBP know))) (, ,)) (CC and) (, ,) (INTJ (UH uh)) (, ,) (NP (NP (DT that) (NN kind)) (PP (IN of) (NP (NN thing)))) (, ,) (NP (NN straw) (NNS hats)) (CC and) (, ,) (NP (NP (PDT all) (DT that) (NN kind)) (PP (IN of) (NP (NN stuff))))))))))) (. .) (-DFL- E_S))","6",NA,NA,"all that kind of stuff.  "," all/PDT that/DT kind/NN  of/IN   stuff/NN  ./."
"8","sw05utt/sw_0522_2072.utt","2/sw2072",2072,7,"sd","B",4,2,"{C And } I enjoy it,  /","And/CC  [ I/PRP ] enjoy/VBP  [ it/PRP ] ,/,","(S (CC And) (NP-SBJ (PRP I)) (VP (VBP enjoy) (NP (PRP it))) (, ,) (-DFL- E_S))","10",NA,NA," And  I enjoy it,  ","And/CC   I/PRP  enjoy/VBP   it/PRP  ,/,"
"9","sw05utt/sw_0522_2072.utt","2/sw2072",2072,8,"sv","B",4,3,"it's relaxing.  /","[ it/PRP ] 's/BES relaxing/JJ ./.","(S (NP-SBJ (PRP it)) (VP (BES 's) (ADJP-PRD (JJ relaxing))) (. .) (-DFL- E_S))","11",NA,NA,"it's relaxing.  "," it/PRP  's/BES relaxing/JJ ./."
"10","sw05utt/sw_0522_2072.utt","2/sw2072",2072,9,"sv","B",4,4,"{C And } you kind of get absorbed in it  /","And/CC  [ you/PRP ] [ kind/RB ] of/RB get/VBP absorbed/JJ in/IN  [ it/PRP ]","(S (CC And) (NP-SBJ (PRP you)) (ADVP (RB kind) (RB of)) (VP (VBP get) (ADJP-PRD (JJ absorbed) (PP (IN in) (NP (PRP it))))) (-DFL- E_S))","12",NA,NA," And  you kind of get absorbed in it  ","And/CC   you/PRP   kind/RB  of/RB get/VBP absorbed/JJ in/IN   it/PRP "
"11","sw05utt/sw_0522_2072.utt","2/sw2072",2072,10,"sv","B",4,5,"{C so } the time goes by, {D you know, } before you realize anything is going on.  /","so/RB  [ the/DT time/NN ] goes/VBZ by/RP ,/,  [ you/PRP ] know/VBP ,/, before/IN  [ you/PRP ] realize/VBP  [ anything/NN ] is/VBZ going/VBG on/RP ./.","(S (RB so) (NP-SBJ (DT the) (NN time)) (VP (VBZ goes) (PRT (RP by)) (PRN (, ,) (S (NP-SBJ (PRP you)) (VP (VBP know))) (, ,)) (SBAR-TMP (IN before) (S (NP-SBJ (PRP you)) (VP (VBP realize) (SBAR (-NONE- 0) (S (NP-SBJ (NN anything)) (VP (VBZ is) (VP (VBG going) (PRT (RP on)))))))))) (. .) (-DFL- E_S))","13",NA,NA," so  the time goes by,  you know,  before you realize anything is going on.  ","so/RB   the/DT time/NN  goes/VBZ by/RP ,/,   you/PRP  know/VBP ,/, before/IN   you/PRP  realize/VBP   anything/NN  is/VBZ going/VBG on/RP ./."
"12","sw05utt/sw_0522_2072.utt","2/sw2072",2072,11,"sd","B",4,6,"{C And } I play the organ sometimes, {F uh, } just for my own satisfaction <laughter>.   Not for anybody else's ears  /","And/CC  [ I/PRP ] play/VBP  [ the/DT organ/NN ] sometimes/RB ,/,  [ uh/UH ] ,/, just/RB for/IN  [ my/PRP$ own/JJ satisfaction/NN ] ./.  Not/RB for/IN  [ anybody/NN ] else/RB  [ 's/POS ears/NNS ]","(S (CC And) (NP-SBJ (PRP I)) (VP (VBP play) (NP (DT the) (NN organ)) (ADVP-TMP (RB sometimes)) (, ,) (INTJ (UH uh)) (, ,) (PP (PP (ADVP (RB just)) (IN for) (NP (PRP$ my) (JJ own) (NN satisfaction))) (. .) (RB Not) (PP (IN for) (NP (NP (NP (NN anybody)) (ADVP (RB else)) (POS 's)) (NNS ears))))) (-DFL- E_S))","14",NA,NA," And  I play the organ sometimes,  uh,  just for my own satisfaction laughter.   Not for anybody else's ears  ","And/CC   I/PRP  play/VBP   the/DT organ/NN  sometimes/RB ,/,   uh/UH  ,/, just/RB for/IN   my/PRP$ own/JJ satisfaction/NN  ./.  Not/RB for/IN   anybody/NN  else/RB   's/POS ears/NNS "
"13","sw05utt/sw_0522_2072.utt","2/sw2072",2072,12,"sd","B",4,7,"{C because } I'm not that good at it,  /","because/RB  [ I/PRP ] 'm/VBP not/RB that/RB  [ good/JJ ] at/IN  [ it/PRP ] ,/,","(SBAR-PRP (RB because) (S (NP-SBJ (PRP I)) (VP (VBP 'm) (RB not) (ADJP-PRD (RB that) (JJ good) (PP (IN at) (NP (PRP it)))))) (, ,) (-DFL- E_S))","15",NA,NA," because  I'm not that good at it,  ","because/RB   I/PRP  'm/VBP not/RB that/RB   good/JJ  at/IN   it/PRP  ,/,"
"14","sw05utt/sw_0522_2072.utt","2/sw2072",2072,13,"sd","B",4,8,"{C but } I like to bang on the keyboards once in a while. /","but/CC  [ I/PRP ] like/VBP to/TO bang/VB on/IN  [ the/DT keyboards/NNS ] once/RB in/IN  [ a/DT while/NN ] ./.","(S (CC but) (NP-SBJ-1 (PRP I)) (VP (VBP like) (S (NP-SBJ (-NONE- *-1)) (VP (TO to) (VP (VB bang) (PP (IN on) (NP (DT the) (NNS keyboards))) (ADVP-TMP (RB once) (PP (IN in) (NP (DT a) (NN while)))))))) (. .) (-DFL- E_S))","16",NA,NA," but  I like to bang on the keyboards once in a while. ","but/CC   I/PRP  like/VBP to/TO bang/VB on/IN   the/DT keyboards/NNS  once/RB in/IN   a/DT while/NN  ./."
"15","sw05utt/sw_0522_2072.utt","2/sw2072",2072,14,"bh","A",5,1,"{F Oh } really? /","Oh/UH really/UH ?/.","(INTJ (INTJ (UH Oh)) (INTJ (UH really)) (. ?) (-DFL- E_S))","18",NA,NA," Oh  really? ","Oh/UH really/UH ?/."
"16","sw05utt/sw_0522_2072.utt","2/sw2072",2072,15,"qo","B",6,1,"How about yourself? /","How/WRB about/IN  [ yourself/PRP ] ?/.","(FRAG (WHADVP (WRB How)) (PP (IN about) (NP (PRP yourself))) (. ?) (-DFL- E_S))","20",NA,NA,"How about yourself? ","How/WRB about/IN   yourself/PRP  ?/."
"17","sw05utt/sw_0522_2072.utt","2/sw2072",2072,16,"^h","A",7,1,"{D Well, } {F oh, } hobbies, gee whiz,  /","Well/UH ,/, oh/UH ,/,  [ hobbies/NNS ] ,/,  [ gee/UH whiz/UH ] ,/,","(FRAG (INTJ (UH Well)) (, ,) (INTJ (UH oh)) (, ,) (NP (NNS hobbies)) (, ,) (INTJ (UH gee)) (INTJ (UH whiz)) (, ,) (-DFL- E_S))","22",NA,NA," Well,   oh,  hobbies, gee whiz,  ","Well/UH ,/, oh/UH ,/,   hobbies/NNS  ,/,   gee/UH whiz/UH  ,/,"
"18","sw05utt/sw_0522_2072.utt","2/sw2072",2072,17,"sd","A",7,2,"I guess I got too many hobbies  /","[ I/PRP ] guess/VBP  [ I/PRP ] got/VBN  [ too/RB many/JJ hobbies/NNS ]","(S (NP-SBJ (PRP I)) (VP (VBP guess) (SBAR (-NONE- 0) (S (NP-SBJ (PRP I)) (VP (VBN got) (NP (ADJP (RB too) (JJ many)) (NNS hobbies)))))) (-DFL- E_S))","23",NA,NA,"I guess I got too many hobbies  "," I/PRP  guess/VBP   I/PRP  got/VBN   too/RB many/JJ hobbies/NNS "
"19","sw05utt/sw_0522_2072.utt","2/sw2072",2072,18,"sd","A",7,3,"{C so } I never have time to deal with them.  /","so/IN  [ I/PRP ] never/RB have/VBP  [ time/NN ] to/TO deal/VB with/IN  [ them/PRP ] ./.","(S (RB so) (NP-SBJ (PRP I)) (ADVP-TMP (RB never)) (VP (VBP have) (NP (NP (NN time)) (SBAR (WHADVP-1 (-NONE- 0)) (S (NP-SBJ (-NONE- *)) (VP (TO to) (VP (VB deal) (PP (IN with) (NP (PRP them))) (ADVP (-NONE- *T*-1)))))))) (. .) (-DFL- E_S))","24",NA,NA," so  I never have time to deal with them.  ","so/IN   I/PRP  never/RB have/VBP   time/NN  to/TO deal/VB with/IN   them/PRP  ./."
"20","sw05utt/sw_0522_2072.utt","2/sw2072",2072,19,"bh","B",8,1,"Really? /","Really/UH ?/.","(INTJ (UH Really) (. ?) (-DFL- E_S))","26",NA,NA,"Really? ","Really/UH ?/."
"21","sw05utt/sw_0522_2072.utt","2/sw2072",2072,20,"sd","A",9,1,"I like photography a lot, /","[ I/PRP ] like/VBP  [ photography/NN ] [ a/DT lot/NN ] ,/,","(S (NP-SBJ (PRP I)) (VP (VBP like) (NP (NN photography)) (NP-ADV (DT a) (NN lot))) (, ,) (-DFL- E_S))","28",NA,NA,"I like photography a lot, "," I/PRP  like/VBP   photography/NN   a/DT lot/NN  ,/,"
"22","sw05utt/sw_0522_2072.utt","2/sw2072",2072,21,"b","B",10,1,"{F Oh, } yeah,  /","Oh/UH ,/, yeah/UH ,/,","(INTJ (INTJ (UH Oh)) (, ,) (INTJ (UH yeah)) (, ,) (-DFL- E_S))","30",NA,NA," Oh,  yeah,  ","Oh/UH ,/, yeah/UH ,/,"
"23","sw05utt/sw_0522_2072.utt","2/sw2072",2072,22,"ba","B",10,2,"that's neat. /","[ that/DT ] 's/BES neat/JJ ./.","(S (NP-SBJ (DT that)) (VP (BES 's) (ADJP-PRD (JJ neat))) (. .) (-DFL- E_S))","31",NA,NA,"that's neat. "," that/DT  's/BES neat/JJ ./."
"24","sw05utt/sw_0522_2072.utt","2/sw2072",2072,23,"sd","A",11,1,"{F uh, } I used to do that a lot  /","[ uh/UH ] ,/,  [ I/PRP ] used/VBD to/TO do/VB that/DT  [ a/DT lot/NN ]","(S (INTJ (UH uh)) (, ,) (NP-SBJ-1 (PRP I)) (VP (VBD used) (S (NP-SBJ (-NONE- *-1)) (VP (TO to) (VP (VB do) (NP (DT that)) (NP-ADV (DT a) (NN lot)))))) (-DFL- E_S))","33",NA,NA," uh,  I used to do that a lot  "," uh/UH  ,/,   I/PRP  used/VBD to/TO do/VB that/DT   a/DT lot/NN "
"25","sw05utt/sw_0522_2072.utt","2/sw2072",2072,24,"%","A",11,2,"{C and then } I like, {F um, } - /","and/CC then/RB  [ I/PRP ] like/VBP ,/, um/UH ,/,","(S (CONJP (CC and) (RB then)) (NP-SBJ (PRP I)) (VP-UNF (VBP like) (, ,) (INTJ (UH um))) (, ,) (-DFL- N_S))","34",NA,NA," and then  I like,  um,   ","and/CC then/RB   I/PRP  like/VBP ,/, um/UH ,/,"
"26","sw05utt/sw_0522_2072.utt","2/sw2072",2072,25,"sd","A",11,3,"we have a new child that will be a year old here next week,  /","[ we/PRP ] have/VBP  [ a/DT new/JJ child/NN ] [ that/WDT ] will/MD be/VB  [ a/DT year/NN old/JJ ] here/RB  [ next/JJ week/NN ] ,/,","(S (NP-SBJ (PRP we)) (VP (VBP have) (NP (NP (DT a) (JJ new) (NN child)) (SBAR (WHNP-1 (WDT that)) (S (NP-SBJ (-NONE- *T*-1)) (VP (MD will) (VP (VB be) (ADJP-PRD (NP-ADV (DT a) (NN year)) (JJ old)) (ADVP (RB here)) (NP-TMP (JJ next) (NN week)))))))) (, ,) (-DFL- E_S))","35",NA,NA,"we have a new child that will be a year old here next week,  "," we/PRP  have/VBP   a/DT new/JJ child/NN   that/WDT  will/MD be/VB   a/DT year/NN old/JJ  here/RB   next/JJ week/NN  ,/,"
"27","sw05utt/sw_0522_2072.utt","2/sw2072",2072,26,"sd","A",11,4,"{C so } I'll take a lot of pictures of her,","so/RB  [ I/PRP ] 'll/MD take/VB  [ a/DT lot/NN ] of/IN  [ pictures/NNS ] of/IN  [ her/PRP ] ,/,","(S (RB so) (NP-SBJ (PRP I)) (VP (MD 'll) (VP (VP (VB take) (NP (NP (DT a) (NN lot)) (PP (IN of) (NP (NP (NNS pictures)) (PP (IN of) (NP (PRP her))))))) (PRN (, ,) (S (NP-SBJ (PRP you)) (VP (VBP know))) (, ,)) (CC and) (VP (VB spoil) (NP (PRP them))))) (, ,) (-DFL- E_S))","36",NA,NA," so  I'll take a lot of pictures of her,","so/RB   I/PRP  'll/MD take/VB   a/DT lot/NN  of/IN   pictures/NNS  of/IN   her/PRP  ,/,"
"28","sw05utt/sw_0522_2072.utt","2/sw2072",2072,27,"ba","B",12,1,"{F Oh, } that's great,  /","Oh/UH ,/,  [ that/DT ] 's/BES great/JJ ,/,","(S (INTJ (UH Oh)) (, ,) (NP-SBJ (DT that)) (VP (BES 's) (ADJP-PRD (JJ great))) (, ,) (-DFL- E_S))","38",NA,NA," Oh,  that's great,  ","Oh/UH ,/,   that/DT  's/BES great/JJ ,/,"
"29","sw05utt/sw_0522_2072.utt","2/sw2072",2072,28,"b","B",12,2,"uh-huh. /","[ uh-huh/UH ] ./.","(INTJ (UH uh-huh) (. .) (-DFL- E_S))","39",NA,NA,"uhhuh. "," uhhuh/UH  ./."
"30","sw05utt/sw_0522_2072.utt","2/sw2072",2072,29,"+","A",13,1,"{D you know, } and spoil them,  /","[ you/PRP ] know/VBP ,/, and/CC spoil/VB  [ them/PRP ] ,/,","(S (RB so) (NP-SBJ (PRP I)) (VP (MD 'll) (VP (VP (VB take) (NP (NP (DT a) (NN lot)) (PP (IN of) (NP (NP (NNS pictures)) (PP (IN of) (NP (PRP her))))))) (PRN (, ,) (S (NP-SBJ (PRP you)) (VP (VBP know))) (, ,)) (CC and) (VP (VB spoil) (NP (PRP them))))) (, ,) (-DFL- E_S))","36",NA,NA," you know,  and spoil them,  "," you/PRP  know/VBP ,/, and/CC spoil/VB   them/PRP  ,/,"
"31","sw05utt/sw_0522_2072.utt","2/sw2072",2072,30,"sv","A",13,2,"first one, you know how that is.  /","first/RB  [ one/NN ] ,/,  [ you/PRP ] know/VBP how/WRB  [ that/DT ] is/VBZ ./.","(S (NP-TPC (RB first) (NN one)) (, ,) (NP-SBJ (PRP you)) (VP (VBP know) (SBAR (WHADVP-1 (WRB how)) (S (NP-SBJ (DT that)) (VP (VBZ is) (ADVP-PRD-MNR (-NONE- *T*-1)))))) (. .) (-DFL- E_S))","41",NA,NA,"first one, you know how that is.  ","first/RB   one/NN  ,/,   you/PRP  know/VBP how/WRB   that/DT  is/VBZ ./."
"32","sw05utt/sw_0522_2072.utt","2/sw2072",2072,31,"sd","A",13,3,"{C And, } {F um, } <throat_clearing> {F uh, } I play the guitar and a banjo.  /","And/CC ,/, um/UH ,/,  [ uh/UH ] ,/,  [ I/PRP ] play/VBP  [ the/DT guitar/NN ] and/CC  [ a/DT banjo/NN ] ./.","(S (CC And) (, ,) (INTJ (UH um)) (, ,) (INTJ (UH uh)) (, ,) (NP-SBJ (PRP I)) (VP (VBP play) (NP (NP (DT the) (NN guitar)) (CC and) (NP (DT a) (NN banjo)))) (. .) (-DFL- E_S))","42",NA,NA," And,   um,  throat_clearing  uh,  I play the guitar and a banjo.  ","And/CC ,/, um/UH ,/,   uh/UH  ,/,   I/PRP  play/VBP   the/DT guitar/NN  and/CC   a/DT banjo/NN  ./."
"33","sw05utt/sw_0522_2072.utt","2/sw2072",2072,32,"sd","A",13,4,"I mainly play the guitar a lot,  /","[ I/PRP ] mainly/RB play/VBP  [ the/DT guitar/NN ] [ a/DT lot/NN ] ,/,","(S (NP-SBJ (PRP I)) (ADVP (RB mainly)) (VP (VBP play) (NP (DT the) (NN guitar)) (NP-ADV (DT a) (NN lot))) (, ,) (-DFL- E_S))","43",NA,NA,"I mainly play the guitar a lot,  "," I/PRP  mainly/RB play/VBP   the/DT guitar/NN   a/DT lot/NN  ,/,"
"34","sw05utt/sw_0522_2072.utt","2/sw2072",2072,33,"sd","A",13,5,"I play about every night.  /","[ I/PRP ] play/VBP about/RB  [ every/DT night/NN ] ./.","(S (NP-SBJ (PRP I)) (VP (VBP play) (ADVP (RB about)) (NP-TMP (DT every) (NN night))) (. .) (-DFL- E_S))","44",NA,NA,"I play about every night.  "," I/PRP  play/VBP about/RB   every/DT night/NN  ./."
"35","sw05utt/sw_0522_2072.utt","2/sw2072",2072,34,"sd","A",13,6,"{C And, } {F um, } I really love that,  /","And/CC ,/, um/UH ,/,  [ I/PRP ] really/RB love/VBP that/DT ,/,","(S (CC And) (, ,) (INTJ (UH um)) (, ,) (NP-SBJ (PRP I)) (ADVP (RB really)) (VP (VBP love) (NP (DT that))) (, ,) (-DFL- E_S))","45",NA,NA," And,   um,  I really love that,  ","And/CC ,/, um/UH ,/,   I/PRP  really/RB love/VBP that/DT ,/,"
"36","sw05utt/sw_0522_2072.utt","2/sw2072",2072,35,"sv","A",13,7,"if I had a (( druther )) , - /","if/IN  [ I/PRP ] had/VBD  [ a/DT druther/NN ] ,/,","(SBAR-ADV (IN if) (S (NP-SBJ (PRP I)) (VP (VBD had) (NP (DT a) (NN druther)))) (, ,) (-DFL- N_S))","46",NA,NA,"if I had a  druther  ,  ","if/IN   I/PRP  had/VBD   a/DT druther/NN  ,/,"
"37","sw05utt/sw_0522_2072.utt","2/sw2072",2072,36,"sv","A",13,8,"[ if I could have, + if I could make ] it on the road, I'd like to play on {D like } a bluegrass band or something,  /","if/IN  [ I/PRP ] could/MD have/VB ,/, if/IN  [ I/PRP ] could/MD make/VB  [ it/PRP ] on/IN  [ the/DT road/NN ] ,/,  [ I/PRP ] 'd/MD like/VB to/TO play/VB on/IN like/UH  [ a/DT bluegrass/NN band/NN ] or/CC  [ something/NN ] ,/,","(S (SBAR-ADV (EDITED (RM (-DFL- \[)) (SBAR-ADV (IN if) (S (NP-SBJ (PRP I)) (VP (MD could) (VP-UNF (VB have))))) (, ,) (IP (-DFL- \+))) (IN if) (S (NP-SBJ (PRP I)) (VP (MD could) (VP (VB make) (RS (-DFL- \])) (NP (PRP it)) (PP (IN on) (NP (DT the) (NN road))))))) (, ,) (NP-SBJ-1 (PRP I)) (VP (MD 'd) (VP (VB like) (S (NP-SBJ (-NONE- *-1)) (VP (TO to) (VP (VB play) (PP (IN on) (INTJ (UH like)) (NP (NP (DT a) (NN bluegrass) (NN band)) (CC or) (NP (NN something))))))))) (, ,) (-DFL- E_S))","47",NA,NA," if I could have,  if I could make  it on the road, I'd like to play on  like  a bluegrass band or something,  ","if/IN   I/PRP  could/MD have/VB ,/, if/IN   I/PRP  could/MD make/VB   it/PRP  on/IN   the/DT road/NN  ,/,   I/PRP  'd/MD like/VB to/TO play/VB on/IN like/UH   a/DT bluegrass/NN band/NN  or/CC   something/NN  ,/,"
"38","sw05utt/sw_0522_2072.utt","2/sw2072",2072,37,"%","A",13,9,"{C because } that's, - /","because/IN  [ that/DT ] 's/BES ,/,","(SBAR-PRP (IN because) (S (NP-SBJ (DT that)) (VP-UNF (BES 's))) (, ,) (-DFL- N_S))","48",NA,NA," because  that's,  ","because/IN   that/DT  's/BES ,/,"
"39","sw05utt/sw_0522_2072.utt","2/sw2072",2072,38,"%","A",13,10,"I've, -/","[ I/PRP ] 've/VBP ,/,","(S (NP-SBJ (PRP I)) (VP-UNF (VBP 've)) (, ,) (-DFL- N_S))","49",NA,NA,"I've, "," I/PRP  've/VBP ,/,"
"40","sw05utt/sw_0522_2072.utt","2/sw2072",2072,39,"ba","B",14,1,"{F Oh, } that sounds nice.   /","Oh/UH ,/,  [ that/WDT ] sounds/VBZ  [ nice/JJ ] ./.","(S (INTJ (UH Oh)) (, ,) (NP-SBJ (WDT that)) (VP (VBZ sounds) (ADJP-PRD (JJ nice))) (. .) (-DFL- E_S))","51",NA,NA," Oh,  that sounds nice.   ","Oh/UH ,/,   that/WDT  sounds/VBZ   nice/JJ  ./."
"41","sw05utt/sw_0522_2072.utt","2/sw2072",2072,40,"sd","B",14,2,"I like bluegrass, too. /","[ I/PRP ] like/VBP  [ bluegrass/NN ] ,/, too/RB ./.","(S (NP-SBJ (PRP I)) (VP (VBP like) (NP (NN bluegrass)) (, ,) (ADVP (RB too))) (. .) (-DFL- E_S))","52",NA,NA,"I like bluegrass, too. "," I/PRP  like/VBP   bluegrass/NN  ,/, too/RB ./."
"42","sw05utt/sw_0522_2072.utt","2/sw2072",2072,41,"b","A",15,1,"yeah,  /","yeah/UH ,/,","(INTJ (UH yeah) (, ,) (-DFL- E_S))","54",NA,NA,"yeah,  ","yeah/UH ,/,"
"43","sw05utt/sw_0522_2072.utt","2/sw2072",2072,42,"sd","A",15,2,"I've done it before  [ and + ] when  I was [ in hi-, + in high ]   school and  college,","[ I/PRP ] 've/VBP done/VBN  [ it/PRP ] before/IN and/CC when/WRB  [ I/PRP ] was/VBD in/IN  [ hi/JJ ] ,/, in/IN  [ high/JJ school/NN ] and/CC  [ college/NN ] ,/,","(S (NP-SBJ (PRP I)) (VP (VBP 've) (VP (VP (VBN done) (NP (PRP it)) (ADVP-TMP (IN before)) (SBAR-TMP (EDITED (RM (-DFL- \[)) (CC and) (IP (-DFL- \+)) (RS (-DFL- \]))) (WHADVP-1 (WRB when)) (S (NP-SBJ (PRP I)) (VP (VBD was) (EDITED (RM (-DFL- \[)) (PP-PRD (IN in) (NP-UNF (JJ hi-))) (, ,) (IP (-DFL- \+))) (PP-PRD (IN in) (NP (NP (JJ high) (RS (-DFL- \])) (NN school)) (CC and) (NP (NN college)))) (ADVP (-NONE- *T*-1)))))) (, ,) (CC and) (VP (ADVP (RB thoroughly)) (VBD enjoyed) (NP (PRP it))))) (, ,) (-DFL- E_S))","55",NA,NA,"I've done it before   and   when  I was  in hi,  in high    school and  college,"," I/PRP  've/VBP done/VBN   it/PRP  before/IN and/CC when/WRB   I/PRP  was/VBD in/IN   hi/JJ  ,/, in/IN   high/JJ school/NN  and/CC   college/NN  ,/,"
"44","sw05utt/sw_0522_2072.utt","2/sw2072",2072,43,"b","B",16,1,"Uh-huh. /","[ Uh-huh/UH ] ./.","(INTJ (UH Uh-huh) (. .) (-DFL- E_S))","57",NA,NA,"Uhhuh. "," Uhhuh/UH  ./."
"45","sw05utt/sw_0522_2072.utt","2/sw2072",2072,44,"+","A",17,1,"and thoroughly enjoyed it,  /","and/CC thoroughly/RB enjoyed/VBD  [ it/PRP ] ,/,","(S (NP-SBJ (PRP I)) (VP (VBP 've) (VP (VP (VBN done) (NP (PRP it)) (ADVP-TMP (IN before)) (SBAR-TMP (EDITED (RM (-DFL- \[)) (CC and) (IP (-DFL- \+)) (RS (-DFL- \]))) (WHADVP-1 (WRB when)) (S (NP-SBJ (PRP I)) (VP (VBD was) (EDITED (RM (-DFL- \[)) (PP-PRD (IN in) (NP-UNF (JJ hi-))) (, ,) (IP (-DFL- \+))) (PP-PRD (IN in) (NP (NP (JJ high) (RS (-DFL- \])) (NN school)) (CC and) (NP (NN college)))) (ADVP (-NONE- *T*-1)))))) (, ,) (CC and) (VP (ADVP (RB thoroughly)) (VBD enjoyed) (NP (PRP it))))) (, ,) (-DFL- E_S))","55",NA,NA,"and thoroughly enjoyed it,  ","and/CC thoroughly/RB enjoyed/VBD   it/PRP  ,/,"
"46","sw05utt/sw_0522_2072.utt","2/sw2072",2072,45,"sv","A",17,2,"{C and } it's really [ a, + a  ] blast.  /","and/CC  [ it/PRP ] 's/BES really/RB  [ a/DT ] ,/,  [ a/DT blast/NN ] ./.","(S (CC and) (NP-SBJ (PRP it)) (VP (BES 's) (ADVP (RB really)) (EDITED (RM (-DFL- \[)) (NP-PRD-UNF (DT a)) (, ,) (IP (-DFL- \+))) (NP-PRD (DT a) (RS (-DFL- \])) (NN blast))) (. .) (-DFL- E_S))","59",NA,NA," and  it's really  a,  a   blast.  ","and/CC   it/PRP  's/BES really/RB   a/DT  ,/,   a/DT blast/NN  ./."
"47","sw05utt/sw_0522_2072.utt","2/sw2072",2072,46,"sd","A",17,3,"My wife hates it,  /","[ My/PRP$ wife/NN ] hates/VBZ  [ it/PRP ] ,/,","(S (NP-SBJ (PRP$ My) (NN wife)) (VP (VBZ hates) (NP (PRP it))) (, ,) (-DFL- E_S))","60",NA,NA,"My wife hates it,  "," My/PRP$ wife/NN  hates/VBZ   it/PRP  ,/,"
"48","sw05utt/sw_0522_2072.utt","2/sw2072",2072,47,"sv","A",17,4,"{C but } that's the way life is, I guess. /","but/CC  [ that/DT ] 's/BES  [ the/DT way/NN life/NN ] is/VBZ ,/,  [ I/PRP ] guess/VBP ./.","(S (S-TPC-1 (CC but) (NP-SBJ (DT that)) (VP (BES 's) (NP-PRD (NP (DT the) (NN way)) (SBAR (WHADVP-2 (-NONE- 0)) (S (NP-SBJ (NN life)) (VP (VBZ is) (ADVP-PRD-MNR (-NONE- *T*-2)))))))) (, ,) (NP-SBJ (PRP I)) (VP (VBP guess) (SBAR (-NONE- 0) (S (-NONE- *T*-1)))) (. .) (-DFL- E_S))","61",NA,NA," but  that's the way life is, I guess. ","but/CC   that/DT  's/BES   the/DT way/NN life/NN  is/VBZ ,/,   I/PRP  guess/VBP ./."
"49","sw05utt/sw_0522_2072.utt","2/sw2072",2072,48,"bf","B",18,1,"<Laughter> That's the hard part, right? /","[ That/DT ] 's/BES  [ the/DT hard/JJ part/NN ] ,/, right/JJ ?/.","(S (NP-SBJ (DT That)) (VP (BES 's) (NP-PRD (DT the) (JJ hard) (NN part)) (, ,) (INTJ (JJ right))) (. ?) (-DFL- E_S))","63",NA,NA,"Laughter That's the hard part, right? "," That/DT  's/BES   the/DT hard/JJ part/NN  ,/, right/JJ ?/."
"50","sw05utt/sw_0522_2072.utt","2/sw2072",2072,49,"aa","A",19,1,"Exactly. /","Exactly/UH ./.","(INTJ (UH Exactly) (. .) (-DFL- E_S))","65",NA,NA,"Exactly. ","Exactly/UH ./."
"51","sw05utt/sw_0522_2072.utt","2/sw2072",2072,50,"sv","B",20,1,"If you can do things together, that really helps a lot. /","If/IN  [ you/PRP ] can/MD do/VB  [ things/NNS ] together/RB ,/,  [ that/DT ] really/RB helps/VBZ  [ a/DT lot/NN ] ./.","(S (SBAR-ADV (IN If) (S (NP-SBJ (PRP you)) (VP (MD can) (VP (VB do) (NP (NNS things)) (ADVP (RB together)))))) (, ,) (NP-SBJ (DT that)) (ADVP (RB really)) (VP (VBZ helps) (NP-ADV (DT a) (NN lot))) (. .) (-DFL- E_S))","67",NA,NA,"If you can do things together, that really helps a lot. ","If/IN   you/PRP  can/MD do/VB   things/NNS  together/RB ,/,   that/DT  really/RB helps/VBZ   a/DT lot/NN  ./."
"52","sw05utt/sw_0522_2072.utt","2/sw2072",2072,51,"b","A",21,1,"((   ))  yeah,  /","[ MUMBLEx/XX ] yeah/UH ,/,","(FRAG (X (XX MUMBLEx)) (INTJ (UH yeah)) (, ,) (-DFL- E_S))","69",NA,NA,"     yeah,  "," MUMBLEx/XX  yeah/UH ,/,"
"53","sw05utt/sw_0522_2072.utt","2/sw2072",2072,52,"%","A",21,2,"we, {F uh, } - /","[ we/PRP ] ,/,  [ uh/UH ] ,/,","(S-UNF (NP-SBJ (PRP we)) (, ,) (INTJ (UH uh)) (, ,) (-DFL- N_S))","70",NA,NA,"we,  uh,   "," we/PRP  ,/,   uh/UH  ,/,"
"54","sw05utt/sw_0522_2072.utt","2/sw2072",2072,53,"sd","A",21,3,"she's, {F uh, } into aerobics,  /","[ she/PRP ] 's/BES ,/,  [ uh/UH ] ,/, into/IN  [ aerobics/NN ] ,/,","(S (NP-SBJ (PRP she)) (VP (BES 's) (, ,) (INTJ (UH uh)) (, ,) (PP-PRD (IN into) (NP (NN aerobics)))) (, ,) (-DFL- E_S))","71",NA,NA,"she's,  uh,  into aerobics,  "," she/PRP  's/BES ,/,   uh/UH  ,/, into/IN   aerobics/NN  ,/,"
"55","sw05utt/sw_0522_2072.utt","2/sw2072",2072,54,"sd","A",21,4,"[ {C and, } +  {F uh, }","and/CC ,/,  [ uh/UH ] ,/,","(S (EDITED (RM (-DFL- \[)) (CC and) (, ,) (IP (-DFL- \+))) (INTJ (UH uh)) (, ,) (CC and) (RS (-DFL- \])) (NP-SBJ (PRP we)) (VP (VBD did) (NP (NN aerobics)) (ADVP (RB together)) (PP-TMP (IN for) (NP (QP (RB about) (DT a)) (NN month) (QP (CC and) (DT a) (DT half))))) (-DFL- E_S))","72",NA,NA,"  and,     uh, ","and/CC ,/,   uh/UH  ,/,"
"56","sw05utt/sw_0522_2072.utt","2/sw2072",2072,55,"ba","B",22,1,"{F Oh, } that's good, too. /","Oh/UH ,/,  [ that/DT ] 's/BES good/JJ ,/, too/RB ./.","(S (INTJ (UH Oh)) (, ,) (NP-SBJ (DT that)) (VP (BES 's) (ADJP-PRD (JJ good)) (, ,) (ADVP (RB too))) (. .) (-DFL- E_S))","74",NA,NA," Oh,  that's good, too. ","Oh/UH ,/,   that/DT  's/BES good/JJ ,/, too/RB ./."
"57","sw05utt/sw_0522_2072.utt","2/sw2072",2072,56,"+","A",23,1,"{C and } ] we did aerobics together for about a month and a half  /","and/CC  [ we/PRP ] did/VBD  [ aerobics/NN ] together/RB for/IN about/RB  [ a/DT month/NN ] and/CC  [ a/DT half/DT ]","(S (EDITED (RM (-DFL- \[)) (CC and) (, ,) (IP (-DFL- \+))) (INTJ (UH uh)) (, ,) (CC and) (RS (-DFL- \])) (NP-SBJ (PRP we)) (VP (VBD did) (NP (NN aerobics)) (ADVP (RB together)) (PP-TMP (IN for) (NP (QP (RB about) (DT a)) (NN month) (QP (CC and) (DT a) (DT half))))) (-DFL- E_S))","72",NA,NA," and   we did aerobics together for about a month and a half  ","and/CC   we/PRP  did/VBD   aerobics/NN  together/RB for/IN about/RB   a/DT month/NN  and/CC   a/DT half/DT "
"58","sw05utt/sw_0522_2072.utt","2/sw2072",2072,57,"sd","A",23,2,"{C and } that went over real well, /","and/CC  [ that/DT ] went/VBD over/IN  [ real/RB ] well/RB ,/,","(S (CC and) (NP-SBJ (DT that)) (VP (VBD went) (PRT (IN over)) (ADVP (RB real) (RB well))) (, ,) (-DFL- E_S))","76",NA,NA," and  that went over real well, ","and/CC   that/DT  went/VBD over/IN   real/RB  well/RB ,/,"
"59","sw05utt/sw_0522_2072.utt","2/sw2072",2072,58,"b","B",24,1,"Uh-huh. /","[ Uh-huh/UH ] ./.","(INTJ (UH Uh-huh) (. .) (-DFL- E_S))","57",NA,NA,"Uhhuh. "," Uhhuh/UH  ./."
"60","sw05utt/sw_0522_2072.utt","2/sw2072",2072,59,"sd","A",25,1,"{C but, } {F uh, } that's about it there. /","but/CC ,/,  [ uh/UH ] ,/,  [ that/DT ] 's/BES about/RB  [ it/PRP ] there/RB ./.","(S (CC but) (, ,) (INTJ (UH uh)) (, ,) (NP-SBJ (DT that)) (VP (BES 's) (ADVP (RB about)) (NP-PRD (PRP it)) (ADVP (RB there))) (. .) (-DFL- E_S))","80",NA,NA," but,   uh,  that's about it there. ","but/CC ,/,   uh/UH  ,/,   that/DT  's/BES about/RB   it/PRP  there/RB ./."
"61","sw05utt/sw_0522_2072.utt","2/sw2072",2072,60,"ba","B",26,1,"{F Oh, } it's good  /","Oh/UH ,/,  [ it/PRP ] 's/BES good/JJ","(S (INTJ (UH Oh)) (, ,) (NP-SBJ (PRP it)) (VP (BES 's) (ADJP-PRD (JJ good))) (-DFL- E_S))","82",NA,NA," Oh,  it's good  ","Oh/UH ,/,   it/PRP  's/BES good/JJ"
"62","sw05utt/sw_0522_2072.utt","2/sw2072",2072,61,"sv","B",26,2,"{C and } it's healthy, too. /","and/CC  [ it/PRP ] 's/BES healthy/JJ ,/, too/RB ./.","(S (CC and) (NP-SBJ (PRP it)) (VP (BES 's) (ADJP-PRD (JJ healthy)) (, ,) (ADVP (RB too))) (. .) (-DFL- E_S))","83",NA,NA," and  it's healthy, too. ","and/CC   it/PRP  's/BES healthy/JJ ,/, too/RB ./."
"63","sw05utt/sw_0522_2072.utt","2/sw2072",2072,62,"aa","A",27,1,"{F Oh, } yeah,  /","Oh/UH ,/, yeah/UH ,/,","(INTJ (INTJ (UH Oh)) (, ,) (INTJ (UH yeah)) (, ,) (-DFL- E_S))","85",NA,NA," Oh,  yeah,  ","Oh/UH ,/, yeah/UH ,/,"
"64","sw05utt/sw_0522_2072.utt","2/sw2072",2072,63,"aa","A",27,2,"yeah. /","yeah/UH ./.","(INTJ (UH yeah) (. .) (-DFL- E_S))","86",NA,NA,"yeah. ","yeah/UH ./."
"65","sw05utt/sw_0522_2072.utt","2/sw2072",2072,64,"sd","B",28,1,"We do that too,  /","[ We/PRP ] do/VBP  [ that/DT ] too/RB ,/,","(S (NP-SBJ (PRP We)) (VP (VBP do) (NP (DT that)) (ADVP (RB too))) (, ,) (-DFL- E_S))","88",NA,NA,"We do that too,  "," We/PRP  do/VBP   that/DT  too/RB ,/,"
"66","sw05utt/sw_0522_2072.utt","2/sw2072",2072,65,"sd","B",28,2,"we have [ a, + {F uh, } a ] treadmill and, {F uh, } a bicycle and that kind of stuff,  /","[ we/PRP ] have/VBP  [ a/DT ] ,/,  [ uh/UH ] ,/,  [ a/DT treadmill/NN ] and/CC ,/,  [ uh/UH ] ,/,  [ a/DT bicycle/NN ] and/CC  [ that/DT kind/NN ] of/IN  [ stuff/NN ] ,/,","(S (NP-SBJ (PRP we)) (VP (VBP have) (EDITED (RM (-DFL- \[)) (NP-UNF (DT a)) (, ,) (IP (-DFL- \+))) (INTJ (UH uh)) (, ,) (NP (NP (DT a) (RS (-DFL- \])) (NN treadmill)) (CC and) (, ,) (INTJ (UH uh)) (, ,) (NP (DT a) (NN bicycle)) (CC and) (NP (NP (DT that) (NN kind)) (PP (IN of) (NP (NN stuff)))))) (, ,) (-DFL- E_S))","89",NA,NA,"we have  a,   uh,  a  treadmill and,  uh,  a bicycle and that kind of stuff,  "," we/PRP  have/VBP   a/DT  ,/,   uh/UH  ,/,   a/DT treadmill/NN  and/CC ,/,   uh/UH  ,/,   a/DT bicycle/NN  and/CC   that/DT kind/NN  of/IN   stuff/NN  ,/,"
"67","sw05utt/sw_0522_2072.utt","2/sw2072",2072,66,"sd","B",28,3,"we try to get twenty minutes {D like } at least three for four times a week, {D you know. } /","[ we/PRP ] try/VBP to/TO get/VB  [ twenty/CD minutes/NNS ] like/UH at/IN  [ least/JJS three/CD ] for/IN  [ four/CD times/NNS ] [ a/DT week/NN ] ,/,  [ you/PRP ] know/VBP ./.","(S (NP-SBJ-1 (PRP we)) (VP (VBP try) (S (NP-SBJ (-NONE- *-1)) (VP (TO to) (VP (VB get) (NP (CD twenty) (NNS minutes)) (INTJ (UH like)) (ADVP (IN at) (JJS least)) (NP-TMP (NP (QP (CD three) (TYPO (IN for)) (CD four)) (NNS times)) (NP-ADV (DT a) (NN week)))))) (PRN (, ,) (S (NP-SBJ (PRP you)) (VP (VBP know))))) (. .) (-DFL- E_S))","90",NA,NA,"we try to get twenty minutes  like  at least three for four times a week,  you know.  "," we/PRP  try/VBP to/TO get/VB   twenty/CD minutes/NNS  like/UH at/IN   least/JJS three/CD  for/IN   four/CD times/NNS   a/DT week/NN  ,/,   you/PRP  know/VBP ./."
"68","sw05utt/sw_0522_2072.utt","2/sw2072",2072,67,"ba","A",29,1,"{F Oh, } that's great. /","Oh/UH ,/,  [ that/DT ] 's/BES great/JJ ./.","(S (INTJ (UH Oh)) (, ,) (NP-SBJ (DT that)) (VP (BES 's) (ADJP-PRD (JJ great))) (. .) (-DFL- E_S))","92",NA,NA," Oh,  that's great. ","Oh/UH ,/,   that/DT  's/BES great/JJ ./."
"69","sw05utt/sw_0522_2072.utt","2/sw2072",2072,68,"b","B",30,1,"Yeah. /","Yeah/UH ./.","(INTJ (UH Yeah) (. .) (-DFL- E_S))","94",NA,NA,"Yeah. ","Yeah/UH ./."
"70","sw05utt/sw_0522_2072.utt","2/sw2072",2072,69,"ba","A",31,1,"That's great. /","[ That/DT ] 's/BES great/JJ ./.","(S (NP-SBJ (DT That)) (VP (BES 's) (ADJP-PRD (JJ great))) (. .) (-DFL- E_S))","96",NA,NA,"That's great. "," That/DT  's/BES great/JJ ./."
"71","sw05utt/sw_0522_2072.utt","2/sw2072",2072,70,"sd","B",32,1,"{C And } we like movies,  /","And/CC  [ we/PRP ] like/VBP  [ movies/NNS ] ,/,","(S (CC And) (NP-SBJ (PRP we)) (VP (VBP like) (NP (NNS movies))) (, ,) (-DFL- E_S))","98",NA,NA," And  we like movies,  ","And/CC   we/PRP  like/VBP   movies/NNS  ,/,"
"72","sw05utt/sw_0522_2072.utt","2/sw2072",2072,71,"%","B",32,2,"that ki-, - /","that/DT  [ ki-/NN ] ,/,","(S (NP-SBJ (DT that)) (ADVP-UNF (NN ki-)) (, ,) (-DFL- N_S))","99",NA,NA,"that ki,  ","that/DT   ki/NN  ,/,"
"73","sw05utt/sw_0522_2072.utt","2/sw2072",2072,72,"%","B",32,3,"yeah. /","yeah/UH ./.","(INTJ (UH yeah) (. .) (-DFL- E_S))","86",NA,NA,"yeah. ","yeah/UH ./."
"74","sw05utt/sw_0522_2072.utt","2/sw2072",2072,73,"b","A",33,1,"Yeah,  /","Yeah/UH ,/,","(INTJ (UH Yeah) (, ,) (-DFL- E_S))","102",NA,NA,"Yeah,  ","Yeah/UH ,/,"
"75","sw05utt/sw_0522_2072.utt","2/sw2072",2072,74,"%","A",33,2,"that's, {F uh, } - /","[ that/DT ] 's/BES ,/,  [ uh/UH ] ,/,","(S (NP-SBJ (DT that)) (VP-UNF (BES 's) (, ,) (INTJ (UH uh))) (, ,) (-DFL- N_S))","103",NA,NA,"that's,  uh,   "," that/DT  's/BES ,/,   uh/UH  ,/,"
"76","sw05utt/sw_0522_2072.utt","2/sw2072",2072,75,"%","A",33,3,"spare time,  /","[ spare/JJ time/NN ] ,/,","(NP (JJ spare) (NN time) (, ,) (-DFL- E_S))","104",NA,NA,"spare time,  "," spare/JJ time/NN  ,/,"
"77","sw05utt/sw_0522_2072.utt","2/sw2072",2072,76,"sv","A",33,4,"with a child it's, kind of stra-, - /","with/IN  [ a/DT child/NN ] [ it/PRP ] 's/BES ,/,  [ kind/RB ] of/RB  [ stra/JJ ] ,/,","(S (PP (IN with) (NP (DT a) (NN child))) (NP-SBJ (PRP it)) (VP (BES 's) (, ,) (ADVP (RB kind) (RB of)) (ADJP-PRD-UNF (JJ stra-))) (, ,) (-DFL- N_S))","105",NA,NA,"with a child it's, kind of stra,  ","with/IN   a/DT child/NN   it/PRP  's/BES ,/,   kind/RB  of/RB   stra/JJ  ,/,"
"78","sw05utt/sw_0522_2072.utt","2/sw2072",2072,77,"%","A",33,5,"she's, - /","[ she/PRP ] 's/BES ,/,","(S (NP-SBJ (PRP she)) (VP-UNF (BES 's)) (, ,) (-DFL- N_S))","106",NA,NA,"she's,  "," she/PRP  's/BES ,/,"
"79","sw05utt/sw_0522_2072.utt","2/sw2072",2072,78,"%","A",33,6,"we have, {F uh, } - /","[ we/PRP ] have/VBP ,/,  [ uh/UH ] ,/,","(S (NP-SBJ (PRP we)) (VP-UNF (VBP have) (, ,) (INTJ (UH uh))) (, ,) (-DFL- N_S))","107",NA,NA,"we have,  uh,   "," we/PRP  have/VBP ,/,   uh/UH  ,/,"
"80","sw05utt/sw_0522_2072.utt","2/sw2072",2072,79,"sd","A",33,7,"we're looking for a baby-sitter  /","[ we/PRP ] 're/VBP looking/VBG for/IN  [ a/DT baby-sitter/NN ]","(S (NP-SBJ (PRP we)) (VP (VBP 're) (VP (VBG looking) (PP (IN for) (NP (DT a) (NN baby-sitter))))) (-DFL- E_S))","108",NA,NA,"we're looking for a babysitter  "," we/PRP  're/VBP looking/VBG for/IN   a/DT babysitter/NN "
"81","sw05utt/sw_0522_2072.utt","2/sw2072",2072,80,"sd","A",33,8,"{C so } we've been out twice [ in o-, + in ] this year so far.","so/RB  [ we/PRP ] 've/VBP been/VBN out/RP twice/RB in/IN  [ o-/CD ] ,/, in/IN  [ this/DT year/NN ] so/RB far/RB ./.","(S (RB so) (NP-SBJ (PRP we)) (VP (VBP 've) (VP (VBN been) (ADVP-DIR-PRD (RP out)) (ADVP-TMP (RB twice)) (EDITED (RM (-DFL- \[)) (PP (IN in) (X (CD o-))) (, ,) (IP (-DFL- \+))) (PP-TMP (IN in) (RS (-DFL- \])) (NP (DT this) (NN year))) (ADVP (RB so) (RB far)) (. .) (PP (IN By) (NP (PRP ourselves))) (PP (IN without) (NP (DT the) (NN child))))) (-DFL- E_S))","109",NA,NA," so  we've been out twice  in o,  in  this year so far.","so/RB   we/PRP  've/VBP been/VBN out/RP twice/RB in/IN   o/CD  ,/, in/IN   this/DT year/NN  so/RB far/RB ./."
"82","sw05utt/sw_0522_2072.utt","2/sw2072",2072,81,"b","B",34,1,"Uh-huh. /","[ Uh-huh/UH ] ./.","(INTJ (UH Uh-huh) (. .) (-DFL- E_S))","78",NA,NA,"Uhhuh. "," Uhhuh/UH  ./."
"83","sw05utt/sw_0522_2072.utt","2/sw2072",2072,82,"+","A",35,1,"By ourselves without the child  /","By/IN  [ ourselves/PRP ] without/IN  [ the/DT child/NN ]","(S (RB so) (NP-SBJ (PRP we)) (VP (VBP 've) (VP (VBN been) (ADVP-DIR-PRD (RP out)) (ADVP-TMP (RB twice)) (EDITED (RM (-DFL- \[)) (PP (IN in) (X (CD o-))) (, ,) (IP (-DFL- \+))) (PP-TMP (IN in) (RS (-DFL- \])) (NP (DT this) (NN year))) (ADVP (RB so) (RB far)) (. .) (PP (IN By) (NP (PRP ourselves))) (PP (IN without) (NP (DT the) (NN child))))) (-DFL- E_S))","109",NA,NA,"By ourselves without the child  ","By/IN   ourselves/PRP  without/IN   the/DT child/NN "
"84","sw05utt/sw_0522_2072.utt","2/sw2072",2072,83,"sv","A",35,2,"{C so } it's kind of, {F uh, } become an issue you could say. /","so/RB  [ it/PRP ] 's/HVS  [ kind/RB ] of/RB ,/,  [ uh/UH ] ,/, become/VBN  [ an/DT issue/NN ] [ you/PRP ] could/MD say/VB ./.","(S (RB so) (S-TPC-1 (NP-SBJ (PRP it)) (VP (HVS 's) (ADVP (RB kind) (RB of)) (, ,) (INTJ (UH uh)) (, ,) (VP (VBN become) (NP-PRD (DT an) (NN issue))))) (NP-SBJ (PRP you)) (VP (MD could) (VP (VB say) (SBAR (-NONE- 0) (S (-NONE- *T*-1))))) (. .) (-DFL- E_S))","113",NA,NA," so  it's kind of,  uh,  become an issue you could say. ","so/RB   it/PRP  's/HVS   kind/RB  of/RB ,/,   uh/UH  ,/, become/VBN   an/DT issue/NN   you/PRP  could/MD say/VB ./."
"85","sw05utt/sw_0522_2072.utt","2/sw2072",2072,84,"b","B",36,1,"Sure. /","[ Sure/UH ] ./.","(INTJ (UH Sure) (. .) (-DFL- E_S))","115",NA,NA,"Sure. "," Sure/UH  ./."
"86","sw05utt/sw_0522_2072.utt","2/sw2072",2072,85,"%","A",37,1,"{F Um, } hobbies,  /","Um/UH ,/,  [ hobbies/NNS ] ,/,","(FRAG (INTJ (UH Um)) (, ,) (NP (NNS hobbies)) (, ,) (-DFL- E_S))","117",NA,NA," Um,  hobbies,  ","Um/UH ,/,   hobbies/NNS  ,/,"
"87","sw05utt/sw_0522_2072.utt","2/sw2072",2072,86,"sd","A",37,2,"I like, messing around in your house building things, and,   {D you know, }","[ I/PRP ] like/VBP ,/, messing/VBG around/RP in/IN  [ your/PRP$ house/NN building/VBG things/NNS ] ,/, and/CC ,/,  [ you/PRP ] know/VBP ,/,","(S (NP-SBJ-1 (PRP I)) (VP (VBP like) (, ,) (S-ADV (NP-SBJ (-NONE- *-1)) (VP (VBG messing) (ADVP (RP around)) (PP-LOC (IN in) (NP (PRP$ your) (NN house))))) (S-ADV (NP-SBJ (-NONE- *)) (VP (VP (VBG building) (NP (NNS things))) (, ,) (CC and) (PRN (, ,) (S (NP-SBJ (PRP you)) (VP (VBP know))) (, ,)) (VP (VBG putting) (NP (NNS cabinets)) (PRT (RP up))) (, ,) (CC and) (, ,) (NP-ETC (NP (DT those) (NN kind)) (PP (IN of) (NP (NNS things)))))) (, ,) (INTJ (UH um))) (, ,) (-DFL- E_S))","118",NA,NA,"I like, messing around in your house building things, and,    you know, "," I/PRP  like/VBP ,/, messing/VBG around/RP in/IN   your/PRP$ house/NN building/VBG things/NNS  ,/, and/CC ,/,   you/PRP  know/VBP ,/,"
"88","sw05utt/sw_0522_2072.utt","2/sw2072",2072,87,"aa","B",38,1,"{F Oh } yeah,  /","Oh/UH yeah/UH ,/,","(INTJ (INTJ (UH Oh)) (INTJ (UH yeah)) (, ,) (-DFL- E_S))","120",NA,NA," Oh  yeah,  ","Oh/UH yeah/UH ,/,"
"89","sw05utt/sw_0522_2072.utt","2/sw2072",2072,88,"ba","B",38,2,"that's great, too. /","[ that/DT ] 's/BES great/JJ ,/, too/RB ./.","(S (NP-SBJ (DT that)) (VP (BES 's) (ADJP-PRD (JJ great)) (, ,) (ADVP (RB too))) (. .) (-DFL- E_S))","121",NA,NA,"that's great, too. "," that/DT  's/BES great/JJ ,/, too/RB ./."
"90","sw05utt/sw_0522_2072.utt","2/sw2072",2072,89,"+","A",39,1,"putting cabinets up, and,","putting/VBG  [ cabinets/NNS ] up/RP ,/, and/CC ,/,","(S (NP-SBJ-1 (PRP I)) (VP (VBP like) (, ,) (S-ADV (NP-SBJ (-NONE- *-1)) (VP (VBG messing) (ADVP (RP around)) (PP-LOC (IN in) (NP (PRP$ your) (NN house))))) (S-ADV (NP-SBJ (-NONE- *)) (VP (VP (VBG building) (NP (NNS things))) (, ,) (CC and) (PRN (, ,) (S (NP-SBJ (PRP you)) (VP (VBP know))) (, ,)) (VP (VBG putting) (NP (NNS cabinets)) (PRT (RP up))) (, ,) (CC and) (, ,) (NP-ETC (NP (DT those) (NN kind)) (PP (IN of) (NP (NNS things)))))) (, ,) (INTJ (UH um))) (, ,) (-DFL- E_S))","118",NA,NA,"putting cabinets up, and,","putting/VBG   cabinets/NNS  up/RP ,/, and/CC ,/,"
"91","sw05utt/sw_0522_2072.utt","2/sw2072",2072,90,"b","B",40,1,"Uh-huh. /","[ Uh-huh/UH ] ./.","(INTJ (UH Uh-huh) (. .) (-DFL- E_S))","111",NA,NA,"Uhhuh. "," Uhhuh/UH  ./."
"92","sw05utt/sw_0522_2072.utt","2/sw2072",2072,91,"+","A",41,1,"those kind of things, {F um, } /","[ those/DT kind/NN ] of/IN  [ things/NNS ] ,/, um/UH ,/,","(S (NP-SBJ-1 (PRP I)) (VP (VBP like) (, ,) (S-ADV (NP-SBJ (-NONE- *-1)) (VP (VBG messing) (ADVP (RP around)) (PP-LOC (IN in) (NP (PRP$ your) (NN house))))) (S-ADV (NP-SBJ (-NONE- *)) (VP (VP (VBG building) (NP (NNS things))) (, ,) (CC and) (PRN (, ,) (S (NP-SBJ (PRP you)) (VP (VBP know))) (, ,)) (VP (VBG putting) (NP (NNS cabinets)) (PRT (RP up))) (, ,) (CC and) (, ,) (NP-ETC (NP (DT those) (NN kind)) (PP (IN of) (NP (NNS things)))))) (, ,) (INTJ (UH um))) (, ,) (-DFL- E_S))","118",NA,NA,"those kind of things,  um,  "," those/DT kind/NN  of/IN   things/NNS  ,/, um/UH ,/,"
"93","sw05utt/sw_0522_2072.utt","2/sw2072",2072,92,"b","B",42,1,"Yeah,  /","Yeah/UH ,/,","(INTJ (UH Yeah) (, ,) (-DFL- E_S))","102",NA,NA,"Yeah,  ","Yeah/UH ,/,"
"94","sw05utt/sw_0522_2072.utt","2/sw2072",2072,93,"sd","B",42,2,"we did some remodeling when we bought a house,  /","[ we/PRP ] did/VBD  [ some/DT ] remodeling/NN when/WRB  [ we/PRP ] bought/VBD  [ a/DT house/NN ] ,/,","(S (NP-SBJ (PRP we)) (VP (VBD did) (NP (DT some) (NN remodeling)) (SBAR-TMP (WHADVP-1 (WRB when)) (S (NP-SBJ (PRP we)) (VP (VBD bought) (NP (DT a) (NN house)) (ADVP-TMP (-NONE- *T*-1)))))) (, ,) (-DFL- E_S))","128",NA,NA,"we did some remodeling when we bought a house,  "," we/PRP  did/VBD   some/DT  remodeling/NN when/WRB   we/PRP  bought/VBD   a/DT house/NN  ,/,"
"95","sw05utt/sw_0522_2072.utt","2/sw2072",2072,94,"sd","B",42,3,"we [ built, + put ] a kitchen in and, {F um, } that kind of stuff, and painting and some wallpapering,  /","[ we/PRP ] built/VBD ,/, put/VBD  [ a/DT kitchen/NN ] in/RP and/CC ,/, um/UH ,/,  [ that/DT kind/NN ] of/IN  [ stuff/NN ] ,/, and/CC painting/NN and/CC  [ some/DT ] wallpapering/NN ,/,","(S (NP-SBJ (PRP we)) (EDITED (RM (-DFL- \[)) (VP-UNF (VBD built)) (, ,) (IP (-DFL- \+))) (VP (VP (VBD put) (RS (-DFL- \])) (NP (DT a) (NN kitchen)) (PRT (RP in))) (CC and) (, ,) (INTJ (UH um)) (, ,) (NP-ETC (NP (DT that) (NN kind)) (PP (IN of) (NP (NN stuff))))) (, ,))|||(FRAG (CC and) (NP (NP (NN painting)) (CC and) (NP (DT some) (NN wallpapering))) (, ,) (-DFL- E_S))","129|||130",NA,NA,"we  built,  put  a kitchen in and,  um,  that kind of stuff, and painting and some wallpapering,  "," we/PRP  built/VBD ,/, put/VBD   a/DT kitchen/NN  in/RP and/CC ,/, um/UH ,/,   that/DT kind/NN  of/IN   stuff/NN  ,/, and/CC painting/NN and/CC   some/DT  wallpapering/NN ,/,"
"96","sw05utt/sw_0522_2072.utt","2/sw2072",2072,95,"sv","B",42,4,"that's fun. /","that/DT  [ 's/BES fun/JJ ] ./.","(S (NP-SBJ (DT that)) (VP (BES 's) (NP-PRD (JJ fun))) (. .) (-DFL- E_S))","131",NA,NA,"that's fun. ","that/DT   's/BES fun/JJ  ./."
"97","sw05utt/sw_0522_2072.utt","2/sw2072",2072,96,"aa","A",43,1,"It's really kind of fun. /","[ It/PRP ] 's/BES really/RB  [ kind/RB ] of/RB  [ fun/JJ ] ./.","(S (NP-SBJ (PRP It)) (VP (BES 's) (ADVP (RB really)) (ADVP (RB kind) (RB of)) (NP-PRD (JJ fun))) (. .) (-DFL- E_S))","133",NA,NA,"It's really kind of fun. "," It/PRP  's/BES really/RB   kind/RB  of/RB   fun/JJ  ./."
"98","sw05utt/sw_0522_2072.utt","2/sw2072",2072,97,"aa","B",44,1,"It is.  /","[ It/PRP ] is/VBZ ./.","(S (NP-SBJ (PRP It)) (VP (VBZ is) (NP-PRD (-NONE- *?*))) (. .) (-DFL- E_S))","135",NA,NA,"It is.  "," It/PRP  is/VBZ ./."
"99","sw05utt/sw_0522_2072.utt","2/sw2072",2072,98,"aa","B",44,2,"It really is. /","[ It/PRP ] really/RB is/VBZ ./.","(S (NP-SBJ (PRP It)) (ADVP (RB really)) (VP (VBZ is) (NP-PRD (-NONE- *?*))) (. .) (-DFL- E_S))","136",NA,NA,"It really is. "," It/PRP  really/RB is/VBZ ./."
"100","sw05utt/sw_0522_2072.utt","2/sw2072",2072,99,"sv","A",45,1,"Especially if your spouse will get in there with you and get dirty,  /","Especially/RB if/IN  [ your/PRP$ spouse/NN ] will/MD get/VB in/IN there/RB with/IN  [ you/PRP ] and/CC get/VB  [ dirty/JJ ] ,/,","(SBAR-ADV (ADVP (RB Especially)) (IN if) (S (NP-SBJ (PRP$ your) (NN spouse)) (VP (MD will) (VP (VP (VB get) (PP (IN in) (ADVP (RB there))) (PP (IN with) (NP (PRP you)))) (CC and) (VP (VB get) (ADJP-PRD (JJ dirty)))))) (, ,) (-DFL- E_S))","138",NA,NA,"Especially if your spouse will get in there with you and get dirty,  ","Especially/RB if/IN   your/PRP$ spouse/NN  will/MD get/VB in/IN there/RB with/IN   you/PRP  and/CC get/VB   dirty/JJ  ,/,"
"101","sw05utt/sw_0522_2072.utt","2/sw2072",2072,100,"%","A",45,2,"yeah. /","yeah/UH ./.","(INTJ (UH yeah) (. .) (-DFL- E_S))","139",NA,NA,"yeah. ","yeah/UH ./."
"102","sw05utt/sw_0522_2072.utt","2/sw2072",2072,101,"aa","B",46,1,"Yeah,  /","Yeah/UH ,/,","(INTJ (UH Yeah) (, ,) (-DFL- E_S))","127",NA,NA,"Yeah,  ","Yeah/UH ,/,"
"103","sw05utt/sw_0522_2072.utt","2/sw2072",2072,102,"aa","B",46,2,"exactly.  /","exactly/RB ./.","(ADVP (RB exactly) (. .) (-DFL- E_S))","142",NA,NA,"exactly.  ","exactly/RB ./."
"104","sw05utt/sw_0522_2072.utt","2/sw2072",2072,103,"sd","B",46,3,"I like things that, {D you know, } two people can do,  /","[ I/PRP ] like/VBP  [ things/NNS ] [ that/WDT ] ,/,  [ you/PRP ] know/VBP ,/,  [ two/CD people/NNS ] can/MD do/VB ,/,","(S (NP-SBJ (PRP I)) (VP (VBP like) (NP (NP (NNS things)) (SBAR (WHNP-1 (WDT that)) (PRN (, ,) (S (NP-SBJ (PRP you)) (VP (VBP know))) (, ,)) (S (NP-SBJ (CD two) (NNS people)) (VP (MD can) (VP (VB do) (NP (-NONE- *T*-1)))))))) (, ,) (-DFL- E_S))","143",NA,NA,"I like things that,  you know,  two people can do,  "," I/PRP  like/VBP   things/NNS   that/WDT  ,/,   you/PRP  know/VBP ,/,   two/CD people/NNS  can/MD do/VB ,/,"
"105","sw05utt/sw_0522_2072.utt","2/sw2072",2072,104,"sd","B",46,4,"{C but } I like  the quiet of doing things away, {D you know, }  /","but/CC  [ I/PRP ] like/VBP  [ the/DT quiet/NN ] of/IN doing/VBG  [ things/NNS ] away/RB ,/,  [ you/PRP ] know/VBP ,/,","(S (CC but) (NP-SBJ (PRP I)) (VP (VBP like) (NP (NP (DT the) (NN quiet)) (PP (IN of) (S-NOM (NP-SBJ (-NONE- *)) (VP (VBG doing) (NP (NNS things)) (ADVP (RB away)))))) (PRN (, ,) (S (NP-SBJ (PRP you)) (VP (VBP know))))) (, ,) (-DFL- E_S))","144",NA,NA," but  I like  the quiet of doing things away,  you know,   ","but/CC   I/PRP  like/VBP   the/DT quiet/NN  of/IN doing/VBG   things/NNS  away/RB ,/,   you/PRP  know/VBP ,/,"
"106","sw05utt/sw_0522_2072.utt","2/sw2072",2072,105,"sv","B",46,5,"kind of gives you some space for yourself,  /","[ kind/RB ] of/RB gives/VBZ  [ you/PRP ] [ some/DT space/NN ] for/IN  [ yourself/PRP ] ,/,","(S (NP-SBJ (-NONE- *)) (ADVP (RB kind) (RB of)) (VP (VBZ gives) (NP (PRP you)) (NP (DT some) (NN space)) (PP (IN for) (NP (PRP yourself)))) (, ,) (-DFL- E_S))","145",NA,NA,"kind of gives you some space for yourself,  "," kind/RB  of/RB gives/VBZ   you/PRP   some/DT space/NN  for/IN   yourself/PRP  ,/,"
"107","sw05utt/sw_0522_2072.utt","2/sw2072",2072,106,"sd","B",46,6,"{C and } that's what I find in making the dolls and things, that it gives me something that I can create,  /","and/CC  [ that/DT ] 's/BES  [ what/WP ] [ I/PRP ] find/VBP in/IN making/VBG  [ the/DT dolls/NNS ] and/CC  [ things/NNS ] ,/, that/IN  [ it/PRP ] gives/VBZ  [ me/PRP ] [ something/NN ] that/IN  [ I/PRP ] can/MD create/VB ,/,","(S (CC and) (NP-SBJ (DT that)) (VP (BES 's) (SBAR-NOM-PRD (WHNP-2 (WP what)) (S (NP-SBJ (PRP I)) (VP (VBP find) (NP (-NONE- *T*-2)) (PP (IN in) (S-NOM (NP-SBJ (-NONE- *)) (VP (VBG making) (NP (DT the) (NNS dolls) (CC and) (NNS things))))) (, ,) (SBAR (IN that) (S (NP-SBJ (PRP it)) (VP (VBZ gives) (NP (PRP me) (NP (NP (NN something)) (SBAR (WHNP-1 (IN that)) (S (NP-SBJ (PRP I)) (VP (MD can) (VP (VB create) (NP (-NONE- *T*-1))))))))))))))) (, ,) (-DFL- E_S))","146",NA,NA," and  that's what I find in making the dolls and things, that it gives me something that I can create,  ","and/CC   that/DT  's/BES   what/WP   I/PRP  find/VBP in/IN making/VBG   the/DT dolls/NNS  and/CC   things/NNS  ,/, that/IN   it/PRP  gives/VBZ   me/PRP   something/NN  that/IN   I/PRP  can/MD create/VB ,/,"
"108","sw05utt/sw_0522_2072.utt","2/sw2072",2072,107,"sd","B",46,7,"{C and } I like to crochet and knit.  /","and/CC  [ I/PRP ] like/VBP to/TO crochet/VB and/CC knit/VB ./.","(S (CC and) (NP-SBJ-1 (PRP I)) (VP (VBP like) (S (NP-SBJ (-NONE- *-1)) (VP (TO to) (VP (VB crochet) (CC and) (VB knit))))) (. .) (-DFL- E_S))","147",NA,NA," and  I like to crochet and knit.  ","and/CC   I/PRP  like/VBP to/TO crochet/VB and/CC knit/VB ./."
"109","sw05utt/sw_0522_2072.utt","2/sw2072",2072,108,"sd","B",46,8,"I made some afghans and that kind of stuff.  /","[ I/PRP ] made/VBD  [ some/DT afghans/NNS ] and/CC  [ that/DT kind/NN ] of/IN  [ stuff/NN ] ./.","(S (NP-SBJ (PRP I)) (VP (VBD made) (NP (NP (DT some) (NNS afghans)) (CC and) (NP (NP (DT that) (NN kind)) (PP (IN of) (NP (NN stuff)))))) (. .) (-DFL- E_S))","148",NA,NA,"I made some afghans and that kind of stuff.  "," I/PRP  made/VBD   some/DT afghans/NNS  and/CC   that/DT kind/NN  of/IN   stuff/NN  ./."
"110","sw05utt/sw_0522_2072.utt","2/sw2072",2072,109,"sd","B",46,9,"I like doing things with my hands. /","[ I/PRP ] like/VBP doing/VBG  [ things/NNS ] with/IN  [ my/PRP$ hands/NNS ] ./.","(S (NP-SBJ-1 (PRP I)) (VP (VBP like) (S (NP-SBJ (-NONE- *-1)) (VP (VBG doing) (NP (NNS things)) (PP (IN with) (NP (PRP$ my) (NNS hands)))))) (. .) (-DFL- E_S))","149",NA,NA,"I like doing things with my hands. "," I/PRP  like/VBP doing/VBG   things/NNS  with/IN   my/PRP$ hands/NNS  ./."
"111","sw05utt/sw_0522_2072.utt","2/sw2072",2072,110,"b","A",47,1,"Uh-huh.  /","[ Uh-huh/UH ] ./.","(INTJ (UH Uh-huh) (. .) (-DFL- E_S))","124",NA,NA,"Uhhuh.  "," Uhhuh/UH  ./."
"112","sw05utt/sw_0522_2072.utt","2/sw2072",2072,111,"ba","A",47,2,"Sounds like it. /","[ Sounds/VBZ ] like/IN  [ it/PRP ] ./.","(S (NP-SBJ (-NONE- *)) (VP (VBZ Sounds) (PP (IN like) (NP (PRP it)))) (. .) (-DFL- E_S))","152",NA,NA,"Sounds like it. "," Sounds/VBZ  like/IN   it/PRP  ./."
"113","sw05utt/sw_0522_2072.utt","2/sw2072",2072,112,"aa","B",48,1,"Yeah. /","Yeah/UH ./.","(INTJ (UH Yeah) (. .) (-DFL- E_S))","154",NA,NA,"Yeah. ","Yeah/UH ./."
"114","sw05utt/sw_0522_2072.utt","2/sw2072",2072,113,"qy","A",49,1,"Do you like to cook? /","Do/VBP  [ you/PRP ] like/VB to/TO cook/VB ?/.","(SQ (VBP Do) (NP-SBJ-1 (PRP you)) (VP (VB like) (S (NP-SBJ (-NONE- *-1)) (VP (TO to) (VP (VB cook))))) (. ?) (-DFL- E_S))","156",NA,NA,"Do you like to cook? ","Do/VBP   you/PRP  like/VB to/TO cook/VB ?/."
"115","sw05utt/sw_0522_2072.utt","2/sw2072",2072,114,"ny","B",50,1,"Yes,  /","Yes/UH ,/,","(INTJ (UH Yes) (, ,) (-DFL- E_S))","158",NA,NA,"Yes,  ","Yes/UH ,/,"
"116","sw05utt/sw_0522_2072.utt","2/sw2072",2072,115,"sd^e","B",50,2,"I love to cook. /","[ I/PRP ] love/VBP to/TO cook/VB ./.","(S (NP-SBJ-1 (PRP I)) (VP (VBP love) (S (NP-SBJ (-NONE- *-1)) (VP (TO to) (VP (VB cook))))) (. .) (-DFL- E_S))","159",NA,NA,"I love to cook. "," I/PRP  love/VBP to/TO cook/VB ./."
"117","sw05utt/sw_0522_2072.utt","2/sw2072",2072,116,"aa","A",51,1,"Yeah,  /","[ Yeah/UH ] ,/,","(INTJ (UH Yeah) (, ,) (-DFL- E_S))","127",NA,NA,"Yeah,  "," Yeah/UH  ,/,"
"118","sw05utt/sw_0522_2072.utt","2/sw2072",2072,117,"sd","A",51,2,"I love to cook, too,  /","[ I/PRP ] love/VBP to/TO cook/VB ,/, too/RB ,/,","(S (NP-SBJ-1 (PRP I)) (VP (VBP love) (S (NP-SBJ (-NONE- *-1)) (VP (TO to) (VP (VB cook)))) (, ,) (ADVP (RB too))) (, ,) (-DFL- E_S))","162",NA,NA,"I love to cook, too,  "," I/PRP  love/VBP to/TO cook/VB ,/, too/RB ,/,"
"119","sw05utt/sw_0522_2072.utt","2/sw2072",2072,118,"%","A",51,3,"I'm, {F uh, } -/","[ I/PRP ] 'm/VBP ,/,  [ uh/UH ] ,/,","(S (NP-SBJ (PRP I)) (VP-UNF (VBP 'm) (, ,) (INTJ (UH uh))) (, ,) (-DFL- N_S))","163",NA,NA,"I'm,  uh,  "," I/PRP  'm/VBP ,/,   uh/UH  ,/,"
"120","sw05utt/sw_0522_2072.utt","2/sw2072",2072,119,"sd","B",52,1,"Italian food <laughter>. /","[ Italian/JJ food/NN ] ./.","(NP (JJ Italian) (NN food) (. .) (-DFL- E_S))","165",NA,NA,"Italian food laughter. "," Italian/JJ food/NN  ./."
"121","sw05utt/sw_0522_2072.utt","2/sw2072",2072,120,"bh","A",53,1,"{F Oh, } really? /","Oh/UH ,/, really/UH ?/.","(INTJ (INTJ (UH Oh)) (, ,) (INTJ (UH really)) (. ?) (-DFL- E_S))","167",NA,NA," Oh,  really? ","Oh/UH ,/, really/UH ?/."
"122","sw05utt/sw_0522_2072.utt","2/sw2072",2072,121,"qy","B",54,1,"Yeah,  /","Yeah/UH ,/,","(INTJ (UH Yeah) (, ,) (-DFL- E_S))","127",NA,NA,"Yeah,  ","Yeah/UH ,/,"
"123","sw05utt/sw_0522_2072.utt","2/sw2072",2072,122,"sd","B",54,2,"pizzas and spaghettis and lasagnas and that kind of stuff. /","[ pizzas/NNS ] and/CC  [ spaghettis/NNS ] and/CC  [ lasagnas/NNS ] and/CC  [ that/DT kind/NN ] of/IN  [ stuff/NN ] ./.","(NP (NP (NNS pizzas) (CC and) (NNS spaghettis) (CC and) (NNS lasagnas)) (CC and) (NP (NP (DT that) (NN kind)) (PP (IN of) (NP (NN stuff)))) (. .) (-DFL- E_S))","170",NA,NA,"pizzas and spaghettis and lasagnas and that kind of stuff. "," pizzas/NNS  and/CC   spaghettis/NNS  and/CC   lasagnas/NNS  and/CC   that/DT kind/NN  of/IN   stuff/NN  ./."
"124","sw05utt/sw_0522_2072.utt","2/sw2072",2072,123,"sd","A",55,1,"{D Well, } we're all skinny farts  /","Well/RB ,/,  [ we/PRP ] 're/VBP  [ all/DT skinny/JJ farts/NNS ]","(S (INTJ (RB Well)) (, ,) (NP-SBJ (PRP we)) (VP (VBP 're) (NP-PRD (DT all) (JJ skinny) (NNS farts))) (-DFL- E_S))","172",NA,NA," Well,  we're all skinny farts  ","Well/RB ,/,   we/PRP  're/VBP   all/DT skinny/JJ farts/NNS "
"125","sw05utt/sw_0522_2072.utt","2/sw2072",2072,124,"%","A",55,2,"{C so, } I, - /","so/RB ,/,  [ I/PRP ] ,/,","(S-UNF (RB so) (, ,) (NP-SBJ (PRP I)) (, ,) (-DFL- N_S))","173",NA,NA," so,  I,  ","so/RB ,/,   I/PRP  ,/,"
"126","sw05utt/sw_0522_2072.utt","2/sw2072",2072,125,"%","A",55,3,"it, -/","[ it/PRP ] ,/,","(S-UNF (NP-SBJ (PRP it)) (, ,) (-DFL- N_S))","174",NA,NA,"it, "," it/PRP  ,/,"
"127","sw05utt/sw_0522_2072.utt","2/sw2072.pos",2072,126,"x","B",56,1,"<Laughter>.","./.","","",NA,NA,"Laughter.","./."
"128","sw05utt/sw_0522_2072.utt","2/sw2072",2072,127,"%","A",57,1,"{C so } when it comes to, - /","so/RB when/WRB  [ it/PRP ] comes/VBZ to/TO ,/,","(S (RB so) (SBAR-TMP (WHADVP (WRB when)) (S (NP-SBJ (PRP it)) (VP (VBZ comes) (PP-UNF (TO to))))) (, ,) (-DFL- N_S))","177",NA,NA," so  when it comes to,  ","so/RB when/WRB   it/PRP  comes/VBZ to/TO ,/,"
"129","sw05utt/sw_0522_2072.utt","2/sw2072",2072,128,"sd","A",57,2,"I like to cook and eat and,","[ I/PRP ] like/VBP to/TO cook/VB and/CC eat/VB and/CC ,/,","(S (NP-SBJ-1 (PRP I)) (VP (VBP like) (S (NP-SBJ (-NONE- *-1)) (VP (VP (TO to) (VP (VB cook) (CC and) (VB eat))) (CC and) (, ,) (VP (TO to) (VP-UNF (VB have)))))) (, ,))","178",NA,NA,"I like to cook and eat and,"," I/PRP  like/VBP to/TO cook/VB and/CC eat/VB and/CC ,/,"
"130","sw05utt/sw_0522_2072.utt","2/sw2072",2072,129,"b","B",58,1,"Yeah. /","Yeah/UH ./.","(INTJ (UH Yeah) (. .) (-DFL- E_S))","154",NA,NA,"Yeah. ","Yeah/UH ./."
"131","sw05utt/sw_0522_2072.utt","2/sw2072",2072,130,"+","A",59,1,"to have, [ mai-, + mainly, ] I guess, I get to  ((   )) - /","to/TO have/VB ,/,  [ mai-/RB ] ,/, mainly/RB ,/,  [ I/PRP ] guess/VBP ,/,  [ I/PRP ] get/VBP to/TO MUMBLEx/XX","(S (NP-SBJ-1 (PRP I)) (VP (VBP like) (S (NP-SBJ (-NONE- *-1)) (VP (VP (TO to) (VP (VB cook) (CC and) (VB eat))) (CC and) (, ,) (VP (TO to) (VP-UNF (VB have)))))) (, ,))|||(S-2 (EDITED (RM (-DFL- \[)) (ADVP-UNF (RB mai-)) (, ,) (IP (-DFL- \+))) (ADVP (RB mainly)) (PRN (, ,) (RS (-DFL- \])) (S (NP-SBJ (PRP I)) (VP (VBP guess) (SBAR (-NONE- 0) (S (-NONE- *T*-2))))) (, ,)) (NP-SBJ-3 (PRP I)) (VP (VBP get) (S (NP-SBJ (-NONE- *-3)) (VP-UNF (TO to) (X (XX MUMBLEx))))) (-DFL- N_S))","178|||179",NA,NA,"to have,  mai,  mainly,  I guess, I get to       ","to/TO have/VB ,/,   mai/RB  ,/, mainly/RB ,/,   I/PRP  guess/VBP ,/,   I/PRP  get/VBP to/TO MUMBLEx/XX"
"132","sw05utt/sw_0522_2072.utt","2/sw2072",2072,131,"sd(^q)*","A",59,2,"amount of people eat,    *[[listen]]","[ amount/NN ] of/IN  [ people/NNS ] eat/VBP ,/,","(S (NP-SBJ (NP (NN amount)) (PP (IN of) (NP (NNS people)))) (VP (VP (VBP eat)) (, ,) (CONJP (CC and) (RB then)) (VP (VB say) (, ,) (S-SEZ (INTJ (UH man)) (NP-SBJ (DT this)) (VP (VBZ is) (ADJP-PRD (RB really) (JJ good)))))) (, ,) (-DFL- N_S))","183",NA,NA,"amount of people eat,    *listen"," amount/NN  of/IN   people/NNS  eat/VBP ,/,"
"133","sw05utt/sw_0522_2072.utt","2/sw2072",2072,132,"b","B",60,1,"Uh-huh. /","[ Uh-huh/UH ] ./.","(INTJ (UH Uh-huh) (. .) (-DFL- E_S))","185",NA,NA,"Uhhuh. "," Uhhuh/UH  ./."
"134","sw05utt/sw_0522_2072.utt","2/sw2072",2072,133,"+","A",61,1,"and then say, man this is really good, -/","and/CC then/RB say/VB ,/, man/UH  [ this/DT ] is/VBZ really/RB  [ good/JJ ] ,/,","(S (NP-SBJ (NP (NN amount)) (PP (IN of) (NP (NNS people)))) (VP (VP (VBP eat)) (, ,) (CONJP (CC and) (RB then)) (VP (VB say) (, ,) (S-SEZ (INTJ (UH man)) (NP-SBJ (DT this)) (VP (VBZ is) (ADJP-PRD (RB really) (JJ good)))))) (, ,) (-DFL- N_S))","183",NA,NA,"and then say, man this is really good, ","and/CC then/RB say/VB ,/, man/UH   this/DT  is/VBZ really/RB   good/JJ  ,/,"
"135","sw05utt/sw_0522_2072.utt","2/sw2072",2072,134,"aa","B",62,1,"Yeah,  /","Yeah/UH ,/,","(INTJ (UH Yeah) (, ,) (-DFL- E_S))","161",NA,NA,"Yeah,  ","Yeah/UH ,/,"
"136","sw05utt/sw_0522_2072.utt","2/sw2072",2072,135,"sv","B",62,2,"it is. /","[ it/PRP ] is/VBZ ./.","(S (NP-SBJ (PRP it)) (VP (VBZ is) (ADJP-PRD (-NONE- *?*))) (. .) (-DFL- E_S))","189",NA,NA,"it is. "," it/PRP  is/VBZ ./."
"137","sw05utt/sw_0522_2072.utt","2/sw2072",2072,136,"%","A",63,1,"{F um, } {F um, } {C but } it just, - /","um/UH ,/, um/UH ,/, but/CC  [ it/PRP ] just/RB ,/,","(S-UNF (INTJ (UH um)) (, ,) (INTJ (UH um)) (, ,) (CC but) (NP-SBJ (PRP it)) (ADVP (RB just)) (, ,) (-DFL- N_S))","191",NA,NA," um,   um,   but  it just,  ","um/UH ,/, um/UH ,/, but/CC   it/PRP  just/RB ,/,"
"138","sw05utt/sw_0522_2072.utt","2/sw2072",2072,137,"sd","A",63,2,"work in the garden, work around the yard, of course, /","work/VB in/IN  [ the/DT garden/NN ] ,/,  [ work/NN ] around/RB  [ the/DT yard/NN ] ,/, of/IN  [ course/NN ] ,/,","(S (NP-SBJ (-NONE- *)) (VP (VP (VB work) (PP (IN in) (NP (DT the) (NN garden)))) (, ,) (VP (NN work) (PP (RB around) (NP (DT the) (NN yard))) (, ,) (PP (IN of) (NP (NN course))))) (, ,) (-DFL- E_S))","192",NA,NA,"work in the garden, work around the yard, of course, ","work/VB in/IN   the/DT garden/NN  ,/,   work/NN  around/RB   the/DT yard/NN  ,/, of/IN   course/NN  ,/,"
"139","sw05utt/sw_0522_2072.utt","2/sw2072",2072,138,"qy","B",64,1,"Do you do barbecues? /","Do/VBP  [ you/PRP ] do/VB barbecues/NNS ?/.","(SQ (VBP Do) (NP-SBJ (PRP you)) (VP (VB do) (NP (NNS barbecues))) (. ?) (-DFL- E_S))","194",NA,NA,"Do you do barbecues? ","Do/VBP   you/PRP  do/VB barbecues/NNS ?/."
"140","sw05utt/sw_0522_2072.utt","2/sw2072",2072,139,"ny","A",65,1,"Yes,  /","Yes/UH ,/,","(INTJ (UH Yes) (, ,) (-DFL- E_S))","196",NA,NA,"Yes,  ","Yes/UH ,/,"
"141","sw05utt/sw_0522_2072.utt","2/sw2072",2072,140,"sd^e","A",65,2,"# we sure do,  /","[ we/PRP ] sure/RB do/VBP ,/,","(S (NP-SBJ (PRP we)) (ADVP (RB sure)) (VP (VBP do)) (, ,) (-DFL- E_S))","197",NA,NA,"# we sure do,  "," we/PRP  sure/RB do/VBP ,/,"
"142","sw05utt/sw_0522_2072.utt","2/sw2072",2072,141,"sd","A",65,3,"smoke them an-, # -/","smoke/VB  [ them/PRP ] an-/CC ,/,","(S (NP-SBJ (-NONE- *)) (VP (VB smoke) (NP (PRP them)) (X (CC an-))) (, ,) (-DFL- N_S))","198",NA,NA,"smoke them an, # ","smoke/VB   them/PRP  an/CC ,/,"
"143","sw05utt/sw_0522_2072.utt","2/sw2072",2072,142,"qy","B",66,1,"# {D Well, } {F uh, } {F uh, } smoking and # all that stuff? /","Well/UH ,/,  [ uh/UH ] ,/,  [ uh/UH ] ,/, smoking/NN and/CC  [ all/PDT that/DT stuff/NN ] ?/.","(FRAG (INTJ (UH Well)) (, ,) (INTJ (UH uh)) (, ,) (INTJ (UH uh)) (, ,) (NP (NP (NN smoking)) (CC and) (NP (PDT all) (DT that) (NN stuff))) (. ?) (-DFL- E_S))","200",NA,NA,"#  Well,   uh,   uh,  smoking and # all that stuff? ","Well/UH ,/,   uh/UH  ,/,   uh/UH  ,/, smoking/NN and/CC   all/PDT that/DT stuff/NN  ?/."
"144","sw05utt/sw_0522_2072.utt","2/sw2072",2072,143,"ny","A",67,1,"{F Oh, } yeah,  /","Oh/UH ,/, yeah/UH ,/,","(INTJ (INTJ (UH Oh)) (, ,) (INTJ (UH yeah)) (, ,) (-DFL- E_S))","202",NA,NA," Oh,  yeah,  ","Oh/UH ,/, yeah/UH ,/,"
"145","sw05utt/sw_0522_2072.utt","2/sw2072",2072,144,"sd^e","A",67,2,"all that hoedown stuff. /","[ all/PDT that/DT hoedown/NN stuff/NN ] ./.","(NP (PDT all) (DT that) (NN hoedown) (NN stuff) (. .) (-DFL- E_S))","203",NA,NA,"all that hoedown stuff. "," all/PDT that/DT hoedown/NN stuff/NN  ./."
"146","sw05utt/sw_0522_2072.utt","2/sw2072",2072,145,"b","B",68,1,"Yeah,  /","Yeah/UH ,/,","(INTJ (UH Yeah) (, ,) (-DFL- E_S))","188",NA,NA,"Yeah,  ","Yeah/UH ,/,"
"147","sw05utt/sw_0522_2072.utt","2/sw2072",2072,146,"b","B",68,2,"yep, /","[ yep/UH ] ,/,","(INTJ (UH yep) (, ,) (-DFL- E_S))","206",NA,NA,"yep, "," yep/UH  ,/,"
"148","sw05utt/sw_0522_2072.utt","2/sw2072",2072,147,"sd","A",69,1,"# All that stuff that's bad for you. # /","[ All/PDT that/DT stuff/NN ] [ that/WDT ] 's/BES bad/JJ for/IN  [ you/PRP ] ./.","(NP (NP (PDT All) (DT that) (NN stuff)) (SBAR (WHNP-1 (WDT that)) (S (NP-SBJ (-NONE- *T*-1)) (VP (BES 's) (ADJP-PRD (JJ bad) (PP (IN for) (NP (PRP you))))))) (. .) (-DFL- E_S))","208",NA,NA,"# All that stuff that's bad for you. # "," All/PDT that/DT stuff/NN   that/WDT  's/BES bad/JJ for/IN   you/PRP  ./."
"149","sw05utt/sw_0522_2072.utt","2/sw2072",2072,148,"sd","B",70,1,"# [ I, + I ] lived in Abilene for # a little while,","[ I/PRP ] ,/,  [ I/PRP ] lived/VBD in/IN  [ Abilene/NNP ] for/IN  [ a/DT little/JJ while/NN ] ,/,","(S (EDITED (RM (-DFL- \[)) (NP-SBJ (PRP I)) (, ,) (IP (-DFL- \+))) (NP-SBJ (PRP I)) (RS (-DFL- \])) (VP (VP (VBD lived) (PP-LOC (IN in) (NP (NNP Abilene))) (PP-TMP (IN for) (NP (DT a) (JJ little) (NN while)))) (, ,) (CC and) (, ,) (INTJ (UH uh)) (, ,) (VP (VBD worked) (PP-LOC (IN in) (NP (DT the) (NNP Abilene) (NN plant))))) (, ,) (-DFL- E_S))","210",NA,NA,"#  I,  I  lived in Abilene for # a little while,"," I/PRP  ,/,   I/PRP  lived/VBD in/IN   Abilene/NNP  for/IN   a/DT little/JJ while/NN  ,/,"
"150","sw05utt/sw_0522_2072.utt","2/sw2072",2072,149,"b","A",71,1,"{F Oh, } sure,  /","Oh/UH ,/, sure/UH ,/,","(INTJ (INTJ (UH Oh)) (, ,) (INTJ (UH sure)) (, ,) (-DFL- E_S))","212",NA,NA," Oh,  sure,  ","Oh/UH ,/, sure/UH ,/,"
"151","sw05utt/sw_0522_2072.utt","2/sw2072",2072,150,"b","A",71,2,"yeah. /","yeah/UH ./.","(INTJ (UH yeah) (. .) (-DFL- E_S))","213",NA,NA,"yeah. ","yeah/UH ./."
"152","sw05utt/sw_0522_2072.utt","2/sw2072",2072,151,"+","B",72,1,"and, {F uh, } worked in the Abilene plant,  /","and/CC ,/,  [ uh/UH ] ,/, worked/VBD in/IN  [ the/DT Abilene/NNP plant/NN ] ,/,","(S (EDITED (RM (-DFL- \[)) (NP-SBJ (PRP I)) (, ,) (IP (-DFL- \+))) (NP-SBJ (PRP I)) (RS (-DFL- \])) (VP (VP (VBD lived) (PP-LOC (IN in) (NP (NNP Abilene))) (PP-TMP (IN for) (NP (DT a) (JJ little) (NN while)))) (, ,) (CC and) (, ,) (INTJ (UH uh)) (, ,) (VP (VBD worked) (PP-LOC (IN in) (NP (DT the) (NNP Abilene) (NN plant))))) (, ,) (-DFL- E_S))","210",NA,NA,"and,  uh,  worked in the Abilene plant,  ","and/CC ,/,   uh/UH  ,/, worked/VBD in/IN   the/DT Abilene/NNP plant/NN  ,/,"
"153","sw05utt/sw_0522_2072.utt","2/sw2072",2072,152,"sd","B",72,2,"{C and } we used to go to Joe Allen's Barbecue,  /","and/CC  [ we/PRP ] used/VBD to/TO go/VB to/IN  [ Joe/NNP Allen/NNP 's/POS Barbecue/NN ] ,/,","(S (CC and) (NP-SBJ-1 (PRP we)) (VP (VBD used) (S (NP-SBJ (-NONE- *-1)) (VP (TO to) (VP (VB go) (PP-DIR (IN to) (NP (NP (NNP Joe) (NNP Allen) (POS 's)) (NN Barbecue))))))) (, ,) (-DFL- E_S))","215",NA,NA," and  we used to go to Joe Allen's Barbecue,  ","and/CC   we/PRP  used/VBD to/TO go/VB to/IN   Joe/NNP Allen/NNP 's/POS Barbecue/NN  ,/,"
"154","sw05utt/sw_0522_2072.utt","2/sw2072",2072,153,"sv","B",72,3,"{C and, } {F uh, } {F oh, } that was great. /","and/CC ,/,  [ uh/UH ] ,/, oh/UH ,/,  [ that/DT ] was/VBD great/JJ ./.","(S (CC and) (, ,) (INTJ (UH uh)) (, ,) (INTJ (UH oh)) (, ,) (NP-SBJ (DT that)) (VP (VBD was) (ADJP-PRD (JJ great))) (. .) (-DFL- E_S))","216",NA,NA," and,   uh,   oh,  that was great. ","and/CC ,/,   uh/UH  ,/, oh/UH ,/,   that/DT  was/VBD great/JJ ./."
"155","sw05utt/sw_0522_2072.utt","2/sw2072",2072,154,"b","A",73,1,"{F Oh, } yeah. /","Oh/UH ,/, yeah/UH ./.","(INTJ (INTJ (UH Oh)) (, ,) (INTJ (UH yeah)) (. .) (-DFL- E_S))","218",NA,NA," Oh,  yeah. ","Oh/UH ,/, yeah/UH ./."
"156","sw05utt/sw_0522_2072.utt","2/sw2072",2072,155,"sv","B",74,1,"Really great, /","Really/RB  [ great/JJ ] ,/,","(ADJP (RB Really) (JJ great) (, ,) (-DFL- E_S))","220",NA,NA,"Really great, ","Really/RB   great/JJ  ,/,"
"157","sw05utt/sw_0522_2072.utt","2/sw2072",2072,156,"sv","A",75,1,"That's, {F uh, }","[ That/DT ] 's/BES ,/,  [ uh/UH ] ,/,","(S (NP-SBJ (DT That)) (VP (BES 's) (, ,) (INTJ (UH uh)) (, ,) (NP-PRD (NP (JJ only) (NN way)) (SBAR (WHADVP-1 (-NONE- 0)) (S (NP-SBJ (-NONE- *)) (VP (TO to) (VP (VB do) (NP (PRP it)) (ADVP-MNR (-NONE- *T*-1)))))))) (. .) (-DFL- E_S))","222",NA,NA,"That's,  uh, "," That/DT  's/BES ,/,   uh/UH  ,/,"
"158","sw05utt/sw_0522_2072.utt","2/sw2072",2072,157,"sv","B",76,1,"they have some nice stuff down there. /","[ they/PRP ] have/VBP  [ some/DT nice/JJ stuff/NN ] down/IN there/RB ./.","(S (NP-SBJ (PRP they)) (VP (VBP have) (NP (DT some) (JJ nice) (NN stuff)) (PP-LOC (IN down) (ADVP (RB there)))) (. .) (-DFL- E_S))","224",NA,NA,"they have some nice stuff down there. "," they/PRP  have/VBP   some/DT nice/JJ stuff/NN  down/IN there/RB ./."
"159","sw05utt/sw_0522_2072.utt","2/sw2072",2072,158,"+","A",77,1,"only way to do it. /","[ only/JJ way/NN ] to/TO do/VB  [ it/PRP ] ./.","(S (NP-SBJ (DT That)) (VP (BES 's) (, ,) (INTJ (UH uh)) (, ,) (NP-PRD (NP (JJ only) (NN way)) (SBAR (WHADVP-1 (-NONE- 0)) (S (NP-SBJ (-NONE- *)) (VP (TO to) (VP (VB do) (NP (PRP it)) (ADVP-MNR (-NONE- *T*-1)))))))) (. .) (-DFL- E_S))","222",NA,NA,"only way to do it. "," only/JJ way/NN  to/TO do/VB   it/PRP  ./."
"160","sw05utt/sw_0522_2072.utt","2/sw2072",2072,159,"sd","B",78,1,"I miss it <laughter>. /","[ I/PRP ] miss/VBP  [ it/PRP ] ./.","(S (NP-SBJ (PRP I)) (VP (VBP miss) (NP (PRP it))) (. .) (-DFL- E_S))","227",NA,NA,"I miss it laughter. "," I/PRP  miss/VBP   it/PRP  ./."
"161","sw05utt/sw_0522_2072.utt","2/sw2072",2072,160,"b","A",79,1,"{D Well, } yeah,  /","Well/UH ,/, yeah/UH ,/,","(INTJ (INTJ (UH Well)) (, ,) (INTJ (UH yeah)) (, ,) (-DFL- E_S))","229",NA,NA," Well,  yeah,  ","Well/UH ,/, yeah/UH ,/,"
"162","sw05utt/sw_0522_2072.utt","2/sw2072",2072,161,"%","A",79,2,"[ [ it's, + {F uh, } it's, ] + {F uh, } it's, ] {F uh, } - /","[ it/PRP ] 's/BES ,/,  [ uh/UH ] ,/,  [ it/PRP ] 's/BES ,/,  [ uh/UH ] ,/,  [ it/PRP ] 's/BES ,/,  [ uh/UH ] ,/,","(S (EDITED (RM (-DFL- \[)) (EDITED (RM (-DFL- \[)) (S (NP-SBJ (PRP it)) (VP-UNF (BES 's))) (, ,) (IP (-DFL- \+))) (S (INTJ (UH uh)) (, ,) (NP-SBJ (PRP it)) (VP-UNF (BES 's))) (, ,) (RS (-DFL- \])) (IP (-DFL- \+))) (INTJ (UH uh)) (, ,) (NP-SBJ (PRP it)) (VP-UNF (BES 's) (, ,) (RS (-DFL- \])) (INTJ (UH uh))) (, ,) (-DFL- N_S))","230",NA,NA,"  it's,   uh,  it's,    uh,  it's,   uh,   "," it/PRP  's/BES ,/,   uh/UH  ,/,   it/PRP  's/BES ,/,   uh/UH  ,/,   it/PRP  's/BES ,/,   uh/UH  ,/,"
"163","sw05utt/sw_0522_2072.utt","2/sw2072",2072,162,"sv","A",79,3,"[ there's, + {F uh, } there's ] pluses to everything, /","[ there/EX ] 's/BES ,/,  [ uh/UH ] ,/,  [ there/EX ] [ 's/BES pluses/NNS ] to/IN  [ everything/NN ] ,/,","(S (EDITED (RM (-DFL- \[)) (S (NP-SBJ (EX there)) (VP-UNF (BES 's))) (, ,) (IP (-DFL- \+))) (INTJ (UH uh)) (, ,) (NP-SBJ (EX there)) (VP (BES 's) (RS (-DFL- \])) (NP-PRD (NNS pluses)) (PP (IN to) (NP (NN everything)))) (, ,) (-DFL- E_S))","231",NA,NA," there's,   uh,  there's  pluses to everything, "," there/EX  's/BES ,/,   uh/UH  ,/,   there/EX   's/BES pluses/NNS  to/IN   everything/NN  ,/,"
"164","sw05utt/sw_0522_2072.utt","2/sw2072",2072,163,"b","B",80,1,"{F Oh, } yeah. /","Oh/UH ,/, yeah/UH ./.","(INTJ (INTJ (UH Oh)) (, ,) (INTJ (UH yeah)) (. .) (-DFL- E_S))","218",NA,NA," Oh,  yeah. ","Oh/UH ,/, yeah/UH ./."
"165","sw05utt/sw_0522_2072.utt","2/sw2072",2072,164,"sv","A",81,1,"{C but, } {D you know, } seems like there's just so many things to do down here,  /","but/CC ,/,  [ you/PRP ] know/VBP ,/, seems/VBZ like/IN  [ there/EX ] 's/BES just/RB  [ so/RB many/JJ things/NNS ] to/TO do/VB down/IN here/RB ,/,","(S (CC but) (PRN (, ,) (S (NP-SBJ (PRP you)) (VP (VBP know))) (, ,)) (NP-SBJ (-NONE- *)) (VP (VBZ seems) (SBAR (IN like) (S (NP-SBJ (EX there)) (VP (BES 's) (ADVP (RB just)) (NP-PRD (NP (ADJP (RB so) (JJ many)) (NNS things)) (SBAR (WHNP-1 (-NONE- 0)) (S (NP-SBJ (-NONE- *)) (VP (TO to) (VP (VB do) (NP (-NONE- *T*-1)) (PP-LOC (IN down) (ADVP (RB here)))))))))))) (, ,) (-DFL- E_S))","235",NA,NA," but,   you know,  seems like there's just so many things to do down here,  ","but/CC ,/,   you/PRP  know/VBP ,/, seems/VBZ like/IN   there/EX  's/BES just/RB   so/RB many/JJ things/NNS  to/TO do/VB down/IN here/RB ,/,"
"166","sw05utt/sw_0522_2072.utt","2/sw2072",2072,165,"sd","A",81,2,"I like the sports,  /","[ I/PRP ] like/VBP  [ the/DT sports/NNS ] ,/,","(S (NP-SBJ (PRP I)) (VP (VBP like) (NP (DT the) (NNS sports))) (, ,) (-DFL- E_S))","236",NA,NA,"I like the sports,  "," I/PRP  like/VBP   the/DT sports/NNS  ,/,"
"167","sw05utt/sw_0522_2072.utt","2/sw2072",2072,166,"sd","A",81,3,"I play a lot of racquetball. /","[ I/PRP ] play/VBP  [ a/DT lot/NN ] of/IN  [ racquetball/NN ] ./.","(S (NP-SBJ (PRP I)) (VP (VBP play) (NP (NP (DT a) (NN lot)) (PP (IN of) (NP (NN racquetball))))) (. .) (-DFL- E_S))","237",NA,NA,"I play a lot of racquetball. "," I/PRP  play/VBP   a/DT lot/NN  of/IN   racquetball/NN  ./."
"168","sw05utt/sw_0522_2072.utt","2/sw2072",2072,167,"sd","B",82,1,"[ We did, +  ((   ))  I did  ] horseback riding, too,  /","[ We/PRP ] did/VBD ,/,  [ MUMBLEx/XX I/PRP ] did/VBD horseback/NN riding/NN ,/, too/RB ,/,","(S (EDITED (RM (-DFL- \[)) (S (NP-SBJ (PRP We)) (VP-UNF (VBD did))) (, ,) (IP (-DFL- \+))) (X (XX MUMBLEx)) (NP-SBJ (PRP I)) (VP (VBD did) (RS (-DFL- \])) (NP (NN horseback) (NN riding)) (, ,) (ADVP (RB too))) (, ,) (-DFL- E_S))","239",NA,NA," We did,        I did   horseback riding, too,  "," We/PRP  did/VBD ,/,   MUMBLEx/XX I/PRP  did/VBD horseback/NN riding/NN ,/, too/RB ,/,"
"169","sw05utt/sw_0522_2072.utt","2/sw2072",2072,168,"sd","B",82,2,"in fact, when my children were growing up, we always had horses  /","in/IN  [ fact/NN ] ,/, when/WRB  [ my/PRP$ children/NNS ] were/VBD growing/VBG up/RP ,/,  [ we/PRP ] always/RB had/VBD  [ horses/NNS ]","(S (PP (IN in) (NP (NN fact))) (, ,) (SBAR-TMP (WHADVP-1 (WRB when)) (S (NP-SBJ (PRP$ my) (NNS children)) (VP (VBD were) (VP (VBG growing) (PRT (RP up)) (ADVP-TMP (-NONE- *T*-1)))))) (, ,) (NP-SBJ (PRP we)) (ADVP-TMP (RB always)) (VP (VBD had) (NP (NNS horses))) (-DFL- E_S))","240",NA,NA,"in fact, when my children were growing up, we always had horses  ","in/IN   fact/NN  ,/, when/WRB   my/PRP$ children/NNS  were/VBD growing/VBG up/RP ,/,   we/PRP  always/RB had/VBD   horses/NNS "
"170","sw05utt/sw_0522_2072.utt","2/sw2072",2072,169,"sd","B",82,3,"{C and, } {F uh, } that was kind of for them,  /","and/CC ,/,  [ uh/UH ] ,/,  [ that/WDT ] was/VBD  [ kind/RB ] of/RB for/IN  [ them/PRP ] ,/,","(S (CC and) (, ,) (INTJ (UH uh)) (, ,) (NP-SBJ (WDT that)) (VP (VBD was) (ADVP (RB kind) (RB of)) (PP-PRD (IN for) (NP (PRP them)))) (, ,) (-DFL- E_S))","241",NA,NA," and,   uh,  that was kind of for them,  ","and/CC ,/,   uh/UH  ,/,   that/WDT  was/VBD   kind/RB  of/RB for/IN   them/PRP  ,/,"
"171","sw05utt/sw_0522_2072.utt","2/sw2072",2072,170,"sd","B",82,4,"{C but } they weren't as interested in it as we were, {D you know, }  /","but/CC  [ they/PRP ] were/VBD n't/RB as/RB interested/JJ in/IN  [ it/PRP ] as/IN  [ we/PRP ] were/VBD ,/,  [ you/PRP ] know/VBP ,/,","(S (CC but) (NP-SBJ (PRP they)) (VP (VBD were) (RB n't) (ADJP-PRD (ADJP (RB as) (JJ interested) (PP (IN in) (NP (PRP it)))) (SBAR (IN as) (S (NP-SBJ (PRP we)) (VP (VBD were) (ADJP-PRD (-NONE- *?*)))))) (PRN (, ,) (S (NP-SBJ (PRP you)) (VP (VBP know))))) (, ,) (-DFL- E_S))","242",NA,NA," but  they weren't as interested in it as we were,  you know,   ","but/CC   they/PRP  were/VBD n't/RB as/RB interested/JJ in/IN   it/PRP  as/IN   we/PRP  were/VBD ,/,   you/PRP  know/VBP ,/,"
"172","sw05utt/sw_0522_2072.utt","2/sw2072",2072,171,"sd","B",82,5,"{C so, } {F uh, } that was a real, - /","so/RB ,/,  [ uh/UH ] ,/,  [ that/DT ] was/VBD  [ a/DT real/JJ ] ,/,","(S (RB so) (, ,) (INTJ (UH uh)) (, ,) (NP-SBJ (DT that)) (VP (VBD was) (NP-PRD-UNF (DT a) (JJ real))) (, ,) (-DFL- N_S))","243",NA,NA," so,   uh,  that was a real,  ","so/RB ,/,   uh/UH  ,/,   that/DT  was/VBD   a/DT real/JJ  ,/,"
"173","sw05utt/sw_0522_2072.utt","2/sw2072",2072,172,"sd","B",82,6,"I'd say probably for maybe fifteen years, we dabbled in that, {D you know, }  /","[ I/PRP ] 'd/MD say/VB probably/RB for/IN maybe/RB  [ fifteen/CD years/NNS ] ,/,  [ we/PRP ] dabbled/VBD in/IN  [ that/DT ] ,/,  [ you/PRP ] know/VBP ,/,","(S (NP-SBJ (PRP I)) (VP (MD 'd) (VP (VB say) (SBAR (-NONE- 0) (S (ADVP (RB probably)) (PP-TMP (IN for) (NP (QP (RB maybe) (CD fifteen)) (NNS years))) (, ,) (NP-SBJ (PRP we)) (VP (VBD dabbled) (PP (IN in) (NP (DT that)))))) (PRN (, ,) (S (NP-SBJ (PRP you)) (VP (VBP know)))))) (, ,) (-DFL- E_S))","244",NA,NA,"I'd say probably for maybe fifteen years, we dabbled in that,  you know,   "," I/PRP  'd/MD say/VB probably/RB for/IN maybe/RB   fifteen/CD years/NNS  ,/,   we/PRP  dabbled/VBD in/IN   that/DT  ,/,   you/PRP  know/VBP ,/,"
"174","sw05utt/sw_0522_2072.utt","2/sw2072",2072,173,"sd","B",82,7,"we always had horses around,  /","[ we/PRP ] always/RB had/VBD  [ horses/NNS ] around/RB ,/,","(S (NP-SBJ (PRP we)) (ADVP-TMP (RB always)) (VP (VBD had) (NP (NNS horses)) (ADVP (RB around))) (, ,) (-DFL- E_S))","245",NA,NA,"we always had horses around,  "," we/PRP  always/RB had/VBD   horses/NNS  around/RB ,/,"
"175","sw05utt/sw_0522_2072.utt","2/sw2072",2072,174,"sd","B",82,8,"{C and } I really enjoyed that, /","and/CC  [ I/PRP ] really/RB enjoyed/VBD that/IN ,/,","(S (CC and) (NP-SBJ (PRP I)) (ADVP (RB really)) (VP (VBD enjoyed) (NP (IN that))) (, ,) (-DFL- E_S))","246",NA,NA," and  I really enjoyed that, ","and/CC   I/PRP  really/RB enjoyed/VBD that/IN ,/,"
"176","sw05utt/sw_0522_2072.utt","2/sw2072",2072,175,"ba","A",83,1,"<Laughter> {F Oh, } that's great,  /","Oh/UH ,/,  [ that/DT ] 's/BES great/JJ ,/,","(S (INTJ (UH Oh)) (, ,) (NP-SBJ (DT that)) (VP (BES 's) (ADJP-PRD (JJ great))) (, ,) (-DFL- E_S))","248",NA,NA,"Laughter  Oh,  that's great,  ","Oh/UH ,/,   that/DT  's/BES great/JJ ,/,"
"177","sw05utt/sw_0522_2072.utt","2/sw2072",2072,176,"sv","A",83,2,"sounds like you, -/","[ sounds/VBZ ] like/IN  [ you/PRP ] ,/,","(S (NP-SBJ (-NONE- *)) (VP (VBZ sounds) (SBAR (IN like) (S-UNF (NP-SBJ (PRP you))))) (, ,) (-DFL- N_S))","249",NA,NA,"sounds like you, "," sounds/VBZ  like/IN   you/PRP  ,/,"
"178","sw05utt/sw_0522_2072.utt","2/sw2072",2072,177,"sd","B",84,1,"{C and } I was disappointed when I went to Texas.  /","and/CC  [ I/PRP ] was/VBD disappointed/JJ when/WRB  [ I/PRP ] went/VBD to/IN  [ Texas/NNP ] ./.","(S (CC and) (NP-SBJ (PRP I)) (VP (VBD was) (ADJP-PRD (JJ disappointed)) (SBAR-TMP (WHADVP-1 (WRB when)) (S (NP-SBJ (PRP I)) (VP (VBD went) (PP-DIR (IN to) (NP (NNP Texas))) (ADVP-TMP (-NONE- *T*-1)))))) (. .) (-DFL- E_S))","251",NA,NA," and  I was disappointed when I went to Texas.  ","and/CC   I/PRP  was/VBD disappointed/JJ when/WRB   I/PRP  went/VBD to/IN   Texas/NNP  ./."
"179","sw05utt/sw_0522_2072.utt","2/sw2072",2072,178,"sd","B",84,2,"I didn't see that many of  them. /","[ I/PRP ] did/VBD n't/RB see/VB that/RB  [ many/JJ ] of/IN  [ them/PRP ] ./.","(S (NP-SBJ (PRP I)) (VP (VBD did) (RB n't) (VP (VB see) (NP (NP (ADJP (RB that) (JJ many))) (PP (IN of) (NP (PRP them)))))) (. .) (-DFL- E_S))","252",NA,NA,"I didn't see that many of  them. "," I/PRP  did/VBD n't/RB see/VB that/RB   many/JJ  of/IN   them/PRP  ./."
"180","sw05utt/sw_0522_2072.utt","2/sw2072",2072,179,"br","A",85,1,"Horses? /","[ Horses/NNS ] ?/.","(NP (NNS Horses) (. ?) (-DFL- E_S))","254",NA,NA,"Horses? "," Horses/NNS  ?/."
"181","sw05utt/sw_0522_2072.utt","2/sw2072",2072,180,"aa","B",86,1,"Yes <laughter>. /","Yes/UH ./.","(INTJ (UH Yes) (. .) (-DFL- E_S))","256",NA,NA,"Yes laughter. ","Yes/UH ./."
"182","sw05utt/sw_0522_2072.utt","2/sw2072",2072,181,"aa","A",87,1,"Yeah,  /","[ Yeah/UH ] ,/,","(INTJ (UH Yeah) (, ,) (-DFL- E_S))","258",NA,NA,"Yeah,  "," Yeah/UH  ,/,"
"183","sw05utt/sw_0522_2072.utt","2/sw2072",2072,182,"sv","A",87,2,"you really don't.  /","[ you/PRP ] really/RB do/VBP n't/RB ./.","(S (NP-SBJ (PRP you)) (ADVP (RB really)) (VP (VBP do) (RB n't)) (. .) (-DFL- E_S))","259",NA,NA,"you really don't.  "," you/PRP  really/RB do/VBP n't/RB ./."
"184","sw05utt/sw_0522_2072.utt","2/sw2072",2072,183,"%","A",87,3,"Yeah,  /","[ Yeah/UH ] ,/,","(INTJ (UH Yeah) (, ,) (-DFL- E_S))","258",NA,NA,"Yeah,  "," Yeah/UH  ,/,"
"185","sw05utt/sw_0522_2072.utt","2/sw2072",2072,184,"%","A",87,4,"[ th-, + the,  ] - /","[ th-/DT ] ,/,  [ the/DT ] ,/,","(S (EDITED (RM (-DFL- \[)) (NP-SBJ-UNF (DT th-)) (, ,) (IP (-DFL- \+))) (NP-SBJ-UNF (DT the)) (, ,) (RS (-DFL- \])) (-DFL- N_S))","261",NA,NA," th,  the,    "," th/DT  ,/,   the/DT  ,/,"
"186","sw05utt/sw_0522_2072.utt","2/sw2072",2072,185,"sv","A",87,5,"you have to look real hard to see a lot of things besides concrete, {F uh, } /","[ you/PRP ] have/VBP to/TO look/VB real/RB hard/JJ to/TO see/VB  [ a/DT lot/NN ] of/IN  [ things/NNS ] besides/IN  [ concrete/NN ] ,/,  [ uh/UH ] ,/,","(S (NP-SBJ-1 (PRP you)) (VP (VBP have) (S (NP-SBJ (-NONE- *-1)) (VP (TO to) (VP (VB look) (ADVP (RB real) (JJ hard)) (S-PRP (NP-SBJ (-NONE- *)) (VP (TO to) (VP (VB see) (NP (NP (DT a) (NN lot)) (PP (IN of) (NP (NP (NNS things)) (PP (IN besides) (NP (NN concrete)))))))))))) (, ,) (INTJ (UH uh))) (, ,) (-DFL- E_S))","262",NA,NA,"you have to look real hard to see a lot of things besides concrete,  uh,  "," you/PRP  have/VBP to/TO look/VB real/RB hard/JJ to/TO see/VB   a/DT lot/NN  of/IN   things/NNS  besides/IN   concrete/NN  ,/,   uh/UH  ,/,"
"187","sw05utt/sw_0522_2072.utt","2/sw2072",2072,186,"aa","B",88,1,"I know,  /","[ I/PRP ] know/VBP ,/,","(S (NP-SBJ (PRP I)) (VP (VBP know)) (, ,) (-DFL- E_S))","264",NA,NA,"I know,  "," I/PRP  know/VBP ,/,"
"188","sw05utt/sw_0522_2072.utt","2/sw2072",2072,187,"aa","B",88,2,"I know,  /","[ I/PRP ] know/VBP ,/,","(S (NP-SBJ (PRP I)) (VP (VBP know)) (, ,) (-DFL- E_S))","264",NA,NA,"I know,  "," I/PRP  know/VBP ,/,"
"189","sw05utt/sw_0522_2072.utt","2/sw2072",2072,188,"aa","B",88,3,"it's true. /","[ it/PRP ] 's/BES true/JJ ./.","(S (NP-SBJ (PRP it)) (VP (BES 's) (ADJP-PRD (JJ true))) (. .) (-DFL- E_S))","266",NA,NA,"it's true. "," it/PRP  's/BES true/JJ ./."
"190","sw05utt/sw_0522_2072.utt","2/sw2072",2072,189,"sv","A",89,1,"there's buildings and concrete and a lot of people  /","[ there/EX ] [ 's/BES buildings/NNS ] and/CC  [ concrete/NN ] and/CC  [ a/DT lot/NN ] of/IN  [ people/NNS ]","(S (NP-SBJ (EX there)) (VP (BES 's) (NP-PRD (NP (NNS buildings) (CC and) (NN concrete)) (CC and) (NP (NP (DT a) (NN lot)) (PP (IN of) (NP (NNS people)))))) (-DFL- E_S))","268",NA,NA,"there's buildings and concrete and a lot of people  "," there/EX   's/BES buildings/NNS  and/CC   concrete/NN  and/CC   a/DT lot/NN  of/IN   people/NNS "
"191","sw05utt/sw_0522_2072.utt","2/sw2072",2072,190,"sv","A",89,2,"{C and } that's about it down here,  /","and/CC  [ that/DT ] 's/BES about/IN  [ it/PRP ] down/IN here/RB ,/,","(S (CC and) (NP-SBJ (DT that)) (VP (BES 's) (PP-PRD (IN about) (NP (PRP it))) (PP-LOC (IN down) (ADVP (RB here)))) (, ,) (-DFL- E_S))","269",NA,NA," and  that's about it down here,  ","and/CC   that/DT  's/BES about/IN   it/PRP  down/IN here/RB ,/,"
"192","sw05utt/sw_0522_2072.utt","2/sw2072",2072,191,"%","A",89,3,"{C and so, } -/","and/CC so/RB ,/,","(S-UNF (CONJP (CC and) (RB so)) (, ,) (-DFL- N_S))","270",NA,NA," and so,  ","and/CC so/RB ,/,"
"193","sw05utt/sw_0522_2072.utt","2/sw2072",2072,192,"b","B",90,1,"Uh-huh. /","[ Uh-huh/UH ] ./.","(INTJ (UH Uh-huh) (. .) (-DFL- E_S))","272",NA,NA,"Uhhuh. "," Uhhuh/UH  ./."
"194","sw05utt/sw_0522_2072.utt","2/sw2072",2072,193,"b","A",91,1,"Yeah.  /","Yeah/UH ./.","(INTJ (UH Yeah) (. .) (-DFL- E_S))","274",NA,NA,"Yeah.  ","Yeah/UH ./."
"195","sw05utt/sw_0522_2072.utt","2/sw2072",2072,194,"ba","A",91,2,"{C But, } {F uh, } that's great.  /","But/CC ,/,  [ uh/UH ] ,/,  [ that/DT ] 's/BES great/JJ ./.","(S (CC But) (, ,) (INTJ (UH uh)) (, ,) (NP-SBJ (DT that)) (VP (BES 's) (ADJP-PRD (JJ great))) (. .) (-DFL- E_S))","275",NA,NA," But,   uh,  that's great.  ","But/CC ,/,   uh/UH  ,/,   that/DT  's/BES great/JJ ./."
"196","sw05utt/sw_0522_2072.utt","2/sw2072",2072,195,"sv","A",91,3,"{D Well, } sounds like you have a lot of nice hobbies there. /","Well/UH ,/, sounds/VBZ like/IN  [ you/PRP ] have/VBP  [ a/DT lot/NN ] of/IN  [ nice/JJ hobbies/NNS ] there/RB ./.","(S (INTJ (UH Well)) (, ,) (NP-SBJ (-NONE- *)) (VP (VBZ sounds) (SBAR (IN like) (S (NP-SBJ (PRP you)) (VP (VBP have) (NP (NP (DT a) (NN lot)) (PP (IN of) (NP (JJ nice) (NNS hobbies)))) (ADVP-LOC (RB there)))))) (. .) (-DFL- E_S))","276",NA,NA," Well,  sounds like you have a lot of nice hobbies there. ","Well/UH ,/, sounds/VBZ like/IN   you/PRP  have/VBP   a/DT lot/NN  of/IN   nice/JJ hobbies/NNS  there/RB ./."
"197","sw05utt/sw_0522_2072.utt","2/sw2072",2072,196,"b","B",92,1,"Yeah,  /","Yeah/UH ,/,","(INTJ (UH Yeah) (, ,) (-DFL- E_S))","258",NA,NA,"Yeah,  ","Yeah/UH ,/,"
"198","sw05utt/sw_0522_2072.utt","2/sw2072",2072,197,"sv","B",92,2,"you too,  /","[ you/PRP ] too/RB ,/,","(FRAG (NP (PRP you)) (ADVP (RB too)) (, ,) (-DFL- E_S))","279",NA,NA,"you too,  "," you/PRP  too/RB ,/,"
"199","sw05utt/sw_0522_2072.utt","2/sw2072",2072,198,"sv^r","B",92,3,"you too. /","[ you/PRP ] too/RB ./.","(FRAG (NP (PRP you)) (ADVP (RB too)) (. .) (-DFL- E_S))","280",NA,NA,"you too. "," you/PRP  too/RB ./."
"200","sw05utt/sw_0522_2072.utt","2/sw2072",2072,199,"ba","A",93,1,"{D Well, } great,  /","Well/UH ,/,  [ great/JJ ] ,/,","(FRAG (INTJ (UH Well)) (, ,) (INTJ (JJ great)) (, ,) (-DFL- E_S))","282",NA,NA," Well,  great,  ","Well/UH ,/,   great/JJ  ,/,"
"201","sw05utt/sw_0522_2072.utt","2/sw2072",2072,200,"^h","A",93,2,"{D well } look, {F uh, }  /","well/UH  [ look/VB ] ,/,  [ uh/UH ] ,/,","(S (INTJ (UH well)) (NP-SBJ (-NONE- *)) (VP (VB look) (, ,) (INTJ (UH uh))) (, ,) (-DFL- E_S))","283",NA,NA," well  look,  uh,   ","well/UH   look/VB  ,/,   uh/UH  ,/,"
"202","sw05utt/sw_0522_2072.utt","2/sw2072",2072,201,"sv","A",93,3,"I know it's probably late for you, /","[ I/PRP ] know/VBP  [ it/PRP ] 's/BES probably/RB late/JJ for/IN  [ you/PRP ] ,/,","(S (NP-SBJ (PRP I)) (VP (VBP know) (SBAR (-NONE- 0) (S (NP-SBJ (PRP it)) (VP (BES 's) (ADVP (RB probably)) (ADJP-PRD (JJ late)) (PP (IN for) (NP (PRP you))))))) (, ,) (-DFL- E_S))","284",NA,NA,"I know it's probably late for you, "," I/PRP  know/VBP   it/PRP  's/BES probably/RB late/JJ for/IN   you/PRP  ,/,"
"203","sw05utt/sw_0522_2072.utt","2/sw2072",2072,202,"b","B",94,1,"Okay. /","Okay/UH ./.","(INTJ (UH Okay) (. .) (-DFL- E_S))","286",NA,NA,"Okay. ","Okay/UH ./."
"204","sw05utt/sw_0522_2072.utt","2/sw2072",2072,203,"fc","A",95,1,"I enjoyed speaking with you -- /","[ I/PRP ] enjoyed/VBD speaking/VBG with/IN  [ you/PRP ] --/:","(S (NP-SBJ-1 (PRP I)) (VP (VBD enjoyed) (S (NP-SBJ (-NONE- *-1)) (VP (VBG speaking) (PP (IN with) (NP (PRP you)))))) (-DFL- E_S))","288",NA,NA,"I enjoyed speaking with you  "," I/PRP  enjoyed/VBD speaking/VBG with/IN   you/PRP  /:"
"205","sw05utt/sw_0522_2072.utt","2/sw2072",2072,204,"fc","B",96,1,"Me too. /","[ Me/PRP ] too/RB ./.","(FRAG (NP (PRP Me)) (ADVP (RB too)) (. .) (-DFL- E_S))","290",NA,NA,"Me too. "," Me/PRP  too/RB ./."
"206","sw05utt/sw_0522_2072.utt","2/sw2072",2072,205,"fc","A",97,1,"-- have a good weekend. /","--/: have/VB  [ a/DT good/JJ weekend/NN ] ./.","(S-IMP (NP-SBJ (-NONE- *)) (VP (VB have) (NP (DT a) (JJ good) (NN weekend))) (. .) (-DFL- E_S))","292",NA,NA," have a good weekend. ","/: have/VB   a/DT good/JJ weekend/NN  ./."
"207","sw05utt/sw_0522_2072.utt","2/sw2072",2072,206,"fc","B",98,1,"Okay. /","Okay/UH ./.","(INTJ (UH Okay) (. .) (-DFL- E_S))","286",NA,NA,"Okay. ","Okay/UH ./."
"208","sw05utt/sw_0522_2072.utt","2/sw2072",2072,207,"fc","A",99,1,"Bye-bye. /","[ Bye-bye/UH ] ./.","(INTJ (UH Bye-bye) (. .) (-DFL- E_S))","296",NA,NA,"Byebye. "," Byebye/UH  ./."
"209","sw05utt/sw_0522_2072.utt","2/sw2072",2072,208,"fc","B",100,1,"Bye, {D now. } /","[ Bye/UH ] ,/, now/UH ./.","(INTJ (INTJ (UH Bye)) (, ,) (INTJ (UH now)) (. .) (-DFL- E_S))","298",NA,NA,"Bye,  now.  "," Bye/UH  ,/, now/UH ./."
