"","swda_filename","ptb_basename","conversation_no","transcript_index","act_tag","caller","turn_index","subutterance_index","text","pos","trees","ptb_treenumbers","start_turn","end_turn","newtext","newpos"
"1","sw06utt/sw_0636_2079.utt","2/sw2079",2079,0,"o","A",1,1,"Okay.  /","Okay/UH ./.","(INTJ (UH Okay) (. .) (-DFL- E_S))","1",1.113125,3.673125,"Okay.  ","Okay/UH ./."
"2","sw06utt/sw_0636_2079.utt","2/sw2079",2079,1,"qy^g","A",1,2,"I'll let you start first, okay? /","I/PRP 'll/MD let/VB you/PRP start/VB first/RB ,/, okay/UH ?/.","(S (NP-SBJ (PRP I)) (VP (MD 'll) (VP (VB let) (S (NP-SBJ (PRP you)) (VP (VB start) (ADVP-TMP (RB first)))) (, ,) (INTJ (UH okay)))) (. ?) (-DFL- E_S))","2",1.113125,3.673125,"I'll let you start first, okay? ","I/PRP 'll/MD let/VB you/PRP start/VB first/RB ,/, okay/UH ?/."
"3","sw06utt/sw_0636_2079.utt","2/sw2079",2079,2,"na","B",2,1,"Okay.  /","Okay/UH ./.","(INTJ (UH Okay) (. .) (-DFL- E_S))","1",4.159,65.019,"Okay.  ","Okay/UH ./."
"4","sw06utt/sw_0636_2079.utt","2/sw2079",2079,3,"sd","B",2,2,"[ We, +  {F um, } I'm ]  presently living in a house, {F uh, }  /","We/PRP ,/, um/UH ,/, I/PRP 'm/VBP presently/RB living/VBG in/IN a/DT house/NN ,/, uh/UH ,/,","(S (EDITED (RM (-DFL- \[)) (NP-SBJ (PRP We)) (, ,) (IP (-DFL- \+))) (INTJ (UH um)) (, ,) (NP-SBJ (PRP I)) (VP (VBP 'm) (RS (-DFL- \])) (ADVP-TMP (RB presently)) (VP (VBG living) (PP-LOC (IN in) (NP (DT a) (NN house))) (, ,) (INTJ (UH uh)))) (, ,) (-DFL- E_S))","5",4.159,65.019," We,    um,  I'm   presently living in a house,  uh,   ","We/PRP ,/, um/UH ,/, I/PRP 'm/VBP presently/RB living/VBG in/IN a/DT house/NN ,/, uh/UH ,/,"
"5","sw06utt/sw_0636_2079.utt","2/sw2079",2079,4,"sd","B",2,3,"first time, {F uh, } - /","first/JJ time/NN ,/, uh/UH ,/,","(S-UNF (NP-TMP (JJ first) (NN time)) (, ,) (INTJ (UH uh)) (, ,) (-DFL- N_S))","6",4.159,65.019,"first time,  uh,   ","first/JJ time/NN ,/, uh/UH ,/,"
"6","sw06utt/sw_0636_2079.utt","2/sw2079",2079,5,"sd","B",2,4,"we had the house built  /","we/PRP had/VBD the/DT house/NN built/VBN","(S (NP-SBJ (PRP we)) (VP (VBD had) (S (NP-SBJ-1 (DT the) (NN house)) (VP (VBN built) (NP (-NONE- *-1))))) (-DFL- E_S))","7",4.159,65.019,"we had the house built  ","we/PRP had/VBD the/DT house/NN built/VBN"
"7","sw06utt/sw_0636_2079.utt","2/sw2079",2079,6,"sd","B",2,5,"{C and so } this is [ our, +   our ] fifth year in it I guess,  /","and/CC so/RB this/DT is/VBZ our/PRP$ ,/, our/PRP$ fifth/JJ year/NN in/IN it/PRP I/PRP guess/VBP ,/,","(S (S-TPC-1 (CONJP (CC and) (RB so)) (NP-SBJ (DT this)) (VP (VBZ is) (EDITED (RM (-DFL- \[)) (NP-PRD-UNF (PRP$ our)) (, ,) (IP (-DFL- \+))) (NP-PRD (PRP$ our) (RS (-DFL- \])) (JJ fifth) (NN year)) (PP (IN in) (NP (PRP it))))) (NP-SBJ (PRP I)) (VP (VBP guess) (SBAR (-NONE- 0) (S (-NONE- *T*-1)))) (, ,) (-DFL- E_S))","8",4.159,65.019," and so  this is  our,    our  fifth year in it I guess,  ","and/CC so/RB this/DT is/VBZ our/PRP$ ,/, our/PRP$ fifth/JJ year/NN in/IN it/PRP I/PRP guess/VBP ,/,"
"8","sw06utt/sw_0636_2079.utt","2/sw2079",2079,7,"sd","B",2,6,"{C and, } {F uh, } {F um, } it was a real excitement [ to, + {F uh, } to ]  go out and select the house and have one made and built  /","and/CC ,/, uh/UH ,/, um/UH ,/, it/PRP was/VBD a/DT real/JJ excitement/NN to/TO ,/, uh/UH ,/, to/TO go/VB out/RB and/CC select/VB the/DT house/NN and/CC have/VB one/CD made/VBN and/CC built/VBN","(S (CC and) (, ,) (INTJ (UH uh)) (, ,) (INTJ (UH um)) (, ,) (NP-SBJ (NP (PRP it)) (S (-NONE- *EXP*-2))) (VP (VBD was) (NP-PRD (DT a) (JJ real) (NN excitement)) (S-2 (NP-SBJ (-NONE- *)) (EDITED (RM (-DFL- \[)) (VP-UNF (TO to)) (, ,) (IP (-DFL- \+))) (INTJ (UH uh)) (, ,) (VP (TO to) (RS (-DFL- \])) (VP (VP (VB go) (ADVP-DIR (RB out))) (CC and) (VP (VB select) (NP (DT the) (NN house))) (CC and) (VP (VB have) (S (NP-SBJ-1 (CD one)) (VP (VBN made) (CC and) (VBN built) (NP (-NONE- *-1)) (-DFL- E_S) (X (CC and)) (SBAR-MNR (IN like) (S (NP-SBJ (PRP you)) (VP (VBD wanted) (NP (PRP it)))))))))))) (, ,))","9",4.159,65.019," and,   uh,   um,  it was a real excitement  to,   uh,  to   go out and select the house and have one made and built  ","and/CC ,/, uh/UH ,/, um/UH ,/, it/PRP was/VBD a/DT real/JJ excitement/NN to/TO ,/, uh/UH ,/, to/TO go/VB out/RB and/CC select/VB the/DT house/NN and/CC have/VB one/CD made/VBN and/CC built/VBN"
"9","sw06utt/sw_0636_2079.utt","2/sw2079",2079,8,"sd","B",2,7,"{C and } like you wanted it,  we were the fourth to build out of three hundred and forty houses.  /","and/CC like/IN you/PRP wanted/VBD it/PRP ,/, we/PRP were/VBD the/DT fourth/JJ to/TO build/VB out/IN of/IN three/CD hundred/CD and/CC forty/CD houses/NNS ./.","(S (CC and) (, ,) (INTJ (UH uh)) (, ,) (INTJ (UH um)) (, ,) (NP-SBJ (NP (PRP it)) (S (-NONE- *EXP*-2))) (VP (VBD was) (NP-PRD (DT a) (JJ real) (NN excitement)) (S-2 (NP-SBJ (-NONE- *)) (EDITED (RM (-DFL- \[)) (VP-UNF (TO to)) (, ,) (IP (-DFL- \+))) (INTJ (UH uh)) (, ,) (VP (TO to) (RS (-DFL- \])) (VP (VP (VB go) (ADVP-DIR (RB out))) (CC and) (VP (VB select) (NP (DT the) (NN house))) (CC and) (VP (VB have) (S (NP-SBJ-1 (CD one)) (VP (VBN made) (CC and) (VBN built) (NP (-NONE- *-1)) (-DFL- E_S) (X (CC and)) (SBAR-MNR (IN like) (S (NP-SBJ (PRP you)) (VP (VBD wanted) (NP (PRP it)))))))))))) (, ,))|||(S (NP-SBJ (PRP we)) (VP (VBD were) (NP-PRD (NP (DT the) (JJ fourth)) (PP (-NONE- *ICH*-1)) (SBAR (WHNP-2 (-NONE- 0)) (S (NP-SBJ (-NONE- *T*-2)) (VP (TO to) (VP (VB build)))))) (PP-1 (IN out) (PP (IN of) (NP (QP (CD three) (CD hundred) (CC and) (CD forty)) (NNS houses))))) (. .) (-DFL- E_S))","9|||10",4.159,65.019," and  like you wanted it,  we were the fourth to build out of three hundred and forty houses.  ","and/CC like/IN you/PRP wanted/VBD it/PRP ,/, we/PRP were/VBD the/DT fourth/JJ to/TO build/VB out/IN of/IN three/CD hundred/CD and/CC forty/CD houses/NNS ./."
"10","sw06utt/sw_0636_2079.utt","2/sw2079",2079,9,"sd","B",2,8,"{C And, } {F um, } as we did with probably ninety-five percent of the people here in Dallas-Fort Worth  we bought a Fox and Jacobs home,  /","And/CC ,/, um/UH ,/, as/IN we/PRP did/VBD with/IN probably/RB ninety-five/CD percent/NN of/IN the/DT people/NNS here/RB in/IN Dallas-Fort/^NNP^NNP Worth/NNP we/PRP bought/VBD a/DT Fox/NNP and/CC Jacobs/NNP home/NN ,/,","(S (CC And) (, ,) (INTJ (UH um)) (, ,) (SBAR-ADV (IN as) (S (NP-SBJ (PRP we)) (VP (VBD did) (PP (IN with) (ADVP (RB probably)) (NP (NP (CD ninety-five) (NN percent)) (PP (IN of) (NP (NP (DT the) (NNS people)) (ADVP-LOC (RB here) (PP (IN in) (NP (^NNP^NNP Dallas-Fort) (NNP Worth))))))))))) (NP-SBJ (PRP we)) (VP (VBD bought) (NP (DT a) (NNP Fox) (CC and) (NNP Jacobs) (NN home))) (, ,) (-DFL- E_S))","11",4.159,65.019," And,   um,  as we did with probably ninetyfive percent of the people here in DallasFort Worth  we bought a Fox and Jacobs home,  ","And/CC ,/, um/UH ,/, as/IN we/PRP did/VBD with/IN probably/RB ninetyfive/CD percent/NN of/IN the/DT people/NNS here/RB in/IN DallasFort/^NNP^NNP Worth/NNP we/PRP bought/VBD a/DT Fox/NNP and/CC Jacobs/NNP home/NN ,/,"
"11","sw06utt/sw_0636_2079.utt","2/sw2079",2079,10,"sd","B",2,9,"{C and } they're good for about five years  or four years  /","and/CC they/PRP 're/VBP good/JJ for/IN about/RB five/CD years/NNS or/CC four/CD years/NNS","(S (CC and) (NP-SBJ (PRP they)) (VP (VBP 're) (ADJP-PRD (JJ good)) (PP-TMP (IN for) (NP (NP (QP (RB about) (CD five)) (NNS years)) (CC or) (NP (CD four) (NNS years))))) (-DFL- E_S))","12",4.159,65.019," and  they're good for about five years  or four years  ","and/CC they/PRP 're/VBP good/JJ for/IN about/RB five/CD years/NNS or/CC four/CD years/NNS"
"12","sw06utt/sw_0636_2079.utt","2/sw2079",2079,11,"sd","B",2,10,"{C and } after that they start falling apart.  /","and/CC after/IN that/DT they/PRP start/VBP falling/VBG apart/RB ./.","(S (CC and) (PP-TMP (IN after) (NP (DT that))) (NP-SBJ-1 (PRP they)) (VP (VBP start) (S (NP-SBJ (-NONE- *-1)) (VP (VBG falling) (ADVP (RB apart))))) (. .) (-DFL- E_S))","13",4.159,65.019," and  after that they start falling apart.  ","and/CC after/IN that/DT they/PRP start/VBP falling/VBG apart/RB ./."
"13","sw06utt/sw_0636_2079.utt","2/sw2079",2079,12,"sd","B",2,11,"{C So, } I would, {F uh, }  not recommend F and J house for my dog to live in, {F uh, } because they're overpriced, {F uh, }  /","So/RB ,/, I/PRP would/MD ,/, uh/UH ,/, not/RB recommend/VB F/NNP and/CC J/NNP house/NN for/IN my/PRP$ dog/NN to/TO live/VB in/IN ,/, uh/UH ,/, because/IN they/PRP 're/VBP overpriced/JJ ,/, uh/UH ,/,","(S (RB So) (, ,) (NP-SBJ (PRP I)) (VP (MD would) (, ,) (INTJ (UH uh)) (, ,) (RB not) (VP (VB recommend) (NP (NP (NNP F) (CC and) (NNP J) (NN house)) (SBAR (WHNP-1 (-NONE- 0)) (IN for) (S (NP-SBJ (PRP$ my) (NN dog)) (VP (TO to) (VP (VB live) (PP-LOC (IN in) (NP (-NONE- *T*-1)))))))) (, ,) (INTJ (UH uh)) (, ,) (SBAR-PRP (IN because) (S (NP-SBJ (PRP they)) (VP (VBP 're) (ADJP-PRD (JJ overpriced))))) (, ,) (INTJ (UH uh)))) (, ,) (-DFL- E_S))","14",4.159,65.019," So,  I would,  uh,   not recommend F and J house for my dog to live in,  uh,  because they're overpriced,  uh,   ","So/RB ,/, I/PRP would/MD ,/, uh/UH ,/, not/RB recommend/VB F/NNP and/CC J/NNP house/NN for/IN my/PRP$ dog/NN to/TO live/VB in/IN ,/, uh/UH ,/, because/IN they/PRP 're/VBP overpriced/JJ ,/, uh/UH ,/,"
"14","sw06utt/sw_0636_2079.utt","2/sw2079",2079,13,"sd","B",2,12,"{C but } they're a cheap house.  /","but/CC they/PRP 're/VBP a/DT cheap/JJ house/NN ./.","(S (CC but) (NP-SBJ (PRP they)) (VP (VBP 're) (NP-PRD (DT a) (JJ cheap) (NN house))) (. .) (-DFL- E_S))","15",4.159,65.019," but  they're a cheap house.  ","but/CC they/PRP 're/VBP a/DT cheap/JJ house/NN ./."
"15","sw06utt/sw_0636_2079.utt","2/sw2079",2079,14,"sd","B",2,13,"If you can't afford something good, {D you know, }  /","If/IN you/PRP ca/MD n't/RB afford/VB something/NN good/JJ ,/, you/PRP know/VBP ,/,","(SBAR-ADV (IN If) (S (NP-SBJ (PRP you)) (VP (MD ca) (RB n't) (VP (VB afford) (NP (NP (NN something)) (ADJP (JJ good))) (PRN (, ,) (S (NP-SBJ (PRP you)) (VP (VBP know))))))) (, ,) (-DFL- E_S))","16",4.159,65.019,"If you can't afford something good,  you know,   ","If/IN you/PRP ca/MD n't/RB afford/VB something/NN good/JJ ,/, you/PRP know/VBP ,/,"
"16","sw06utt/sw_0636_2079.utt","2/sw2079",2079,15,"sv","B",2,14,"they're good for that,  /","they/PRP 're/VBP good/JJ for/IN that/DT ,/,","(S (NP-SBJ (PRP they)) (VP (VBP 're) (ADJP-PRD (JJ good)) (PP (IN for) (NP (DT that)))) (, ,) (-DFL- E_S))","17",4.159,65.019,"they're good for that,  ","they/PRP 're/VBP good/JJ for/IN that/DT ,/,"
"17","sw06utt/sw_0636_2079.utt","2/sw2079",2079,16,"sd","B",2,15,"{C and, } {F um, } you can call it a home because it's a place to go  home and keep the rain off your head,  /","and/CC ,/, um/UH ,/, you/PRP can/MD call/VB it/PRP a/DT home/NN because/IN it/PRP 's/BES a/DT place/NN to/TO go/VB home/RB and/CC keep/VB the/DT rain/NN off/IN your/PRP$ head/NN ,/,","(S (CC and) (, ,) (INTJ (UH um)) (, ,) (NP-SBJ (PRP you)) (VP (MD can) (VP (VB call) (S (NP-SBJ (PRP it)) (NP-PRD (DT a) (NN home)) (SBAR-PRP (IN because) (S (NP-SBJ (PRP it)) (VP (BES 's) (NP-PRD (NP (DT a) (NN place)) (SBAR (WHADVP-1 (-NONE- 0)) (S (NP-SBJ (-NONE- *)) (VP (TO to) (VP (VP (VB go) (ADVP-DIR (RB home))) (CC and) (VP (VB keep) (NP (DT the) (NN rain)) (PP (IN off) (NP (PRP$ your) (NN head)))) (ADVP-LOC (-NONE- *T*-1))))))))))))) (, ,) (-DFL- E_S))","18",4.159,65.019," and,   um,  you can call it a home because it's a place to go  home and keep the rain off your head,  ","and/CC ,/, um/UH ,/, you/PRP can/MD call/VB it/PRP a/DT home/NN because/IN it/PRP 's/BES a/DT place/NN to/TO go/VB home/RB and/CC keep/VB the/DT rain/NN off/IN your/PRP$ head/NN ,/,"
"18","sw06utt/sw_0636_2079.utt","2/sw2079",2079,17,"sv","B",2,16,"{C but } as far as the costs for  what your getting, {F uh, } the longevity of the house [ is not, + {F uh, } is not ] worth it.  /","but/CC as/RB far/RB as/IN the/DT costs/NNS for/IN what/WP you/PRP 're/VBP getting/VBG ,/, uh/UH ,/, the/DT  longevity/NN of/IN the/DT house/NN is/VBZ not/RB ,/, uh/UH ,/, is/VBZ not/RB worth/JJ it/PRP ./.","(S (CC but) (ADVP (ADVP (RB as) (RB far)) (PP (IN as) (NP (NP (DT the) (NNS costs)) (PP (IN for) (SBAR-NOM (WHNP-1 (WP what)) (S (NP-SBJ (PRP you)) (VP (VBP 're) (VP (VBG getting) (NP (-NONE- *T*-1)))))))))) (, ,) (INTJ (UH uh)) (, ,) (NP-SBJ (NP (DT the) (NN longevity)) (PP (IN of) (NP (DT the) (NN house)))) (EDITED (RM (-DFL- \[)) (VP-UNF (VBZ is)) (RB not) (, ,) (IP (-DFL- \+))) (INTJ (UH uh)) (, ,) (VP (VBZ is) (RB not) (RS (-DFL- \])) (ADJP-PRD (JJ worth) (NP (PRP it)))) (. .) (-DFL- E_S))","19",4.159,65.019," but  as far as the costs for  what your getting,  uh,  the longevity of the house  is not,   uh,  is not  worth it.  ","but/CC as/RB far/RB as/IN the/DT costs/NNS for/IN what/WP you/PRP 're/VBP getting/VBG ,/, uh/UH ,/, the/DT  longevity/NN of/IN the/DT house/NN is/VBZ not/RB ,/, uh/UH ,/, is/VBZ not/RB worth/JJ it/PRP ./."
"19","sw06utt/sw_0636_2079.utt","2/sw2079",2079,18,"qo","B",2,17,"How about in your case? /","How/WRB about/IN in/IN your/PRP$ case/NN ?/.","(FRAG (WHADVP (WRB How)) (PP (IN about) (PP (IN in) (NP (PRP$ your) (NN case)))) (. ?) (-DFL- E_S))","20",4.159,65.019,"How about in your case? ","How/WRB about/IN in/IN your/PRP$ case/NN ?/."
"20","sw06utt/sw_0636_2079.utt","2/sw2079",2079,19,"sd","A",3,1,"{D Well, } in my case my husband is not  a carpenter,  /","Well/UH ,/, in/IN my/PRP$ case/NN my/PRP$ husband/NN is/VBZ not/RB a/DT carpenter/NN ,/,","(S (INTJ (UH Well)) (, ,) (PP (IN in) (NP (PRP$ my) (NN case))) (NP-SBJ (PRP$ my) (NN husband)) (VP (VBZ is) (RB not) (NP-PRD (DT a) (NN carpenter))) (, ,) (-DFL- E_S))","22",65.26225,98.88775," Well,  in my case my husband is not  a carpenter,  ","Well/UH ,/, in/IN my/PRP$ case/NN my/PRP$ husband/NN is/VBZ not/RB a/DT carpenter/NN ,/,"
"21","sw06utt/sw_0636_2079.utt","2/sw2079",2079,20,"sd","A",3,2,"{C but, } in fact, he's in electronics,  /","but/CC ,/, in/IN fact/NN ,/, he/PRP 's/BES in/IN electronics/NNS ,/,","(S (CC but) (, ,) (PP (IN in) (NP (NN fact))) (, ,) (NP-SBJ (PRP he)) (VP (BES 's) (PP-PRD (IN in) (NP (NNS electronics)))) (, ,) (-DFL- E_S))","23",65.26225,98.88775," but,  in fact, he's in electronics,  ","but/CC ,/, in/IN fact/NN ,/, he/PRP 's/BES in/IN electronics/NNS ,/,"
"22","sw06utt/sw_0636_2079.utt","2/sw2079",2079,21,"sd","A",3,3,"{C but } he knew the only way  we'd ever have a new home is if he would build it.  /","but/CC he/PRP knew/VBD the/DT only/JJ way/NN we/PRP 'd/MD ever/RB have/VB a/DT new/JJ home/NN is/VBZ if/IN he/PRP would/MD build/VB it/PRP ./.","(S (CC but) (NP-SBJ (PRP he)) (VP (VBD knew) (SBAR (-NONE- 0) (S (NP-SBJ (NP (DT the) (JJ only) (NN way)) (SBAR (WHADVP-1 (-NONE- 0)) (S (NP-SBJ (PRP we)) (VP (MD 'd) (ADVP-TMP (RB ever)) (VP (VB have) (NP (DT a) (JJ new) (NN home)) (ADVP-MNR (-NONE- *T*-1))))))) (VP (VBZ is) (SBAR-PRD-ADV (IN if) (S (NP-SBJ (PRP he)) (VP (MD would) (VP (VB build) (NP (PRP it)))))))))) (. .) (-DFL- E_S))","24",65.26225,98.88775," but  he knew the only way  we'd ever have a new home is if he would build it.  ","but/CC he/PRP knew/VBD the/DT only/JJ way/NN we/PRP 'd/MD ever/RB have/VB a/DT new/JJ home/NN is/VBZ if/IN he/PRP would/MD build/VB it/PRP ./."
"23","sw06utt/sw_0636_2079.utt","2/sw2079",2079,22,"sd","A",3,4,"{C So } it took him about two and  a half years,  /","So/RB it/PRP took/VBD him/PRP about/RB two/CD and/CC a/DT half/NN years/NNS ,/,","(S (RB So) (NP-SBJ (PRP it)) (VP (VBD took) (NP (PRP him)) (NP-TMP (QP (RB about) (CD two) (CC and) (DT a) (NN half)) (NNS years))) (, ,) (-DFL- E_S))","25",65.26225,98.88775," So  it took him about two and  a half years,  ","So/RB it/PRP took/VBD him/PRP about/RB two/CD and/CC a/DT half/NN years/NNS ,/,"
"24","sw06utt/sw_0636_2079.utt","2/sw2079",2079,23,"sd","A",3,5,"{C but, } {F uh, } he built us a house,  /","but/CC ,/, uh/UH ,/, he/PRP built/VBD us/PRP a/DT house/NN ,/,","(S (CC but) (, ,) (INTJ (UH uh)) (, ,) (NP-SBJ (PRP he)) (VP (VBD built) (NP-BNF (PRP us)) (NP (DT a) (NN house))) (, ,) (-DFL- E_S))","26",65.26225,98.88775," but,   uh,  he built us a house,  ","but/CC ,/, uh/UH ,/, he/PRP built/VBD us/PRP a/DT house/NN ,/,"
"25","sw06utt/sw_0636_2079.utt","2/sw2079",2079,24,"%","A",3,6,"it's, {F uh, - /","it/PRP 's/BES ,/, uh/UH ,/,","(S (NP-SBJ (PRP it)) (VP-UNF (BES 's) (, ,) (INTJ (UH uh))) (, ,) (-DFL- N_S))","27",65.26225,98.88775,"it's,  uh,  ","it/PRP 's/BES ,/, uh/UH ,/,"
"26","sw06utt/sw_0636_2079.utt","2/sw2079",2079,25,"sd","A",3,7,"} we have thirty-two  hundred square feet,  /","we/PRP have/VBP thirty-two/CD hundred/CD square/NN feet/NNS ,/,","(S (NP-SBJ (PRP we)) (VP (VBP have) (NP (QP (CD thirty-two) (CD hundred) (NN square)) (NNS feet))) (, ,) (-DFL- E_S))","28",65.26225,98.88775," we have thirtytwo  hundred square feet,  ","we/PRP have/VBP thirtytwo/CD hundred/CD square/NN feet/NNS ,/,"
"27","sw06utt/sw_0636_2079.utt","2/sw2079",2079,26,"sd","A",3,8,"{C and } it's a brick house,  /","and/CC it/PRP 's/BES a/DT brick/NN house/NN ,/,","(S (CC and) (NP-SBJ (PRP it)) (VP (BES 's) (NP-PRD (DT a) (NN brick) (NN house))) (, ,) (-DFL- E_S))","29",65.26225,98.88775," and  it's a brick house,  ","and/CC it/PRP 's/BES a/DT brick/NN house/NN ,/,"
"28","sw06utt/sw_0636_2079.utt","2/sw2079",2079,27,"sd","A",3,9,"{C and } price-wise, it was great  because he did it all himself, {D you know, }  /","and/CC price-wise/RB ,/, it/PRP was/VBD great/JJ because/IN he/PRP did/VBD it/PRP all/RB himself/PRP ,/, you/PRP know/VBP ,/,","(S (CC and) (ADVP (TYPO (RB price-wise))) (, ,) (NP-SBJ (PRP it)) (VP (VBD was) (ADJP-PRD (JJ great)) (SBAR-PRP (IN because) (S (NP-SBJ (PRP he)) (VP (VBD did) (NP (NP (PRP it)) (NP (RB all))) (NP-ADV (PRP himself))))) (PRN (, ,) (S (NP-SBJ (PRP you)) (VP (VBP know))))) (, ,) (-DFL- E_S))","30",65.26225,98.88775," and  pricewise, it was great  because he did it all himself,  you know,   ","and/CC pricewise/RB ,/, it/PRP was/VBD great/JJ because/IN he/PRP did/VBD it/PRP all/RB himself/PRP ,/, you/PRP know/VBP ,/,"
"29","sw06utt/sw_0636_2079.utt","2/sw2079",2079,28,"sd","A",3,10,"{C so } that way [ he could, +  we could ] kind of [ control,","so/RB that/DT way/NN he/PRP could/MD ,/, we/PRP could/MD kind/RB of/RB control/VB ,/,","(S (RB so) (NP-MNR (DT that) (NN way)) (EDITED (RM (-DFL- \[)) (S (NP-SBJ (PRP he)) (VP-UNF (MD could))) (, ,) (IP (-DFL- \+))) (NP-SBJ (PRP we)) (VP (MD could) (RS (-DFL- \])) (ADVP (RB kind) (RB of)) (EDITED (RM (-DFL- \[)) (VP (VB control) (, ,) (PP-UNF (IN in))) (, ,) (IP (-DFL- \+))) (VP (VB control) (NP (PRP it)))) (, ,) (RS (-DFL- \])) (-DFL- E_S))","31",65.26225,98.88775," so  that way  he could,   we could  kind of  control,","so/RB that/DT way/NN he/PRP could/MD ,/, we/PRP could/MD kind/RB of/RB control/VB ,/,"
"30","sw06utt/sw_0636_2079.utt","2/sw2079",2079,29,"b","B",4,1,"Uh-huh. /","Uh-huh/UH ./.","(INTJ (UH Uh-huh) (. .) (-DFL- E_S))","33",97.702125,98.049875,"Uhhuh. ","Uhhuh/UH ./."
"31","sw06utt/sw_0636_2079.utt","2/sw2079",2079,30,"+","A",5,1,"in, +  control it, ]  /","in/IN ,/, control/VB it/PRP ,/,","(S (RB so) (NP-MNR (DT that) (NN way)) (EDITED (RM (-DFL- \[)) (S (NP-SBJ (PRP he)) (VP-UNF (MD could))) (, ,) (IP (-DFL- \+))) (NP-SBJ (PRP we)) (VP (MD could) (RS (-DFL- \])) (ADVP (RB kind) (RB of)) (EDITED (RM (-DFL- \[)) (VP (VB control) (, ,) (PP-UNF (IN in))) (, ,) (IP (-DFL- \+))) (VP (VB control) (NP (PRP it)))) (, ,) (RS (-DFL- \])) (-DFL- E_S))","31",99.81375,103.52325,"in,   control it,   ","in/IN ,/, control/VB it/PRP ,/,"
"32","sw06utt/sw_0636_2079.utt","2/sw2079",2079,31,"sd","A",5,2,"{C and, } {F uh, } we live in kind of a small town, /","and/CC ,/, uh/UH ,/, we/PRP live/VBP in/IN kind/RB of/RB a/DT small/JJ town/NN ,/,","(S (CC and) (, ,) (INTJ (UH uh)) (, ,) (NP-SBJ (PRP we)) (VP (VBP live) (PP-LOC (IN in) (ADVP (RB kind) (RB of)) (NP (DT a) (JJ small) (NN town)))) (, ,) (-DFL- E_S))","35",99.81375,103.52325," and,   uh,  we live in kind of a small town, ","and/CC ,/, uh/UH ,/, we/PRP live/VBP in/IN kind/RB of/RB a/DT small/JJ town/NN ,/,"
"33","sw06utt/sw_0636_2079.utt","2/sw2079",2079,32,"b^r","B",6,1,"Uh-huh. /","Uh-huh/UH ./.","(INTJ (UH Uh-huh) (. .) (-DFL- E_S))","33",103.70175,104.0105,"Uhhuh. ","Uhhuh/UH ./."
"34","sw06utt/sw_0636_2079.utt","2/sw2079",2079,33,"sd","A",7,1,"{C and } {E I mean } it's nothing fancy, {D you know, }  /","and/CC I/PRP mean/VBP it/PRP 's/BES nothing/NN fancy/JJ ,/, you/PRP know/VBP ,/,","(S (CC and) (PRN (S (NP-SBJ (PRP I)) (VP (VBP mean)))) (NP-SBJ (PRP it)) (VP (BES 's) (NP-PRD (NP (NN nothing)) (ADJP (JJ fancy))) (PRN (, ,) (S (NP-SBJ (PRP you)) (VP (VBP know))))) (, ,) (-DFL- E_S))","39",104.26375,113.79125," and   I mean  it's nothing fancy,  you know,   ","and/CC I/PRP mean/VBP it/PRP 's/BES nothing/NN fancy/JJ ,/, you/PRP know/VBP ,/,"
"35","sw06utt/sw_0636_2079.utt","2/sw2079",2079,34,"sd","A",7,2,"[ it's, +  it's ] a house,  /","it/PRP 's/BES ,/, it/PRP 's/BES a/DT house/NN ,/,","(S (EDITED (RM (-DFL- \[)) (S (NP-SBJ (PRP it)) (VP-UNF (BES 's))) (, ,) (IP (-DFL- \+))) (NP-SBJ (PRP it)) (VP (BES 's) (RS (-DFL- \])) (NP-PRD (DT a) (NN house))) (, ,) (-DFL- E_S))","40",104.26375,113.79125," it's,   it's  a house,  ","it/PRP 's/BES ,/, it/PRP 's/BES a/DT house/NN ,/,"
"36","sw06utt/sw_0636_2079.utt","2/sw2079",2079,35,"sv","A",7,3,"it's nice,  /","it/PRP 's/BES nice/JJ ,/,","(S (NP-SBJ (PRP it)) (VP (BES 's) (ADJP-PRD (JJ nice))) (, ,) (-DFL- E_S))","41",104.26375,113.79125,"it's nice,  ","it/PRP 's/BES nice/JJ ,/,"
"37","sw06utt/sw_0636_2079.utt","2/sw2079",2079,36,"sv","A",7,4,"{C and } it's real pretty  /","and/CC it/PRP 's/BES real/RB pretty/JJ","(S (CC and) (NP-SBJ (PRP it)) (VP (BES 's) (ADJP-PRD (RB real) (JJ pretty))) (-DFL- E_S))","42",104.26375,113.79125," and  it's real pretty  ","and/CC it/PRP 's/BES real/RB pretty/JJ"
"38","sw06utt/sw_0636_2079.utt","2/sw2079",2079,37,"sd","A",7,5,"{C and } we're all comfortable in it. /","and/CC we/PRP 're/VBP all/RB comfortable/JJ in/IN it/PRP ./.","(S (CC and) (NP-SBJ (PRP we)) (VP (VBP 're) (RB all) (ADJP-PRD (JJ comfortable) (PP-LOC (IN in) (NP (PRP it))))) (. .) (-DFL- E_S))","43",104.26375,113.79125," and  we're all comfortable in it. ","and/CC we/PRP 're/VBP all/RB comfortable/JJ in/IN it/PRP ./."
"39","sw06utt/sw_0636_2079.utt","2/sw2079",2079,38,"ba","B",8,1,"{D Well, } that's great,  /","Well/UH ,/, that/DT 's/BES great/JJ ,/,","(S (INTJ (UH Well)) (, ,) (NP-SBJ (DT that)) (VP (BES 's) (ADJP-PRD (JJ great))) (, ,) (-DFL- E_S))","45",114.224625,129.723125," Well,  that's great,  ","Well/UH ,/, that/DT 's/BES great/JJ ,/,"
"40","sw06utt/sw_0636_2079.utt","2/sw2079",2079,39,"ba^r","B",8,2,"that's great,  /","that/DT 's/BES great/JJ ,/,","(S (NP-SBJ (DT that)) (VP (BES 's) (ADJP-PRD (JJ great))) (, ,) (-DFL- E_S))","46",114.224625,129.723125,"that's great,  ","that/DT 's/BES great/JJ ,/,"
"41","sw06utt/sw_0636_2079.utt","2/sw2079",2079,40,"%","B",8,3,"that's, {F uh, } - /","that/DT 's/BES ,/, uh/UH ,/,","(S (NP-SBJ (DT that)) (VP-UNF (BES 's) (, ,) (INTJ (UH uh))) (, ,) (-DFL- N_S))","47",114.224625,129.723125,"that's,  uh,   ","that/DT 's/BES ,/, uh/UH ,/,"
"42","sw06utt/sw_0636_2079.utt","2/sw2079",2079,41,"sd","B",8,4,"I've heard, - /","I/PRP 've/VBP heard/VBN ,/,","(S (NP-SBJ (PRP I)) (VP (VBP 've) (VP-UNF (VBN heard))) (, ,) (-DFL- N_S))","48",114.224625,129.723125,"I've heard,  ","I/PRP 've/VBP heard/VBN ,/,"
"43","sw06utt/sw_0636_2079.utt","2/sw2079",2079,42,"sd","B",8,5,"I have another gentleman, friend of mine, [ who, +  {F uh, } who ]  had a house built  /","I/PRP have/VBP another/DT gentleman/NN ,/, friend/NN of/IN mine/PRP ,/, who/WP ,/, uh/UH ,/, who/WP had/VBD a/DT house/NN built/VBN","(S (NP-SBJ (PRP I)) (VP (VBP have) (NP (NP (DT another) (NN gentleman) (, ,) (NN friend)) (PP (IN of) (NP (PRP mine))) (, ,) (SBAR (EDITED (RM (-DFL- \[)) (WHNP (WP who)) (, ,) (IP (-DFL- \+))) (INTJ (UH uh)) (, ,) (WHNP-2 (WP who)) (RS (-DFL- \])) (S (NP-SBJ (-NONE- *T*-2)) (VP (VBD had) (S (NP-SBJ-1 (DT a) (NN house)) (VP (VBN built) (NP (-NONE- *-1))))))))) (-DFL- E_S))","49",114.224625,129.723125,"I have another gentleman, friend of mine,  who,    uh,  who   had a house built  ","I/PRP have/VBP another/DT gentleman/NN ,/, friend/NN of/IN mine/PRP ,/, who/WP ,/, uh/UH ,/, who/WP had/VBD a/DT house/NN built/VBN"
"44","sw06utt/sw_0636_2079.utt","2/sw2079",2079,43,"sd","B",8,6,"as a matter of fact another guy is building one now,  /","as/IN a/DT matter/NN of/IN fact/NN another/DT guy/NN is/VBZ building/VBG one/CD now/RB ,/,","(S (PP (IN as) (NP (NP (DT a) (NN matter)) (PP (IN of) (NP (NN fact))))) (NP-SBJ (DT another) (NN guy)) (VP (VBZ is) (VP (VBG building) (NP (CD one)) (ADVP-TMP (RB now)))) (, ,) (-DFL- E_S))","50",114.224625,129.723125,"as a matter of fact another guy is building one now,  ","as/IN a/DT matter/NN of/IN fact/NN another/DT guy/NN is/VBZ building/VBG one/CD now/RB ,/,"
"45","sw06utt/sw_0636_2079.utt","2/sw2079",2079,44,"sd","B",8,7,"he's been doing it for three years  /","he/PRP 's/HVS been/VBN doing/VBG it/PRP for/IN three/CD years/NNS","(S (NP-SBJ (PRP he)) (VP (HVS 's) (VP (VBN been) (VP (VBG doing) (NP (PRP it)) (PP-TMP (IN for) (NP (CD three) (NNS years)))))) (-DFL- E_S))","51",114.224625,129.723125,"he's been doing it for three years  ","he/PRP 's/HVS been/VBN doing/VBG it/PRP for/IN three/CD years/NNS"
"46","sw06utt/sw_0636_2079.utt","2/sw2079",2079,45,"sd","B",8,8,"{C and } the city's a little upset with him,  /","and/CC the/DT city/NN 's/BES a/DT little/RB upset/JJ with/IN him/PRP ,/,","(S (CC and) (NP-SBJ (DT the) (NN city)) (VP (BES 's) (ADJP-PRD (NP-ADV (DT a) (RB little)) (JJ upset) (PP (IN with) (NP (PRP him))))) (, ,) (-DFL- E_S))","52",114.224625,129.723125," and  the city's a little upset with him,  ","and/CC the/DT city/NN 's/BES a/DT little/RB upset/JJ with/IN him/PRP ,/,"
"47","sw06utt/sw_0636_2079.utt","2/sw2079",2079,46,"sd","B",8,9,"{C but } I understand you save a lot of money off, {F uh, } by doing that,  /","but/CC I/PRP understand/VBP you/PRP save/VBP a/DT lot/NN of/IN money/NN off/IN ,/, uh/UH ,/, by/IN doing/VBG that/DT ,/,","(S (CC but) (NP-SBJ (PRP I)) (VP (VBP understand) (SBAR (-NONE- 0) (S (NP-SBJ (PRP you)) (VP (VBP save) (NP (NP (DT a) (NN lot)) (PP (IN of) (NP (NN money)))) (PRT (IN off)) (, ,) (INTJ (UH uh)) (, ,) (PP (IN by) (S-NOM (NP-SBJ (-NONE- *)) (VP (VBG doing) (NP (DT that))))))))) (, ,) (-DFL- E_S))","53",114.224625,129.723125," but  I understand you save a lot of money off,  uh,  by doing that,  ","but/CC I/PRP understand/VBP you/PRP save/VBP a/DT lot/NN of/IN money/NN off/IN ,/, uh/UH ,/, by/IN doing/VBG that/DT ,/,"
"48","sw06utt/sw_0636_2079.utt","2/sw2079",2079,47,"%","B",8,10,"{C and, } {F uh, } -/","and/CC ,/, uh/UH ,/,","(S-UNF (CC and) (, ,) (INTJ (UH uh)) (, ,) (-DFL- N_S))","54",114.224625,129.723125," and,   uh,  ","and/CC ,/, uh/UH ,/,"
"49","sw06utt/sw_0636_2079.utt","2/sw2079",2079,48,"sd","A",9,1,"{F Oh, } you can because that way your not  having to pay the middle men and  everybody else. /","Oh/UH ,/, you/PRP can/MD because/IN that/DT way/NN you/PRP 're/VBP not/RB having/VBG to/TO pay/VB the/DT  middle/JJ men/NNS and/CC everybody/NN else/RB ./.","(S (INTJ (UH Oh)) (, ,) (NP-SBJ (PRP you)) (VP (MD can) (VP (-NONE- *?*) (SBAR-PRP (IN because) (S (NP-MNR (DT that) (NN way)) (NP-SBJ-1 (PRP you)) (VP (VBP 're) (RB not) (VP (VBG having) (S (NP-SBJ (-NONE- *-1)) (VP (TO to) (VP (VB pay) (NP (NP (DT the) (JJ middle) (NNS men)) (CC and) (NP (NP (NN everybody)) (ADVP (RB else))))))))))))) (. .) (-DFL- E_S))","56",129.299375,134.08425," Oh,  you can because that way your not  having to pay the middle men and  everybody else. ","Oh/UH ,/, you/PRP can/MD because/IN that/DT way/NN you/PRP 're/VBP not/RB having/VBG to/TO pay/VB the/DT  middle/JJ men/NNS and/CC everybody/NN else/RB ./."
"50","sw06utt/sw_0636_2079.utt","2/sw2079",2079,49,"sv","B",10,1,"Nothing wrong with that, /","Nothing/NN wrong/JJ with/IN that/DT ,/,","(NP (NP (NN Nothing)) (ADJP (JJ wrong) (PP (IN with) (NP (DT that)))) (, ,) (-DFL- E_S))","58",134.32025,135.10725,"Nothing wrong with that, ","Nothing/NN wrong/JJ with/IN that/DT ,/,"
"51","sw06utt/sw_0636_2079.utt","2/sw2079",2079,50,"%","A",11,1,"You know. /","You/PRP know/VBP ./.","(S (NP-SBJ (PRP You)) (VP (VBP know)) (. .) (-DFL- E_S))","60",134.6645,135.15825,"You know. ","You/PRP know/VBP ./."
"52","sw06utt/sw_0636_2079.utt","2/sw2079",2079,51,"sd","B",12,1,"{F uh, } I'll vouch for that.  /","uh/UH ,/, I/PRP 'll/MD vouch/VB for/IN that/DT ./.","(S (INTJ (UH uh)) (, ,) (NP-SBJ (PRP I)) (VP (MD 'll) (VP (VB vouch) (PP (IN for) (NP (DT that))))) (. .) (-DFL- E_S))","62",135.10725,137.803875," uh,  I'll vouch for that.  ","uh/UH ,/, I/PRP 'll/MD vouch/VB for/IN that/DT ./."
"53","sw06utt/sw_0636_2079.utt","2/sw2079",2079,52,"%","B",12,2,"{F Um, } /","Um/UH ,/,","(INTJ (UH Um) (, ,) (-DFL- E_S))","63",135.10725,137.803875," Um,  ","Um/UH ,/,"
"54","sw06utt/sw_0636_2079.utt","2/sw2079",2079,53,"sd","A",13,1,"{C But, } {F uh, } of course, my husband  did everything except - /","But/CC ,/, uh/UH ,/, of/IN course/NN ,/, my/PRP$ husband/NN did/VBD everything/NN except/IN","(S (CC But) (, ,) (INTJ (UH uh)) (, ,) (PP (IN of) (NP (NN course))) (, ,) (NP-SBJ (PRP$ my) (NN husband)) (VP (VBD did) (NP (NP (NN everything)) (PP-UNF (IN except)))) (-DFL- N_S))","65",138.136125,147.79375," But,   uh,  of course, my husband  did everything except  ","But/CC ,/, uh/UH ,/, of/IN course/NN ,/, my/PRP$ husband/NN did/VBD everything/NN except/IN"
"55","sw06utt/sw_0636_2079.utt","2/sw2079",2079,54,"sd","A",13,2,"my brother's a trim carpenter,  /","my/PRP$ brother/NN 's/BES a/DT trim/NN carpenter/NN ,/,","(S (NP-SBJ (PRP$ my) (NN brother)) (VP (BES 's) (NP-PRD (DT a) (NN trim) (NN carpenter))) (, ,) (-DFL- E_S))","66",138.136125,147.79375,"my brother's a trim carpenter,  ","my/PRP$ brother/NN 's/BES a/DT trim/NN carpenter/NN ,/,"
"56","sw06utt/sw_0636_2079.utt","2/sw2079",2079,55,"sd","A",13,3,"{C and } he came in, {D you know, } and did the inside for us,  /","and/CC he/PRP came/VBD in/RB ,/, you/PRP know/VBP ,/, and/CC did/VBD the/DT inside/NN for/IN us/PRP ,/,","(S (CC and) (NP-SBJ (PRP he)) (VP (VP (VBD came) (ADVP-DIR (RB in))) (PRN (, ,) (S (NP-SBJ (PRP you)) (VP (VBP know))) (, ,)) (CC and) (VP (VBD did) (NP (DT the) (NN inside)) (PP (IN for) (NP (PRP us))))) (, ,) (-DFL- E_S))","67",138.136125,147.79375," and  he came in,  you know,  and did the inside for us,  ","and/CC he/PRP came/VBD in/RB ,/, you/PRP know/VBP ,/, and/CC did/VBD the/DT inside/NN for/IN us/PRP ,/,"
"57","sw06utt/sw_0636_2079.utt","2/sw2079",2079,56,"sd","A",13,4,"{C and } that helped. /","and/CC that/DT helped/VBD ./.","(S (CC and) (NP-SBJ (DT that)) (VP (VBD helped)) (. .) (-DFL- E_S))","68",138.136125,147.79375," and  that helped. ","and/CC that/DT helped/VBD ./."
"58","sw06utt/sw_0636_2079.utt","2/sw2079",2079,57,"bf","B",14,1,"That was a big savings. /","That/DT was/VBD a/DT big/JJ savings/NNS ./.","(S (NP-SBJ (DT That)) (VP (VBD was) (NP-PRD (DT a) (JJ big) (NNS savings))) (. .) (-DFL- E_S))","70",147.7895,148.73125,"That was a big savings. ","That/DT was/VBD a/DT big/JJ savings/NNS ./."
"59","sw06utt/sw_0636_2079.utt","2/sw2079",2079,58,"%","A",15,1,"{C And, } {F uh, } - /","And/CC ,/, uh/UH ,/,","(S-UNF (CC And) (, ,) (INTJ (UH uh)) (, ,) (-DFL- N_S))","72",148.758,161.49825," And,   uh,   ","And/CC ,/, uh/UH ,/,"
"60","sw06utt/sw_0636_2079.utt","2/sw2079",2079,59,"aa","A",15,2,"yes,  /","yes/UH ,/,","(INTJ (UH yes) (, ,) (-DFL- E_S))","73",148.758,161.49825,"yes,  ","yes/UH ,/,"
"61","sw06utt/sw_0636_2079.utt","2/sw2079",2079,60,"sd","A",15,3,"{C and, } {F uh, } we had to hire, of course,  the plumbing and the brick and everything else, nothing, {D you know, }  /","and/CC ,/, uh/UH ,/, we/PRP had/VBD to/TO hire/VB ,/, of/IN course/NN ,/, the/DT plumbing/NN and/CC the/DT brick/NN and/CC everything/NN else/RB ,/, nothing/NN ,/, you/PRP know/VBP ,/,","(S (CC and) (, ,) (INTJ (UH uh)) (, ,) (NP-SBJ-1 (PRP we)) (VP (VBD had) (S (NP-SBJ (-NONE- *-1)) (VP (TO to) (VP (VB hire) (PRN (, ,) (PP (IN of) (NP (NN course))) (, ,)) (NP (NP (DT the) (NN plumbing)) (CC and) (NP (DT the) (NN brick)) (CC and) (NP (NP (NN everything)) (ADVP (RB else)))))))) (, ,))|||(S-UNF (NP-SBJ (NP (NN nothing)) (PRN (, ,) (S (NP-SBJ (PRP you)) (VP (VBP know))))) (, ,) (-DFL- E_S))","74|||75",148.758,161.49825," and,   uh,  we had to hire, of course,  the plumbing and the brick and everything else, nothing,  you know,   ","and/CC ,/, uh/UH ,/, we/PRP had/VBD to/TO hire/VB ,/, of/IN course/NN ,/, the/DT plumbing/NN and/CC the/DT brick/NN and/CC everything/NN else/RB ,/, nothing/NN ,/, you/PRP know/VBP ,/,"
"62","sw06utt/sw_0636_2079.utt","2/sw2079",2079,61,"o@","A",15,4,"he did everything else.","he/PRP did/VBD everything/NN else/RB ./.","(S (NP-SBJ (PRP he)) (VP (VBD did) (NP (NP (NN everything)) (ADVP (RB else)))) (. .))","76",148.758,161.49825,"he did everything else.","he/PRP did/VBD everything/NN else/RB ./."
"63","sw06utt/sw_0636_2079.utt","2/sw2079",2079,62,"ba","B",16,1,"{D Well, } that's great.  /","Well/UH ,/, that/DT 's/BES great/JJ ./.","(S (INTJ (UH Well)) (, ,) (NP-SBJ (DT that)) (VP (BES 's) (ADJP-PRD (JJ great))) (. .) (-DFL- E_S))","79",157.60175,159.885125," Well,  that's great.  ","Well/UH ,/, that/DT 's/BES great/JJ ./."
"64","sw06utt/sw_0636_2079.utt","2/sw2079",2079,63,"qy","B",16,2,"[ W-, + ] {F uh, } have you been in it long? /","W-/XX ,/, uh/UH ,/, have/VBP you/PRP been/VBN in/IN it/PRP long/JJ ?/.","(SQ (EDITED (RM (-DFL- \[)) (X (XX W-)) (, ,) (IP (-DFL- \+))) (RS (-DFL- \])) (INTJ (UH uh)) (, ,) (VBP have) (NP-SBJ (PRP you)) (VP (VBN been) (PP-LOC-PRD (IN in) (NP (PRP it))) (ADVP (JJ long))) (. ?) (-DFL- E_S))","80",157.60175,159.885125," W,    uh,  have you been in it long? ","W/XX ,/, uh/UH ,/, have/VBP you/PRP been/VBN in/IN it/PRP long/JJ ?/."
"65","sw06utt/sw_0636_2079.utt","2/sw2079",2079,64,"+@","A",17,1,"We've been in it six years. /","We/PRP 've/VBP been/VBN in/IN it/PRP six/CD years/NNS ./.","(S (NP-SBJ (PRP We)) (VP (VBP 've) (VP (VBN been) (PP-LOC-PRD (IN in) (NP (PRP it))) (NP-TMP (CD six) (NNS years)))) (. .) (-DFL- E_S))","77",NA,NA,"We've been in it six years. ","We/PRP 've/VBP been/VBN in/IN it/PRP six/CD years/NNS ./."
"66","sw06utt/sw_0636_2079.utt","2/sw2079",2079,65,"b","B",18,1,"{F Oh, } really,  /","Oh/UH ,/, really/UH ,/,","(INTJ (INTJ (UH Oh)) (, ,) (INTJ (UH really)) (, ,) (-DFL- E_S))","83",161.870625,167.4215," Oh,  really,  ","Oh/UH ,/, really/UH ,/,"
"67","sw06utt/sw_0636_2079.utt","2/sw2079",2079,66,"qr","B",18,2,"{D well, } have you  any plans to, {F uh, } maybe, {F uh, } expand or move onward? /","well/UH ,/, have/VBP you/PRP any/DT plans/NNS to/TO ,/, uh/UH ,/, maybe/RB ,/, uh/UH ,/, expand/VB or/CC move/VB onward/RB ?/.","(SQ (INTJ (UH well)) (, ,) (VBP have) (NP-SBJ (PRP you)) (NP (DT any) (NNS plans) (S (NP-SBJ (-NONE- *)) (VP (TO to) (, ,) (INTJ (UH uh)) (, ,) (ADVP (RB maybe)) (, ,) (INTJ (UH uh)) (, ,) (VP (VP (VB expand)) (CC or) (VP (VB move) (ADVP (RB onward))))))) (. ?) (-DFL- E_S))","84",161.870625,167.4215," well,  have you  any plans to,  uh,  maybe,  uh,  expand or move onward? ","well/UH ,/, have/VBP you/PRP any/DT plans/NNS to/TO ,/, uh/UH ,/, maybe/RB ,/, uh/UH ,/, expand/VB or/CC move/VB onward/RB ?/."
"68","sw06utt/sw_0636_2079.utt","2/sw2079",2079,67,"nn","A",19,1,"[ N-, + no, ]  /","N-/UH ,/, no/UH ,/,","(INTJ (EDITED (RM (-DFL- \[)) (INTJ-UNF (UH N-)) (, ,) (IP (-DFL- \+))) (UH no) (, ,) (RS (-DFL- \])) (-DFL- E_S))","86",167.940125,186.007625," N,  no,   ","N/UH ,/, no/UH ,/,"
"69","sw06utt/sw_0636_2079.utt","2/sw2079",2079,68,"%","A",19,2,"we're, - /","we/PRP 're/VBP ,/,","(S (NP-SBJ (PRP we)) (VP-UNF (VBP 're)) (, ,) (-DFL- N_S))","87",167.940125,186.007625,"we're,  ","we/PRP 're/VBP ,/,"
"70","sw06utt/sw_0636_2079.utt","2/sw2079",2079,69,"sd","A",19,3,"{D well, }  {F uh, } our kids are kind of still small now,  /","well/UH ,/, uh/UH ,/, our/PRP$ kids/NNS are/VBP kind/RB of/RB still/RB small/JJ now/RB ,/,","(S (INTJ (UH well)) (, ,) (INTJ (UH uh)) (, ,) (NP-SBJ (PRP$ our) (NNS kids)) (VP (VBP are) (ADVP (RB kind) (RB of)) (ADVP-TMP (RB still)) (ADJP-PRD (JJ small)) (ADVP-TMP (RB now))) (, ,) (-DFL- E_S))","88",167.940125,186.007625," well,    uh,  our kids are kind of still small now,  ","well/UH ,/, uh/UH ,/, our/PRP$ kids/NNS are/VBP kind/RB of/RB still/RB small/JJ now/RB ,/,"
"71","sw06utt/sw_0636_2079.utt","2/sw2079",2079,70,"sd","A",19,4,"{C and } we had thought before maybe a lot older we don't need  such a large house that we'll sell it,  /","and/CC we/PRP had/VBD thought/VBN before/IN maybe/RB a/DT lot/NN older/JJR we/PRP do/VBP n't/RB need/VB such/PDT a/DT large/JJ house/NN that/IN we/PRP 'll/MD sell/VB it/PRP ,/,","(S (CC and) (NP-SBJ (PRP we)) (VP (VBD had) (VP (VBN thought) (PP-TMP (IN before) (X (ADVP (RB maybe)) (ADJP (NP-ADV (DT a) (NN lot)) (JJR older)))) (SBAR (-NONE- 0) (S (NP-SBJ (PRP we)) (VP (VBP do) (RB n't) (VP (VB need) (NP (PDT such) (DT a) (JJ large) (NN house)))))) (SBAR (IN that) (S (NP-SBJ (PRP we)) (VP (MD 'll) (VP (VB sell) (NP (PRP it)))))))) (, ,) (-DFL- E_S))","89",167.940125,186.007625," and  we had thought before maybe a lot older we don't need  such a large house that we'll sell it,  ","and/CC we/PRP had/VBD thought/VBN before/IN maybe/RB a/DT lot/NN older/JJR we/PRP do/VBP n't/RB need/VB such/PDT a/DT large/JJ house/NN that/IN we/PRP 'll/MD sell/VB it/PRP ,/,"
"72","sw06utt/sw_0636_2079.utt","2/sw2079",2079,71,"sd","A",19,5,"{C but } he will not build a second one himself.","but/CC he/PRP will/MD not/RB build/VB a/DT second/JJ one/NN himself/PRP ./.","(S (CC but) (NP-SBJ (PRP he)) (VP (MD will) (RB not) (VP (VB build) (NP (DT a) (JJ second) (NN one)) (NP-ADV (PRP himself)) (. .) (SBAR-PRP (IN Because) (S (NP-SBJ (PRP he)) (VP (VBZ says) (SBAR (-NONE- 0) (S (ADVP (TYPO (RB age-wise))) (NP-SBJ-1 (PRP he)) (VP (MD 'll) (ADVP-TMP (RB never)) (VP (VB be) (ADJP-PRD (JJ able) (S (NP-SBJ (-NONE- *-1)) (VP (TO to) (VP (VB handle) (NP (DT that)) (ADVP (RB again))))))))))))))) (. .) (-DFL- E_S))","90",167.940125,186.007625," but  he will not build a second one himself.","but/CC he/PRP will/MD not/RB build/VB a/DT second/JJ one/NN himself/PRP ./."
"73","sw06utt/sw_0636_2079.utt","2/sw2079",2079,72,"b","B",20,1,"<Laughter>  I see,  /","I/PRP see/VBP ,/,","(S (NP-SBJ (PRP I)) (VP (VBP see)) (, ,) (-DFL- E_S))","92",181.51425,182.253,"Laughter  I see,  ","I/PRP see/VBP ,/,"
"74","sw06utt/sw_0636_2079.utt","2/sw2079",2079,73,"%","B",20,2,"{D well, } -/","well/UH ,/,","(INTJ (UH well) (, ,) (-DFL- N_S))","93",181.51425,182.253," well,  ","well/UH ,/,"
"75","sw06utt/sw_0636_2079.utt","2/sw2079",2079,74,"+","A",21,1,"Because he says age-wise he'll never  be able to handle that again <laughter>. /","Because/IN he/PRP says/VBZ age-wise/RB he/PRP 'll/MD never/RB be/VB able/JJ to/TO handle/VB that/DT again/RB ./.","(S (CC but) (NP-SBJ (PRP he)) (VP (MD will) (RB not) (VP (VB build) (NP (DT a) (JJ second) (NN one)) (NP-ADV (PRP himself)) (. .) (SBAR-PRP (IN Because) (S (NP-SBJ (PRP he)) (VP (VBZ says) (SBAR (-NONE- 0) (S (ADVP (TYPO (RB age-wise))) (NP-SBJ-1 (PRP he)) (VP (MD 'll) (ADVP-TMP (RB never)) (VP (VB be) (ADJP-PRD (JJ able) (S (NP-SBJ (-NONE- *-1)) (VP (TO to) (VP (VB handle) (NP (DT that)) (ADVP (RB again))))))))))))))) (. .) (-DFL- E_S))","90",NA,NA,"Because he says agewise he'll never  be able to handle that again laughter. ","Because/IN he/PRP says/VBZ agewise/RB he/PRP 'll/MD never/RB be/VB able/JJ to/TO handle/VB that/DT again/RB ./."
"76","sw06utt/sw_0636_2079.utt","2/sw2079",2079,75,"sv","B",22,1,"First one is always a bear. /","First/JJ one/NN is/VBZ always/RB a/DT bear/NN ./.","(S (NP-SBJ (JJ First) (NN one)) (VP (VBZ is) (ADVP-TMP (RB always)) (NP-PRD (DT a) (NN bear))) (. .) (-DFL- E_S))","96",185.537625,186.739,"First one is always a bear. ","First/JJ one/NN is/VBZ always/RB a/DT bear/NN ./."
"77","sw06utt/sw_0636_2079.utt","2/sw2079",2079,76,"aa","A",23,1,"Yes,  /","Yes/UH ,/,","(INTJ (UH Yes) (, ,) (-DFL- E_S))","98",186.993125,188.241375,"Yes,  ","Yes/UH ,/,"
"78","sw06utt/sw_0636_2079.utt","2/sw2079",2079,77,"aa","A",23,2,"yes. /","yes/UH ./.","(INTJ (UH yes) (. .) (-DFL- E_S))","99",186.993125,188.241375,"yes. ","yes/UH ./."
"79","sw06utt/sw_0636_2079.utt","2/sw2079",2079,78,"sd","B",24,1,"We're having [ a, +  an ] architect  friend of mine design a house for us  /","We/PRP 're/VBP having/VBG a/DT ,/, an/DT architect/NN friend/NN of/IN mine/PRP design/NN a/DT house/NN for/IN us/PRP","(S (NP-SBJ (PRP We)) (VP (VBP 're) (VP (VBG having) (S (EDITED (RM (-DFL- \[)) (NP-SBJ-UNF (DT a)) (, ,) (IP (-DFL- \+))) (NP-SBJ (NP (DT an) (RS (-DFL- \])) (NN architect) (NN friend)) (PP (IN of) (NP (PRP mine)))) (VP (NN design) (NP (DT a) (NN house)) (PP (IN for) (NP (PRP us))))))) (-DFL- E_S))","101",187.6785,197.947875,"We're having  a,   an  architect  friend of mine design a house for us  ","We/PRP 're/VBP having/VBG a/DT ,/, an/DT architect/NN friend/NN of/IN mine/PRP design/NN a/DT house/NN for/IN us/PRP"
"80","sw06utt/sw_0636_2079.utt","2/sw2079",2079,79,"sd","B",24,2,"{C and } that can basically [ be, +  be ] put [ on any lot, +   in any state, ] [ any kin-, + ] {D you know, }  /","and/CC that/DT can/MD basically/RB be/VB ,/, be/VB put/VBN on/IN any/DT lot/NN ,/, in/IN any/DT state/NN ,/, any/DT kin-/NN ,/, you/PRP know/VBP ,/,","(S (CC and) (NP-SBJ (DT that)) (VP (MD can) (ADVP (RB basically)) (EDITED (RM (-DFL- \[)) (VP-UNF (VB be)) (, ,) (IP (-DFL- \+))) (VP (VB be) (RS (-DFL- \])) (VP (VBN put) (EDITED (RM (-DFL- \[)) (PP-PUT (IN on) (NP (DT any) (NN lot))) (, ,) (IP (-DFL- \+))) (PP-PUT (IN in) (NP (DT any) (NN state))) (, ,) (RS (-DFL- \])) (EDITED (RM (-DFL- \[)) (NP-UNF (DT any) (NN kin-)) (, ,) (IP (-DFL- \+)) (RS (-DFL- \]))) (PRN (S (NP-SBJ (PRP you)) (VP (VBP know))))))) (, ,) (-DFL- E_S))","102",187.6785,197.947875," and  that can basically  be,   be  put  on any lot,    in any state,   any kin,    you know,   ","and/CC that/DT can/MD basically/RB be/VB ,/, be/VB put/VBN on/IN any/DT lot/NN ,/, in/IN any/DT state/NN ,/, any/DT kin/NN ,/, you/PRP know/VBP ,/,"
"81","sw06utt/sw_0636_2079.utt","2/sw2079",2079,80,"sd","B",24,3,"{C so } that's kind of,","so/RB that/DT 's/BES kind/RB of/RB ,/,","(S (RB so) (NP-SBJ (DT that)) (VP (BES 's) (ADVP (RB kind) (RB of)) (, ,) (SBAR-PRD (-NONE- 0) (S (NP-SBJ (PRP we)) (ADVP (RB just)) (VP (VP (VBD got) (PP (IN with) (NP (PRP him)))) (CC and) (VP (VBD told) (NP (PRP him)) (SBAR-NOM (WHNP-1 (WHNP (WP what)) (NP (DT all))) (S (NP-SBJ (PRP we)) (VP (VBD wanted) (NP (-NONE- *T*-1)))))))))) (, ,) (-DFL- E_S))","103",187.6785,197.947875," so  that's kind of,","so/RB that/DT 's/BES kind/RB of/RB ,/,"
"82","sw06utt/sw_0636_2079.utt","2/sw2079",2079,81,"b","A",25,1,"Oh. /","Oh/UH ./.","(INTJ (UH Oh) (. .) (-DFL- E_S))","105",195.992875,196.83725,"Oh. ","Oh/UH ./."
"83","sw06utt/sw_0636_2079.utt","2/sw2079",2079,82,"+","B",26,1,"we just got with him and told him what all we wanted, /","we/PRP just/RB got/VBD with/IN him/PRP and/CC told/VBD him/PRP what/WP all/DT we/PRP wanted/VBD ,/,","(S (RB so) (NP-SBJ (DT that)) (VP (BES 's) (ADVP (RB kind) (RB of)) (, ,) (SBAR-PRD (-NONE- 0) (S (NP-SBJ (PRP we)) (ADVP (RB just)) (VP (VP (VBD got) (PP (IN with) (NP (PRP him)))) (CC and) (VP (VBD told) (NP (PRP him)) (SBAR-NOM (WHNP-1 (WHNP (WP what)) (NP (DT all))) (S (NP-SBJ (PRP we)) (VP (VBD wanted) (NP (-NONE- *T*-1)))))))))) (, ,) (-DFL- E_S))","103",NA,NA,"we just got with him and told him what all we wanted, ","we/PRP just/RB got/VBD with/IN him/PRP and/CC told/VBD him/PRP what/WP all/DT we/PRP wanted/VBD ,/,"
"84","sw06utt/sw_0636_2079.utt","2/sw2079",2079,83,"b","A",27,1,"Uh-huh. /","Uh-huh/UH ./.","(INTJ (UH Uh-huh) (. .) (-DFL- E_S))","108",198.172625,198.5025,"Uhhuh. ","Uhhuh/UH ./."
"85","sw06utt/sw_0636_2079.utt","2/sw2079",2079,84,"sd","B",28,1,"{C and } he's charging us about a  buck a square foot to design it  /","and/CC he/PRP 's/BES charging/VBG us/PRP about/RB a/DT buck/NN a/DT square/NN foot/NN to/TO design/VB it/PRP","(S (CC and) (NP-SBJ (PRP he)) (VP (BES 's) (VP (VBG charging) (NP (PRP us)) (NP (NP (QP (RB about)) (DT a) (NN buck)) (NP-ADV (DT a) (NN square) (NN foot))) (S-PRP (NP-SBJ (-NONE- *)) (VP (TO to) (VP (VB design) (NP (PRP it))))))) (-DFL- E_S))","110",197.947875,205.039625," and  he's charging us about a  buck a square foot to design it  ","and/CC he/PRP 's/BES charging/VBG us/PRP about/RB a/DT buck/NN a/DT square/NN foot/NN to/TO design/VB it/PRP"
"86","sw06utt/sw_0636_2079.utt","2/sw2079",2079,85,"sd","B",28,2,"{C and } he's [ re-, +  certified, and registered ]  /","and/CC he/PRP 's/BES re/VBD ,/, certified/JJ ,/, and/CC registered/JJ","(S (CC and) (NP-SBJ (PRP he)) (VP (BES 's) (EDITED (RM (-DFL- \[)) (ADJP-PRD-UNF (VBD re-)) (, ,) (IP (-DFL- \+))) (ADJP-PRD (JJ certified) (, ,) (CC and) (JJ registered))) (RS (-DFL- \])) (-DFL- E_S))","111",197.947875,205.039625," and  he's  re,   certified, and registered   ","and/CC he/PRP 's/BES re/VBD ,/, certified/JJ ,/, and/CC registered/JJ"
"87","sw06utt/sw_0636_2079.utt","2/sw2079",2079,86,"sd","B",28,3,"{C so }  [ at + ] least we know [ we're, +  it's ] not going to fall in or something if it's built. /","so/RB at/IN least/JJS we/PRP know/VBP we/PRP 're/VBP ,/, it/PRP 's/BES not/RB going/VBG to/TO fall/VB in/RB or/CC something/NN if/IN it/PRP 's/BES built/VBN ./.","(S (INTJ (RB so)) (RM (-DFL- \[)) (ADVP (IN at) (IP (-DFL- \+)) (RS (-DFL- \])) (JJS least)) (NP-SBJ (PRP we)) (VP (VBP know) (SBAR (-NONE- 0) (S (EDITED (RM (-DFL- \[)) (S (NP-SBJ (PRP we)) (VP-UNF (VBP 're))) (, ,) (IP (-DFL- \+))) (NP-SBJ-1 (PRP it)) (VP (BES 's) (RS (-DFL- \])) (RB not) (VP (VBG going) (S (NP-SBJ (-NONE- *-1)) (VP (TO to) (VP (VP (VB fall) (ADVP (RB in))) (CC or) (NP-ETC (NN something)) (SBAR-ADV (IN if) (S (NP-SBJ-2 (PRP it)) (VP (BES 's) (VP (VBN built) (NP (-NONE- *-2)))))))))))))) (. .) (-DFL- E_S))","112",197.947875,205.039625," so    at   least we know  we're,   it's  not going to fall in or something if it's built. ","so/RB at/IN least/JJS we/PRP know/VBP we/PRP 're/VBP ,/, it/PRP 's/BES not/RB going/VBG to/TO fall/VB in/RB or/CC something/NN if/IN it/PRP 's/BES built/VBN ./."
"88","sw06utt/sw_0636_2079.utt","2/sw2079",2079,87,"b","A",29,1,"Yeah,  /","Yeah/UH ,/,","(INTJ (UH Yeah) (, ,) (-DFL- E_S))","114",204.5515,206.0075,"Yeah,  ","Yeah/UH ,/,"
"89","sw06utt/sw_0636_2079.utt","2/sw2079",2079,88,"b","A",29,2,"oh. /","oh/UH ./.","(INTJ (UH oh) (. .) (-DFL- E_S))","115",204.5515,206.0075,"oh. ","oh/UH ./."
"90","sw06utt/sw_0636_2079.utt","2/sw2079",2079,89,"sd","B",30,1,"{C But, } {F uh, } I have heard that  your approach [ is, +  is ] right,  /","But/CC ,/, uh/UH ,/, I/PRP have/VBP heard/VBN that/IN your/PRP$ approach/NN is/VBZ ,/, is/VBZ right/JJ ,/,","(S (CC But) (, ,) (INTJ (UH uh)) (, ,) (NP-SBJ (PRP I)) (VP (VBP have) (VP (VBN heard) (SBAR (IN that) (S (NP-SBJ (PRP$ your) (NN approach)) (EDITED (RM (-DFL- \[)) (VP-UNF (VBZ is)) (, ,) (IP (-DFL- \+))) (VP (VBZ is) (RS (-DFL- \])) (ADJP-PRD (JJ right))))))) (, ,) (-DFL- E_S))","117",205.74775,212.809125," But,   uh,  I have heard that  your approach  is,   is  right,  ","But/CC ,/, uh/UH ,/, I/PRP have/VBP heard/VBN that/IN your/PRP$ approach/NN is/VBZ ,/, is/VBZ right/JJ ,/,"
"91","sw06utt/sw_0636_2079.utt","2/sw2079",2079,90,"sd","B",30,2,"you can actually go out and sub it, [ if, +  even if ]  you don't want to get hands on, /","you/PRP can/MD actually/RB go/VB out/RB and/CC sub/VB it/PRP ,/, if/IN ,/, even/RB if/IN you/PRP do/VBP n't/RB want/VB to/TO get/VB hands/GW on/^JJ ,/,","(S (NP-SBJ (PRP you)) (VP (MD can) (ADVP (RB actually)) (VP (VP (VB go) (ADVP (RB out))) (CC and) (VP (VB sub) (NP (PRP it))) (, ,) (SBAR-ADV (EDITED (RM (-DFL- \[)) (SBAR-ADV-UNF (IN if)) (, ,) (IP (-DFL- \+))) (RB even) (IN if) (RS (-DFL- \])) (S (NP-SBJ-1 (PRP you)) (VP (VBP do) (RB n't) (VP (VB want) (S (NP-SBJ (-NONE- *-1)) (VP (TO to) (VP (VB get) (ADJP-PRD (GW hands) (^JJ on))))))))))) (, ,) (-DFL- E_S))","118",205.74775,212.809125,"you can actually go out and sub it,  if,   even if   you don't want to get hands on, ","you/PRP can/MD actually/RB go/VB out/RB and/CC sub/VB it/PRP ,/, if/IN ,/, even/RB if/IN you/PRP do/VBP n't/RB want/VB to/TO get/VB hands/GW on/^JJ ,/,"
"92","sw06utt/sw_0636_2079.utt","2/sw2079",2079,91,"b","A",31,1,"Uh-huh. /","Uh-huh/UH ./.","(INTJ (UH Uh-huh) (. .) (-DFL- E_S))","108",212.99975,213.331125,"Uhhuh. ","Uhhuh/UH ./."
"93","sw06utt/sw_0636_2079.utt","2/sw2079",2079,92,"sd","B",32,1,"you can even just sub it out to concrete and those kind of things  /","you/PRP can/MD even/RB just/RB sub/VB it/PRP out/RP to/IN concrete/NN and/CC those/DT kind/NN of/IN things/NNS","(S (NP-SBJ (PRP you)) (VP (MD can) (ADVP (RB even)) (ADVP (RB just)) (VP (VP (VB sub) (NP (PRP it)) (ADVP (RP out)) (PP (IN to) (NP (NN concrete)))) (CC and) (NP-ETC (NP (DT those) (NN kind)) (PP (IN of) (NP (NNS things)))))) (-DFL- E_S))","122",212.809125,219.091625,"you can even just sub it out to concrete and those kind of things  ","you/PRP can/MD even/RB just/RB sub/VB it/PRP out/RP to/IN concrete/NN and/CC those/DT kind/NN of/IN things/NNS"
"94","sw06utt/sw_0636_2079.utt","2/sw2079",2079,93,"sd","B",32,2,"[ {C and, } +  {C and } ] that's kind of the plan I have  /","and/CC ,/, and/CC that/DT 's/BES kind/RB of/RB the/DT plan/NN I/PRP have/VBP","(S (EDITED (RM (-DFL- \[)) (CC and) (, ,) (IP (-DFL- \+))) (CC and) (RS (-DFL- \])) (NP-SBJ (DT that)) (VP (BES 's) (ADVP (RB kind) (RB of)) (NP-PRD (NP (DT the) (NN plan)) (SBAR (WHNP-1 (-NONE- 0)) (S (NP-SBJ (PRP I)) (VP (VBP have) (NP (-NONE- *T*-1))))))) (-DFL- E_S))","123",212.809125,219.091625,"  and,     and   that's kind of the plan I have  ","and/CC ,/, and/CC that/DT 's/BES kind/RB of/RB the/DT plan/NN I/PRP have/VBP"
"95","sw06utt/sw_0636_2079.utt","2/sw2079",2079,94,"%","B",32,3,"{C so, }","so/RB ,/,","(S (RB so) (, ,) (NP-SBJ (PRP I)) (VP-UNF (VBP 'm) (, ,) (INTJ (UH uh))) (, ,) (-DFL- N_S))","124",212.809125,219.091625," so, ","so/RB ,/,"
"96","sw06utt/sw_0636_2079.utt","2/sw2079",2079,95,"b","A",33,1,"Yeah. /","Yeah/UH ./.","(INTJ (UH Yeah) (. .) (-DFL- E_S))","126",218.0085,218.570125,"Yeah. ","Yeah/UH ./."
"97","sw06utt/sw_0636_2079.utt","2/sw2079",2079,96,"+","B",34,1,"I'm, {F uh, } - /","I/PRP 'm/VBP ,/, uh/UH ,/,","(S (RB so) (, ,) (NP-SBJ (PRP I)) (VP-UNF (VBP 'm) (, ,) (INTJ (UH uh))) (, ,) (-DFL- N_S))","124",219.091625,224.6735,"I'm,  uh,   ","I/PRP 'm/VBP ,/, uh/UH ,/,"
"98","sw06utt/sw_0636_2079.utt","2/sw2079",2079,97,"sd","B",34,2,"everyone I talk to,  {F uh, } I file in my little book and do other things with it  ((   )) .  /","everyone/NN I/PRP talk/VBP to/IN ,/, uh/UH ,/, I/PRP file/VBP in/IN my/PRP$ little/JJ book/NN and/CC do/VBP other/JJ things/NNS with/IN it/PRP MUMBLEx/XX ./.","(S (NP-ADV (NP (NN everyone)) (SBAR (WHNP-1 (-NONE- 0)) (S (NP-SBJ (PRP I)) (VP (VBP talk) (PP (IN to) (NP (-NONE- *T*-1))))))) (, ,) (INTJ (UH uh)) (, ,) (NP-SBJ (PRP I)) (VP (VP (VBP file) (PP (IN in) (NP (PRP$ my) (JJ little) (NN book)))) (CC and) (VP (VBP do) (NP (JJ other) (NNS things)) (PP (IN with) (NP (PRP it))) (X (XX MUMBLEx)))) (. .) (-DFL- E_S))","128",219.091625,224.6735,"everyone I talk to,   uh,  I file in my little book and do other things with it      .  ","everyone/NN I/PRP talk/VBP to/IN ,/, uh/UH ,/, I/PRP file/VBP in/IN my/PRP$ little/JJ book/NN and/CC do/VBP other/JJ things/NNS with/IN it/PRP MUMBLEx/XX ./."
"99","sw06utt/sw_0636_2079.utt","2/sw2079",2079,98,"^q","B",34,3,"That's great,  /","That/DT 's/BES great/JJ ,/,","(S (NP-SBJ (DT That)) (VP (BES 's) (ADJP-PRD (JJ great))) (, ,) (-DFL- E_S))","129",219.091625,224.6735,"That's great,  ","That/DT 's/BES great/JJ ,/,"
"100","sw06utt/sw_0636_2079.utt","2/sw2079",2079,99,"^q","B",34,4,"that's great. /","that/DT 's/BES great/JJ ./.","(S (NP-SBJ (DT that)) (VP (BES 's) (ADJP-PRD (JJ great))) (. .) (-DFL- E_S))","130",219.091625,224.6735,"that's great. ","that/DT 's/BES great/JJ ./."
"101","sw06utt/sw_0636_2079.utt","2/sw2079",2079,100,"sd","A",35,1,"{C But, } {F uh, } like I said otherwise,  {D you know, } [ a-, +  the expense, ] - /","But/CC ,/, uh/UH ,/, like/IN I/PRP said/VBD otherwise/RB ,/, you/PRP know/VBP ,/, a-/XX ,/, the/DT expense/NN ,/,","(S-UNF (CC But) (, ,) (INTJ (UH uh)) (, ,) (SBAR-ADV (IN like) (S (NP-SBJ (PRP I)) (VP (VBD said)))) (ADVP (RB otherwise)) (PRN (, ,) (S (NP-SBJ (PRP you)) (VP (VBP know))) (, ,)) (EDITED (RM (-DFL- \[)) (X (XX a-)) (, ,) (IP (-DFL- \+))) (NP-SBJ (DT the) (NN expense)) (, ,) (RS (-DFL- \])) (-DFL- N_S))","132",225.72025,236.563625," But,   uh,  like I said otherwise,   you know,   a,   the expense,   ","But/CC ,/, uh/UH ,/, like/IN I/PRP said/VBD otherwise/RB ,/, you/PRP know/VBP ,/, a/XX ,/, the/DT expense/NN ,/,"
"102","sw06utt/sw_0636_2079.utt","2/sw2079",2079,101,"sd","A",35,2,"{C but, } {D you know, } we could not have one as large as we have  if, {D you know, } we hadn't did it ourselves. /","but/CC ,/, you/PRP know/VBP ,/, we/PRP could/MD not/RB have/VB one/NN as/RB large/JJ as/IN we/PRP have/VBP if/IN ,/, you/PRP know/VBP ,/, we/PRP had/VBD n't/RB did/VBD it/PRP ourselves/PRP ./.","(S (CC but) (PRN (, ,) (S (NP-SBJ (PRP you)) (VP (VBP know))) (, ,)) (NP-SBJ (PRP we)) (VP (MD could) (RB not) (VP (VB have) (NP (NP (NN one)) (ADJP (ADJP (RB as) (JJ large)) (SBAR (IN as) (S (NP-SBJ (PRP we)) (VP (VBP have) (NP (-NONE- *?*))))))) (SBAR-ADV (IN if) (PRN (, ,) (S (NP-SBJ (PRP you)) (VP (VBP know))) (, ,)) (S (NP-SBJ (PRP we)) (VP (VBD had) (RB n't) (VP (VBD did) (NP (PRP it)) (NP-ADV (PRP ourselves)))))))) (. .) (-DFL- E_S))","133",225.72025,236.563625," but,   you know,  we could not have one as large as we have  if,  you know,  we hadn't did it ourselves. ","but/CC ,/, you/PRP know/VBP ,/, we/PRP could/MD not/RB have/VB one/NN as/RB large/JJ as/IN we/PRP have/VBP if/IN ,/, you/PRP know/VBP ,/, we/PRP had/VBD n't/RB did/VBD it/PRP ourselves/PRP ./."
"103","sw06utt/sw_0636_2079.utt","2/sw2079",2079,102,"b","B",36,1,"Sure,  /","Sure/UH ,/,","(INTJ (UH Sure) (, ,) (-DFL- E_S))","135",236.504875,237.842375,"Sure,  ","Sure/UH ,/,"
"104","sw06utt/sw_0636_2079.utt","2/sw2079",2079,103,"ba","B",36,2,"I can imagine. /","I/PRP can/MD imagine/VB ./.","(S (NP-SBJ (PRP I)) (VP (MD can) (VP (VB imagine))) (. .) (-DFL- E_S))","136",236.504875,237.842375,"I can imagine. ","I/PRP can/MD imagine/VB ./."
"105","sw06utt/sw_0636_2079.utt","2/sw2079",2079,104,"b","A",37,1,"Yeah,  /","Yeah/UH ,/,","(INTJ (UH Yeah) (, ,) (-DFL- E_S))","114",237.65975,242.6575,"Yeah,  ","Yeah/UH ,/,"
"106","sw06utt/sw_0636_2079.utt","2/sw2079",2079,105,"sd","A",37,2,"{E I mean } it's not an Eldorado  house or anything like that,  /","I/PRP mean/VBP it/PRP 's/BES not/RB an/DT Eldorado/NNP house/NN or/CC anything/NN like/IN that/DT ,/,","(S (PRN (S (NP-SBJ (PRP I)) (VP (VBP mean)))) (NP-SBJ (PRP it)) (VP (BES 's) (RB not) (NP-PRD (NP (DT an) (NNP Eldorado) (NN house)) (CC or) (NP (NP (NN anything)) (PP (IN like) (NP (DT that)))))) (, ,) (-DFL- E_S))","139",237.65975,242.6575," I mean  it's not an Eldorado  house or anything like that,  ","I/PRP mean/VBP it/PRP 's/BES not/RB an/DT Eldorado/NNP house/NN or/CC anything/NN like/IN that/DT ,/,"
"107","sw06utt/sw_0636_2079.utt","2/sw2079",2079,106,"sd","A",37,3,"{C but, } {D you know, } it's ours. /","but/CC ,/, you/PRP know/VBP ,/, it/PRP 's/BES ours/PRP ./.","(S (CC but) (PRN (, ,) (S (NP-SBJ (PRP you)) (VP (VBP know))) (, ,)) (NP-SBJ (PRP it)) (VP (BES 's) (NP-PRD (PRP ours))) (. .) (-DFL- E_S))","140",237.65975,242.6575," but,   you know,  it's ours. ","but/CC ,/, you/PRP know/VBP ,/, it/PRP 's/BES ours/PRP ./."
"108","sw06utt/sw_0636_2079.utt","2/sw2079",2079,107,"sv","B",38,1,"If your happy with it, that's all that counts. /","If/IN you/PRP 're/VBP happy/JJ with/IN it/PRP ,/, that/DT  's/BES all/DT that/IN counts/VBZ ./.","(S (SBAR-ADV (IN If) (S (NP-SBJ (PRP you)) (VP (VBP 're) (ADJP-PRD (JJ happy) (PP (IN with) (NP (PRP it))))))) (, ,) (NP-SBJ (DT that)) (VP (BES 's) (NP-PRD (NP (DT all)) (SBAR (WHNP-1 (IN that)) (S (NP-SBJ (-NONE- *T*-1)) (VP (VBZ counts)))))) (. .) (-DFL- E_S))","142",242.899,244.406,"If your happy with it, that's all that counts. ","If/IN you/PRP 're/VBP happy/JJ with/IN it/PRP ,/, that/DT  's/BES all/DT that/IN counts/VBZ ./."
"109","sw06utt/sw_0636_2079.utt","2/sw2079",2079,108,"aa","A",39,1,"That's right.  /","That/DT 's/BES right/JJ ./.","(S (NP-SBJ (DT That)) (VP (BES 's) (ADJP-PRD (JJ right))) (. .) (-DFL- E_S))","144",244.268625,246.031875,"That's right.  ","That/DT 's/BES right/JJ ./."
"110","sw06utt/sw_0636_2079.utt","2/sw2079",2079,109,"aa^r","A",39,2,"That's right. /","That/DT 's/BES right/JJ ./.","(S (NP-SBJ (DT That)) (VP (BES 's) (ADJP-PRD (JJ right))) (. .) (-DFL- E_S))","144",244.268625,246.031875,"That's right. ","That/DT 's/BES right/JJ ./."
"111","sw06utt/sw_0636_2079.utt","2/sw2079",2079,110,"sv","B",40,1,"That's all,  /","That/DT 's/BES all/DT ,/,","(S (NP-SBJ (DT That)) (VP (BES 's) (NP-PRD (DT all))) (, ,) (-DFL- E_S))","147",246.221375,251.077375,"That's all,  ","That/DT 's/BES all/DT ,/,"
"112","sw06utt/sw_0636_2079.utt","2/sw2079",2079,111,"sv","B",40,2,"[ on-, +  you only ] have to,  {F uh, } satisfy yourself and no one else. /","on-/RB ,/, you/PRP only/RB have/VBP to/TO ,/, uh/UH ,/, satisfy/VB yourself/PRP and/CC no/DT one/NN else/RB ./.","(S (EDITED (RM (-DFL- \[)) (ADVP-UNF (RB on-)) (, ,) (IP (-DFL- \+))) (NP-SBJ-1 (PRP you)) (ADVP (RB only)) (RS (-DFL- \])) (VP (VBP have) (S (NP-SBJ (-NONE- *-1)) (VP (TO to) (, ,) (INTJ (UH uh)) (, ,) (VP (VB satisfy) (NP (NP (PRP yourself)) (CC and) (NP (NP (DT no) (NN one)) (ADVP (RB else)))))))) (. .) (-DFL- E_S))","148",246.221375,251.077375," on,   you only  have to,   uh,  satisfy yourself and no one else. ","on/RB ,/, you/PRP only/RB have/VBP to/TO ,/, uh/UH ,/, satisfy/VB yourself/PRP and/CC no/DT one/NN else/RB ./."
"113","sw06utt/sw_0636_2079.utt","2/sw2079",2079,112,"sv","A",41,1,"[ Ap-, + apparently ] the appraisers  likes it because our taxes sure is high <laughter>. /","Ap-/RB ,/, apparently/RB the/DT appraisers/NNS likes/VBZ it/PRP because/IN our/PRP$ taxes/NNS sure/RB is/VBZ high/JJ ./.","(S (EDITED (RM (-DFL- \[)) (ADVP-UNF (RB Ap-)) (, ,) (IP (-DFL- \+))) (ADVP (RB apparently)) (RS (-DFL- \])) (NP-SBJ (DT the) (NNS appraisers)) (VP (VBZ likes) (NP (PRP it)) (SBAR-PRP (IN because) (S (NP-SBJ (PRP$ our) (NNS taxes)) (ADVP (RB sure)) (VP (VBZ is) (ADJP-PRD (JJ high)))))) (. .) (-DFL- E_S))","150",251.2055,256.90275," Ap,  apparently  the appraisers  likes it because our taxes sure is high laughter. ","Ap/RB ,/, apparently/RB the/DT appraisers/NNS likes/VBZ it/PRP because/IN our/PRP$ taxes/NNS sure/RB is/VBZ high/JJ ./."
"114","sw06utt/sw_0636_2079.utt","2/sw2079",2079,113,"sv","B",42,1,"{F Oh, } [ that's, +  {F uh, } that's, ]  {F uh, } an encouraging sign if you ever want to resell, I guess. /","Oh/UH ,/, that/DT 's/BES ,/, uh/UH ,/, that/DT 's/BES ,/, uh/UH ,/, an/DT encouraging/VBG sign/NN if/IN you/PRP ever/RB want/VBP to/TO resell/VB ,/, I/PRP guess/VBP ./.","(S (S-TPC-2 (INTJ (UH Oh)) (, ,) (EDITED (RM (-DFL- \[)) (S (NP-SBJ (DT that)) (VP-UNF (BES 's))) (, ,) (IP (-DFL- \+))) (INTJ (UH uh)) (, ,) (NP-SBJ (DT that)) (VP (BES 's) (, ,) (RS (-DFL- \])) (INTJ (UH uh)) (, ,) (NP-PRD (DT an) (VBG encouraging) (NN sign)) (SBAR-ADV (IN if) (S (NP-SBJ-1 (PRP you)) (ADVP-TMP (RB ever)) (VP (VBP want) (S (NP-SBJ (-NONE- *-1)) (VP (TO to) (VP (VB resell))))))))) (, ,) (NP-SBJ (PRP I)) (VP (VBP guess) (SBAR (-NONE- 0) (S (-NONE- *T*-2)))) (. .) (-DFL- E_S))","152",257.05975,261.154375," Oh,   that's,    uh,  that's,    uh,  an encouraging sign if you ever want to resell, I guess. ","Oh/UH ,/, that/DT 's/BES ,/, uh/UH ,/, that/DT 's/BES ,/, uh/UH ,/, an/DT encouraging/VBG sign/NN if/IN you/PRP ever/RB want/VBP to/TO resell/VB ,/, I/PRP guess/VBP ./."
"115","sw06utt/sw_0636_2079.utt","2/sw2079",2079,114,"qy","A",43,1,"Isn't it?  /","Is/VBZ n't/RB it/PRP ?/.","(SQ (VBZ Is) (RB n't) (NP-SBJ (PRP it)) (NP-PRD (-NONE- *?*)) (. ?) (-DFL- E_S))","154",261.026875,269.622125,"Isn't it?  ","Is/VBZ n't/RB it/PRP ?/."
"116","sw06utt/sw_0636_2079.utt","2/sw2079",2079,115,"sv","A",43,2,"It really is  /","It/PRP really/RB is/VBZ","(S (NP-SBJ (PRP It)) (ADVP (RB really)) (VP (VBZ is) (NP-PRD (-NONE- *?*))) (-DFL- E_S))","155",261.026875,269.622125,"It really is  ","It/PRP really/RB is/VBZ"
"117","sw06utt/sw_0636_2079.utt","2/sw2079",2079,116,"sd","A",43,3,"{C because } [ I, +  I'm ]  always shocked at about, {D you know, } what they have it appraised at,  /","because/IN I/PRP ,/, I/PRP 'm/VBP always/RB shocked/JJ at/IN about/IN ,/, you/PRP know/VBP ,/, what/WP they/PRP have/VBP it/PRP appraised/VBN at/IN ,/,","(SBAR-PRP (IN because) (S (EDITED (RM (-DFL- \[)) (NP-SBJ (PRP I)) (, ,) (IP (-DFL- \+))) (NP-SBJ (PRP I)) (VP (VBP 'm) (RS (-DFL- \])) (ADVP-TMP (RB always)) (ADJP-PRD (JJ shocked) (PP (IN at) (EDITED (PP-UNF (IN about))) (PRN (, ,) (S (NP-SBJ (PRP you)) (VP (VBP know))) (, ,)) (SBAR-NOM (WHNP-1 (WP what)) (S (NP-SBJ (PRP they)) (VP (VBP have) (S (NP-SBJ-2 (PRP it)) (VP (VBN appraised) (NP (-NONE- *-2)) (PP (IN at) (NP (-NONE- *T*-1)))))))))))) (, ,) (-DFL- E_S))","156",261.026875,269.622125," because   I,   I'm   always shocked at about,  you know,  what they have it appraised at,  ","because/IN I/PRP ,/, I/PRP 'm/VBP always/RB shocked/JJ at/IN about/IN ,/, you/PRP know/VBP ,/, what/WP they/PRP have/VBP it/PRP appraised/VBN at/IN ,/,"
"118","sw06utt/sw_0636_2079.utt","2/sw2079",2079,117,"sd(^q)","A",43,4,"I think, oh my goodness. /","I/PRP think/VBP ,/, oh/UH my/PRP$ goodness/NN ./.","(S (NP-SBJ (PRP I)) (VP (VBP think) (, ,) (INTJ-SEZ (INTJ (UH oh)) (NP (PRP$ my) (NN goodness)))) (. .) (-DFL- E_S))","157",261.026875,269.622125,"I think, oh my goodness. ","I/PRP think/VBP ,/, oh/UH my/PRP$ goodness/NN ./."
"119","sw06utt/sw_0636_2079.utt","2/sw2079",2079,118,"ba","B",44,1,"((   ))  {D Well } that's great.  /","MUMBLEx/XX Well/UH that/DT 's/BES great/JJ ./.","(S (X (XX MUMBLEx)) (INTJ (UH Well)) (NP-SBJ (DT that)) (VP (BES 's) (ADJP-PRD (JJ great))) (. .) (-DFL- E_S))","159",270.20225,275.0415,"      Well  that's great.  ","MUMBLEx/XX Well/UH that/DT 's/BES great/JJ ./."
"120","sw06utt/sw_0636_2079.utt","2/sw2079",2079,119,"%","B",44,2,"{D Well, } yeah,  /","Well/UH ,/, yeah/UH ,/,","(INTJ (INTJ (UH Well)) (, ,) (INTJ (UH yeah)) (, ,) (-DFL- E_S))","160",270.20225,275.0415," Well,  yeah,  ","Well/UH ,/, yeah/UH ,/,"
"121","sw06utt/sw_0636_2079.utt","2/sw2079",2079,120,"sv","B",44,3,"I guess that about does it. /","I/PRP guess/VBP that/DT about/RB does/VBZ it/PRP ./.","(S (NP-SBJ (PRP I)) (VP (VBP guess) (SBAR (-NONE- 0) (S (NP-SBJ (DT that)) (ADVP (RB about)) (VP (VBZ does) (NP (PRP it)))))) (. .) (-DFL- E_S))","161",270.20225,275.0415,"I guess that about does it. ","I/PRP guess/VBP that/DT about/RB does/VBZ it/PRP ./."
"122","sw06utt/sw_0636_2079.utt","2/sw2079",2079,121,"aa","A",45,1,"Okay,  /","Okay/UH ,/,","(INTJ (UH Okay) (, ,) (-DFL- E_S))","163",275.252125,276.847125,"Okay,  ","Okay/UH ,/,"
"123","sw06utt/sw_0636_2079.utt","2/sw2079",2079,122,"fc","A",45,2,"{C and } it was nice talking to you. /","and/CC it/PRP was/VBD nice/JJ talking/VBG to/IN you/PRP ./.","(S (CC and) (NP-SBJ (NP (PRP it)) (S (-NONE- *ICH*-1))) (VP (VBD was) (ADJP-PRD (JJ nice)) (S-1 (NP-SBJ (-NONE- *)) (VP (VBG talking) (PP (IN to) (NP (PRP you)))))) (. .) (-DFL- E_S))","164",275.252125,276.847125," and  it was nice talking to you. ","and/CC it/PRP was/VBD nice/JJ talking/VBG to/IN you/PRP ./."
"124","sw06utt/sw_0636_2079.utt","2/sw2079",2079,123,"fc","B",46,1,"Nice talking with you, too. /","Nice/JJ talking/VBG with/IN you/PRP ,/, too/RB ./.","(FRAG (ADJP-PRD (JJ Nice)) (S (NP-SBJ (-NONE- *)) (VP (VBG talking) (PP (IN with) (NP (PRP you))) (, ,) (ADVP (RB too)))) (. .) (-DFL- E_S))","166",276.703,277.4425,"Nice talking with you, too. ","Nice/JJ talking/VBG with/IN you/PRP ,/, too/RB ./."
"125","sw06utt/sw_0636_2079.utt","2/sw2079",2079,124,"fc","A",47,1,"Okay,  /","Okay/UH ,/,","(INTJ (UH Okay) (, ,) (-DFL- E_S))","163",277.1145,277.88275,"Okay,  ","Okay/UH ,/,"
"126","sw06utt/sw_0636_2079.utt","2/sw2079",2079,125,"fc","A",47,2,"bye-bye. /","bye-bye/UH ./.","(INTJ (UH bye-bye) (. .) (-DFL- E_S))","169",277.1145,277.88275,"byebye. ","byebye/UH ./."
"127","sw06utt/sw_0636_2079.utt","2/sw2079",2079,126,"fc","B",48,1,"Bye. /","Bye/UH ./.","(INTJ (UH Bye) (. .) (-DFL- E_S))","171",277.981125,278.226,"Bye. ","Bye/UH ./."
