"","swda_filename","ptb_basename","conversation_no","transcript_index","act_tag","caller","turn_index","subutterance_index","text","pos","trees","ptb_treenumbers","start_turn","end_turn","newtext","newpos"
"1","sw06utt/sw_0638_2105.utt","2/sw2105",2105,0,"o","B",1,1,"Real problem the last few days,  one of their, {F uh, } young hopeless stars has apparently ruined his knee for this  season,  /","Real/JJ problem/NN the/DT last/JJ few/JJ days/NNS ,/, one/CD of/IN their/PRP$ ,/, uh/UH ,/, young/JJ hopeless/JJ stars/NNS has/VBZ apparently/RB ruined/VBN his/PRP$ knee/NN for/IN this/DT season/NN ,/,","(S (NP-ADV (JJ Real) (NN problem)) (NP-TMP (DT the) (JJ last) (JJ few) (NNS days)) (, ,) (NP-SBJ (NP (CD one)) (PP (IN of) (NP (PRP$ their) (, ,) (INTJ (UH uh)) (, ,) (JJ young) (JJ hopeless) (NNS stars)))) (VP (VBZ has) (ADVP (RB apparently)) (VP (VBN ruined) (NP (PRP$ his) (NN knee)) (PP-TMP (IN for) (NP (DT this) (NN season))))) (, ,) (-DFL- E_S))","1",0.45,8.524125,"Real problem the last few days,  one of their,  uh,  young hopeless stars has apparently ruined his knee for this  season,  ","Real/JJ problem/NN the/DT last/JJ few/JJ days/NNS ,/, one/CD of/IN their/PRP$ ,/, uh/UH ,/, young/JJ hopeless/JJ stars/NNS has/VBZ apparently/RB ruined/VBN his/PRP$ knee/NN for/IN this/DT season/NN ,/,"
"2","sw06utt/sw_0638_2105.utt","2/sw2105",2105,1,"sd","B",1,2,"it was a catcher. /","it/PRP was/VBD a/DT catcher/NN ./.","(S (NP-SBJ (PRP it)) (VP (VBD was) (NP-PRD (DT a) (NN catcher))) (. .) (-DFL- E_S))","2",0.45,8.524125,"it was a catcher. ","it/PRP was/VBD a/DT catcher/NN ./."
"3","sw06utt/sw_0638_2105.utt","2/sw2105",2105,2,"b","A",2,1,"Uh-huh. /","Uh-huh/UH ./.","(INTJ (UH Uh-huh) (. .) (-DFL- E_S))","4",8.648125,9.25725,"Uhhuh. ","Uhhuh/UH ./."
"4","sw06utt/sw_0638_2105.utt","2/sw2105",2105,3,"sv","B",3,1,"{C And } they really don't have an  excess of catchers  /","And/CC they/PRP really/RB do/VBP n't/RB have/VB an/DT excess/NN of/IN catchers/NNS","(S (CC And) (NP-SBJ (PRP they)) (ADVP (RB really)) (VP (VBP do) (RB n't) (VP (VB have) (NP (NP (DT an) (NN excess)) (PP (IN of) (NP (NNS catchers)))))) (-DFL- E_S))","6",9.434,19.808625," And  they really don't have an  excess of catchers  ","And/CC they/PRP really/RB do/VBP n't/RB have/VB an/DT excess/NN of/IN catchers/NNS"
"5","sw06utt/sw_0638_2105.utt","2/sw2105",2105,4,"sv","B",3,2,"{C and } it's really [ kind of, +  kind of ] late [ to, +  {D you know, } to ]  start, be trying to trade for somebody, especially with the salary cap that the Rangers have. /","and/CC it/PRP 's/BES really/RB kind/RB of/RB ,/, kind/RB of/RB late/JJ to/TO ,/, you/PRP know/VBP ,/, to/TO start/VB ,/, be/VB trying/VBG to/TO trade/VB for/IN somebody/NN ,/, especially/RB with/IN the/DT salary/NN cap/NN that/WDT the/DT Rangers/NNPS have/VBP ./.","(S (CC and) (NP-SBJ (PRP it)) (VP (BES 's) (ADVP (RB really)) (EDITED (RM (-DFL- \[)) (ADVP (RB kind) (RB of)) (, ,) (IP (-DFL- \+))) (ADVP (RB kind) (RB of)) (RS (-DFL- \])) (ADJP-PRD (JJ late) (S (NP-SBJ-2 (-NONE- *)) (EDITED (RM (-DFL- \[)) (VP-UNF (TO to)) (, ,) (IP (-DFL- \+))) (PRN (S (NP-SBJ (PRP you)) (VP (VBP know))) (, ,)) (VP (TO to) (RS (-DFL- \])) (EDITED (VP (VB start))) (, ,) (VP (VB be) (VP (VBG trying) (S (NP-SBJ (-NONE- *-2)) (VP (TO to) (VP (VB trade) (PP (IN for) (NP (NN somebody))) (, ,) (PP (ADVP (RB especially)) (IN with) (NP (NP (DT the) (NN salary) (NN cap)) (SBAR (WHNP-1 (WDT that)) (S (NP-SBJ (DT the) (NNPS Rangers)) (VP (VBP have) (NP (-NONE- *T*-1)))))))))))))))) (. .) (-DFL- E_S))","7",9.434,19.808625," and  it's really  kind of,   kind of  late  to,    you know,  to   start, be trying to trade for somebody, especially with the salary cap that the Rangers have. ","and/CC it/PRP 's/BES really/RB kind/RB of/RB ,/, kind/RB of/RB late/JJ to/TO ,/, you/PRP know/VBP ,/, to/TO start/VB ,/, be/VB trying/VBG to/TO trade/VB for/IN somebody/NN ,/, especially/RB with/IN the/DT salary/NN cap/NN that/WDT the/DT Rangers/NNPS have/VBP ./."
"6","sw06utt/sw_0638_2105.utt","2/sw2105",2105,5,"b","A",4,1,"Yeah. /","Yeah/UH ./.","(INTJ (UH Yeah) (. .) (-DFL- E_S))","9",18.87375,19.68875,"Yeah. ","Yeah/UH ./."
"7","sw06utt/sw_0638_2105.utt","2/sw2105",2105,6,"sd","B",5,1,"They're not the highest paying ball team around. /","They/PRP 're/VBP not/RB the/DT highest/JJS paying/VBG ball/NN team/NN around/RB ./.","(S (NP-SBJ (PRP They)) (VP (VBP 're) (RB not) (NP-PRD (NP (DT the) (ADJP (JJS highest) (VBG paying)) (NN ball) (NN team)) (ADVP-LOC (RB around)))) (. .) (-DFL- E_S))","11",20.720125,22.686625,"They're not the highest paying ball team around. ","They/PRP 're/VBP not/RB the/DT highest/JJS paying/VBG ball/NN team/NN around/RB ./."
"8","sw06utt/sw_0638_2105.utt","2/sw2105",2105,7,"aa","A",6,1,"{F Oh } no,  /","Oh/UH no/UH ,/,","(INTJ (INTJ (UH Oh)) (INTJ (UH no)) (, ,) (-DFL- E_S))","13",21.982375,24.644," Oh  no,  ","Oh/UH no/UH ,/,"
"9","sw06utt/sw_0638_2105.utt","2/sw2105",2105,8,"aa^r","A",6,2,"no,  /","no/UH ,/,","(INTJ (UH no) (, ,) (-DFL- E_S))","14",21.982375,24.644,"no,  ","no/UH ,/,"
"10","sw06utt/sw_0638_2105.utt","2/sw2105",2105,9,"qy^g","A",6,3,"they're not, are they. /","they/PRP 're/VBP not/RB ,/, are/VBP they/PRP ./.","(SQ (S (NP-SBJ (PRP they)) (VP (VBP 're) (RB not) (NP-PRD (-NONE- *?*)))) (, ,) (SQ (VBP are) (NP-SBJ (PRP they)) (NP-PRD (-NONE- *?*))) (. .) (-DFL- E_S))","15",21.982375,24.644,"they're not, are they. ","they/PRP 're/VBP not/RB ,/, are/VBP they/PRP ./."
"11","sw06utt/sw_0638_2105.utt","2/sw2105",2105,10,"sd","B",7,1,"{C But } [ [ I, +  {D you know, } I ] would, +   I would ] gladly take the salary of most of the guys, I'll tell you. /","But/CC I/PRP ,/, you/PRP know/VBP ,/, I/PRP would/MD ,/, I/PRP would/MD gladly/RB take/VB the/DT salary/NN of/IN most/JJS of/IN the/DT guys/NNS ,/, I/PRP 'll/MD tell/VB you/PRP ./.","(S (S-TPC-1 (CC But) (EDITED (RM (-DFL- \[)) (EDITED (RM (-DFL- \[)) (NP-SBJ (PRP I)) (, ,) (IP (-DFL- \+))) (PRN (S (NP-SBJ (PRP you)) (VP (VBP know))) (, ,)) (S (NP-SBJ (PRP I)) (RS (-DFL- \])) (VP-UNF (MD would))) (, ,) (IP (-DFL- \+))) (NP-SBJ (PRP I)) (VP (MD would) (RS (-DFL- \])) (ADVP (RB gladly)) (VP (VB take) (NP (NP (DT the) (NN salary)) (PP (IN of) (NP (NP (JJS most)) (PP (IN of) (NP (DT the) (NNS guys))))))))) (, ,) (NP-SBJ (PRP I)) (VP (MD 'll) (VP (VB tell) (NP (PRP you)) (SBAR (-NONE- 0) (S (-NONE- *T*-1))))) (. .) (-DFL- E_S))","17",23.651375,27.36275," But    I,    you know,  I  would,    I would  gladly take the salary of most of the guys, I'll tell you. ","But/CC I/PRP ,/, you/PRP know/VBP ,/, I/PRP would/MD ,/, I/PRP would/MD gladly/RB take/VB the/DT salary/NN of/IN most/JJS of/IN the/DT guys/NNS ,/, I/PRP 'll/MD tell/VB you/PRP ./."
"12","sw06utt/sw_0638_2105.utt","2/sw2105",2105,11,"ba","A",8,1,"{F Oh, } goodness,  /","Oh/UH ,/, goodness/UH ,/,","(INTJ (INTJ (UH Oh)) (, ,) (INTJ (UH goodness)) (, ,) (-DFL- E_S))","19",26.862875,30.308625," Oh,  goodness,  ","Oh/UH ,/, goodness/UH ,/,"
"13","sw06utt/sw_0638_2105.utt","2/sw2105",2105,12,"sd","A",8,2,"I would too,  /","I/PRP would/MD too/RB ,/,","(S (NP-SBJ (PRP I)) (VP (MD would) (VP (-NONE- *?*) (ADVP (RB too)))) (, ,) (-DFL- E_S))","20",26.862875,30.308625,"I would too,  ","I/PRP would/MD too/RB ,/,"
"14","sw06utt/sw_0638_2105.utt","2/sw2105",2105,13,"sd","A",8,3,"even the bench warmer, I would. /","even/RB the/DT bench/NN warmer/JJR ,/, I/PRP would/MD ./.","(S (NP-ADV (RB even) (DT the) (NN bench) (JJR warmer)) (, ,) (NP-SBJ (PRP I)) (VP (MD would) (VP (-NONE- *?*))) (. .) (-DFL- E_S))","21",26.862875,30.308625,"even the bench warmer, I would. ","even/RB the/DT bench/NN warmer/JJR ,/, I/PRP would/MD ./."
"15","sw06utt/sw_0638_2105.utt","2/sw2105",2105,14,"aa","B",9,1,"Yeah,  /","Yeah/UH ,/,","(INTJ (UH Yeah) (, ,) (-DFL- E_S))","23",28.63425,38.58625,"Yeah,  ","Yeah/UH ,/,"
"16","sw06utt/sw_0638_2105.utt","2/sw2105",2105,15,"aa","B",9,2,"that's right.  /","that/DT 's/BES right/JJ ./.","(S (NP-SBJ (DT that)) (VP (BES 's) (ADJP-PRD (JJ right))) (. .) (-DFL- E_S))","24",28.63425,38.58625,"that's right.  ","that/DT 's/BES right/JJ ./."
"17","sw06utt/sw_0638_2105.utt","2/sw2105",2105,16,"sd","B",9,3,"I really haven't  been an active Ranger fan in several years.  /","I/PRP really/RB have/VBP n't/RB been/VBN an/DT active/JJ Ranger/NNP fan/NN in/IN several/JJ years/NNS ./.","(S (NP-SBJ (PRP I)) (ADVP (RB really)) (VP (VBP have) (RB n't) (VP (VBN been) (NP-PRD (DT an) (JJ active) (NNP Ranger) (NN fan)) (PP-TMP (IN in) (NP (JJ several) (NNS years))))) (. .) (-DFL- E_S))","25",28.63425,38.58625,"I really haven't  been an active Ranger fan in several years.  ","I/PRP really/RB have/VBP n't/RB been/VBN an/DT active/JJ Ranger/NNP fan/NN in/IN several/JJ years/NNS ./."
"18","sw06utt/sw_0638_2105.utt","2/sw2105",2105,17,"sd","B",9,4,"I used to go, take my son, {D you know, }  /","I/PRP used/VBD to/TO go/VB ,/, take/VB my/PRP$ son/NN ,/, you/PRP know/VBP ,/,","(S (NP-SBJ-1 (PRP I)) (VP (VBD used) (S (NP-SBJ (-NONE- *-1)) (VP (TO to) (VP (VP (VB go)) (, ,) (VP (VB take) (NP (PRP$ my) (NN son)))))) (PRN (, ,) (S (NP-SBJ (PRP you)) (VP (VBP know))))) (, ,) (-DFL- E_S))","26",28.63425,38.58625,"I used to go, take my son,  you know,   ","I/PRP used/VBD to/TO go/VB ,/, take/VB my/PRP$ son/NN ,/, you/PRP know/VBP ,/,"
"19","sw06utt/sw_0638_2105.utt","2/sw2105",2105,18,"sd","B",9,5,"when he was in high school, he enjoyed going to baseball games. /","when/WRB he/PRP was/VBD in/IN high/JJ school/NN ,/, he/PRP enjoyed/VBD going/VBG to/IN baseball/NN games/NNS ./.","(S (SBAR-TMP (WHADVP-1 (WRB when)) (S (NP-SBJ (PRP he)) (VP (VBD was) (PP-PRD (IN in) (NP (JJ high) (NN school))) (ADVP-TMP (-NONE- *T*-1))))) (, ,) (NP-SBJ-2 (PRP he)) (VP (VBD enjoyed) (S (NP-SBJ (-NONE- *-2)) (VP (VBG going) (PP-DIR (IN to) (NP (NN baseball) (NNS games)))))) (. .) (-DFL- E_S))","27",28.63425,38.58625,"when he was in high school, he enjoyed going to baseball games. ","when/WRB he/PRP was/VBD in/IN high/JJ school/NN ,/, he/PRP enjoyed/VBD going/VBG to/IN baseball/NN games/NNS ./."
"20","sw06utt/sw_0638_2105.utt","2/sw2105",2105,19,"b","A",10,1,"Uh-huh. /","Uh-huh/UH ./.","(INTJ (UH Uh-huh) (. .) (-DFL- E_S))","4",38.572125,39.0665,"Uhhuh. ","Uhhuh/UH ./."
"21","sw06utt/sw_0638_2105.utt","2/sw2105",2105,20,"sd","B",11,1,"I'll have to admit [ I kind, +  I kind ]  of went more [ to see, +  to see ] the other team a lot of times than I [ did the, +  did the ] Rangers, /","I/PRP 'll/MD have/VB to/TO admit/VB I/PRP kind/RB ,/, I/PRP kind/RB of/RB went/VBD more/RBR to/TO see/VB ,/, to/TO see/VB the/DT other/JJ team/NN a/DT lot/NN of/IN times/NNS than/IN I/PRP did/VBD the/DT ,/, did/VBD the/DT Rangers/NNPS ,/,","(S (NP-SBJ-1 (PRP I)) (VP (MD 'll) (VP (VB have) (S (NP-SBJ (-NONE- *-1)) (VP (TO to) (VP (VB admit) (SBAR (-NONE- 0) (S (EDITED (RM (-DFL- \[)) (S (NP-SBJ (PRP I)) (ADVP-UNF (RB kind))) (, ,) (IP (-DFL- \+))) (NP-SBJ (PRP I)) (ADVP (RB kind) (RS (-DFL- \])) (RB of)) (VP (VBD went) (NP-ADV (NP (RBR more)) (SBAR (-NONE- *ICH*-2))) (S-PRP (NP-SBJ (-NONE- *)) (EDITED (RM (-DFL- \[)) (VP (TO to) (VP-UNF (VB see))) (, ,) (IP (-DFL- \+))) (VP (TO to) (VP (VB see) (RS (-DFL- \])) (NP (DT the) (JJ other) (NN team)) (NP-TMP (NP (DT a) (NN lot)) (PP (IN of) (NP (NNS times)))) (SBAR-2 (IN than) (S (NP-SBJ (PRP I)) (EDITED (RM (-DFL- \[)) (VP (VBD did) (NP-UNF (DT the))) (, ,) (IP (-DFL- \+))) (VP (VBD did) (NP (DT the) (RS (-DFL- \])) (NNPS Rangers)))))))))))))))) (, ,) (-DFL- E_S))","31",39.206,44.935625,"I'll have to admit  I kind,   I kind   of went more  to see,   to see  the other team a lot of times than I  did the,   did the  Rangers, ","I/PRP 'll/MD have/VB to/TO admit/VB I/PRP kind/RB ,/, I/PRP kind/RB of/RB went/VBD more/RBR to/TO see/VB ,/, to/TO see/VB the/DT other/JJ team/NN a/DT lot/NN of/IN times/NNS than/IN I/PRP did/VBD the/DT ,/, did/VBD the/DT Rangers/NNPS ,/,"
"22","sw06utt/sw_0638_2105.utt","2/sw2105",2105,21,"b","A",12,1,"{F Uh, } yeah. /","Uh/UH ,/, yeah/UH ./.","(INTJ (INTJ (UH Uh)) (, ,) (INTJ (UH yeah)) (. .) (-DFL- E_S))","33",44.954,45.56825," Uh,  yeah. ","Uh/UH ,/, yeah/UH ./."
"23","sw06utt/sw_0638_2105.utt","2/sw2105",2105,22,"sv","B",13,1,"{C But, } I think they're doing better. /","But/CC ,/, I/PRP think/VBP they/PRP 're/VBP doing/VBG better/RBR ./.","(S (CC But) (, ,) (NP-SBJ (PRP I)) (VP (VBP think) (SBAR (-NONE- 0) (S (NP-SBJ (PRP they)) (VP (VBP 're) (VP (VBG doing) (ADVP (RBR better))))))) (. .) (-DFL- E_S))","35",44.935625,46.567625," But,  I think they're doing better. ","But/CC ,/, I/PRP think/VBP they/PRP 're/VBP doing/VBG better/RBR ./."
"24","sw06utt/sw_0638_2105.utt","2/sw2105",2105,23,"aa","A",14,1,"{D Well, } I do to, {F uh, }  /","Well/UH ,/, I/PRP do/VBP to/^RB ,/, uh/UH ,/,","(S (INTJ (UH Well)) (, ,) (NP-SBJ (PRP I)) (VP (VBP do) (ADVP (TYPO (^RB to))) (, ,) (INTJ (UH uh))) (, ,) (-DFL- E_S))","37",45.56825,54.789875," Well,  I do to,  uh,   ","Well/UH ,/, I/PRP do/VBP to/^RB ,/, uh/UH ,/,"
"25","sw06utt/sw_0638_2105.utt","2/sw2105",2105,24,"sd","A",14,2,"I have boys,  {D you know, } {D like } eight and eleven  /","I/PRP  have/VBP boys/NNS ,/, you/PRP know/VBP ,/, like/IN eight/CD and/CC eleven/CD","(S (NP-SBJ (PRP I)) (VP (VBP have) (NP (NP (NNS boys)) (PRN (, ,) (S (NP-SBJ (PRP you)) (VP (VBP know))) (, ,)) (INTJ (UH like)) (NP (CD eight) (CC and) (CD eleven)))) (-DFL- E_S))","38",45.56825,54.789875,"I have boys,   you know,   like  eight and eleven  ","I/PRP  have/VBP boys/NNS ,/, you/PRP know/VBP ,/, like/IN eight/CD and/CC eleven/CD"
"26","sw06utt/sw_0638_2105.utt","2/sw2105",2105,25,"sd","A",14,3,"{C and } we go quite often,","and/CC we/PRP go/VBP quite/RB often/RB ,/,","(S (CC and) (NP-SBJ-1 (PRP we)) (VP (VBP go) (ADVP-TMP (RB quite) (RB often)) (, ,) (S (NP-SBJ (-NONE- *-1)) (VP (TO to) (VP (VB watch) (NP (DT the) (NNPS Rangers)))))) (. .) (-DFL- E_S))","39",45.56825,54.789875," and  we go quite often,","and/CC we/PRP go/VBP quite/RB often/RB ,/,"
"27","sw06utt/sw_0638_2105.utt","2/sw2105",2105,26,"b","B",15,1,"Yeah,  /","Yeah/UH ,/,","(INTJ (UH Yeah) (, ,) (-DFL- E_S))","23",47.58175,54.1785,"Yeah,  ","Yeah/UH ,/,"
"28","sw06utt/sw_0638_2105.utt","2/sw2105",2105,27,"ba","B",15,2,"I can imagine. /","I/PRP can/MD imagine/VB ./.","(S (NP-SBJ (PRP I)) (VP (MD can) (VP (VB imagine))) (. .) (-DFL- E_S))","42",47.58175,54.1785,"I can imagine. ","I/PRP can/MD imagine/VB ./."
"29","sw06utt/sw_0638_2105.utt","2/sw2105",2105,28,"+","A",16,1,"to watch the Rangers. /","to/TO watch/VB the/DT Rangers/NNPS ./.","(S (CC and) (NP-SBJ-1 (PRP we)) (VP (VBP go) (ADVP-TMP (RB quite) (RB often)) (, ,) (S (NP-SBJ (-NONE- *-1)) (VP (TO to) (VP (VB watch) (NP (DT the) (NNPS Rangers)))))) (. .) (-DFL- E_S))","39",NA,NA,"to watch the Rangers. ","to/TO watch/VB the/DT Rangers/NNPS ./."
"30","sw06utt/sw_0638_2105.utt","2/sw2105",2105,29,"sd","B",17,1,"I used to love to play baseball when I was a kid. /","I/PRP used/VBD to/TO love/VB to/TO play/VB baseball/NN when/WRB I/PRP was/VBD a/DT kid/NN ./.","(S (NP-SBJ-1 (PRP I)) (VP (VBD used) (S (NP-SBJ-2 (-NONE- *-1)) (VP (TO to) (VP (VB love) (S (NP-SBJ (-NONE- *-2)) (VP (TO to) (VP (VB play) (NP (NN baseball)) (SBAR-TMP (WHADVP-3 (WRB when)) (S (NP-SBJ (PRP I)) (VP (VBD was) (NP-PRD (DT a) (NN kid)) (ADVP-TMP (-NONE- *T*-3)))))))))))) (. .) (-DFL- E_S))","45",54.737,56.983625,"I used to love to play baseball when I was a kid. ","I/PRP used/VBD to/TO love/VB to/TO play/VB baseball/NN when/WRB I/PRP was/VBD a/DT kid/NN ./."
"31","sw06utt/sw_0638_2105.utt","2/sw2105",2105,30,"b","A",18,1,"Uh-huh.  /","Uh-huh/UH ./.","(INTJ (UH Uh-huh) (. .) (-DFL- E_S))","29",57.37575,60.0305,"Uhhuh.  ","Uhhuh/UH ./."
"32","sw06utt/sw_0638_2105.utt","2/sw2105",2105,31,"aa","A",18,2,"Oh yes,  /","Oh/UH yes/UH ,/,","(INTJ (INTJ (UH Oh)) (INTJ (UH yes)) (, ,) (-DFL- E_S))","48",57.37575,60.0305,"Oh yes,  ","Oh/UH yes/UH ,/,"
"33","sw06utt/sw_0638_2105.utt","2/sw2105",2105,32,"sd","A",18,3,"we're heavy into that too. /","we/PRP 're/VBP heavy/JJ into/IN that/DT too/RB ./.","(S (NP-SBJ (PRP we)) (VP (VBP 're) (PP-PRD (ADVP (JJ heavy)) (IN into) (NP (DT that))) (ADVP (RB too))) (. .) (-DFL- E_S))","49",57.37575,60.0305,"we're heavy into that too. ","we/PRP 're/VBP heavy/JJ into/IN that/DT too/RB ./."
"34","sw06utt/sw_0638_2105.utt","2/sw2105",2105,33,"sv","B",19,1,"I think it's more fun to play than it is to watch. /","I/PRP think/VBP it/PRP 's/BES more/RBR fun/JJ to/TO play/VB than/IN it/PRP is/VBZ to/TO watch/VB ./.","(S (NP-SBJ (PRP I)) (VP (VBP think) (SBAR (-NONE- 0) (S (NP-SBJ (NP (PRP it)) (S (-NONE- *EXP*-1))) (VP (BES 's) (NP-PRD (NP (RBR more) (JJ fun)) (SBAR (-NONE- *ICH*-3))) (S-1 (NP-SBJ (-NONE- *)) (VP (TO to) (VP (VB play) (SBAR-3 (IN than) (S (NP-SBJ (NP (PRP it)) (S (-NONE- *EXP*-2))) (VP (VBZ is) (NP-PRD (-NONE- *?*)) (S-2 (NP-SBJ (-NONE- *)) (VP (TO to) (VP (VB watch)))))))))))))) (. .) (-DFL- E_S))","51",59.358375,61.744125,"I think it's more fun to play than it is to watch. ","I/PRP think/VBP it/PRP 's/BES more/RBR fun/JJ to/TO play/VB than/IN it/PRP is/VBZ to/TO watch/VB ./."
"35","sw06utt/sw_0638_2105.utt","2/sw2105",2105,34,"aa","A",20,1,"{F Oh, } I do too. /","Oh/UH ,/, I/PRP do/VBP too/RB ./.","(S (INTJ (UH Oh)) (, ,) (NP-SBJ (PRP I)) (VP (VBP do) (ADVP (RB too))) (. .) (-DFL- E_S))","53",61.256375,62.637125," Oh,  I do too. ","Oh/UH ,/, I/PRP do/VBP too/RB ./."
"36","sw06utt/sw_0638_2105.utt","2/sw2105",2105,35,"b","B",21,1,"Yeah. /","Yeah/UH ./.","(INTJ (UH Yeah) (. .) (-DFL- E_S))","55",62.427,62.722,"Yeah. ","Yeah/UH ./."
"37","sw06utt/sw_0638_2105.utt","2/sw2105",2105,36,"sv","A",22,1,"{C And } I think, {F uh, } what caught so  many of our attentions last year was that Nolan Ryan, {D you know, }  /","And/CC I/PRP think/VBP ,/, uh/UH ,/, what/WP caught/VBD so/RB many/JJ of/IN our/PRP$ attentions/NNS last/JJ year/NN was/VBD that/IN Nolan/NNP Ryan/NNP ,/, you/PRP know/VBP ,/,","(S (CC And) (NP-SBJ (PRP I)) (VP (VBP think) (, ,) (INTJ (UH uh)) (, ,) (SBAR (-NONE- 0) (S (SBAR-NOM-SBJ (WHNP-1 (WP what)) (S (NP-SBJ (-NONE- *T*-1)) (VP (VBD caught) (NP (NP (ADJP (RB so) (JJ many))) (PP (IN of) (NP (PRP$ our) (NNS attentions)))) (NP-TMP (JJ last) (NN year))))) (VP (VBD was) (SBAR-PRD (IN that) (S-UNF (NP-SBJ (NNP Nolan) (NNP Ryan)) (PRN (, ,) (S (NP-SBJ (PRP you)) (VP (VBP know)))))))))) (, ,) (-DFL- E_S))","57",63.07775,70.585125," And  I think,  uh,  what caught so  many of our attentions last year was that Nolan Ryan,  you know,   ","And/CC I/PRP think/VBP ,/, uh/UH ,/, what/WP caught/VBD so/RB many/JJ of/IN our/PRP$ attentions/NNS last/JJ year/NN was/VBD that/IN Nolan/NNP Ryan/NNP ,/, you/PRP know/VBP ,/,"
"38","sw06utt/sw_0638_2105.utt","2/sw2105",2105,37,"%","A",22,2,"yes. /","yes/UH ./.","(INTJ (UH yes) (. .) (-DFL- E_S))","58",63.07775,70.585125,"yes. ","yes/UH ./."
"39","sw06utt/sw_0638_2105.utt","2/sw2105",2105,38,"aa","B",23,1,"{F Oh } of course,  /","Oh/UH of/IN course/NN ,/,","(FRAG (INTJ (UH Oh)) (PP (IN of) (NP (NN course))) (, ,) (-DFL- E_S))","60",68.64975,77.20425," Oh  of course,  ","Oh/UH of/IN course/NN ,/,"
"40","sw06utt/sw_0638_2105.utt","2/sw2105",2105,39,"aa^r","B",23,2,"of course.  /","of/IN course/NN ./.","(PP (IN of) (NP (NN course)) (. .) (-DFL- E_S))","61",68.64975,77.20425,"of course.  ","of/IN course/NN ./."
"41","sw06utt/sw_0638_2105.utt","2/sw2105",2105,40,"sd","B",23,3,"As a matter of fact I read in the sports page this morning,  /","As/IN a/DT matter/NN of/IN fact/NN I/PRP read/VBD in/IN the/DT sports/NNS page/NN this/DT morning/NN ,/,","(S (PP (IN As) (NP (NP (DT a) (NN matter)) (PP (IN of) (NP (NN fact))))) (NP-SBJ (PRP I)) (VP (VBD read) (PP (IN in) (NP (DT the) (NNS sports) (NN page))) (NP-TMP (DT this) (NN morning))) (, ,) (-DFL- E_S))","62",68.64975,77.20425,"As a matter of fact I read in the sports page this morning,  ","As/IN a/DT matter/NN of/IN fact/NN I/PRP read/VBD in/IN the/DT sports/NNS page/NN this/DT morning/NN ,/,"
"42","sw06utt/sw_0638_2105.utt","2/sw2105",2105,41,"sd","B",23,4,"he just pitched his first, {F uh, }  exhibition game a day or so ago, /","he/PRP just/RB pitched/VBD his/PRP$ first/JJ ,/, uh/UH ,/, exhibition/NN game/NN a/DT day/NN or/CC so/RB ago/RB ,/,","(S (NP-SBJ (PRP he)) (ADVP (RB just)) (VP (VBD pitched) (NP (PRP$ his) (JJ first) (, ,) (INTJ (UH uh)) (, ,) (NN exhibition) (NN game)) (ADVP-TMP (NP (DT a) (NN day) (QP (CC or) (RB so))) (RB ago))) (, ,) (-DFL- E_S))","63",68.64975,77.20425,"he just pitched his first,  uh,   exhibition game a day or so ago, ","he/PRP just/RB pitched/VBD his/PRP$ first/JJ ,/, uh/UH ,/, exhibition/NN game/NN a/DT day/NN or/CC so/RB ago/RB ,/,"
"43","sw06utt/sw_0638_2105.utt","2/sw2105",2105,42,"b","A",24,1,"Uh-huh. /","Uh-huh/UH ./.","(INTJ (UH Uh-huh) (. .) (-DFL- E_S))","47",77.0775,77.754625,"Uhhuh. ","Uhhuh/UH ./."
"44","sw06utt/sw_0638_2105.utt","2/sw2105",2105,43,"sd","B",25,1,"{C and } he pitched [ five, +  {F uh, }  {D yeah, }  five ] full innings.  /","and/CC he/PRP pitched/VBD five/CD ,/, uh/UH ,/, yeah/UH ,/, five/CD full/JJ innings/NNS ./.","(S (CC and) (NP-SBJ (PRP he)) (VP (VBD pitched) (EDITED (RM (-DFL- \[)) (NP-UNF (CD five)) (, ,) (IP (-DFL- \+))) (INTJ (UH uh)) (, ,) (INTJ (UH yeah)) (, ,) (NP (CD five) (RS (-DFL- \])) (JJ full) (NNS innings))) (. .) (-DFL- E_S))","67",77.20425,84.18775," and  he pitched  five,    uh,    yeah,   five  full innings.  ","and/CC he/PRP pitched/VBD five/CD ,/, uh/UH ,/, yeah/UH ,/, five/CD full/JJ innings/NNS ./."
"45","sw06utt/sw_0638_2105.utt","2/sw2105",2105,44,"sd","B",25,2,"That was almost unheard of for a pitcher [ to, +   {D you know, } to ] start out that strong. /","That/DT was/VBD almost/RB unheard/JJ of/IN for/IN a/DT pitcher/NN to/TO ,/, you/PRP know/VBP ,/, to/TO start/VB out/RP that/RB strong/RB ./.","(S (NP-SBJ (DT That)) (VP (VBD was) (ADVP (RB almost)) (ADJP-PRD (JJ unheard) (IN of) (SBAR (IN for) (S (NP-SBJ (DT a) (NN pitcher)) (EDITED (RM (-DFL- \[)) (VP-UNF (TO to)) (, ,) (IP (-DFL- \+))) (PRN (S (NP-SBJ (PRP you)) (VP (VBP know))) (, ,)) (VP (TO to) (RS (-DFL- \])) (VP (VB start) (PRT (RP out)) (ADVP (RB that) (RB strong)))))))) (. .) (-DFL- E_S))","68",77.20425,84.18775,"That was almost unheard of for a pitcher  to,     you know,  to  start out that strong. ","That/DT was/VBD almost/RB unheard/JJ of/IN for/IN a/DT pitcher/NN to/TO ,/, you/PRP know/VBP ,/, to/TO start/VB out/RP that/RB strong/RB ./."
"46","sw06utt/sw_0638_2105.utt","2/sw2105",2105,45,"b","A",26,1,"Yeah,  /","Yeah/UH ,/,","(INTJ (UH Yeah) (, ,) (-DFL- E_S))","41",77.754625,84.88025,"Yeah,  ","Yeah/UH ,/,"
"47","sw06utt/sw_0638_2105.utt","2/sw2105",2105,46,"b","A",26,2,"yes,  /","yes/UH ,/,","(INTJ (UH yes) (, ,) (-DFL- E_S))","71",77.754625,84.88025,"yes,  ","yes/UH ,/,"
"48","sw06utt/sw_0638_2105.utt","2/sw2105",2105,47,"b","A",26,3,"uh-huh. /","uh-huh/UH ./.","(INTJ (UH uh-huh) (. .) (-DFL- E_S))","72",77.754625,84.88025,"uhhuh. ","uhhuh/UH ./."
"49","sw06utt/sw_0638_2105.utt","2/sw2105",2105,48,"o","B",27,1,"((   ))  no big deal, {D you know, }  /","MUMBLEx/XX no/DT big/JJ deal/NN ,/, you/PRP know/VBP ,/,","(FRAG (X (XX MUMBLEx)) (NP (DT no) (JJ big) (NN deal)) (PRN (, ,) (S (NP-SBJ (PRP you)) (VP (VBP know)))) (, ,) (-DFL- E_S))","74",84.86625,87.54125,"     no big deal,  you know,   ","MUMBLEx/XX no/DT big/JJ deal/NN ,/, you/PRP know/VBP ,/,"
"50","sw06utt/sw_0638_2105.utt","2/sw2105",2105,49,"o","B",27,2,"it's just part of a day's work. /","it/PRP 's/BES just/RB part/NN of/IN a/DT day/NN 's/POS work/NN ./.","(S (NP-SBJ (PRP it)) (VP (BES 's) (ADVP (RB just)) (NP-PRD (NP (NN part)) (PP (IN of) (NP (NP (DT a) (NN day) (POS 's)) (NN work))))) (. .) (-DFL- E_S))","75",84.86625,87.54125,"it's just part of a day's work. ","it/PRP 's/BES just/RB part/NN of/IN a/DT day/NN 's/POS work/NN ./."
"51","sw06utt/sw_0638_2105.utt","2/sw2105",2105,50,"aa","A",28,1,"Yeah,  /","Yeah/UH ,/,","(INTJ (UH Yeah) (, ,) (-DFL- E_S))","70",86.50225,88.444625,"Yeah,  ","Yeah/UH ,/,"
"52","sw06utt/sw_0638_2105.utt","2/sw2105",2105,51,"sv","A",28,2,"I know it,  /","I/PRP know/VBP it/PRP ,/,","(S (NP-SBJ (PRP I)) (VP (VBP know) (NP (PRP it))) (, ,) (-DFL- E_S))","78",86.50225,88.444625,"I know it,  ","I/PRP know/VBP it/PRP ,/,"
"53","sw06utt/sw_0638_2105.utt","2/sw2105",2105,52,"%","A",28,3,"yeah,  /","yeah/UH ,/,","(INTJ (UH yeah) (, ,) (-DFL- E_S))","79",86.50225,88.444625,"yeah,  ","yeah/UH ,/,"
"54","sw06utt/sw_0638_2105.utt","2/sw2105",2105,53,"%","A",28,4,"yeah. /","yeah/UH ./.","(INTJ (UH yeah) (. .) (-DFL- E_S))","80",86.50225,88.444625,"yeah. ","yeah/UH ./."
"55","sw06utt/sw_0638_2105.utt","2/sw2105",2105,54,"sv","B",29,1,"He's something else,  /","He/PRP 's/BES something/NN else/JJ ,/,","(S (NP-SBJ (PRP He)) (VP (BES 's) (NP-PRD (NP (NN something)) (ADVP (JJ else)))) (, ,) (-DFL- E_S))","82",87.948,89.511625,"He's something else,  ","He/PRP 's/BES something/NN else/JJ ,/,"
"56","sw06utt/sw_0638_2105.utt","2/sw2105",2105,55,"sv","B",29,2,"he really is. /","he/PRP really/RB is/VBZ ./.","(S (NP-SBJ (PRP he)) (ADVP (RB really)) (VP (VBZ is) (NP-PRD (-NONE- *?*))) (. .) (-DFL- E_S))","83",87.948,89.511625,"he really is. ","he/PRP really/RB is/VBZ ./."
"57","sw06utt/sw_0638_2105.utt","2/sw2105",2105,56,"sv","A",30,1,"He really is an, {D you know, } - /","He/PRP really/RB is/VBZ an/DT ,/, you/PRP know/VBP ,/,","(S (NP-SBJ (PRP He)) (ADVP (RB really)) (VP (VBZ is) (NP-PRD-UNF (DT an) (PRN (, ,) (S (NP-SBJ (PRP you)) (VP (VBP know)))))) (, ,) (-DFL- N_S))","85",89.354875,97.151,"He really is an,  you know,   ","He/PRP really/RB is/VBZ an/DT ,/, you/PRP know/VBP ,/,"
"58","sw06utt/sw_0638_2105.utt","2/sw2105",2105,57,"sv","A",30,2,"as far as predictions and stuff, I really think the Rangers may come out real strong this year. /","as/RB far/RB as/IN predictions/NNS and/CC stuff/NN ,/, I/PRP really/RB think/VBP the/DT Rangers/NNPS may/MD come/VB out/RP real/RB strong/RB this/DT year/NN ./.","(S (ADVP (ADVP (RB as) (RB far)) (PP (IN as) (NP (NNS predictions) (CC and) (NN stuff)))) (, ,) (NP-SBJ (PRP I)) (ADVP (RB really)) (VP (VBP think) (SBAR (-NONE- 0) (S (NP-SBJ (DT the) (NNPS Rangers)) (VP (MD may) (VP (VB come) (PRT (RP out)) (ADVP (RB real) (RB strong)) (NP-TMP (DT this) (NN year))))))) (. .) (-DFL- E_S))","86",89.354875,97.151,"as far as predictions and stuff, I really think the Rangers may come out real strong this year. ","as/RB far/RB as/IN predictions/NNS and/CC stuff/NN ,/, I/PRP really/RB think/VBP the/DT Rangers/NNPS may/MD come/VB out/RP real/RB strong/RB this/DT year/NN ./."
"59","sw06utt/sw_0638_2105.utt","2/sw2105",2105,58,"sv","B",31,1,"They could do very well,  /","They/PRP could/MD do/VB very/RB well/RB ,/,","(S (NP-SBJ (PRP They)) (VP (MD could) (VP (VB do) (ADVP (RB very) (RB well)))) (, ,) (-DFL- E_S))","88",96.955875,98.71025,"They could do very well,  ","They/PRP could/MD do/VB very/RB well/RB ,/,"
"60","sw06utt/sw_0638_2105.utt","2/sw2105",2105,59,"sv","B",31,2,"they sure could. /","they/PRP sure/RB could/MD ./.","(S (NP-SBJ (PRP they)) (ADVP (RB sure)) (VP (MD could) (VP (-NONE- *?*))) (. .) (-DFL- E_S))","89",96.955875,98.71025,"they sure could. ","they/PRP sure/RB could/MD ./."
"61","sw06utt/sw_0638_2105.utt","2/sw2105",2105,60,"%","A",32,1,"They coul-, because - /","They/PRP coul/MD ,/, because/IN","(S (NP-SBJ (PRP They)) (VP-UNF (MD coul-) (, ,) (SBAR-PRP-UNF (IN because))) (-DFL- N_S))","91",97.914625,105.115125,"They coul, because  ","They/PRP coul/MD ,/, because/IN"
"62","sw06utt/sw_0638_2105.utt","2/sw2105",2105,61,"h","A",32,2,"I don't know  /","I/PRP do/VBP n't/RB know/VB","(S (NP-SBJ (PRP I)) (VP (VBP do) (RB n't) (VP (VB know))) (-DFL- E_S))","92",97.914625,105.115125,"I don't know  ","I/PRP do/VBP n't/RB know/VB"
"63","sw06utt/sw_0638_2105.utt","2/sw2105",2105,62,"sd","A",32,3,"{C but } last year I just figured they was under a lot of pressure because of  all the publicity and everything, /","but/CC last/JJ year/NN I/PRP just/RB figured/VBD they/PRP was/VBD under/IN a/DT lot/NN of/IN pressure/NN because/IN of/IN all/PDT the/DT publicity/NN and/CC everything/NN ,/,","(S (CC but) (NP-TMP (JJ last) (NN year)) (NP-SBJ (PRP I)) (ADVP (RB just)) (VP (VBD figured) (SBAR (-NONE- 0) (S (NP-SBJ (PRP they)) (VP (VBD was) (PP-PRD (IN under) (NP (NP (DT a) (NN lot)) (PP (IN of) (NP (NN pressure))))) (PP-PRP (IN because) (IN of) (NP (PDT all) (DT the) (NN publicity) (CC and) (NN everything))))))) (, ,) (-DFL- E_S))","93",97.914625,105.115125," but  last year I just figured they was under a lot of pressure because of  all the publicity and everything, ","but/CC last/JJ year/NN I/PRP just/RB figured/VBD they/PRP was/VBD under/IN a/DT lot/NN of/IN pressure/NN because/IN of/IN all/PDT the/DT publicity/NN and/CC everything/NN ,/,"
"64","sw06utt/sw_0638_2105.utt","2/sw2105",2105,63,"b","B",33,1,"Uh-huh,  /","Uh-huh/UH ,/,","(INTJ (UH Uh-huh) (, ,) (-DFL- E_S))","95",102.39175,103.921125,"Uhhuh,  ","Uhhuh/UH ,/,"
"65","sw06utt/sw_0638_2105.utt","2/sw2105",2105,64,"b^r","B",33,2,"uh-huh,  /","uh-huh/UH ,/,","(INTJ (UH uh-huh) (, ,) (-DFL- E_S))","96",102.39175,103.921125,"uhhuh,  ","uhhuh/UH ,/,"
"66","sw06utt/sw_0638_2105.utt","2/sw2105",2105,65,"b","B",33,3,"right. /","right/UH ./.","(INTJ (UH right) (. .) (-DFL- E_S))","97",102.39175,103.921125,"right. ","right/UH ./."
"67","sw06utt/sw_0638_2105.utt","2/sw2105",2105,66,"sd","A",34,1,"I really do. /","I/PRP really/RB do/VBP ./.","(S (NP-SBJ (PRP I)) (ADVP (RB really)) (VP (VBP do)) (. .) (-DFL- E_S))","99",105.115125,106.091375,"I really do. ","I/PRP really/RB do/VBP ./."
"68","sw06utt/sw_0638_2105.utt","2/sw2105",2105,67,"b","B",35,1,"Yeah,  /","Yeah/UH ,/,","(INTJ (UH Yeah) (, ,) (-DFL- E_S))","70",104.8645,112.295875,"Yeah,  ","Yeah/UH ,/,"
"69","sw06utt/sw_0638_2105.utt","2/sw2105",2105,68,"%","B",35,2,"they've got, {F uh, } I guess all, - /","they/PRP 've/VBP got/VBN ,/, uh/UH ,/, I/PRP guess/VBP all/DT ,/,","(S (NP-SBJ (PRP they)) (VP (VBP 've) (VP (VBN got) (, ,) (INTJ (UH uh)) (PRN (, ,) (S (NP-SBJ (PRP I)) (VP (VBP guess)))) (NP-UNF (DT all)))) (, ,) (-DFL- N_S))","102",104.8645,112.295875,"they've got,  uh,  I guess all,  ","they/PRP 've/VBP got/VBN ,/, uh/UH ,/, I/PRP guess/VBP all/DT ,/,"
"70","sw06utt/sw_0638_2105.utt","2/sw2105",2105,69,"sd","B",35,3,"{D well } all their players are signed now.  /","well/UH all/DT their/PRP$ players/NNS are/VBP signed/JJ now/RB ./.","(S (INTJ (UH well)) (NP-SBJ (DT all) (PRP$ their) (NNS players)) (VP (VBP are) (ADJP-PRD (JJ signed)) (ADVP-TMP (RB now))) (. .) (-DFL- E_S))","103",104.8645,112.295875," well  all their players are signed now.  ","well/UH all/DT their/PRP$ players/NNS are/VBP signed/JJ now/RB ./."
"71","sw06utt/sw_0638_2105.utt","2/sw2105",2105,70,"sv","B",35,4,"Some of them are not too happy about it  /","Some/DT of/IN them/PRP are/VBP not/RB too/RB happy/JJ about/IN it/PRP","(S (NP-SBJ (NP (DT Some)) (PP (IN of) (NP (PRP them)))) (VP (VBP are) (RB not) (ADJP-PRD (RB too) (JJ happy) (PP (IN about) (NP (PRP it))))) (-DFL- E_S))","104",104.8645,112.295875,"Some of them are not too happy about it  ","Some/DT of/IN them/PRP are/VBP not/RB too/RB happy/JJ about/IN it/PRP"
"72","sw06utt/sw_0638_2105.utt","2/sw2105",2105,71,"sd","B",35,5,"{C but } [ there, +  there's ] no hold outs. /","but/CC there/EX ,/, there/EX 's/BES no/DT hold/GW outs/^NNS ./.","(S (CC but) (EDITED (RM (-DFL- \[)) (NP-SBJ (EX there)) (, ,) (IP (-DFL- \+))) (NP-SBJ (EX there)) (VP (BES 's) (RS (-DFL- \])) (NP-PRD (DT no) (GW hold) (^NNS outs))) (. .) (-DFL- E_S))","105",104.8645,112.295875," but   there,   there's  no hold outs. ","but/CC there/EX ,/, there/EX 's/BES no/DT hold/GW outs/^NNS ./."
"73","sw06utt/sw_0638_2105.utt","2/sw2105",2105,72,"b","A",36,1,"Yeah,  /","Yeah/UH ,/,","(INTJ (UH Yeah) (, ,) (-DFL- E_S))","70",110.7745,114.384625,"Yeah,  ","Yeah/UH ,/,"
"74","sw06utt/sw_0638_2105.utt","2/sw2105",2105,73,"b^r","A",36,2,"yeah  /","yeah/UH","(INTJ (UH yeah) (-DFL- E_S))","108",110.7745,114.384625,"yeah  ","yeah/UH"
"75","sw06utt/sw_0638_2105.utt","2/sw2105",2105,74,"sv","A",36,3,"at least,","at/IN least/JJS ,/,","(S (ADVP (IN at) (JJS least)) (, ,) (NP-SBJ (DT that)) (VP (MD should) (VP (VB help))) (, ,) (-DFL- E_S))","109",110.7745,114.384625,"at least,","at/IN least/JJS ,/,"
"76","sw06utt/sw_0638_2105.utt","2/sw2105",2105,75,"sv","B",37,1,"{D So } that should help. /","So/RB that/DT should/MD help/VB ./.","(S (INTJ (UH So)) (NP-SBJ (DT that)) (VP (MD should) (VP (VB help))) (. .) (-DFL- E_S))","111",112.695875,113.58," So  that should help. ","So/RB that/DT should/MD help/VB ./."
"77","sw06utt/sw_0638_2105.utt","2/sw2105",2105,76,"+","A",38,1,"that should help,  /","that/DT should/MD help/VB ,/,","(S (ADVP (IN at) (JJS least)) (, ,) (NP-SBJ (DT that)) (VP (MD should) (VP (VB help))) (, ,) (-DFL- E_S))","109",114.384625,115.621875,"that should help,  ","that/DT should/MD help/VB ,/,"
"78","sw06utt/sw_0638_2105.utt","2/sw2105",2105,77,"sv","A",38,2,"it sure should. /","it/PRP sure/RB should/MD ./.","(S (NP-SBJ (PRP it)) (ADVP (RB sure)) (VP (MD should) (VP (-NONE- *?*))) (. .) (-DFL- E_S))","113",114.384625,115.621875,"it sure should. ","it/PRP sure/RB should/MD ./."
"79","sw06utt/sw_0638_2105.utt","2/sw2105",2105,78,"aa","B",39,1,"Yeah,  /","Yeah/UH ,/,","(INTJ (UH Yeah) (, ,) (-DFL- E_S))","77",114.321375,115.738,"Yeah,  ","Yeah/UH ,/,"
"80","sw06utt/sw_0638_2105.utt","2/sw2105",2105,79,"sv","B",39,2,"it should, uh-huh. /","it/PRP should/MD ,/, uh-huh/UH ./.","(S (NP-SBJ (PRP it)) (VP (MD should) (VP (-NONE- *?*) (, ,) (INTJ (UH uh-huh)))) (. .) (-DFL- E_S))","116",114.321375,115.738,"it should, uhhuh. ","it/PRP should/MD ,/, uhhuh/UH ./."
"81","sw06utt/sw_0638_2105.utt","2/sw2105",2105,80,"%","A",40,1,"{C But } in a way, I really do,  /","But/CC in/IN a/DT way/NN ,/, I/PRP really/RB do/VBP ,/,","(S (CC But) (PP (IN in) (NP (DT a) (NN way))) (, ,) (NP-SBJ (PRP I)) (ADVP (RB really)) (VP-UNF (VBP do)) (, ,) (-DFL- E_S))","118",116.17725,123.761," But  in a way, I really do,  ","But/CC in/IN a/DT way/NN ,/, I/PRP really/RB do/VBP ,/,"
"82","sw06utt/sw_0638_2105.utt","2/sw2105",2105,81,"sd","A",40,2,"{C and } of course, there's a few more, {D you know, } I think are good ball teams also. /","and/CC of/IN course/NN ,/, there/EX 's/BES a/DT few/RB more/JJR ,/, you/PRP know/VBP ,/, I/PRP think/VBP are/VBP good/JJ ball/NN teams/NNS also/RB ./.","(S-2 (CC and) (PP (IN of) (NP (NN course))) (, ,) (NP-SBJ (EX there)) (VP (BES 's) (NP-PRD (NP (DT a) (RB few) (JJR more)) (PRN (, ,) (S (NP-SBJ (PRP you)) (VP (VBP know))) (, ,)) (PRN (S (NP-SBJ (PRP I)) (VP (VBP think) (SBAR (-NONE- 0) (S (-NONE- *T*-2)))))) (SBAR (WHNP-1 (-NONE- 0)) (S (NP-SBJ (-NONE- *T*-1)) (VP (VBP are) (NP-PRD (JJ good) (NN ball) (NNS teams)) (ADVP (RB also))))))) (. .) (-DFL- E_S))","119",116.17725,123.761," and  of course, there's a few more,  you know,  I think are good ball teams also. ","and/CC of/IN course/NN ,/, there/EX 's/BES a/DT few/RB more/JJR ,/, you/PRP know/VBP ,/, I/PRP think/VBP are/VBP good/JJ ball/NN teams/NNS also/RB ./."
"83","sw06utt/sw_0638_2105.utt","2/sw2105",2105,82,"aa","B",41,1,"Oh yeah,  /","Oh/UH yeah/UH ,/,","(INTJ (INTJ (UH Oh)) (INTJ (UH yeah)) (, ,) (-DFL- E_S))","121",122.89825,124.209375,"Oh yeah,  ","Oh/UH yeah/UH ,/,"
"84","sw06utt/sw_0638_2105.utt","2/sw2105",2105,83,"aa","B",41,2,"sure. /","sure/UH ./.","(INTJ (UH sure) (. .) (-DFL- E_S))","122",122.89825,124.209375,"sure. ","sure/UH ./."
"85","sw06utt/sw_0638_2105.utt","2/sw2105",2105,84,"sv","A",42,1,"Like Oakland A's and the Giants  /","Like/IN Oakland/NNP A/NNP 's/NNPS and/CC the/DT Giants/NNPS","(PP (IN Like) (NP (NP (NNP Oakland) (NNP A) (NNPS 's)) (CC and) (NP (DT the) (NNPS Giants))) (-DFL- E_S))","124",124.213,127.584125,"Like Oakland A's and the Giants  ","Like/IN Oakland/NNP A/NNP 's/NNPS and/CC the/DT Giants/NNPS"
"86","sw06utt/sw_0638_2105.utt","2/sw2105",2105,85,"""","A",42,2,"I really do. /","I/PRP really/RB do/VBP ./.","(S (NP-SBJ (PRP I)) (ADVP (RB really)) (VP (VBP do)) (. .) (-DFL- E_S))","99",124.213,127.584125,"I really do. ","I/PRP really/RB do/VBP ./."
"87","sw06utt/sw_0638_2105.utt","2/sw2105",2105,86,"b","B",43,1,"Sure,  /","Sure/UH ,/,","(INTJ (UH Sure) (, ,) (-DFL- E_S))","127",125.166,129.55875,"Sure,  ","Sure/UH ,/,"
"88","sw06utt/sw_0638_2105.utt","2/sw2105",2105,87,"b^r","B",43,2,"sure,  /","sure/UH ,/,","(INTJ (UH sure) (, ,) (-DFL- E_S))","128",125.166,129.55875,"sure,  ","sure/UH ,/,"
"89","sw06utt/sw_0638_2105.utt","2/sw2105",2105,88,"b","B",43,3,"uh-huh,  /","uh-huh/UH ,/,","(INTJ (UH uh-huh) (, ,) (-DFL- E_S))","96",125.166,129.55875,"uhhuh,  ","uhhuh/UH ,/,"
"90","sw06utt/sw_0638_2105.utt","2/sw2105",2105,89,"sv","B",43,4,"Cincinnati.   /","Cincinnati/NNP ./.","(NP (NNP Cincinnati) (. .) (-DFL- E_S))","130",125.166,129.55875,"Cincinnati.   ","Cincinnati/NNP ./."
"91","sw06utt/sw_0638_2105.utt","2/sw2105",2105,90,"%","B",43,5,"Yeah,  /","Yeah/UH ,/,","(INTJ (UH Yeah) (, ,) (-DFL- E_S))","101",125.166,129.55875,"Yeah,  ","Yeah/UH ,/,"
"92","sw06utt/sw_0638_2105.utt","2/sw2105",2105,91,"sd","B",43,6,"there sure are. /","there/EX sure/RB are/VBP ./.","(S (NP-SBJ (EX there)) (ADVP (RB sure)) (VP (VBP are) (NP-PRD (-NONE- *?*))) (. .) (-DFL- E_S))","132",125.166,129.55875,"there sure are. ","there/EX sure/RB are/VBP ./."
"93","sw06utt/sw_0638_2105.utt","2/sw2105",2105,92,"sd","A",44,1,"I like to go watch the Giants  when they come to Houston some times. /","I/PRP like/VBP to/TO go/VB watch/VB the/DT Giants/NNPS when/WRB they/PRP come/VBP to/IN Houston/NNP some/DT times/NNS ./.","(S (NP-SBJ-1 (PRP I)) (VP (VBP like) (S (NP-SBJ (-NONE- *-1)) (VP (TO to) (VP (VP (VB go)) (VP (VB watch) (NP (DT the) (NNPS Giants)) (SBAR-TMP (WHADVP-2 (WRB when)) (S (NP-SBJ (PRP they)) (VP (VBP come) (PP-DIR (IN to) (NP (NNP Houston))) (ADVP-TMP (TYPO (DT some) (NNS times))) (ADVP-TMP (-NONE- *T*-2)))))))))) (. .) (-DFL- E_S))","134",129.706,133.645875,"I like to go watch the Giants  when they come to Houston some times. ","I/PRP like/VBP to/TO go/VB watch/VB the/DT Giants/NNPS when/WRB they/PRP come/VBP to/IN Houston/NNP some/DT times/NNS ./."
"94","sw06utt/sw_0638_2105.utt","2/sw2105",2105,93,"b","B",45,1,"Uh-huh,  /","Uh-huh/UH ,/,","(INTJ (UH Uh-huh) (, ,) (-DFL- E_S))","95",131.36625,133.72825,"Uhhuh,  ","Uhhuh/UH ,/,"
"95","sw06utt/sw_0638_2105.utt","2/sw2105",2105,94,"b^r","B",45,2,"uh-huh,  /","uh-huh/UH ,/,","(INTJ (UH uh-huh) (, ,) (-DFL- E_S))","96",131.36625,133.72825,"uhhuh,  ","uhhuh/UH ,/,"
"96","sw06utt/sw_0638_2105.utt","2/sw2105",2105,95,"b","B",45,3,"that's right. /","that/DT 's/BES right/JJ ./.","(S (NP-SBJ (DT that)) (VP (BES 's) (ADJP-PRD (JJ right))) (. .) (-DFL- E_S))","138",131.36625,133.72825,"that's right. ","that/DT 's/BES right/JJ ./."
"97","sw06utt/sw_0638_2105.utt","2/sw2105",2105,96,"%","A",46,1,"{C But, } {F uh, } -/","But/CC ,/, uh/UH ,/,","(S-UNF (CC But) (, ,) (INTJ (UH uh)) (, ,) (-DFL- N_S))","140",134.687375,135.33075," But,   uh,  ","But/CC ,/, uh/UH ,/,"
"98","sw06utt/sw_0638_2105.utt","2/sw2105",2105,97,"sd","B",47,1,"I've never seen the Astros play. /","I/PRP 've/VBP never/RB seen/VBN the/DT Astros/NNPS play/VB ./.","(S (NP-SBJ (PRP I)) (VP (VBP 've) (ADVP-TMP (RB never)) (VP (VBN seen) (S (NP-SBJ (DT the) (NNPS Astros)) (VP (VB play))))) (. .) (-DFL- E_S))","142",135.024875,136.617375,"I've never seen the Astros play. ","I/PRP 've/VBP never/RB seen/VBN the/DT Astros/NNPS play/VB ./."
"99","sw06utt/sw_0638_2105.utt","2/sw2105",2105,98,"bh","A",48,1,"{F Oh } you haven't? /","Oh/UH you/PRP have/VBP n't/RB ?/.","(S (INTJ (UH Oh)) (NP-SBJ (PRP you)) (VP (VBP have) (RB n't) (VP (-NONE- *?*))) (. ?) (-DFL- E_S))","144",136.6925,137.702125," Oh  you haven't? ","Oh/UH you/PRP have/VBP n't/RB ?/."
"100","sw06utt/sw_0638_2105.utt","2/sw2105",2105,99,"nn","B",49,1,"Huh-uh. /","Huh-uh/UH ./.","(INTJ (UH Huh-uh) (. .) (-DFL- E_S))","146",137.3185,137.68675,"Huhuh. ","Huhuh/UH ./."
"101","sw06utt/sw_0638_2105.utt","2/sw2105",2105,100,"sd","A",50,1,"{F Oh, } I have a few times. /","Oh/UH ,/, I/PRP have/VBP a/DT few/JJ times/NNS ./.","(S (INTJ (UH Oh)) (, ,) (NP-SBJ (PRP I)) (VP (VBP have) (NP-TMP (DT a) (JJ few) (NNS times))) (. .) (-DFL- E_S))","148",137.849,139.6425," Oh,  I have a few times. ","Oh/UH ,/, I/PRP have/VBP a/DT few/JJ times/NNS ./."
"102","sw06utt/sw_0638_2105.utt","2/sw2105",2105,101,"b","B",51,1,"Uh-huh. /","Uh-huh/UH ./.","(INTJ (UH Uh-huh) (. .) (-DFL- E_S))","150",143.658125,143.943125,"Uhhuh. ","Uhhuh/UH ./."
"103","sw06utt/sw_0638_2105.utt","2/sw2105",2105,102,"sv","A",52,1,"{F Uh, } they're a good ball team. /","Uh/UH ,/, they/PRP 're/VBP a/DT good/JJ ball/NN team/NN ./.","(S (INTJ (UH Uh)) (, ,) (NP-SBJ (PRP they)) (VP (VBP 're) (NP-PRD (DT a) (JJ good) (NN ball) (NN team))) (. .) (-DFL- E_S))","152",140.33225,142.98725," Uh,  they're a good ball team. ","Uh/UH ,/, they/PRP 're/VBP a/DT good/JJ ball/NN team/NN ./."
"104","sw06utt/sw_0638_2105.utt","2/sw2105",2105,103,"aa","B",53,1,"That's right. /","That/DT 's/BES right/JJ ./.","(S (NP-SBJ (DT That)) (VP (BES 's) (ADJP-PRD (JJ right))) (. .) (-DFL- E_S))","154",143.943125,143.943125,"That's right. ","That/DT 's/BES right/JJ ./."
"105","sw06utt/sw_0638_2105.utt","2/sw2105",2105,104,"sv","A",54,1,"They really are. /","They/PRP really/RB are/VBP ./.","(S (NP-SBJ (PRP They)) (ADVP (RB really)) (VP (VBP are) (NP-PRD (-NONE- *?*))) (. .) (-DFL- E_S))","156",142.98725,144.2345,"They really are. ","They/PRP really/RB are/VBP ./."
"106","sw06utt/sw_0638_2105.utt","2/sw2105",2105,105,"aa","B",55,1,"They sure are.  /","They/PRP sure/RB are/VBP ./.","(S (NP-SBJ (PRP They)) (ADVP (RB sure)) (VP (VBP are) (NP-PRD (-NONE- *?*))) (. .) (-DFL- E_S))","158",143.943125,148.68125,"They sure are.  ","They/PRP sure/RB are/VBP ./."
"107","sw06utt/sw_0638_2105.utt","2/sw2105",2105,106,"qy","B",55,2,"Wouldn't it be something  to have a World Series between [ Da-, + ] the Rangers and the Astros. /","Would/MD n't/RB it/PRP be/VB something/NN to/TO have/VB a/DT World/NNP Series/NNP between/IN Da-/NNP ,/, the/DT Rangers/NNPS and/CC the/DT Astros/NNPS ./.","(SQ (MD Would) (RB n't) (NP-SBJ (NP (PRP it)) (S (-NONE- *EXP*-1))) (VP (VB be) (NP-PRD (NN something)) (S-1 (NP-SBJ (-NONE- *)) (VP (TO to) (VP (VB have) (NP (NP (DT a) (NNP World) (NNP Series)) (PP (IN between) (EDITED (RM (-DFL- \[)) (NP-UNF (NNP Da-)) (, ,) (IP (-DFL- \+)) (RS (-DFL- \]))) (NP (NP (DT the) (NNPS Rangers)) (CC and) (NP (DT the) (NNPS Astros))))))))) (. .) (-DFL- E_S))","159",143.943125,148.68125,"Wouldn't it be something  to have a World Series between  Da,   the Rangers and the Astros. ","Would/MD n't/RB it/PRP be/VB something/NN to/TO have/VB a/DT World/NNP Series/NNP between/IN Da/NNP ,/, the/DT Rangers/NNPS and/CC the/DT Astros/NNPS ./."
"108","sw06utt/sw_0638_2105.utt","2/sw2105",2105,107,"qh","A",56,1,"{F Oh, } [ wouldn't it, + wouldn't it ]  though <laughter>. /","Oh/UH ,/, would/MD n't/RB it/PRP ,/, would/MD n't/RB it/PRP though/RB ./.","(SQ (INTJ (UH Oh)) (, ,) (EDITED (RM (-DFL- \[)) (SQ-UNF (MD would) (RB n't) (NP-SBJ (PRP it))) (, ,) (IP (-DFL- \+))) (MD would) (RB n't) (NP-SBJ (PRP it)) (VP (-NONE- *?*) (RS (-DFL- \])) (ADVP (RB though))) (. .) (-DFL- E_S))","161",148.83125,151.79075," Oh,   wouldn't it,  wouldn't it   though laughter. ","Oh/UH ,/, would/MD n't/RB it/PRP ,/, would/MD n't/RB it/PRP though/RB ./."
"109","sw06utt/sw_0638_2105.utt","2/sw2105",2105,108,"fe","B",57,1,"Boy,  /","Boy/UH ,/,","(INTJ (UH Boy) (, ,) (-DFL- E_S))","163",152.251375,154.152625,"Boy,  ","Boy/UH ,/,"
"110","sw06utt/sw_0638_2105.utt","2/sw2105",2105,109,"sv","B",57,2,"I tell you that would draw  a crowd, wouldn't it. /","I/PRP tell/VBP you/PRP that/DT would/MD draw/VB a/DT crowd/NN ,/, would/MD n't/RB it/PRP ./.","(S (NP-SBJ (PRP I)) (VP (VBP tell) (NP (PRP you))))|||(SQ (S (NP-SBJ (DT that)) (VP (MD would) (VP (VB draw) (NP (DT a) (NN crowd))))) (, ,) (SQ (MD would) (RB n't) (NP-SBJ (PRP it)) (VP (-NONE- *?*))) (. .) (-DFL- E_S))","164|||165",152.251375,154.152625,"I tell you that would draw  a crowd, wouldn't it. ","I/PRP tell/VBP you/PRP that/DT would/MD draw/VB a/DT crowd/NN ,/, would/MD n't/RB it/PRP ./."
"111","sw06utt/sw_0638_2105.utt","2/sw2105",2105,110,"qh^m","A",58,1,"Wouldn't it. /","Would/MD n't/RB it/PRP ./.","(SQ (MD Would) (RB n't) (NP-SBJ (PRP it)) (VP (-NONE- *?*)) (. .) (-DFL- E_S))","167",153.778,154.954625,"Wouldn't it. ","Would/MD n't/RB it/PRP ./."
"112","sw06utt/sw_0638_2105.utt","2/sw2105",2105,111,"sv","B",59,1,"It sure would. /","It/PRP sure/RB would/MD ./.","(S (NP-SBJ (PRP It)) (ADVP (RB sure)) (VP (MD would) (VP (-NONE- *?*))) (. .) (-DFL- E_S))","169",154.540625,155.56325,"It sure would. ","It/PRP sure/RB would/MD ./."
"113","sw06utt/sw_0638_2105.utt","2/sw2105",2105,112,"fe","A",60,1,"{F Oh } my goodness,  /","Oh/UH my/PRP$ goodness/NN ,/,","(INTJ (INTJ (UH Oh)) (INTJ (PRP$ my) (NN goodness)) (, ,) (-DFL- E_S))","171",154.954625,158.7175," Oh  my goodness,  ","Oh/UH my/PRP$ goodness/NN ,/,"
"114","sw06utt/sw_0638_2105.utt","2/sw2105",2105,113,"qy^g","A",60,2,"we might actually get to go to a World Series, {F huh. } /","we/PRP might/MD actually/RB get/VB to/TO go/VB to/IN a/DT World/NNP Series/NNP ,/, huh/UH ./.","(S (NP-SBJ-1 (PRP we)) (VP (MD might) (ADVP (RB actually)) (VP (VB get) (S (NP-SBJ (-NONE- *-1)) (VP (TO to) (VP (VB go) (PP-DIR (IN to) (NP (DT a) (NNP World) (NNP Series))) (, ,) (INTJ (UH huh))))))) (. .) (-DFL- E_S))","172",154.954625,158.7175,"we might actually get to go to a World Series,  huh.  ","we/PRP might/MD actually/RB get/VB to/TO go/VB to/IN a/DT World/NNP Series/NNP ,/, huh/UH ./."
"115","sw06utt/sw_0638_2105.utt","2/sw2105",2105,114,"na","B",61,1,"That's right,  /","That/DT 's/BES right/JJ ,/,","(S (NP-SBJ (DT That)) (VP (BES 's) (ADJP-PRD (JJ right))) (, ,) (-DFL- E_S))","174",158.21675,159.648,"That's right,  ","That/DT 's/BES right/JJ ,/,"
"116","sw06utt/sw_0638_2105.utt","2/sw2105",2105,115,"qy","B",61,2,"wouldn't that be something. /","would/MD n't/RB that/DT be/VB something/NN ./.","(SQ (MD would) (RB n't) (NP-SBJ (DT that)) (VP (VB be) (NP-PRD (NN something))) (. .) (-DFL- E_S))","175",158.21675,159.648,"wouldn't that be something. ","would/MD n't/RB that/DT be/VB something/NN ./."
"117","sw06utt/sw_0638_2105.utt","2/sw2105",2105,116,"ny","A",62,1,"{F Oh, } yeah. /","Oh/UH ,/, yeah/UH ./.","(INTJ (INTJ (UH Oh)) (, ,) (INTJ (UH yeah)) (. .) (-DFL- E_S))","177",159.657875,161.974375," Oh,  yeah. ","Oh/UH ,/, yeah/UH ./."
"118","sw06utt/sw_0638_2105.utt","2/sw2105",2105,117,"sv","B",63,1,"It sure would. /","It/PRP sure/RB would/MD ./.","(S (NP-SBJ (PRP It)) (ADVP (RB sure)) (VP (MD would) (VP (-NONE- *?*))) (. .) (-DFL- E_S))","169",159.648,161.734,"It sure would. ","It/PRP sure/RB would/MD ./."
"119","sw06utt/sw_0638_2105.utt","2/sw2105",2105,118,"sv","A",64,1,"That's something you dream about. /","That/DT 's/BES something/NN you/PRP dream/VBP about/IN ./.","(S (NP-SBJ (DT That)) (VP (BES 's) (NP-PRD (NP (NN something)) (SBAR (WHNP-1 (-NONE- 0)) (S (NP-SBJ (PRP you)) (VP (VBP dream) (PP (IN about) (NP (-NONE- *T*-1)))))))) (. .) (-DFL- E_S))","181",161.974375,163.59975,"That's something you dream about. ","That/DT 's/BES something/NN you/PRP dream/VBP about/IN ./."
"120","sw06utt/sw_0638_2105.utt","2/sw2105",2105,119,"aa","B",65,1,"Absolutely.  /","Absolutely/UH ./.","(INTJ (UH Absolutely) (. .) (-DFL- E_S))","183",163.220625,166.75675,"Absolutely.  ","Absolutely/UH ./."
"121","sw06utt/sw_0638_2105.utt","2/sw2105",2105,120,"sv","B",65,2,"{C But } there are a  lot of Ranger fans around. /","But/CC there/EX are/VBP a/DT lot/NN of/IN Ranger/NNP fans/NNS around/RB ./.","(S (CC But) (NP-SBJ (EX there)) (VP (VBP are) (NP-PRD (NP (DT a) (NN lot)) (PP (IN of) (NP (NNP Ranger) (NNS fans)))) (ADVP (RB around))) (. .) (-DFL- E_S))","184",163.220625,166.75675," But  there are a  lot of Ranger fans around. ","But/CC there/EX are/VBP a/DT lot/NN of/IN Ranger/NNP fans/NNS around/RB ./."
"122","sw06utt/sw_0638_2105.utt","2/sw2105",2105,121,"aa","A",66,1,"{F Oh, } there sure is  /","Oh/UH ,/, there/RB sure/RB is/VBZ","(S (INTJ (UH Oh)) (, ,) (NP-SBJ (RB there)) (ADVP (RB sure)) (VP (VBZ is) (NP-PRD (-NONE- *?*))) (-DFL- E_S))","186",164.9995,179.4855," Oh,  there sure is  ","Oh/UH ,/, there/RB sure/RB is/VBZ"
"123","sw06utt/sw_0638_2105.utt","2/sw2105",2105,122,"sv","A",66,2,"{C and, } {F uh, } [ that, +  {E I mean } they ]  really are.  /","and/CC ,/, uh/UH ,/, that/DT ,/, I/PRP mean/VBP they/PRP really/RB are/VBP ./.","(S (CC and) (, ,) (INTJ (UH uh)) (, ,) (EDITED (RM (-DFL- \[)) (NP-SBJ (DT that)) (, ,) (IP (-DFL- \+))) (PRN (S (NP-SBJ (PRP I)) (VP (VBP mean)))) (NP-SBJ (PRP they)) (RS (-DFL- \])) (ADVP (RB really)) (VP (VBP are) (NP-PRD (-NONE- *?*))) (. .) (-DFL- E_S))","187",164.9995,179.4855," and,   uh,   that,    I mean  they   really are.  ","and/CC ,/, uh/UH ,/, that/DT ,/, I/PRP mean/VBP they/PRP really/RB are/VBP ./."
"124","sw06utt/sw_0638_2105.utt","2/sw2105",2105,123,"qy^d","A",66,3,"{F Uh, } now (( Incavalia ))  I don't know how familiar  you are with him  /","Uh/UH ,/, now/UH Incavalia/NNP I/PRP do/VBP n't/RB know/VB how/WRB familiar/JJ you/PRP are/VBP with/IN him/PRP","(S (INTJ (UH Uh)) (, ,) (INTJ (UH now)) (NP-TPC (NNP Incavalia)) (NP-SBJ (PRP I)) (VP (VBP do) (RB n't) (VP (VB know) (SBAR (WHADJP-1 (WHADJP (WRB how) (JJ familiar)) (PP (-NONE- *ICH*-2))) (S (NP-SBJ (PRP you)) (VP (VBP are) (ADJP-PRD (-NONE- *T*-1)) (PP-2 (IN with) (NP (PRP him)))))))) (-DFL- E_S))","188",164.9995,179.4855," Uh,  now  Incavalia   I don't know how familiar  you are with him  ","Uh/UH ,/, now/UH Incavalia/NNP I/PRP do/VBP n't/RB know/VB how/WRB familiar/JJ you/PRP are/VBP with/IN him/PRP"
"125","sw06utt/sw_0638_2105.utt","2/sw2105",2105,124,"sv","A",66,4,"{C but, } last year I was kind of thinking he sure did get in a slump. /","but/CC ,/, last/JJ year/NN I/PRP was/VBD kind/RB of/RB thinking/VBG he/PRP sure/RB did/VBD get/VB in/IN a/DT slump/NN ./.","(S (CC but) (, ,) (NP-TMP (JJ last) (NN year)) (NP-SBJ (PRP I)) (VP (VBD was) (ADVP (RB kind) (RB of)) (VP (VBG thinking) (SBAR (-NONE- 0) (S (NP-SBJ (PRP he)) (ADVP (RB sure)) (VP (VBD did) (VP (VB get) (PP (IN in) (NP (DT a) (NN slump))))))))) (. .) (-DFL- E_S))","189",164.9995,179.4855," but,  last year I was kind of thinking he sure did get in a slump. ","but/CC ,/, last/JJ year/NN I/PRP was/VBD kind/RB of/RB thinking/VBG he/PRP sure/RB did/VBD get/VB in/IN a/DT slump/NN ./."
"126","sw06utt/sw_0638_2105.utt","2/sw2105",2105,125,"b","B",67,1,"Yeah. /","Yeah/UH ./.","(INTJ (UH Yeah) (. .) (-DFL- E_S))","191",179.1495,179.418,"Yeah. ","Yeah/UH ./."
"127","sw06utt/sw_0638_2105.utt","2/sw2105",2105,126,"sd","A",68,1,"{C But } they're saying this year,  their predictions is that he's really going to come out of it and,","But/CC they/PRP 're/VBP saying/VBG this/DT year/NN ,/, their/PRP$ predictions/NNS is/VBZ that/IN he/PRP 's/BES really/RB going/VBG to/TO come/VB out/IN of/IN it/PRP and/CC ,/,","(S (CC But) (NP-SBJ (PRP they)) (VP (VBP 're) (VP (VBG saying) (NP-TMP (DT this) (NN year)) (, ,) (SBAR (-NONE- 0) (S (NP-SBJ (PRP$ their) (NNS predictions)) (VP (VBZ is) (SBAR-PRD (IN that) (S (NP-SBJ-1 (PRP he)) (VP (BES 's) (ADVP (RB really)) (VP (VBG going) (S (NP-SBJ (-NONE- *-1)) (VP (VP (TO to) (VP (VB come) (PP (IN out) (PP (IN of) (NP (PRP it)))))) (CC and) (, ,) (VP (VB be) (PP-PRD (IN on) (NP (NN top))))))))))))))) (. .) (-DFL- E_S))","193",179.8495,187.03525," But  they're saying this year,  their predictions is that he's really going to come out of it and,","But/CC they/PRP 're/VBP saying/VBG this/DT year/NN ,/, their/PRP$ predictions/NNS is/VBZ that/IN he/PRP 's/BES really/RB going/VBG to/TO come/VB out/IN of/IN it/PRP and/CC ,/,"
"128","sw06utt/sw_0638_2105.utt","2/sw2105",2105,127,"b","B",69,1,"Uh-huh,  /","Uh-huh/UH ,/,","(INTJ (UH Uh-huh) (, ,) (-DFL- E_S))","195",182.020375,185.3745,"Uhhuh,  ","Uhhuh/UH ,/,"
"129","sw06utt/sw_0638_2105.utt","2/sw2105",2105,128,"b","B",69,2,"yeah. /","yeah/UH ./.","(INTJ (UH yeah) (. .) (-DFL- E_S))","196",182.020375,185.3745,"yeah. ","yeah/UH ./."
"130","sw06utt/sw_0638_2105.utt","2/sw2105",2105,129,"+","A",70,1,"be on top. /","be/VB on/IN top/NN ./.","(S (CC But) (NP-SBJ (PRP they)) (VP (VBP 're) (VP (VBG saying) (NP-TMP (DT this) (NN year)) (, ,) (SBAR (-NONE- 0) (S (NP-SBJ (PRP$ their) (NNS predictions)) (VP (VBZ is) (SBAR-PRD (IN that) (S (NP-SBJ-1 (PRP he)) (VP (BES 's) (ADVP (RB really)) (VP (VBG going) (S (NP-SBJ (-NONE- *-1)) (VP (VP (TO to) (VP (VB come) (PP (IN out) (PP (IN of) (NP (PRP it)))))) (CC and) (, ,) (VP (VB be) (PP-PRD (IN on) (NP (NN top))))))))))))))) (. .) (-DFL- E_S))","193",NA,NA,"be on top. ","be/VB on/IN top/NN ./."
"131","sw06utt/sw_0638_2105.utt","2/sw2105",2105,130,"b","B",71,1,"Uh-huh,  /","Uh-huh/UH ,/,","(INTJ (UH Uh-huh) (, ,) (-DFL- E_S))","195",186.622625,188.78925,"Uhhuh,  ","Uhhuh/UH ,/,"
"132","sw06utt/sw_0638_2105.utt","2/sw2105",2105,131,"fe","B",71,2,"boy,  /","boy/UH ,/,","(INTJ (UH boy) (, ,) (-DFL- E_S))","200",186.622625,188.78925,"boy,  ","boy/UH ,/,"
"133","sw06utt/sw_0638_2105.utt","2/sw2105",2105,132,"qy^g","B",71,3,"he's a bull, isn't he? /","he/PRP 's/BES a/DT bull/NN ,/, is/VBZ n't/RB he/PRP ?/.","(SQ (S (NP-SBJ (PRP he)) (VP (BES 's) (NP-PRD (DT a) (NN bull)))) (, ,) (SQ (VBZ is) (RB n't) (NP-SBJ (PRP he)) (NP-PRD (-NONE- *?*))) (. ?) (-DFL- E_S))","201",186.622625,188.78925,"he's a bull, isn't he? ","he/PRP 's/BES a/DT bull/NN ,/, is/VBZ n't/RB he/PRP ?/."
"134","sw06utt/sw_0638_2105.utt","2/sw2105",2105,133,"qh","A",72,1,"Isn't he though, /","Is/VBZ n't/RB he/PRP though/RB ,/,","(SQ (VBZ Is) (RB n't) (NP-SBJ (PRP he)) (NP-PRD (-NONE- *?*)) (ADVP (RB though)) (, ,) (-DFL- E_S))","203",189.073125,190.47225,"Isn't he though, ","Is/VBZ n't/RB he/PRP though/RB ,/,"
"135","sw06utt/sw_0638_2105.utt","2/sw2105",2105,134,"sv","B",73,1,"He really is gosh. /","He/PRP really/RB is/VBZ gosh/UH ./.","(S (NP-SBJ (PRP He)) (ADVP (RB really)) (VP (VBZ is) (NP-PRD (-NONE- *?*))))|||(INTJ (UH gosh) (. .) (-DFL- E_S))","205|||206",189.660875,191.72525,"He really is gosh. ","He/PRP really/RB is/VBZ gosh/UH ./."
"136","sw06utt/sw_0638_2105.utt","2/sw2105",2105,135,"sv","A",74,1,"he sure is.  /","he/PRP sure/RB is/VBZ ./.","(S (NP-SBJ (PRP he)) (ADVP (RB sure)) (VP (VBZ is) (NP-PRD (-NONE- *?*))) (. .) (-DFL- E_S))","208",190.740625,194.798375,"he sure is.  ","he/PRP sure/RB is/VBZ ./."
"137","sw06utt/sw_0638_2105.utt","2/sw2105",2105,136,"sd","A",74,2,"He either hits home run  or strike out. /","He/PRP either/CC hits/VBZ home/NN run/NN or/CC strike/VB out/RP ./.","(S (NP-SBJ (PRP He)) (ADVP (CC either)) (VP (VP (VBZ hits) (NP (NN home) (NN run))) (CC or) (VP (VB strike) (PRT (RP out)))) (. .) (-DFL- E_S))","209",190.740625,194.798375,"He either hits home run  or strike out. ","He/PRP either/CC hits/VBZ home/NN run/NN or/CC strike/VB out/RP ./."
"138","sw06utt/sw_0638_2105.utt","2/sw2105",2105,137,"aa","B",75,1,"Uh-huh,  /","Uh-huh/UH ,/,","(INTJ (UH Uh-huh) (, ,) (-DFL- E_S))","195",194.801625,196.228875,"Uhhuh,  ","Uhhuh/UH ,/,"
"139","sw06utt/sw_0638_2105.utt","2/sw2105",2105,138,"aa","B",75,2,"that's right. /","that/DT 's/BES right/JJ ./.","(S (NP-SBJ (DT that)) (VP (BES 's) (ADJP-PRD (JJ right))) (. .) (-DFL- E_S))","212",194.801625,196.228875,"that's right. ","that/DT 's/BES right/JJ ./."
"140","sw06utt/sw_0638_2105.utt","2/sw2105",2105,139,"sd","A",76,1,"There is not ever a in between for him. /","There/EX is/VBZ not/RB ever/RB a/DT in/IN between/IN for/IN him/PRP ./.","(S (NP-SBJ (EX There)) (VP (VBZ is) (RB not) (ADVP-TMP (RB ever)) (NP-PRD (DT a) (PP (IN in) (ADVP (IN between)))) (PP (IN for) (NP (PRP him)))) (. .) (-DFL- E_S))","214",194.798375,197.556375,"There is not ever a in between for him. ","There/EX is/VBZ not/RB ever/RB a/DT in/IN between/IN for/IN him/PRP ./."
"141","sw06utt/sw_0638_2105.utt","2/sw2105",2105,140,"aa","B",77,1,"That's right,  /","That/DT 's/BES right/JJ ,/,","(S (NP-SBJ (DT That)) (VP (BES 's) (ADJP-PRD (JJ right))) (, ,) (-DFL- E_S))","216",196.937,199.31625,"That's right,  ","That/DT 's/BES right/JJ ,/,"
"142","sw06utt/sw_0638_2105.utt","2/sw2105",2105,141,"sv","B",77,2,"it's kind of like Babe Ruth. /","it/PRP 's/BES kind/RB of/RB like/IN Babe/NNP Ruth/NNP ./.","(S (NP-SBJ (PRP it)) (VP (BES 's) (ADVP (RB kind) (RB of)) (PP-PRD (IN like) (NP (NNP Babe) (NNP Ruth)))) (. .) (-DFL- E_S))","217",196.937,199.31625,"it's kind of like Babe Ruth. ","it/PRP 's/BES kind/RB of/RB like/IN Babe/NNP Ruth/NNP ./."
"143","sw06utt/sw_0638_2105.utt","2/sw2105",2105,142,"b","A",78,1,"Uh-huh,  /","Uh-huh/UH ,/,","(INTJ (UH Uh-huh) (, ,) (-DFL- E_S))","195",199.306625,200.704375,"Uhhuh,  ","Uhhuh/UH ,/,"
"144","sw06utt/sw_0638_2105.utt","2/sw2105",2105,143,"b","A",78,2,"yeah. /","yeah/UH ./.","(INTJ (UH yeah) (. .) (-DFL- E_S))","196",199.306625,200.704375,"yeah. ","yeah/UH ./."
"145","sw06utt/sw_0638_2105.utt","2/sw2105",2105,144,"b","B",79,1,"Yeah,  /","Yeah/UH ,/,","(INTJ (UH Yeah) (, ,) (-DFL- E_S))","222",200.427,208.928125,"Yeah,  ","Yeah/UH ,/,"
"146","sw06utt/sw_0638_2105.utt","2/sw2105",2105,145,"sd","B",79,2,"they were saying something  about this may be his last year with the Rangers though.  /","they/PRP were/VBD saying/VBG something/NN about/IN this/DT may/MD be/VB his/PRP$ last/JJ year/NN with/IN the/DT Rangers/NNPS though/RB ./.","(S (NP-SBJ (PRP they)) (VP (VBD were) (VP (VBG saying) (NP (NP (NN something)) (PP (IN about) (SBAR (-NONE- 0) (S (NP-SBJ (DT this)) (VP (MD may) (VP (VB be) (NP-PRD (NP (PRP$ his) (JJ last) (NN year)) (PP (IN with) (NP (DT the) (NNPS Rangers)))) (ADVP (RB though)))))))))) (. .) (-DFL- E_S))","223",200.427,208.928125,"they were saying something  about this may be his last year with the Rangers though.  ","they/PRP were/VBD saying/VBG something/NN about/IN this/DT may/MD be/VB his/PRP$ last/JJ year/NN with/IN the/DT Rangers/NNPS though/RB ./."
"147","sw06utt/sw_0638_2105.utt","2/sw2105",2105,146,"sv","B",79,3,"Apparently I think his  contract is up after the end of this year  /","Apparently/RB I/PRP think/VBP his/PRP$ contract/NN is/VBZ up/RP after/IN the/DT end/NN of/IN this/DT year/NN","(S (ADVP (RB Apparently)) (NP-SBJ (PRP I)) (VP (VBP think) (SBAR (-NONE- 0) (S (NP-SBJ (PRP$ his) (NN contract)) (VP (VBZ is) (ADVP-PRD (RP up)) (PP-TMP (IN after) (NP (NP (DT the) (NN end)) (PP (IN of) (NP (DT this) (NN year))))))))) (-DFL- E_S))","224",200.427,208.928125,"Apparently I think his  contract is up after the end of this year  ","Apparently/RB I/PRP think/VBP his/PRP$ contract/NN is/VBZ up/RP after/IN the/DT end/NN of/IN this/DT year/NN"
"148","sw06utt/sw_0638_2105.utt","2/sw2105",2105,147,"sd","B",79,4,"{C and } they're not sure they're  going to be able to sign him again. /","and/CC they/PRP 're/VBP not/RB sure/JJ they/PRP 're/VBP going/VBG to/TO be/VB able/JJ to/TO sign/VB him/PRP again/RB ./.","(S (CC and) (NP-SBJ (PRP they)) (VP (VBP 're) (RB not) (ADJP-PRD (JJ sure) (SBAR (-NONE- 0) (S (NP-SBJ-1 (PRP they)) (VP (VBP 're) (VP (VBG going) (S (NP-SBJ-2 (-NONE- *-1)) (VP (TO to) (VP (VB be) (ADJP-PRD (JJ able) (S (NP-SBJ (-NONE- *-2)) (VP (TO to) (VP (VB sign) (NP (PRP him)) (ADVP (RB again))))))))))))))) (. .) (-DFL- E_S))","225",200.427,208.928125," and  they're not sure they're  going to be able to sign him again. ","and/CC they/PRP 're/VBP not/RB sure/JJ they/PRP 're/VBP going/VBG to/TO be/VB able/JJ to/TO sign/VB him/PRP again/RB ./."
"149","sw06utt/sw_0638_2105.utt","2/sw2105",2105,148,"sd^m","A",80,1,"To sign him  again,  /","To/TO sign/VB him/PRP again/RB ,/,","(S (NP-SBJ (-NONE- *)) (VP (TO To) (VP (VB sign) (NP (PRP him)) (ADVP (RB again)))) (, ,) (-DFL- E_S))","227",208.542125,211.55,"To sign him  again,  ","To/TO sign/VB him/PRP again/RB ,/,"
"150","sw06utt/sw_0638_2105.utt","2/sw2105",2105,149,"%","A",80,2,"yeah.  /","yeah/UH ./.","(INTJ (UH yeah) (. .) (-DFL- E_S))","196",208.542125,211.55,"yeah.  ","yeah/UH ./."
"151","sw06utt/sw_0638_2105.utt","2/sw2105",2105,150,"%","A",80,3,"{F Huh. } /","Huh/UH ./.","(INTJ (UH Huh) (. .) (-DFL- E_S))","229",208.542125,211.55," Huh.  ","Huh/UH ./."
"152","sw06utt/sw_0638_2105.utt","2/sw2105",2105,151,"b","B",81,1,"Yeah,  /","Yeah/UH ,/,","(INTJ (UH Yeah) (, ,) (-DFL- E_S))","222",210.081625,213.2335,"Yeah,  ","Yeah/UH ,/,"
"153","sw06utt/sw_0638_2105.utt","2/sw2105",2105,152,"sd","B",81,2,"that, {D you know, } may or may not happen. /","that/DT ,/, you/PRP know/VBP ,/, may/MD or/CC may/MD not/RB happen/VB ./.","(S (NP-SBJ (DT that)) (PRN (, ,) (S (NP-SBJ (PRP you)) (VP (VBP know))) (, ,)) (VP (VP (MD may)) (CC or) (VP (MD may) (RB not) (VP (VB happen)))) (. .) (-DFL- E_S))","232",210.081625,213.2335,"that,  you know,  may or may not happen. ","that/DT ,/, you/PRP know/VBP ,/, may/MD or/CC may/MD not/RB happen/VB ./."
"154","sw06utt/sw_0638_2105.utt","2/sw2105",2105,153,"b","A",82,1,"Yeah,  /","Yeah/UH ,/,","(INTJ (UH Yeah) (, ,) (-DFL- E_S))","222",213.356,215.813125,"Yeah,  ","Yeah/UH ,/,"
"155","sw06utt/sw_0638_2105.utt","2/sw2105",2105,154,"sv","A",82,2,"{F oh } you never know. /","oh/UH you/PRP never/RB know/VBP ./.","(S (INTJ (UH oh)) (NP-SBJ (PRP you)) (ADVP-TMP (RB never)) (VP (VBP know)) (. .) (-DFL- E_S))","235",213.356,215.813125," oh  you never know. ","oh/UH you/PRP never/RB know/VBP ./."
"156","sw06utt/sw_0638_2105.utt","2/sw2105",2105,155,"aa","B",83,1,"That's right,  /","That/DT 's/BES right/JJ ,/,","(S (NP-SBJ (DT That)) (VP (BES 's) (ADJP-PRD (JJ right))) (, ,) (-DFL- E_S))","216",215.160375,216.45825,"That's right,  ","That/DT 's/BES right/JJ ,/,"
"157","sw06utt/sw_0638_2105.utt","2/sw2105",2105,156,"sv","B",83,2,"it's a long way away. /","it/PRP 's/BES a/DT long/JJ way/NN away/RB ./.","(S (NP-SBJ (PRP it)) (VP (BES 's) (ADVP-PRD (NP (DT a) (JJ long) (NN way)) (RB away))) (. .) (-DFL- E_S))","238",215.160375,216.45825,"it's a long way away. ","it/PRP 's/BES a/DT long/JJ way/NN away/RB ./."
"158","sw06utt/sw_0638_2105.utt","2/sw2105",2105,157,"%","A",84,1,"That's sure ri-,  /","That/DT 's/BES sure/RB ri/JJ ,/,","(S (NP-SBJ (DT That)) (VP (BES 's) (ADVP (RB sure)) (ADJP-PRD-UNF (JJ ri-))) (, ,) (-DFL- E_S))","240",216.42775,221.50475,"That's sure ri,  ","That/DT 's/BES sure/RB ri/JJ ,/,"
"159","sw06utt/sw_0638_2105.utt","2/sw2105",2105,158,"sv","A",84,2,"if you offer them money, I'm sure [ they'll, +","if/IN you/PRP offer/VBP them/PRP money/NN ,/, I/PRP 'm/VBP sure/JJ they/PRP 'll/MD ,/,","(S (SBAR-ADV (IN if) (S (NP-SBJ (PRP you)) (VP (VBP offer) (NP (PRP them)) (NP (NN money))))) (, ,) (NP-SBJ (PRP I)) (VP (VBP 'm) (ADJP-PRD (JJ sure) (SBAR (-NONE- 0) (S (EDITED (RM (-DFL- \[)) (S (NP-SBJ (PRP they)) (VP-UNF (MD 'll))) (, ,) (IP (-DFL- \+))) (NP-SBJ (PRP they)) (VP (MD 'll) (RS (-DFL- \])) (VP (VB do) (NP (NP (DT a) (JJ little) (NN bit)) (PP (IN of) (NP (NN everything)))))))))) (. .) (-DFL- E_S))","241",216.42775,221.50475,"if you offer them money, I'm sure  they'll, ","if/IN you/PRP offer/VBP them/PRP money/NN ,/, I/PRP 'm/VBP sure/JJ they/PRP 'll/MD ,/,"
"160","sw06utt/sw_0638_2105.utt","2/sw2105",2105,159,"aa","B",85,1,"That's right. /","That/DT 's/BES right/JJ ./.","(S (NP-SBJ (DT That)) (VP (BES 's) (ADJP-PRD (JJ right))) (. .) (-DFL- E_S))","243",218.628875,220.8115,"That's right. ","That/DT 's/BES right/JJ ./."
"161","sw06utt/sw_0638_2105.utt","2/sw2105",2105,160,"+","A",86,1,"they'll ] do a little bit of everything. /","they/PRP 'll/MD do/VB a/DT little/JJ bit/NN of/IN everything/NN ./.","(S (SBAR-ADV (IN if) (S (NP-SBJ (PRP you)) (VP (VBP offer) (NP (PRP them)) (NP (NN money))))) (, ,) (NP-SBJ (PRP I)) (VP (VBP 'm) (ADJP-PRD (JJ sure) (SBAR (-NONE- 0) (S (EDITED (RM (-DFL- \[)) (S (NP-SBJ (PRP they)) (VP-UNF (MD 'll))) (, ,) (IP (-DFL- \+))) (NP-SBJ (PRP they)) (VP (MD 'll) (RS (-DFL- \])) (VP (VB do) (NP (NP (DT a) (JJ little) (NN bit)) (PP (IN of) (NP (NN everything)))))))))) (. .) (-DFL- E_S))","241",NA,NA,"they'll  do a little bit of everything. ","they/PRP 'll/MD do/VB a/DT little/JJ bit/NN of/IN everything/NN ./."
"162","sw06utt/sw_0638_2105.utt","2/sw2105",2105,161,"aa","B",87,1,"That's right,  /","That/DT 's/BES right/JJ ,/,","(S (NP-SBJ (DT That)) (VP (BES 's) (ADJP-PRD (JJ right))) (, ,) (-DFL- E_S))","216",221.30575,225.971375,"That's right,  ","That/DT 's/BES right/JJ ,/,"
"163","sw06utt/sw_0638_2105.utt","2/sw2105",2105,162,"sv","B",87,2,"unfortunately the  Rangers don't spread it around quite as big as some of the other teams do. /","unfortunately/RB the/DT Rangers/NNPS do/VBP n't/RB spread/VB it/PRP around/RB quite/RB as/RB big/JJ as/IN some/DT of/IN the/DT other/JJ teams/NNS do/VBP ./.","(S (ADVP (RB unfortunately)) (NP-SBJ (DT the) (NNPS Rangers)) (VP (VBP do) (RB n't) (VP (VB spread) (NP (PRP it)) (ADVP (RB around)) (ADVP (ADVP (RB quite) (RB as) (JJ big)) (SBAR (IN as) (S (NP-SBJ (NP (DT some)) (PP (IN of) (NP (DT the) (JJ other) (NNS teams)))) (VP (VBP do) (ADVP (-NONE- *?*)))))))) (. .) (-DFL- E_S))","247",221.30575,225.971375,"unfortunately the  Rangers don't spread it around quite as big as some of the other teams do. ","unfortunately/RB the/DT Rangers/NNPS do/VBP n't/RB spread/VB it/PRP around/RB quite/RB as/RB big/JJ as/IN some/DT of/IN the/DT other/JJ teams/NNS do/VBP ./."
"164","sw06utt/sw_0638_2105.utt","2/sw2105",2105,163,"aa","A",88,1,"No,  /","No/UH ,/,","(INTJ (UH No) (, ,) (-DFL- E_S))","249",225.993375,230.81175,"No,  ","No/UH ,/,"
"165","sw06utt/sw_0638_2105.utt","2/sw2105",2105,164,"aa^r","A",88,2,"no,  /","no/UH ,/,","(INTJ (UH no) (, ,) (-DFL- E_S))","250",225.993375,230.81175,"no,  ","no/UH ,/,"
"166","sw06utt/sw_0638_2105.utt","2/sw2105",2105,165,"%","A",88,3,"no, like that  (( Joe Hosago ))   <laughter>, {D you know. } /","no/UH ,/, like/IN that/DT Joe/NNP Hosago/NNP ,/, you/PRP know/VBP ./.","(FRAG (INTJ (UH no)) (, ,) (PP (IN like) (NP (DT that) (NNP Joe) (NNP Hosago))) (PRN (, ,) (S (NP-SBJ (PRP you)) (VP (VBP know)))) (. .) (-DFL- E_S))","251",225.993375,230.81175,"no, like that   Joe Hosago    laughter,  you know.  ","no/UH ,/, like/IN that/DT Joe/NNP Hosago/NNP ,/, you/PRP know/VBP ./."
"167","sw06utt/sw_0638_2105.utt","2/sw2105",2105,166,"aa","B",89,1,"Yeah,  /","Yeah/UH ,/,","(INTJ (UH Yeah) (, ,) (-DFL- E_S))","222",229.964375,231.53175,"Yeah,  ","Yeah/UH ,/,"
"168","sw06utt/sw_0638_2105.utt","2/sw2105",2105,167,"aa","B",89,2,"that's right. /","that/DT 's/BES right/JJ ./.","(S (NP-SBJ (DT that)) (VP (BES 's) (ADJP-PRD (JJ right))) (. .) (-DFL- E_S))","254",229.964375,231.53175,"that's right. ","that/DT 's/BES right/JJ ./."
"169","sw06utt/sw_0638_2105.utt","2/sw2105",2105,168,"%","A",90,1,"{E I mean, } {F oh. } -/","I/PRP mean/VBP ,/, oh/UH ./.","(FRAG (PRN (S (NP-SBJ (PRP I)) (VP (VBP mean))) (, ,)) (INTJ (UH oh)) (. .) (-DFL- N_S))","256",231.26,232.509125," I mean,   oh.  ","I/PRP mean/VBP ,/, oh/UH ./."
"170","sw06utt/sw_0638_2105.utt","2/sw2105",2105,169,"qy","B",91,1,"Is there going to be a ticket  increase this year, price, do you know. /","Is/VBZ there/EX going/VBG to/TO be/VB a/DT ticket/NN increase/NN this/DT year/NN ,/, price/NN ,/, do/VBP you/PRP know/VB ./.","(SQ (VBZ Is) (NP-SBJ-1 (EX there)) (VP (VBG going) (S (NP-SBJ (-NONE- *-1)) (VP (TO to) (VP (VB be) (NP-PRD (DT a) (NN ticket) (NN increase)) (NP-TMP (DT this) (NN year)) (, ,) (X (NN price)))))) (, ,))|||(SQ (VBP do) (NP-SBJ (PRP you)) (VP (VB know)) (. .) (-DFL- E_S))","258|||259",232.457,235.299125,"Is there going to be a ticket  increase this year, price, do you know. ","Is/VBZ there/EX going/VBG to/TO be/VB a/DT ticket/NN increase/NN this/DT year/NN ,/, price/NN ,/, do/VBP you/PRP know/VB ./."
"171","sw06utt/sw_0638_2105.utt","2/sw2105",2105,170,"no","A",92,1,"I hadn't heard. /","I/PRP had/VBD n't/RB heard/VBN ./.","(S (NP-SBJ (PRP I)) (VP (VBD had) (RB n't) (VP (VBN heard))) (. .) (-DFL- E_S))","261",235.4965,236.743375,"I hadn't heard. ","I/PRP had/VBD n't/RB heard/VBN ./."
"172","sw06utt/sw_0638_2105.utt","2/sw2105",2105,171,"sd","B",93,1,"I haven't either, /","I/PRP have/VBP n't/RB either/RB ,/,","(S (NP-SBJ (PRP I)) (VP (VBP have) (RB n't) (VP (-NONE- *?*) (ADVP (RB either)))) (, ,) (-DFL- E_S))","263",236.37775,237.045375,"I haven't either, ","I/PRP have/VBP n't/RB either/RB ,/,"
"173","sw06utt/sw_0638_2105.utt","2/sw2105",2105,172,"sd","A",94,1,"[ I, +  I ] really haven't, {F uh, } /","I/PRP ,/, I/PRP really/RB have/VBP n't/RB ,/, uh/UH ,/,","(S (EDITED (RM (-DFL- \[)) (NP-SBJ (PRP I)) (, ,) (IP (-DFL- \+))) (NP-SBJ (PRP I)) (RS (-DFL- \])) (ADVP (RB really)) (VP (VBP have) (RB n't) (VP (-NONE- *?*) (, ,) (INTJ (UH uh)))) (, ,) (-DFL- E_S))","265",236.743375,238.839125," I,   I  really haven't,  uh,  ","I/PRP ,/, I/PRP really/RB have/VBP n't/RB ,/, uh/UH ,/,"
"174","sw06utt/sw_0638_2105.utt","2/sw2105",2105,173,"sd","B",95,1,"[ The, +  {F uh, } those ]  Cowboys have increased their prices again this year. /","The/DT ,/, uh/UH ,/, those/DT Cowboys/NNPS have/VBP increased/VBN their/PRP$ prices/NNS again/RB this/DT year/NN ./.","(S (EDITED (RM (-DFL- \[)) (NP-SBJ-UNF (DT The)) (, ,) (IP (-DFL- \+))) (INTJ (UH uh)) (, ,) (NP-SBJ (DT those) (RS (-DFL- \])) (NNPS Cowboys)) (VP (VBP have) (VP (VBN increased) (NP (PRP$ their) (NNS prices)) (ADVP (RB again)) (NP-TMP (DT this) (NN year)))) (. .) (-DFL- E_S))","267",238.466625,243.228375," The,    uh,  those   Cowboys have increased their prices again this year. ","The/DT ,/, uh/UH ,/, those/DT Cowboys/NNPS have/VBP increased/VBN their/PRP$ prices/NNS again/RB this/DT year/NN ./."
"175","sw06utt/sw_0638_2105.utt","2/sw2105",2105,174,"b","A",96,1,"Oh yeah. /","Oh/UH yeah/UH ./.","(INTJ (INTJ (UH Oh)) (INTJ (UH yeah)) (. .) (-DFL- E_S))","269",242.939625,244.026625,"Oh yeah. ","Oh/UH yeah/UH ./."
"176","sw06utt/sw_0638_2105.utt","2/sw2105",2105,175,"sd","B",97,1,"{C But } I didn't know,  /","But/CC I/PRP did/VBD n't/RB know/VB ,/,","(S (CC But) (NP-SBJ (PRP I)) (VP (VBD did) (RB n't) (VP (VB know))) (, ,) (-DFL- E_S))","271",244.059125,247.91," But  I didn't know,  ","But/CC I/PRP did/VBD n't/RB know/VB ,/,"
"177","sw06utt/sw_0638_2105.utt","2/sw2105",2105,176,"sd","B",97,2,"[ I, + I ]  don't think I've heard anything on the Rangers,  /","I/PRP ,/, I/PRP do/VBP n't/RB think/VB I/PRP 've/VB heard/VBN anything/NN on/IN the/DT Rangers/NNPS ,/,","(S (EDITED (RM (-DFL- \[)) (NP-SBJ (PRP I)) (, ,) (IP (-DFL- \+))) (NP-SBJ (PRP I)) (RS (-DFL- \])) (VP (VBP do) (RB n't) (VP (VB think) (SBAR (-NONE- 0) (S (NP-SBJ (PRP I)) (VP (VB 've) (VP (VBN heard) (NP (NP (NN anything)) (PP (IN on) (NP (DT the) (NNPS Rangers)))))))))) (, ,) (-DFL- E_S))","272",244.059125,247.91," I,  I   don't think I've heard anything on the Rangers,  ","I/PRP ,/, I/PRP do/VBP n't/RB think/VB I/PRP 've/VB heard/VBN anything/NN on/IN the/DT Rangers/NNPS ,/,"
"178","sw06utt/sw_0638_2105.utt","2/sw2105",2105,177,"sd","B",97,3,"{C or } I don't remember it if I have. /","or/CC I/PRP do/VBP n't/RB remember/VB it/PRP if/IN I/PRP have/VBP ./.","(S (CC or) (NP-SBJ (PRP I)) (VP (VBP do) (RB n't) (VP (VB remember) (NP (PRP it)) (SBAR-ADV (IN if) (S (NP-SBJ (PRP I)) (VP (VBP have) (VP (-NONE- *?*))))))) (. .) (-DFL- E_S))","273",244.059125,247.91," or  I don't remember it if I have. ","or/CC I/PRP do/VBP n't/RB remember/VB it/PRP if/IN I/PRP have/VBP ./."
"179","sw06utt/sw_0638_2105.utt","2/sw2105",2105,178,"sd","A",98,1,"{D Well } I hadn't either, /","Well/UH I/PRP had/VBD n't/RB either/RB ,/,","(S (INTJ (UH Well)) (NP-SBJ (PRP I)) (VP (VBD had) (RB n't) (VP (-NONE- *?*) (ADVP (RB either)))) (, ,) (-DFL- E_S))","275",247.807125,249.19775," Well  I hadn't either, ","Well/UH I/PRP had/VBD n't/RB either/RB ,/,"
"180","sw06utt/sw_0638_2105.utt","2/sw2105",2105,179,"b","B",99,1,"Yeah. /","Yeah/UH ./.","(INTJ (UH Yeah) (. .) (-DFL- E_S))","277",248.893125,249.209625,"Yeah. ","Yeah/UH ./."
"181","sw06utt/sw_0638_2105.utt","2/sw2105",2105,180,"%","A",100,1,"We hadn't, {D you know, }  /","We/PRP had/VBD n't/RB ,/, you/PRP know/VBP ,/,","(S (NP-SBJ (PRP We)) (VP (VBD had) (RB n't) (VP (-NONE- *?*) (PRN (, ,) (S (NP-SBJ (PRP you)) (VP (VBP know)))))) (, ,) (-DFL- E_S))","279",249.19775,254.86225,"We hadn't,  you know,   ","We/PRP had/VBD n't/RB ,/, you/PRP know/VBP ,/,"
"182","sw06utt/sw_0638_2105.utt","2/sw2105",2105,181,"%","A",100,2,"like I said, we, - /","like/IN I/PRP said/VBD ,/, we/PRP ,/,","(S-UNF (SBAR-ADV (IN like) (S (NP-SBJ (PRP I)) (VP (VBD said)))) (, ,) (NP-SBJ (PRP we)) (, ,) (-DFL- N_S))","280",249.19775,254.86225,"like I said, we,  ","like/IN I/PRP said/VBD ,/, we/PRP ,/,"
"183","sw06utt/sw_0638_2105.utt","2/sw2105",2105,182,"sv","A",100,3,"I don't even guess they've even thought about sending the schedules out yet. /","I/PRP do/VBP n't/RB even/RB guess/VB they/PRP 've/VB even/RB thought/VBN about/IN sending/VBG the/DT schedules/NNS out/RP yet/RB ./.","(S (NP-SBJ (PRP I)) (VP (VBP do) (RB n't) (ADVP (RB even)) (VP (VB guess) (SBAR (-NONE- 0) (S (NP-SBJ-1 (PRP they)) (VP (VB 've) (ADVP (RB even)) (VP (VBN thought) (PP (IN about) (S-NOM (NP-SBJ (-NONE- *-1)) (VP (VBG sending) (NP (DT the) (NNS schedules)) (ADVP-DIR (RP out)) (ADVP-TMP (RB yet))))))))))) (. .) (-DFL- E_S))","281",249.19775,254.86225,"I don't even guess they've even thought about sending the schedules out yet. ","I/PRP do/VBP n't/RB even/RB guess/VB they/PRP 've/VB even/RB thought/VBN about/IN sending/VBG the/DT schedules/NNS out/RP yet/RB ./."
"184","sw06utt/sw_0638_2105.utt","2/sw2105",2105,183,"b","B",101,1,"Yeah,  /","Yeah/UH ,/,","(INTJ (UH Yeah) (, ,) (-DFL- E_S))","253",254.621125,255.598375,"Yeah,  ","Yeah/UH ,/,"
"185","sw06utt/sw_0638_2105.utt","2/sw2105",2105,184,"sv","B",101,2,"I guess it's too early. /","I/PRP guess/VBP it/PRP 's/BES too/RB early/JJ ./.","(S (NP-SBJ (PRP I)) (VP (VBP guess) (SBAR (-NONE- 0) (S (NP-SBJ (PRP it)) (VP (BES 's) (ADJP-PRD (RB too) (JJ early)))))) (. .) (-DFL- E_S))","284",254.621125,255.598375,"I guess it's too early. ","I/PRP guess/VBP it/PRP 's/BES too/RB early/JJ ./."
"186","sw06utt/sw_0638_2105.utt","2/sw2105",2105,185,"b","A",102,1,"Yeah,  /","Yeah/UH ,/,","(INTJ (UH Yeah) (, ,) (-DFL- E_S))","283",255.58425,259.541625,"Yeah,  ","Yeah/UH ,/,"
"187","sw06utt/sw_0638_2105.utt","2/sw2105",2105,186,"sd","A",102,2,"because we usually get one.  /","because/IN we/PRP usually/RB get/VBP one/NN ./.","(SBAR-PRP (IN because) (S (NP-SBJ (PRP we)) (ADVP-TMP (RB usually)) (VP (VBP get) (NP (NN one)))) (. .) (-DFL- E_S))","287",255.58425,259.541625,"because we usually get one.  ","because/IN we/PRP usually/RB get/VBP one/NN ./."
"188","sw06utt/sw_0638_2105.utt","2/sw2105",2105,187,"sd","A",102,3,"We usually order our tickets way in advance. /","We/PRP usually/RB order/VBP our/PRP$ tickets/NNS way/RB in/IN advance/NN ./.","(S (NP-SBJ (PRP We)) (ADVP-TMP (RB usually)) (VP (VBP order) (NP (PRP$ our) (NNS tickets)) (PP-TMP (ADVP (RB way)) (IN in) (NP (NN advance)))) (. .) (-DFL- E_S))","288",255.58425,259.541625,"We usually order our tickets way in advance. ","We/PRP usually/RB order/VBP our/PRP$ tickets/NNS way/RB in/IN advance/NN ./."
"189","sw06utt/sw_0638_2105.utt","2/sw2105",2105,188,"b","B",103,1,"Uh-huh,  /","Uh-huh/UH ,/,","(INTJ (UH Uh-huh) (, ,) (-DFL- E_S))","290",259.03475,260.668625,"Uhhuh,  ","Uhhuh/UH ,/,"
"190","sw06utt/sw_0638_2105.utt","2/sw2105",2105,189,"sv","B",103,2,"it's a good idea,  /","it/PRP 's/BES a/DT good/JJ idea/NN ,/,","(S (NP-SBJ (PRP it)) (VP (BES 's) (NP-PRD (DT a) (JJ good) (NN idea))) (, ,) (-DFL- E_S))","291",259.03475,260.668625,"it's a good idea,  ","it/PRP 's/BES a/DT good/JJ idea/NN ,/,"
"191","sw06utt/sw_0638_2105.utt","2/sw2105",2105,190,"%","B",103,3,"yeah. /","yeah/UH ./.","(INTJ (UH yeah) (. .) (-DFL- E_S))","292",259.03475,260.668625,"yeah. ","yeah/UH ./."
"192","sw06utt/sw_0638_2105.utt","2/sw2105",2105,191,"sd","A",104,1,"[ We, + we ] try to go so often. /","We/PRP ,/, we/PRP try/VBP to/TO go/VB so/RB often/RB ./.","(S (EDITED (RM (-DFL- \[)) (NP-SBJ (PRP We)) (, ,) (IP (-DFL- \+))) (NP-SBJ-1 (PRP we)) (RS (-DFL- \])) (VP (VBP try) (S (NP-SBJ (-NONE- *-1)) (VP (TO to) (VP (VB go) (ADVP-TMP (RB so) (RB often)))))) (. .) (-DFL- E_S))","294",259.995125,262.141375," We,  we  try to go so often. ","We/PRP ,/, we/PRP try/VBP to/TO go/VB so/RB often/RB ./."
"193","sw06utt/sw_0638_2105.utt","2/sw2105",2105,192,"b","B",105,1,"Uh-huh,  /","Uh-huh/UH ,/,","(INTJ (UH Uh-huh) (, ,) (-DFL- E_S))","290",261.842625,265.229875,"Uhhuh,  ","Uhhuh/UH ,/,"
"194","sw06utt/sw_0638_2105.utt","2/sw2105",2105,193,"b","B",105,2,"yeah  /","yeah/UH","(INTJ (UH yeah) (-DFL- E_S))","297",261.842625,265.229875,"yeah  ","yeah/UH"
"195","sw06utt/sw_0638_2105.utt","2/sw2105",2105,194,"sv","B",105,3,"if you have [ young, +   young ] children, {D you know, } [ they, +  they ] get a kick out of it. /","if/IN you/PRP have/VBP young/JJ ,/, young/JJ children/NNS ,/, you/PRP know/VBP ,/, they/PRP ,/, they/PRP get/VBP a/DT kick/NN out/IN of/IN it/PRP ./.","(S (SBAR-ADV (IN if) (S (NP-SBJ (PRP you)) (VP (VBP have) (EDITED (RM (-DFL- \[)) (NP-UNF (JJ young)) (, ,) (IP (-DFL- \+))) (NP (JJ young) (RS (-DFL- \])) (NNS children))))) (PRN (, ,) (S (NP-SBJ (PRP you)) (VP (VBP know))) (, ,)) (EDITED (RM (-DFL- \[)) (NP-SBJ (PRP they)) (, ,) (IP (-DFL- \+))) (NP-SBJ (PRP they)) (RS (-DFL- \])) (VP (VBP get) (NP (DT a) (NN kick)) (PP (IN out) (PP (IN of) (NP (PRP it))))) (. .) (-DFL- E_S))","298",261.842625,265.229875,"if you have  young,    young  children,  you know,   they,   they  get a kick out of it. ","if/IN you/PRP have/VBP young/JJ ,/, young/JJ children/NNS ,/, you/PRP know/VBP ,/, they/PRP ,/, they/PRP get/VBP a/DT kick/NN out/IN of/IN it/PRP ./."
"196","sw06utt/sw_0638_2105.utt","2/sw2105",2105,195,"aa","A",106,1,"{F Oh, } they do. /","Oh/UH ,/, they/PRP do/VBP ./.","(S (INTJ (UH Oh)) (, ,) (NP-SBJ (PRP they)) (VP (VBP do)) (. .) (-DFL- E_S))","300",265.329625,266.377375," Oh,  they do. ","Oh/UH ,/, they/PRP do/VBP ./."
"197","sw06utt/sw_0638_2105.utt","2/sw2105",2105,196,"b","B",107,1,"Uh-huh. /","Uh-huh/UH ./.","(INTJ (UH Uh-huh) (. .) (-DFL- E_S))","302",265.964375,266.33,"Uhhuh. ","Uhhuh/UH ./."
"198","sw06utt/sw_0638_2105.utt","2/sw2105",2105,197,"fc","A",108,1,"{D Well, } I've enjoyed talking to you. /","Well/UH ,/, I/PRP 've/VBP enjoyed/VBN talking/VBG to/IN you/PRP ./.","(S (INTJ (UH Well)) (, ,) (NP-SBJ-1 (PRP I)) (VP (VBP 've) (VP (VBN enjoyed) (S (NP-SBJ (-NONE- *-1)) (VP (VBG talking) (PP (IN to) (NP (PRP you))))))) (. .) (-DFL- E_S))","304",267.06125,269.05875," Well,  I've enjoyed talking to you. ","Well/UH ,/, I/PRP 've/VBP enjoyed/VBN talking/VBG to/IN you/PRP ./."
"199","sw06utt/sw_0638_2105.utt","2/sw2105",2105,198,"fc","B",109,1,"{D Well } you too  (( Lori ))  <throat_clearing>. /","Well/UH you/PRP too/RB Lori/NNP ./.","(FRAG (INTJ (UH Well)) (NP (PRP you)) (ADVP (RB too)) (NP-VOC (NNP Lori)) (. .) (-DFL- E_S))","306",268.266875,268.995375," Well  you too   Lori   throat_clearing. ","Well/UH you/PRP too/RB Lori/NNP ./."
"200","sw06utt/sw_0638_2105.utt","2/sw2105",2105,199,"fc","A",110,1,"{C And, } [ we'll + hopefully we'll ]  get to talk again. /","And/CC ,/, we/PRP 'll/MD hopefully/RB we/PRP 'll/MD get/VB to/TO talk/VB again/RB ./.","(S (CC And) (, ,) (EDITED (RM (-DFL- \[)) (S (NP-SBJ (PRP we)) (VP-UNF (MD 'll))) (IP (-DFL- \+))) (ADVP (RB hopefully)) (NP-SBJ-1 (PRP we)) (VP (MD 'll) (RS (-DFL- \])) (VP (VB get) (S (NP-SBJ (-NONE- *-1)) (VP (TO to) (VP (VB talk) (ADVP (RB again))))))) (. .) (-DFL- E_S))","308",269.442875,272.474375," And,   we'll  hopefully we'll   get to talk again. ","And/CC ,/, we/PRP 'll/MD hopefully/RB we/PRP 'll/MD get/VB to/TO talk/VB again/RB ./."
"201","sw06utt/sw_0638_2105.utt","2/sw2105",2105,200,"b","B",111,1,"Right,  /","Right/UH ,/,","(INTJ (UH Right) (, ,) (-DFL- E_S))","310",271.733125,272.5495,"Right,  ","Right/UH ,/,"
"202","sw06utt/sw_0638_2105.utt","2/sw2105",2105,201,"fc","B",111,2,"you take care. /","you/PRP take/VBP care/NN ./.","(S-IMP (NP-SBJ (PRP you)) (VP (VBP take) (NP (NN care))) (. .) (-DFL- E_S))","311",271.733125,272.5495,"you take care. ","you/PRP take/VBP care/NN ./."
"203","sw06utt/sw_0638_2105.utt","2/sw2105",2105,202,"b","A",112,1,"Okay,  /","Okay/UH ,/,","(INTJ (UH Okay) (, ,) (-DFL- E_S))","313",272.474375,273.411375,"Okay,  ","Okay/UH ,/,"
"204","sw06utt/sw_0638_2105.utt","2/sw2105",2105,203,"fc","A",112,2,"bye-bye. /","bye-bye/UH ./.","(INTJ (UH bye-bye) (. .) (-DFL- E_S))","314",272.474375,273.411375,"byebye. ","byebye/UH ./."
"205","sw06utt/sw_0638_2105.utt","2/sw2105",2105,204,"b","B",113,1,"Okay,  /","Okay/UH ,/,","(INTJ (UH Okay) (, ,) (-DFL- E_S))","313",272.817,273.61025,"Okay,  ","Okay/UH ,/,"
"206","sw06utt/sw_0638_2105.utt","2/sw2105",2105,205,"fc","B",113,2,"bye-bye. /","bye-bye/UH ./.","(INTJ (UH bye-bye) (. .) (-DFL- E_S))","314",272.817,273.61025,"byebye. ","byebye/UH ./."
