"","swda_filename","ptb_basename","conversation_no","transcript_index","act_tag","caller","turn_index","subutterance_index","text","pos","trees","ptb_treenumbers","start_turn","end_turn","newtext","newpos"
"1","sw05utt/sw_0586_2295.utt","2/sw2295",2295,0,"o","A",1,1,"All right.  /","[ All/DT right/JJ ] ./.","(INTJ (DT All) (JJ right) (. .) (-DFL- E_S))",1,1.32,10.5235,"All right.  "," All/DT right/JJ  ./."
"2","sw05utt/sw_0586_2295.utt","2/sw2295",2295,1,"sd","A",1,2,"{D Well, } on this subject,  I really hadn't had to deal with putting someone in there yet,  /","Well/UH ,/, on/IN  [ this/DT subject/NN ] ,/,  [ I/PRP ] really/RB had/VBD n't/RB had/VBN to/TO deal/VB  with/IN putting/VBG  [ someone/NN ] in/IN there/RB yet/RB ,/,","(S (INTJ (UH Well)) (, ,) (PP (IN on) (NP (DT this) (NN subject))) (, ,) (NP-SBJ-1 (PRP I)) (ADVP (RB really)) (VP (VBD had) (RB n't) (VP (VBN had) (S (NP-SBJ-2 (-NONE- *-1)) (VP (TO to) (VP (VB deal) (PP (IN with) (S-NOM (NP-SBJ (-NONE- *-2)) (VP (VBG putting) (NP (NN someone)) (PP-PUT (IN in) (ADVP (RB there)))))) (ADVP-TMP (RB yet))))))) (, ,) (-DFL- E_S))",2,1.32,10.5235," Well,  on this subject,  I really hadn't had to deal with putting someone in there yet,  ","Well/UH ,/, on/IN   this/DT subject/NN  ,/,   I/PRP  really/RB had/VBD n't/RB had/VBN to/TO deal/VB  with/IN putting/VBG   someone/NN  in/IN there/RB yet/RB ,/,"
"3","sw05utt/sw_0586_2295.utt","2/sw2295",2295,2,"sd","A",1,3,"{C but } my mother's always been administrator of a nursing home -- /","but/CC  [ my/PRP$ mother/NN ] 's/HVS always/RB been/VBN  [ administrator/NN ] of/IN  [ a/DT nursing/NN home/NN ] --/:","(S (CC but) (NP-SBJ (PRP$ my) (NN mother)) (VP (HVS 's) (ADVP-TMP (RB always)) (VP (VBN been) (NP-PRD (NP (NN administrator)) (PP (IN of) (NP (DT a) (NN nursing) (NN home)))))) (-DFL- E_S))",3,1.32,10.5235," but  my mother's always been administrator of a nursing home  ","but/CC   my/PRP$ mother/NN  's/HVS always/RB been/VBN   administrator/NN  of/IN   a/DT nursing/NN home/NN  /:"
"4","sw05utt/sw_0586_2295.utt","2/sw2295",2295,3,"b","B",2,1,"Uh-huh. /","[ Uh-huh/UH ] ./.","(INTJ (UH Uh-huh) (. .) (-DFL- E_S))",5,10.497875,10.827875,"Uhhuh. "," Uhhuh/UH  ./."
"5","sw05utt/sw_0586_2295.utt","2/sw2295",2295,4,"sd","A",3,1,"-- {C so } I've always been involved, {D you know, } in one. /","--/: so/UH  [ I/PRP ] 've/VBP always/RB been/VBN involved/VBN ,/,  [ you/PRP ] know/VBP ,/, in/IN  [ one/NN ] ./.","(S (RB so) (NP-SBJ (PRP I)) (VP (VBP 've) (ADVP-TMP (RB always)) (VP (VBN been) (ADJP-PRD (VBN involved) (PRN (, ,) (S (NP-SBJ (PRP you)) (VP (VBP know))) (, ,)) (PP (IN in) (NP (NN one)))))) (. .) (-DFL- E_S))",7,10.8935,14.1735,"  so  I've always been involved,  you know,  in one. ","/: so/UH   I/PRP  've/VBP always/RB been/VBN involved/VBN ,/,   you/PRP  know/VBP ,/, in/IN   one/NN  ./."
"6","sw05utt/sw_0586_2295.utt","2/sw2295",2295,5,"qo","B",4,1,"How do you feel about them, {E I mean, } since you've --","How/WRB do/VBP  [ you/PRP ] feel/VB about/IN  [ them/PRP ] ,/,  [ I/PRP ] mean/VBP ,/, since/IN  [ you/PRP ] 've/VBP --/:","(SBARQ (WHADVP-1 (WRB How)) (SQ (VBP do) (NP-SBJ (PRP you)) (VP (VB feel) (PP (IN about) (NP (PRP them))) (ADVP-MNR (-NONE- *T*-1)) (PRN (, ,) (S (NP-SBJ (PRP I)) (VP (VBP mean))) (, ,)) (SBAR-PRP (IN since) (S (NP-SBJ (PRP you)) (VP (VBP 've) (ADVP (RB kind) (RB of)) (VP (VBN been) (ADVP-PRD (RB close) (PP (IN to) (NP (DT that)))))))))) (. .) (-DFL- E_S))",9,15.550125,21.090125,"How do you feel about them,  I mean,  since you've ","How/WRB do/VBP   you/PRP  feel/VB about/IN   them/PRP  ,/,   I/PRP  mean/VBP ,/, since/IN   you/PRP  've/VBP /:"
"7","sw05utt/sw_0586_2295.utt","2/sw2295",2295,6,"sd","A",5,1,"<Breathing> {D Well, } [ I've +","Well/UH ,/,  [ I/PRP ] 've/VBP","(S (INTJ (UH Well)) (, ,) (EDITED (RM (-DFL- \[)) (S (NP-SBJ (PRP I)) (VP-UNF (VBP 've))) (IP (-DFL- \+))) (INTJ (UH Well)) (, ,) (NP-SBJ (PRP I)) (VP (MD can) (RS (-DFL- \])) (ADVP (RB kind) (RB of)) (VP (VB see) (NP (DT both) (NNS sides)) (PRN (, ,) (S (NP-SBJ (PRP you)) (VP (VBP know)))))) (, ,) (-DFL- E_S))",11,19.86775,24.51125,"Breathing  Well,   I've ","Well/UH ,/,   I/PRP  've/VBP"
"8","sw05utt/sw_0586_2295.utt","2/sw2295",2295,7,"+","B",6,1,"-- kind of been close to that. /","--/:  [ kind/RB ] of/RB been/VBN close/RB to/IN  [ that/DT ] ./.","(SBARQ (WHADVP-1 (WRB How)) (SQ (VBP do) (NP-SBJ (PRP you)) (VP (VB feel) (PP (IN about) (NP (PRP them))) (ADVP-MNR (-NONE- *T*-1)) (PRN (, ,) (S (NP-SBJ (PRP I)) (VP (VBP mean))) (, ,)) (SBAR-PRP (IN since) (S (NP-SBJ (PRP you)) (VP (VBP 've) (ADVP (RB kind) (RB of)) (VP (VBN been) (ADVP-PRD (RB close) (PP (IN to) (NP (DT that)))))))))) (. .) (-DFL- E_S))",9,NA,NA," kind of been close to that. ","/:   kind/RB  of/RB been/VBN close/RB to/IN   that/DT  ./."
"9","sw05utt/sw_0586_2295.utt","2/sw2295",2295,8,"+","A",7,1,"{D Well, } I can ] kind of see both sides, {D you know, }  /","Well/UH ,/,  [ I/PRP ] can/MD  [ kind/RB ] of/RB see/VB  [ both/DT ] [ sides/NNS ] ,/,  [ you/PRP ] know/VBP ,/,","(S (INTJ (UH Well)) (, ,) (EDITED (RM (-DFL- \[)) (S (NP-SBJ (PRP I)) (VP-UNF (VBP 've))) (IP (-DFL- \+))) (INTJ (UH Well)) (, ,) (NP-SBJ (PRP I)) (VP (MD can) (RS (-DFL- \])) (ADVP (RB kind) (RB of)) (VP (VB see) (NP (DT both) (NNS sides)) (PRN (, ,) (S (NP-SBJ (PRP you)) (VP (VBP know)))))) (, ,) (-DFL- E_S))",11,24.51125,35.97825," Well,  I can  kind of see both sides,  you know,   ","Well/UH ,/,   I/PRP  can/MD   kind/RB  of/RB see/VB   both/DT   sides/NNS  ,/,   you/PRP  know/VBP ,/,"
"10","sw05utt/sw_0586_2295.utt","2/sw2295",2295,9,"sd","A",7,2,"<laughter> I really can.  /","[ I/PRP ] really/RB can/MD ./.","(S (NP-SBJ (PRP I)) (ADVP (RB really)) (VP (MD can) (VP (-NONE- *?*))) (. .) (-DFL- E_S))",14,24.51125,35.97825,"laughter I really can.  "," I/PRP  really/RB can/MD ./."
"11","sw05utt/sw_0586_2295.utt","2/sw2295",2295,10,"%","A",7,3,"{F Uh, }  nursing homes to me, - /","[ Uh/UH ] ,/, nursing/NN  [ homes/NNS ] to/IN  [ me/PRP ] ,/,","(S-UNF (INTJ (UH Uh)) (, ,) (NP-SBJ (NN nursing) (NNS homes)) (PP (IN to) (NP (PRP me))) (, ,) (-DFL- N_S))",15,24.51125,35.97825," Uh,   nursing homes to me,  "," Uh/UH  ,/, nursing/NN   homes/NNS  to/IN   me/PRP  ,/,"
"12","sw05utt/sw_0586_2295.utt","2/sw2295",2295,11,"sd","A",7,4,"I would personally be the last resort --","[ I/PRP ] would/MD personally/RB be/VB  [ the/DT last/JJ resort/NN ] --/:","(S (NP-SBJ (PRP I)) (VP (MD would) (ADVP (RB personally)) (VP (VB be) (NP-PRD (DT the) (JJ last) (NN resort)) (PRN (S (NP-SBJ (PRP you)) (VP (VBP know))) (, ,)) (EDITED (RM (-DFL- \[)) (S (NP-SBJ (PRP I)) (ADVP-UNF (RB rea-))) (, ,) (IP (-DFL- \+)) (RS (-DFL- \]))) (PRN (S (NP-SBJ (PRP you)) (VP (VBP know)))) (SBAR-ADV (IN if) (S (NP-SBJ-1 (PRP I)) (VP (VBD had) (S (NP-SBJ (-NONE- *-1)) (VP (TO to) (VP (VB put) (NP (NN someone)) (PP-PUT (IN in) (ADVP (RB there))))))))))) (. .) (-DFL- E_S))",16,24.51125,35.97825,"I would personally be the last resort "," I/PRP  would/MD personally/RB be/VB   the/DT last/JJ resort/NN  /:"
"13","sw05utt/sw_0586_2295.utt","2/sw2295",2295,12,"b","B",8,1,"Uh-huh. /","[ Uh-huh/UH ] ./.","(INTJ (UH Uh-huh) (. .) (-DFL- E_S))",5,32.684625,33.034625,"Uhhuh. "," Uhhuh/UH  ./."
"14","sw05utt/sw_0586_2295.utt","2/sw2295",2295,13,"+","A",9,1,"-- {D you know, } [ I rea-, + ] {D you know }  if I had to put someone in there. /","--/:  [ you/PRP ] know/VBP ,/,  [ I/PRP rea-/RB ] ,/,  [ you/PRP ] know/VBP if/IN  [ I/PRP ] had/VBD to/TO put/VB  [ someone/NN ] in/IN there/RB ./.","(S (NP-SBJ (PRP I)) (VP (MD would) (ADVP (RB personally)) (VP (VB be) (NP-PRD (DT the) (JJ last) (NN resort)) (PRN (S (NP-SBJ (PRP you)) (VP (VBP know))) (, ,)) (EDITED (RM (-DFL- \[)) (S (NP-SBJ (PRP I)) (ADVP-UNF (RB rea-))) (, ,) (IP (-DFL- \+)) (RS (-DFL- \]))) (PRN (S (NP-SBJ (PRP you)) (VP (VBP know)))) (SBAR-ADV (IN if) (S (NP-SBJ-1 (PRP I)) (VP (VBD had) (S (NP-SBJ (-NONE- *-1)) (VP (TO to) (VP (VB put) (NP (NN someone)) (PP-PUT (IN in) (ADVP (RB there))))))))))) (. .) (-DFL- E_S))",16,NA,NA,"  you know,   I rea,    you know   if I had to put someone in there. ","/:   you/PRP  know/VBP ,/,   I/PRP rea/RB  ,/,   you/PRP  know/VBP if/IN   I/PRP  had/VBD to/TO put/VB   someone/NN  in/IN there/RB ./."
"15","sw05utt/sw_0586_2295.utt","2/sw2295",2295,14,"sd","B",10,1,"{D Well, } I've had a touch of experience.  /","Well/UH ,/,  [ I/PRP ] 've/VBP had/VBN  [ a/DT touch/NN ] of/IN  [ experience/NN ] ./.","(S (INTJ (UH Well)) (, ,) (NP-SBJ (PRP I)) (VP (VBP 've) (VP (VBN had) (NP (NP (DT a) (NN touch)) (PP (IN of) (NP (NN experience)))))) (. .) (-DFL- E_S))",21,36.890625,46.440625," Well,  I've had a touch of experience.  ","Well/UH ,/,   I/PRP  've/VBP had/VBN   a/DT touch/NN  of/IN   experience/NN  ./."
"16","sw05utt/sw_0586_2295.utt","2/sw2295",2295,15,"sd","B",10,2,"My, {F um, } dad had emphysema and got to the point where mother couldn't --","[ My/PRP$ ] ,/, um/UH ,/,  [ dad/NN ] had/VBD  [ emphysema/NN ] and/CC got/VBD to/IN  [ the/DT point/NN ] where/WRB  [ mother/NN ] could/MD n't/RB --/:","(S (NP-SBJ (PRP$ My) (, ,) (INTJ (UH um)) (, ,) (NN dad)) (VP (VP (VBD had) (NP (NN emphysema))) (CC and) (VP (VBD got) (PP (IN to) (NP (NP (DT the) (NN point)) (SBAR (WHADVP-1 (WRB where)) (S (NP-SBJ (NN mother)) (VP (MD could) (RB n't) (VP (VBP take) (NP (NN care)) (PP (IN of) (NP (PRP him))) (ADVP (-NONE- *T*-1)))))))))) (-DFL- E_S))",22,36.890625,46.440625,"My,  um,  dad had emphysema and got to the point where mother couldn't "," My/PRP$  ,/, um/UH ,/,   dad/NN  had/VBD   emphysema/NN  and/CC got/VBD to/IN   the/DT point/NN  where/WRB   mother/NN  could/MD n't/RB /:"
"17","sw05utt/sw_0586_2295.utt","2/sw2295",2295,16,"aa","A",11,1,"Yeah,  /","Yeah/UH ,/,","(INTJ (UH Yeah) (, ,) (-DFL- E_S))",24,45.33575,47.901875,"Yeah,  ","Yeah/UH ,/,"
"18","sw05utt/sw_0586_2295.utt","2/sw2295",2295,17,"sv","A",11,2,"if it's a have to thing,  /","if/IN  [ it/PRP ] 's/BES  [ a/DT ] have/VB to/TO [ thing/NN ] ,/,","(SBAR-ADV (IN if) (S (NP-SBJ (PRP it)) (VP (BES 's) (NP-PRD (DT a) (ADJP (VB have) (TO to)) (NN thing)))) (, ,) (-DFL- E_S))",25,45.33575,47.901875,"if it's a have to thing,  ","if/IN   it/PRP  's/BES   a/DT  have/VB to/TO  thing/NN  ,/,"
"19","sw05utt/sw_0586_2295.utt","2/sw2295",2295,18,"aa","A",11,3,"yeah,  /","yeah/UH ,/,","(INTJ (UH yeah) (, ,) (-DFL- E_S))",26,45.33575,47.901875,"yeah,  ","yeah/UH ,/,"
"20","sw05utt/sw_0586_2295.utt","2/sw2295",2295,19,"%","A",11,4,"I, - /","[ I/PRP ] ,/,","(S-UNF (NP-SBJ (PRP I)) (, ,) (-DFL- N_S))",27,45.33575,47.901875,"I,  "," I/PRP  ,/,"
"21","sw05utt/sw_0586_2295.utt","2/sw2295",2295,20,"aa","A",11,5,"yeah. /","yeah/UH ./.","(INTJ (UH yeah) (. .) (-DFL- E_S))",28,45.33575,47.901875,"yeah. ","yeah/UH ./."
"22","sw05utt/sw_0586_2295.utt","2/sw2295",2295,21,"+","B",12,1,"-- take care of him  /","--/: take/VBP care/NN of/IN  [ him/PRP ]","(S (NP-SBJ (PRP$ My) (, ,) (INTJ (UH um)) (, ,) (NN dad)) (VP (VP (VBD had) (NP (NN emphysema))) (CC and) (VP (VBD got) (PP (IN to) (NP (NP (DT the) (NN point)) (SBAR (WHADVP-1 (WRB where)) (S (NP-SBJ (NN mother)) (VP (MD could) (RB n't) (VP (VBP take) (NP (NN care)) (PP (IN of) (NP (PRP him))) (ADVP (-NONE- *T*-1)))))))))) (-DFL- E_S))",22,47.554,53.264," take care of him  ","/: take/VBP care/NN of/IN   him/PRP "
"23","sw05utt/sw_0586_2295.utt","2/sw2295",2295,22,"sd","B",12,2,"{C and, } {F uh, }  she put him in,  /","and/CC ,/,  [ uh/UH ] ,/,  [ she/PRP ] put/VBD  [ him/PRP ] in/IN ,/,","(S (CC and) (, ,) (INTJ (UH uh)) (, ,) (NP-SBJ (PRP she)) (VP (VBD put) (NP (PRP him)) (ADVP-PUT (IN in))) (, ,) (-DFL- E_S))",30,47.554,53.264," and,   uh,   she put him in,  ","and/CC ,/,   uh/UH  ,/,   she/PRP  put/VBD   him/PRP  in/IN ,/,"
"24","sw05utt/sw_0586_2295.utt","2/sw2295",2295,23,"sd","B",12,3,"{C but } he wasn't there very long before he died -- /","but/CC  [ he/PRP ] [ was/VBD n't/RB ] there/RB very/RB long/RB before/IN  [ he/PRP ] died/VBD --/:","(S (CC but) (NP-SBJ (PRP he)) (VP (VBD was) (RB n't) (ADVP-LOC-PRD (RB there)) (ADVP (RB very) (RB long)) (SBAR-TMP (IN before) (S (NP-SBJ (PRP he)) (VP (VBD died))))) (-DFL- E_S))",31,47.554,53.264," but  he wasn't there very long before he died  ","but/CC   he/PRP   was/VBD n't/RB  there/RB very/RB long/RB before/IN   he/PRP  died/VBD /:"
"25","sw05utt/sw_0586_2295.utt","2/sw2295",2295,24,"b","A",13,1,"Uh-huh. /","[ Uh-huh/UH ] ./.","(INTJ (UH Uh-huh) (. .) (-DFL- E_S))",5,53.318125,53.658125,"Uhhuh. "," Uhhuh/UH  ./."
"26","sw05utt/sw_0586_2295.utt","2/sw2295",2295,25,"sd","B",14,1,"-- {C but, } {F um, } I guess, {F um, }  the one time that I saw him there, {D you know, } as far as the surroundings, that seemed okay. /","--/: but/CC ,/, um/UH ,/,  [ I/PRP ] guess/VBP ,/, um/UH ,/,  [ the/DT one/CD time/NN ] that/WDT  [ I/PRP ] saw/VBD  [ him/PRP ] there/RB ,/,  [ you/PRP ] know/VBP ,/, as/RB far/RB as/IN  [ the/DT surroundings/NNS ] ,/,  [ that/WDT ] seemed/VBD  [ okay/JJ ] ./.","(S (CC but) (, ,) (INTJ (UH um)) (, ,) (NP-SBJ (PRP I)) (VP (VBP guess) (, ,) (INTJ (UH um)) (, ,) (SBAR (-NONE- 0) (S (NP-TMP (NP (DT the) (CD one) (NN time)) (SBAR (WHADVP-1 (WDT that)) (S (NP-SBJ (PRP I)) (VP (VBD saw) (NP (PRP him)) (ADVP-LOC (RB there)) (ADVP-TMP (-NONE- *T*-1)))))) (PRN (, ,) (S (NP-SBJ (PRP you)) (VP (VBP know))) (, ,)) (ADVP (ADVP (RB as) (RB far)) (PP (IN as) (NP (DT the) (NNS surroundings)))) (, ,) (NP-SBJ (WDT that)) (VP (VBD seemed) (ADJP-PRD (JJ okay)))))) (. .) (-DFL- E_S))",35,53.374,62.6345,"  but,   um,  I guess,  um,   the one time that I saw him there,  you know,  as far as the surroundings, that seemed okay. ","/: but/CC ,/, um/UH ,/,   I/PRP  guess/VBP ,/, um/UH ,/,   the/DT one/CD time/NN  that/WDT   I/PRP  saw/VBD   him/PRP  there/RB ,/,   you/PRP  know/VBP ,/, as/RB far/RB as/IN   the/DT surroundings/NNS  ,/,   that/WDT  seemed/VBD   okay/JJ  ./."
"27","sw05utt/sw_0586_2295.utt","2/sw2295",2295,26,"b","A",15,1,"Uh-huh. /","[ Uh-huh/UH ] ./.","(INTJ (UH Uh-huh) (. .) (-DFL- E_S))",18,62.648875,62.968875,"Uhhuh. "," Uhhuh/UH  ./."
"28","sw05utt/sw_0586_2295.utt","2/sw2295",2295,27,"sd","B",16,1,"{C But, } {F um, } we kind of thought  that maybe they just wanted to give him some medication to sort of, {D you know } --","But/CC ,/, um/UH ,/,  [ we/PRP ] [ kind/RB ] of/RB  [ thought/VBD ] that/IN maybe/RB  [ they/PRP ] just/RB wanted/VBD to/TO give/VB  [ him/PRP ] [ some/DT medication/NN ] to/TO sort/RB of/RB ,/,  [ you/PRP ] know/VBP --/:","(S (CC But) (, ,) (INTJ (UH um)) (, ,) (NP-SBJ (PRP we)) (ADVP (RB kind) (RB of)) (VP (VBD thought) (SBAR (IN that) (S (ADVP (RB maybe)) (NP-SBJ-1 (PRP they)) (ADVP (RB just)) (VP (VBD wanted) (S (NP-SBJ (-NONE- *-1)) (VP (TO to) (VP (VB give) (NP (PRP him)) (NP (DT some) (NN medication)) (S-PRP (NP-SBJ (-NONE- *)) (VP (TO to) (ADVP (RB sort) (RB of)) (PRN (, ,) (S (NP-SBJ (PRP you)) (VP (VBP know)))) (VP (VB keep) (S (NP-SBJ (PRP him)) (PP-PRD (ADVP (RB real)) (IN out) (PP (IN of) (NP (PRP it))))) (NP-TMP (PDT all) (DT the) (NN time)))))))))))) (-DFL- E_S))",39,63.515125,74.185125," But,   um,  we kind of thought  that maybe they just wanted to give him some medication to sort of,  you know  ","But/CC ,/, um/UH ,/,   we/PRP   kind/RB  of/RB   thought/VBD  that/IN maybe/RB   they/PRP  just/RB wanted/VBD to/TO give/VB   him/PRP   some/DT medication/NN  to/TO sort/RB of/RB ,/,   you/PRP  know/VBP /:"
"29","sw05utt/sw_0586_2295.utt","2/sw2295",2295,28,"b","A",17,1,"Yeah. /","Yeah/UH ./.","(INTJ (UH Yeah) (. .) (-DFL- E_S))",41,71.213125,71.449125,"Yeah. ","Yeah/UH ./."
"30","sw05utt/sw_0586_2295.utt","2/sw2295",2295,29,"+","B",18,1,"-- keep him real out of it all the time -- /","--/: keep/VB  [ him/PRP ] real/RB out/IN of/IN  [ it/PRP ] [ all/PDT the/DT time/NN ] --/:","(S (CC But) (, ,) (INTJ (UH um)) (, ,) (NP-SBJ (PRP we)) (ADVP (RB kind) (RB of)) (VP (VBD thought) (SBAR (IN that) (S (ADVP (RB maybe)) (NP-SBJ-1 (PRP they)) (ADVP (RB just)) (VP (VBD wanted) (S (NP-SBJ (-NONE- *-1)) (VP (TO to) (VP (VB give) (NP (PRP him)) (NP (DT some) (NN medication)) (S-PRP (NP-SBJ (-NONE- *)) (VP (TO to) (ADVP (RB sort) (RB of)) (PRN (, ,) (S (NP-SBJ (PRP you)) (VP (VBP know)))) (VP (VB keep) (S (NP-SBJ (PRP him)) (PP-PRD (ADVP (RB real)) (IN out) (PP (IN of) (NP (PRP it))))) (NP-TMP (PDT all) (DT the) (NN time)))))))))))) (-DFL- E_S))",39,NA,NA," keep him real out of it all the time  ","/: keep/VB   him/PRP  real/RB out/IN of/IN   it/PRP   all/PDT the/DT time/NN  /:"
"31","sw05utt/sw_0586_2295.utt","2/sw2295",2295,30,"b","A",19,1,"Yeah. /","Yeah/UH ./.","(INTJ (UH Yeah) (. .) (-DFL- E_S))",41,73.785125,74.195125,"Yeah. ","Yeah/UH ./."
"32","sw05utt/sw_0586_2295.utt","2/sw2295",2295,31,"sd","B",20,1,"-- {C and } that's always kind of bothered me. /","--/: and/CC  [ that/DT ] 's/HVS always/RB  [ kind/RB ] of/RB bothered/VBN  [ me/PRP ] ./.","(S (CC and) (NP-SBJ (DT that)) (VP (HVS 's) (ADVP-TMP (RB always)) (ADVP (RB kind) (RB of)) (VP (VBN bothered) (NP (PRP me)))) (. .) (-DFL- E_S))",46,74.185125,75.80975,"  and  that's always kind of bothered me. ","/: and/CC   that/DT  's/HVS always/RB   kind/RB  of/RB bothered/VBN   me/PRP  ./."
"33","sw05utt/sw_0586_2295.utt","2/sw2295",2295,32,"aa","A",21,1,"Yeah.  /","Yeah/UH ./.","(INTJ (UH Yeah) (. .) (-DFL- E_S))",41,75.843125,81.603,"Yeah.  ","Yeah/UH ./."
"34","sw05utt/sw_0586_2295.utt","2/sw2295",2295,33,"sd@","A",21,2,"{D Well, } I kind of think that's true, too.   I guess, because it's so  under staffed, {D you know } -- /    *[[slash error; two utts]]","Well/UH ,/,  [ I/PRP ] [ kind/RB ] of/RB think/VBP  [ that/DT ] 's/BES true/JJ ,/, too/RB ./.  [ I/PRP ] guess/VBP ,/, because/IN  [ it/PRP ] 's/BES so/RB under/GW  [ staffed/^JJ ]  ,/,  [ you/PRP ] know/VBP --/:","(S (INTJ (UH Well)) (, ,) (NP-SBJ (PRP I)) (ADVP (RB kind) (RB of)) (VP (VBP think) (SBAR (-NONE- 0) (S (NP-SBJ (DT that)) (VP (BES 's) (ADJP-PRD (JJ true)) (, ,) (ADVP (RB too)) (PRN (. .) (S (NP-SBJ (PRP I)) (VP (VBP guess))) (, ,)) (SBAR-PRP (IN because) (S (NP-SBJ (PRP it)) (VP (BES 's) (ADJP-PRD (RB so) (GW under) (^JJ staffed)))))))) (PRN (, ,) (S (NP-SBJ (PRP you)) (VP (VBP know))))) (-DFL- E_S))",49,75.843125,81.603," Well,  I kind of think that's true, too.   I guess, because it's so  under staffed,  you know       *slash error; two utts","Well/UH ,/,   I/PRP   kind/RB  of/RB think/VBP   that/DT  's/BES true/JJ ,/, too/RB ./.   I/PRP  guess/VBP ,/, because/IN   it/PRP  's/BES so/RB under/GW   staffed/^JJ   ,/,   you/PRP  know/VBP /:"
"35","sw05utt/sw_0586_2295.utt","2/sw2295",2295,34,"b","B",22,1,"Uh-huh. /","[ Uh-huh/UH ] ./.","(INTJ (UH Uh-huh) (. .) (-DFL- E_S))",33,81.48225,81.98225,"Uhhuh. "," Uhhuh/UH  ./."
"36","sw05utt/sw_0586_2295.utt","2/sw2295",2295,35,"sv","A",23,1,"-- that's like everything else, though. /","--/:  [ that/DT ] 's/BES like/IN  [ everything/NN ] else/RB ,/, though/RB ./.","(S (NP-SBJ (DT that)) (VP (BES 's) (PP-PRD (IN like) (NP (NP (NN everything)) (ADVP (RB else)))) (, ,) (ADVP (RB though))) (. .) (-DFL- E_S))",53,82.180125,84.220125," that's like everything else, though. ","/:   that/DT  's/BES like/IN   everything/NN  else/RB ,/, though/RB ./."
"37","sw05utt/sw_0586_2295.utt","2/sw2295",2295,36,"sd","B",24,1,"I have a sister-in-law who runs a nursing home,  /","[ I/PRP ] have/VBP  [ a/DT sister-in-law/NN ] [ who/WP ] runs/VBZ  [ a/DT nursing/NN home/NN ] ,/,","(S (NP-SBJ (PRP I)) (VP (VBP have) (NP (NP (DT a) (NN sister-in-law)) (SBAR (WHNP-1 (WP who)) (S (NP-SBJ (-NONE- *T*-1)) (VP (VBZ runs) (NP (DT a) (NN nursing) (NN home))))))) (, ,) (-DFL- E_S))",55,84.877375,88.58325,"I have a sisterinlaw who runs a nursing home,  "," I/PRP  have/VBP   a/DT sisterinlaw/NN   who/WP  runs/VBZ   a/DT nursing/NN home/NN  ,/,"
"38","sw05utt/sw_0586_2295.utt","2/sw2295",2295,37,"sd","B",24,2,"{C but } I've never actually been there -- /","but/CC  [ I/PRP ] 've/VBP never/RB actually/RB been/VBN  [ there/RB ] --/:","(S (CC but) (NP-SBJ (PRP I)) (VP (VBP 've) (ADVP-TMP (RB never)) (ADVP (RB actually)) (VP (VBN been) (ADVP-LOC-PRD (RB there)))) (-DFL- E_S))",56,84.877375,88.58325," but  I've never actually been there  ","but/CC   I/PRP  've/VBP never/RB actually/RB been/VBN   there/RB  /:"
"39","sw05utt/sw_0586_2295.utt","2/sw2295",2295,38,"b","A",25,1,"Uh-huh. /","[ Uh-huh/UH ] ./.","(INTJ (UH Uh-huh) (. .) (-DFL- E_S))",33,88.61925,89.06225,"Uhhuh. "," Uhhuh/UH  ./."
"40","sw05utt/sw_0586_2295.utt","2/sw2295",2295,39,"sd","B",26,1,"-- {C and } I know that she's the kind  of person who wouldn't allow, {D you know, } a lot of the --","--/: and/CC  [ I/PRP ] know/VBP that/IN  [ she/PRP ] 's/BES  [ the/DT kind/NN ] of/IN  [ person/NN ] [ who/WP ] would/MD n't/RB allow/VB ,/,  [ you/PRP ] know/VBP ,/,  [ a/DT lot/NN ] of/IN  [ the/DT ] --/:","(S (CC and) (NP-SBJ (PRP I)) (VP (VBP know) (SBAR (IN that) (S (NP-SBJ (PRP she)) (VP (BES 's) (NP-PRD (NP (DT the) (NN kind)) (PP (IN of) (NP (NN person))) (SBAR (WHNP-1 (WP who)) (S (NP-SBJ (-NONE- *T*-1)) (VP (MD would) (RB n't) (VP (VB allow) (PRN (, ,) (S (NP-SBJ (PRP you)) (VP (VBP know))) (, ,)) (S (NP-SBJ (NP (DT a) (NN lot)) (PP (IN of) (NP (NP (DT the) (NN horror) (NNS things)) (SBAR (-NONE- *ICH*-3))))) (VP (TO to) (VP (VB take) (NP (NN place)) (SBAR-3 (WHNP-2 (WDT that)) (S (NP-SBJ (PRP you)) (VP (VBP hear) (PP (IN about) (NP (-NONE- *T*-2)))))))))))))))))) (. .) (-DFL- E_S))",60,89.0465,96.497375,"  and  I know that she's the kind  of person who wouldn't allow,  you know,  a lot of the ","/: and/CC   I/PRP  know/VBP that/IN   she/PRP  's/BES   the/DT kind/NN  of/IN   person/NN   who/WP  would/MD n't/RB allow/VB ,/,   you/PRP  know/VBP ,/,   a/DT lot/NN  of/IN   the/DT  /:"
"41","sw05utt/sw_0586_2295.utt","2/sw2295",2295,40,"b","A",27,1,"Yeah. /","Yeah/UH ./.","(INTJ (UH Yeah) (. .) (-DFL- E_S))",41,93.84125,94.12125,"Yeah. ","Yeah/UH ./."
"42","sw05utt/sw_0586_2295.utt","2/sw2295",2295,41,"+","B",28,1,"-- horror things to take place that you hear about. /","--/:  [ horror/NN things/NNS ] to/TO take/VB  [ place/NN ] that/WDT  [ you/PRP ] hear/VBP about/IN ./.","(S (CC and) (NP-SBJ (PRP I)) (VP (VBP know) (SBAR (IN that) (S (NP-SBJ (PRP she)) (VP (BES 's) (NP-PRD (NP (DT the) (NN kind)) (PP (IN of) (NP (NN person))) (SBAR (WHNP-1 (WP who)) (S (NP-SBJ (-NONE- *T*-1)) (VP (MD would) (RB n't) (VP (VB allow) (PRN (, ,) (S (NP-SBJ (PRP you)) (VP (VBP know))) (, ,)) (S (NP-SBJ (NP (DT a) (NN lot)) (PP (IN of) (NP (NP (DT the) (NN horror) (NNS things)) (SBAR (-NONE- *ICH*-3))))) (VP (TO to) (VP (VB take) (NP (NN place)) (SBAR-3 (WHNP-2 (WDT that)) (S (NP-SBJ (PRP you)) (VP (VBP hear) (PP (IN about) (NP (-NONE- *T*-2)))))))))))))))))) (. .) (-DFL- E_S))",60,NA,NA," horror things to take place that you hear about. ","/:   horror/NN things/NNS  to/TO take/VB   place/NN  that/WDT   you/PRP  hear/VBP about/IN ./."
"43","sw05utt/sw_0586_2295.utt","2/sw2295",2295,42,"nd","A",29,1,"Yeah,  /","Yeah/UH ,/,","(INTJ (UH Yeah) (, ,) (-DFL- E_S))",65,96.244,97.414,"Yeah,  ","Yeah/UH ,/,"
"44","sw05utt/sw_0586_2295.utt","2/sw2295",2295,43,"%","A",29,2,"{C but, } -/","but/CC ,/,","(S-UNF (CC but) (, ,) (-DFL- N_S))",66,96.244,97.414," but,  ","but/CC ,/,"
"45","sw05utt/sw_0586_2295.utt","2/sw2295",2295,44,"sv","B",30,1,"{C But } still --","But/CC still/RB --/:","(S (CC But) (ADVP (RB still)) (NP-SBJ (PRP I)) (VP (VBP 'm) (ADJP-PRD (JJ sure) (SBAR (-NONE- 0) (S (NP-SBJ (EX there)) (VP (VBP are) (PRN (, ,) (S (NP-SBJ (PRP you)) (VP (VBP know))) (, ,)) (NP-PRD (NP (NNS aspects)) (PP (IN to) (NP (PRP it))) (SBAR (WHNP-1 (WDT that)) (S (NP-SBJ (-NONE- *T*-1)) (VP (VBP are) (RB n't) (ADJP-PRD (RB really) (JJ desirable))))))))))) (. .) (-DFL- E_S))",68,97.108875,101.708875," But  still ","But/CC still/RB /:"
"46","sw05utt/sw_0586_2295.utt","2/sw2295",2295,45,"b","A",31,1,"Yeah. /","Yeah/UH ./.","(INTJ (UH Yeah) (. .) (-DFL- E_S))",44,97.765125,97.963375,"Yeah. ","Yeah/UH ./."
"47","sw05utt/sw_0586_2295.utt","2/sw2295",2295,46,"+","B",32,1,"-- I'm sure there are, {D you know, } aspects to it --","--/:  [ I/PRP ] 'm/VBP sure/JJ  [ there/EX ] are/VBP ,/,  [ you/PRP ] know/VBP ,/,  [ aspects/NNS ] to/IN  [ it/PRP ] --/:","(S (CC But) (ADVP (RB still)) (NP-SBJ (PRP I)) (VP (VBP 'm) (ADJP-PRD (JJ sure) (SBAR (-NONE- 0) (S (NP-SBJ (EX there)) (VP (VBP are) (PRN (, ,) (S (NP-SBJ (PRP you)) (VP (VBP know))) (, ,)) (NP-PRD (NP (NNS aspects)) (PP (IN to) (NP (PRP it))) (SBAR (WHNP-1 (WDT that)) (S (NP-SBJ (-NONE- *T*-1)) (VP (VBP are) (RB n't) (ADJP-PRD (RB really) (JJ desirable))))))))))) (. .) (-DFL- E_S))",68,NA,NA," I'm sure there are,  you know,  aspects to it ","/:   I/PRP  'm/VBP sure/JJ   there/EX  are/VBP ,/,   you/PRP  know/VBP ,/,   aspects/NNS  to/IN   it/PRP  /:"
"48","sw05utt/sw_0586_2295.utt","2/sw2295",2295,47,"b","A",33,1,"Yeah. /","Yeah/UH ./.","(INTJ (UH Yeah) (. .) (-DFL- E_S))",48,100.418,100.818,"Yeah. ","Yeah/UH ./."
"49","sw05utt/sw_0586_2295.utt","2/sw2295",2295,48,"+","B",34,1,"-- that aren't really desirable. /","--/:  [ that/WDT ] are/VBP n't/RB really/RB desirable/JJ ./.","(S (CC But) (ADVP (RB still)) (NP-SBJ (PRP I)) (VP (VBP 'm) (ADJP-PRD (JJ sure) (SBAR (-NONE- 0) (S (NP-SBJ (EX there)) (VP (VBP are) (PRN (, ,) (S (NP-SBJ (PRP you)) (VP (VBP know))) (, ,)) (NP-PRD (NP (NNS aspects)) (PP (IN to) (NP (PRP it))) (SBAR (WHNP-1 (WDT that)) (S (NP-SBJ (-NONE- *T*-1)) (VP (VBP are) (RB n't) (ADJP-PRD (RB really) (JJ desirable))))))))))) (. .) (-DFL- E_S))",68,NA,NA," that aren't really desirable. ","/:   that/WDT  are/VBP n't/RB really/RB desirable/JJ ./."
"50","sw05utt/sw_0586_2295.utt","2/sw2295",2295,49,"aa","A",35,1,"Yeah,  /","[ Yeah/UH ] ,/,","(INTJ (UH Yeah) (, ,) (-DFL- E_S))",65,101.68975,113.165625,"Yeah,  "," Yeah/UH  ,/,"
"51","sw05utt/sw_0586_2295.utt","2/sw2295",2295,50,"sv","A",35,2,"I know,  /","[ I/PRP ] know/VBP ,/,","(S (NP-SBJ (PRP I)) (VP (VBP know)) (, ,) (-DFL- E_S))",77,101.68975,113.165625,"I know,  "," I/PRP  know/VBP ,/,"
"52","sw05utt/sw_0586_2295.utt","2/sw2295",2295,51,"%","A",35,3,"I've always, - /","[ I/PRP ] 've/VBP always/RB ,/,","(S (NP-SBJ (PRP I)) (VP-UNF (VBP 've) (ADVP-TMP (RB always))) (, ,) (-DFL- N_S))",78,101.68975,113.165625,"I've always,  "," I/PRP  've/VBP always/RB ,/,"
"53","sw05utt/sw_0586_2295.utt","2/sw2295",2295,52,"sd","A",35,4,"{D well, }   my sister's involved in one also,  /","well/UH ,/,  [ my/PRP$ sister/NN ] 's/HVS involved/VBN in/IN  [ one/NN ] also/RB ,/,","(S (INTJ (UH well)) (, ,) (NP-SBJ (PRP$ my) (NN sister)) (VP (HVS 's) (ADJP-PRD (VBN involved) (PP (IN in) (NP (NN one)))) (ADVP (RB also))) (, ,) (-DFL- E_S))",79,101.68975,113.165625," well,    my sister's involved in one also,  ","well/UH ,/,   my/PRP$ sister/NN  's/HVS involved/VBN in/IN   one/NN  also/RB ,/,"
"54","sw05utt/sw_0586_2295.utt","2/sw2295",2295,53,"sv","A",35,5,"{C and } I really think they really do a wonderful job.  /","and/CC  [ I/PRP ] really/RB think/VBP  [ they/PRP ] really/RB do/VBP  [ a/DT wonderful/JJ job/NN ] ./.","(S (CC and) (NP-SBJ (PRP I)) (ADVP (RB really)) (VP (VBP think) (SBAR (-NONE- 0) (S (NP-SBJ (PRP they)) (ADVP (RB really)) (VP (VBP do) (NP (DT a) (JJ wonderful) (NN job)))))) (. .) (-DFL- E_S))",80,101.68975,113.165625," and  I really think they really do a wonderful job.  ","and/CC   I/PRP  really/RB think/VBP   they/PRP  really/RB do/VBP   a/DT wonderful/JJ job/NN  ./."
"55","sw05utt/sw_0586_2295.utt","2/sw2295",2295,54,"sv","A",35,6,"{C But } still there's those little things that happens, {D you know } -- /","But/CC still/RB  [ there/EX ] 's/BES  [ those/DT little/JJ things/NNS ] that/WDT happens/VBZ ,/,  [ you/PRP ] know/VBP --/:","(S (CC But) (ADVP (RB still)) (NP-SBJ (EX there)) (VP (BES 's) (NP-PRD (NP (DT those) (JJ little) (NNS things)) (SBAR (WHNP-1 (WDT that)) (S (NP-SBJ (-NONE- *T*-1)) (VP (VBZ happens))))) (PRN (, ,) (S (NP-SBJ (PRP you)) (VP (VBP know))))) (-DFL- E_S))",81,101.68975,113.165625," But  still there's those little things that happens,  you know   ","But/CC still/RB   there/EX  's/BES   those/DT little/JJ things/NNS  that/WDT happens/VBZ ,/,   you/PRP  know/VBP /:"
"56","sw05utt/sw_0586_2295.utt","2/sw2295",2295,55,"b","B",36,1,"Yeah. /","Yeah/UH ./.","(INTJ (UH Yeah) (. .) (-DFL- E_S))",62,112.504625,112.944625,"Yeah. ","Yeah/UH ./."
"57","sw05utt/sw_0586_2295.utt","2/sw2295",2295,56,"sv","A",37,1,"-- there really is,  which - /","--/:  [ there/EX ] really/RB is/VBZ ,/,  [ which/WDT ]","(S (NP-SBJ (EX there)) (ADVP (RB really)) (VP (VBZ is) (NP-PRD (NP (-NONE- *?*)) (, ,) (SBAR-UNF (WHNP (WDT which))))) (-DFL- N_S))",85,113.7135,123.656875," there really is,  which  ","/:   there/EX  really/RB is/VBZ ,/,   which/WDT "
"58","sw05utt/sw_0586_2295.utt","2/sw2295",2295,57,"sv","A",37,2,"I think,  it's a wonderful place, {D you know, } if it comes to that, {D you know, } if you just  can't take care of them any more. /","[ I/PRP ] think/VBP ,/,  [ it/PRP ] 's/BES  [ a/DT wonderful/JJ place/NN ] ,/,  [ you/PRP ] know/VBP ,/, if/IN  [ it/PRP ] comes/VBZ to/IN  [ that/DT ] ,/,  [ you/PRP ] know/VBP ,/, if/IN  [ you/PRP ] just/RB ca/MD n't/RB take/VB care/NN of/IN  [ them/PRP ] [ any/DT more/JJR ] ./.","(S (NP-SBJ (PRP I)) (VP (VBP think) (, ,) (SBAR (-NONE- 0) (S (NP-SBJ (PRP it)) (VP (BES 's) (NP-PRD (DT a) (JJ wonderful) (NN place)) (PRN (, ,) (S (NP-SBJ (PRP you)) (VP (VBP know))) (, ,)) (SBAR-ADV (IN if) (S (NP-SBJ (PRP it)) (VP (VBZ comes) (PP (IN to) (NP (DT that)))))) (PRN (, ,) (S (NP-SBJ (PRP you)) (VP (VBP know))) (, ,)) (SBAR-ADV (IN if) (S (NP-SBJ (PRP you)) (ADVP (RB just)) (VP (MD ca) (RB n't) (VP (VB take) (NP (NN care)) (PP (IN of) (NP (PRP them))) (NP-TMP (DT any) (JJR more)))))))))) (. .) (-DFL- E_S))",86,113.7135,123.656875,"I think,  it's a wonderful place,  you know,  if it comes to that,  you know,  if you just  can't take care of them any more. "," I/PRP  think/VBP ,/,   it/PRP  's/BES   a/DT wonderful/JJ place/NN  ,/,   you/PRP  know/VBP ,/, if/IN   it/PRP  comes/VBZ to/IN   that/DT  ,/,   you/PRP  know/VBP ,/, if/IN   you/PRP  just/RB ca/MD n't/RB take/VB care/NN of/IN   them/PRP   any/DT more/JJR  ./."
"59","sw05utt/sw_0586_2295.utt","2/sw2295",2295,58,"sv","B",38,1,"{D Well, } sometimes you don't have  any other alternative -- /","Well/UH ,/, sometimes/RB  [ you/PRP ] do/VBP n't/RB have/VB  [ any/DT other/JJ alternative/NN ] --/:","(S (INTJ (UH Well)) (, ,) (ADVP-TMP (RB sometimes)) (NP-SBJ (PRP you)) (VP (VBP do) (RB n't) (VP (VB have) (NP (DT any) (JJ other) (NN alternative)))) (-DFL- E_S))",88,123.570875,126.160875," Well,  sometimes you don't have  any other alternative  ","Well/UH ,/, sometimes/RB   you/PRP  do/VBP n't/RB have/VB   any/DT other/JJ alternative/NN  /:"
"60","sw05utt/sw_0586_2295.utt","2/sw2295",2295,59,"b","A",39,1,"Uh-huh,  /","[ Uh-huh/UH ] ,/,","(INTJ (UH Uh-huh) (, ,) (-DFL- E_S))",90,125.739875,127.0795,"Uhhuh,  "," Uhhuh/UH  ,/,"
"61","sw05utt/sw_0586_2295.utt","2/sw2295",2295,60,"aa","A",39,2,"that's it. /","[ that/WDT ] 's/BES  [ it/PRP ] ./.","(SBARQ (WHNP-1 (WDT that)) (SQ (BES 's) (NP-SBJ (PRP it)) (NP-PRD (-NONE- *T*-1))) (. .) (-DFL- E_S))",91,125.739875,127.0795,"that's it. "," that/WDT  's/BES   it/PRP  ./."
"62","sw05utt/sw_0586_2295.utt","2/sw2295",2295,61,"sv","B",40,1,"-- [ family and friends are usually, +  {D well } --","--/:  [ family/NN ] and/CC  [ friends/NNS ] are/VBP usually/RB ,/, well/UH --/:","(S (EDITED (RM (-DFL- \[)) (S (NP-SBJ (NN family) (CC and) (NNS friends)) (VP-UNF (VBP are) (ADVP-TMP (RB usually)))) (, ,) (IP (-DFL- \+))) (INTJ (UH well)) (NP-SBJ-1 (NN family)) (VP (BES 's) (RS (-DFL- \])) (VP (VP (RP tied) (NP (-NONE- *-1)) (PRT (IN up)) (PP (IN with) (NP (PRP$ their) (JJ own) (NNS lives) (CC and) (NNS things)))) (, ,) (CC and) (ADVP-TMP (RB usually)) (VP (VBG working)))) (-DFL- E_S))",93,127.234875,135.20525,"  family and friends are usually,    well  ","/:   family/NN  and/CC   friends/NNS  are/VBP usually/RB ,/, well/UH /:"
"63","sw05utt/sw_0586_2295.utt","2/sw2295",2295,62,"b","A",41,1,"Uh-huh. /","[ Uh-huh/UH ] ./.","(INTJ (UH Uh-huh) (. .) (-DFL- E_S))",95,129.889625,130.20975,"Uhhuh. "," Uhhuh/UH  ./."
"64","sw05utt/sw_0586_2295.utt","2/sw2295",2295,63,"+","B",42,1,"-- family's ] tied up  with --","--/:  [ family/NN ] 's/BES tied/RP up/IN with/IN --/:","(S (EDITED (RM (-DFL- \[)) (S (NP-SBJ (NN family) (CC and) (NNS friends)) (VP-UNF (VBP are) (ADVP-TMP (RB usually)))) (, ,) (IP (-DFL- \+))) (INTJ (UH well)) (NP-SBJ-1 (NN family)) (VP (BES 's) (RS (-DFL- \])) (VP (VP (RP tied) (NP (-NONE- *-1)) (PRT (IN up)) (PP (IN with) (NP (PRP$ their) (JJ own) (NNS lives) (CC and) (NNS things)))) (, ,) (CC and) (ADVP-TMP (RB usually)) (VP (VBG working)))) (-DFL- E_S))",93,NA,NA," family's  tied up  with ","/:   family/NN  's/BES tied/RP up/IN with/IN /:"
"65","sw05utt/sw_0586_2295.utt","2/sw2295",2295,64,"^2","A",43,1,"Other things. /","[ Other/JJ things/NNS ] ./.","(NP (JJ Other) (NNS things) (. .) (-DFL- E_S))",98,132.024375,133.0385,"Other things. "," Other/JJ things/NNS  ./."
"66","sw05utt/sw_0586_2295.utt","2/sw2295",2295,65,"+","B",44,1,"-- their own lives and things, and usually working  /","--/:  [ their/PRP$ own/JJ lives/NNS ] and/CC  [ things/NNS ] ,/, and/CC usually/RB working/VBG","(S (EDITED (RM (-DFL- \[)) (S (NP-SBJ (NN family) (CC and) (NNS friends)) (VP-UNF (VBP are) (ADVP-TMP (RB usually)))) (, ,) (IP (-DFL- \+))) (INTJ (UH well)) (NP-SBJ-1 (NN family)) (VP (BES 's) (RS (-DFL- \])) (VP (VP (RP tied) (NP (-NONE- *-1)) (PRT (IN up)) (PP (IN with) (NP (PRP$ their) (JJ own) (NNS lives) (CC and) (NNS things)))) (, ,) (CC and) (ADVP-TMP (RB usually)) (VP (VBG working)))) (-DFL- E_S))",93,135.20525,137.617625," their own lives and things, and usually working  ","/:   their/PRP$ own/JJ lives/NNS  and/CC   things/NNS  ,/, and/CC usually/RB working/VBG"
"67","sw05utt/sw_0586_2295.utt","2/sw2295",2295,66,"%","B",44,2,"{C and } --","and/CC --/:","(S (CC and) (NP-SBJ (PRP I)) (ADVP (RB really)) (VP (VBP think) (SBAR (-NONE- 0) (S (NP-SBJ (PRP they)) (ADVP (RB really)) (VP (VBP do) (NP (DT a) (JJ wonderful) (NN job)))))) (. .) (-DFL- E_S))",80,135.20525,137.617625," and  ","and/CC /:"
"68","sw05utt/sw_0586_2295.utt","2/sw2295",2295,67,"aa","A",45,1,"Yeah,  /","Yeah/UH ,/,","(INTJ (UH Yeah) (, ,) (-DFL- E_S))",76,135.486125,136.766125,"Yeah,  ","Yeah/UH ,/,"
"69","sw05utt/sw_0586_2295.utt","2/sw2295",2295,68,"aa^r","A",45,2,"yeah,  /","yeah/UH ,/,","(INTJ (UH yeah) (, ,) (-DFL- E_S))",103,135.486125,136.766125,"yeah,  ","yeah/UH ,/,"
"70","sw05utt/sw_0586_2295.utt","2/sw2295",2295,69,"aa^r","A",45,3,"yeah -- /","yeah/UH --/:","(INTJ (UH yeah) (-DFL- E_S))",104,135.486125,136.766125,"yeah  ","yeah/UH /:"
"71","sw05utt/sw_0586_2295.utt","2/sw2295",2295,70,"+","B",46,1,"-- it's hard to, -/","--/:  [ it/PRP ] 's/BES hard/JJ to/TO ,/,","(S (CC and) (NP-SBJ (NP (PRP it)) (S (-NONE- *EXP*-1))) (VP (BES 's) (ADJP-PRD (JJ hard) (S-1 (NP-SBJ (-NONE- *)) (VP-UNF (TO to))))) (, ,) (-DFL- N_S))",100,NA,NA," it's hard to, ","/:   it/PRP  's/BES hard/JJ to/TO ,/,"
"72","sw05utt/sw_0586_2295.utt","2/sw2295",2295,71,"sd","A",47,1,"-- {C but } I think when the time comes,  [ I, +  I ] hope to have the time to really look around, {D you know } --","--/: but/CC  [ I/PRP ] think/VBP when/WRB  [ the/DT time/NN ] comes/VBZ ,/,  [ I/PRP ] ,/,  [ I/PRP ] hope/VBP to/TO have/VB  [ the/DT time/NN ] to/TO really/RB look/VB around/RP ,/,  [ you/PRP ] know/VBP --/:","(S (CC but) (NP-SBJ (PRP I)) (VP (VBP think) (SBAR (-NONE- 0) (S (SBAR-TMP (WHADVP-1 (WRB when)) (S (NP-SBJ (DT the) (NN time)) (VP (VBZ comes) (ADVP-TMP (-NONE- *T*-1))))) (, ,) (EDITED (RM (-DFL- \[)) (NP-SBJ (PRP I)) (, ,) (IP (-DFL- \+))) (NP-SBJ-2 (PRP I)) (RS (-DFL- \])) (VP (VBP hope) (S (NP-SBJ (-NONE- *-2)) (VP (TO to) (VP (VB have) (NP (NP (DT the) (NN time)) (SBAR (WHADVP-4 (-NONE- 0)) (S (NP-SBJ (-NONE- *)) (VP (TO to) (ADVP (RB really)) (VP (VP (VB look) (ADVP (RP around)) (PRN (, ,) (S (NP-SBJ (PRP you)) (VP (VBP know))))) (CC and) (VP (VB pick) (NP (NP (NN one)) (SBAR (WHNP-3 (WDT that)) (S (NP-SBJ (PRP I)) (ADVP (RB really)) (VP (VBP think) (SBAR (-NONE- 0) (S (NP-SBJ (PRP$ my) (NN mother)) (VP (MD would) (VP (VB be) (ADJP-PRD (JJ happy)) (PP-LOC (IN at) (NP (-NONE- *T*-3)))))))))))) (ADVP-TMP (-NONE- *T*-4)))))))))))))) (. .) (-DFL- E_S))",107,137.082625,149.089625,"  but  I think when the time comes,   I,   I  hope to have the time to really look around,  you know  ","/: but/CC   I/PRP  think/VBP when/WRB   the/DT time/NN  comes/VBZ ,/,   I/PRP  ,/,   I/PRP  hope/VBP to/TO have/VB   the/DT time/NN  to/TO really/RB look/VB around/RP ,/,   you/PRP  know/VBP /:"
"73","sw05utt/sw_0586_2295.utt","2/sw2295",2295,72,"aa","B",48,1,"Yes. /","Yes/UH ./.","(INTJ (UH Yes) (. .) (-DFL- E_S))",109,143.890375,144.66425,"Yes. ","Yes/UH ./."
"74","sw05utt/sw_0586_2295.utt","2/sw2295",2295,73,"+","A",49,1,"-- and pick one that I really  think my mother would be happy at. /","--/: and/CC pick/VB  [ one/NN ] that/WDT  [ I/PRP ] really/RB think/VBP  [ my/PRP$ mother/NN ] would/MD be/VB happy/JJ at/IN ./.","(S (CC but) (NP-SBJ (PRP I)) (VP (VBP think) (SBAR (-NONE- 0) (S (SBAR-TMP (WHADVP-1 (WRB when)) (S (NP-SBJ (DT the) (NN time)) (VP (VBZ comes) (ADVP-TMP (-NONE- *T*-1))))) (, ,) (EDITED (RM (-DFL- \[)) (NP-SBJ (PRP I)) (, ,) (IP (-DFL- \+))) (NP-SBJ-2 (PRP I)) (RS (-DFL- \])) (VP (VBP hope) (S (NP-SBJ (-NONE- *-2)) (VP (TO to) (VP (VB have) (NP (NP (DT the) (NN time)) (SBAR (WHADVP-4 (-NONE- 0)) (S (NP-SBJ (-NONE- *)) (VP (TO to) (ADVP (RB really)) (VP (VP (VB look) (ADVP (RP around)) (PRN (, ,) (S (NP-SBJ (PRP you)) (VP (VBP know))))) (CC and) (VP (VB pick) (NP (NP (NN one)) (SBAR (WHNP-3 (WDT that)) (S (NP-SBJ (PRP I)) (ADVP (RB really)) (VP (VBP think) (SBAR (-NONE- 0) (S (NP-SBJ (PRP$ my) (NN mother)) (VP (MD would) (VP (VB be) (ADJP-PRD (JJ happy)) (PP-LOC (IN at) (NP (-NONE- *T*-3)))))))))))) (ADVP-TMP (-NONE- *T*-4)))))))))))))) (. .) (-DFL- E_S))",107,NA,NA," and pick one that I really  think my mother would be happy at. ","/: and/CC pick/VB   one/NN  that/WDT   I/PRP  really/RB think/VBP   my/PRP$ mother/NN  would/MD be/VB happy/JJ at/IN ./."
"75","sw05utt/sw_0586_2295.utt","2/sw2295",2295,74,"b","B",50,1,"Uh-huh,  /","[ Uh-huh/UH ] ,/,","(INTJ (UH Uh-huh) (, ,) (-DFL- E_S))",90,149.07675,152.674125,"Uhhuh,  "," Uhhuh/UH  ,/,"
"76","sw05utt/sw_0586_2295.utt","2/sw2295",2295,75,"aa","B",50,2,"I think that's important, too,  /","[ I/PRP ] think/VBP  [ that/DT ] 's/BES important/JJ ,/, too/RB ,/,","(S (NP-SBJ (PRP I)) (VP (VBP think) (SBAR (-NONE- 0) (S (NP-SBJ (DT that)) (VP (BES 's) (ADJP-PRD (JJ important)) (, ,) (ADVP (RB too)))))) (, ,) (-DFL- E_S))",113,149.07675,152.674125,"I think that's important, too,  "," I/PRP  think/VBP   that/DT  's/BES important/JJ ,/, too/RB ,/,"
"77","sw05utt/sw_0586_2295.utt","2/sw2295",2295,76,"%","B",50,3,"in fact --","in/IN  [ fact/NN ] --/:","(S (PP (IN in) (NP (NN fact))) (NP-SBJ (EX there)) (VP (BES 's) (NP-PRD-UNF (DT a))) (, ,) (-DFL- N_S))",114,149.07675,152.674125,"in fact ","in/IN   fact/NN  /:"
"78","sw05utt/sw_0586_2295.utt","2/sw2295",2295,77,"aa","A",51,1,"I do too. /","[ I/PRP ] do/VBP too/RB ./.","(S (NP-SBJ (PRP I)) (VP (VBP do) (ADVP (RB too))) (. .) (-DFL- E_S))",116,150.73625,151.703,"I do too. "," I/PRP  do/VBP too/RB ./."
"79","sw05utt/sw_0586_2295.utt","2/sw2295",2295,78,"+","B",52,1,"-- there's a, -/","--/:  [ there/EX ] 's/BES  [ a/DT ] ,/,","(S (PP (IN in) (NP (NN fact))) (NP-SBJ (EX there)) (VP (BES 's) (NP-PRD-UNF (DT a))) (, ,) (-DFL- N_S))",114,NA,NA," there's a, ","/:   there/EX  's/BES   a/DT  ,/,"
"80","sw05utt/sw_0586_2295.utt","2/sw2295",2295,79,"sv","A",53,1,"Outside's awful deceiving sometimes --","[ Outside/RB 's/BES awful/JJ ] deceiving/VBG sometimes/RB --/:","(S (NP-SBJ (RB Outside)) (VP (BES 's) (ADJP-PRD (JJ awful) (VBG deceiving)) (ADVP-TMP (RB sometimes)) (PRN (S (NP-SBJ (PRP you)) (VP (VBP know))))) (. .) (-DFL- E_S))",119,152.5255,156.37375,"Outside's awful deceiving sometimes "," Outside/RB 's/BES awful/JJ  deceiving/VBG sometimes/RB /:"
"81","sw05utt/sw_0586_2295.utt","2/sw2295",2295,80,"aa","B",54,1,"Yes. /","Yes/UH ./.","(INTJ (UH Yes) (. .) (-DFL- E_S))",109,155.122625,155.722625,"Yes. ","Yes/UH ./."
"82","sw05utt/sw_0586_2295.utt","2/sw2295",2295,81,"+","A",55,1,"-- {D you know. } /","--/:  [ you/PRP ] know/VBP ./.","(S (NP-SBJ (RB Outside)) (VP (BES 's) (ADJP-PRD (JJ awful) (VBG deceiving)) (ADVP-TMP (RB sometimes)) (PRN (S (NP-SBJ (PRP you)) (VP (VBP know))))) (. .) (-DFL- E_S))",119,NA,NA,"  you know.  ","/:   you/PRP  know/VBP ./."
"83","sw05utt/sw_0586_2295.utt","2/sw2295",2295,82,"sd","B",56,1,"There's one close to where my mother is,  /","[ There/EX ] 's/BES  [ one/NN ] close/RB to/IN where/WRB  [ my/PRP$ mother/NN ] is/VBZ ,/,","(S (NP-SBJ (EX There)) (VP (BES 's) (NP-PRD (NP (NN one)) (ADVP-LOC (RB close) (PP (IN to) (SBAR-NOM (WHADVP-1 (WRB where)) (S (NP-SBJ (PRP$ my) (NN mother)) (VP (VBZ is) (ADVP-LOC-PRD (-NONE- *T*-1))))))))) (, ,) (-DFL- E_S))",124,156.6915,170.3455,"There's one close to where my mother is,  "," There/EX  's/BES   one/NN  close/RB to/IN where/WRB   my/PRP$ mother/NN  is/VBZ ,/,"
"84","sw05utt/sw_0586_2295.utt","2/sw2295",2295,83,"sd","B",56,2,"{C but } in order to get in, you have to be able to, {F um, } walk in on your own,  /","but/CC in/IN  [ order/NN ] to/TO get/VB in/IN ,/,  [ you/PRP ] have/VBP to/TO be/VB able/JJ to/TO ,/, um/UH ,/, walk/VB in/IN on/IN  [ your/PRP$ own/JJ ] ,/,","(S (CC but) (SBAR-PRP (IN in) (NN order) (S (NP-SBJ (-NONE- *)) (VP (TO to) (VP (VB get) (ADVP-LOC (IN in)))))) (, ,) (NP-SBJ-1 (PRP you)) (VP (VBP have) (S (NP-SBJ-2 (-NONE- *-1)) (VP (TO to) (VP (VB be) (ADJP-PRD (JJ able) (S (NP-SBJ (-NONE- *-2)) (VP (TO to) (, ,) (INTJ (UH um)) (, ,) (VP (VB walk) (ADVP-DIR (IN in)) (PP (IN on) (NP (PRP$ your) (JJ own))))))))))) (, ,) (-DFL- E_S))",125,156.6915,170.3455," but  in order to get in, you have to be able to,  um,  walk in on your own,  ","but/CC in/IN   order/NN  to/TO get/VB in/IN ,/,   you/PRP  have/VBP to/TO be/VB able/JJ to/TO ,/, um/UH ,/, walk/VB in/IN on/IN   your/PRP$ own/JJ  ,/,"
"85","sw05utt/sw_0586_2295.utt","2/sw2295",2295,84,"sd","B",56,3,"in other words, you can't be in, {D you know, } too bad a shape --","in/IN  [ other/JJ words/NNS ] ,/,  [ you/PRP ] ca/MD n't/RB be/VB in/IN ,/,  [ you/PRP ] know/VBP ,/, too/RB bad/JJ  [ a/DT shape/NN ] --/:","(S (PP (IN in) (NP (JJ other) (NNS words))) (, ,) (NP-SBJ-1 (PRP you)) (VP (MD ca) (RB n't) (VP (VB be) (PP-PRD (IN in) (PRN (, ,) (S (NP-SBJ (PRP you)) (VP (VBP know))) (, ,)) (NP (ADJP (RB too) (JJ bad)) (DT a) (NN shape))) (S-TMP (NP-SBJ (-NONE- *-1)) (VP (TO to) (VP (VB start) (PRT (RP out)) (PP (IN with) (NP (-NONE- *?*)))))))) (. .) (-DFL- E_S))",126,156.6915,170.3455,"in other words, you can't be in,  you know,  too bad a shape ","in/IN   other/JJ words/NNS  ,/,   you/PRP  ca/MD n't/RB be/VB in/IN ,/,   you/PRP  know/VBP ,/, too/RB bad/JJ   a/DT shape/NN  /:"
"86","sw05utt/sw_0586_2295.utt","2/sw2295",2295,85,"b","A",57,1,"Yeah. /","Yeah/UH ./.","(INTJ (UH Yeah) (. .) (-DFL- E_S))",128,169.597125,170.111,"Yeah. ","Yeah/UH ./."
"87","sw05utt/sw_0586_2295.utt","2/sw2295",2295,86,"+","B",58,1,"-- to start out with. /","--/: to/TO start/VB out/RP with/IN ./.","(S (PP (IN in) (NP (JJ other) (NNS words))) (, ,) (NP-SBJ-1 (PRP you)) (VP (MD ca) (RB n't) (VP (VB be) (PP-PRD (IN in) (PRN (, ,) (S (NP-SBJ (PRP you)) (VP (VBP know))) (, ,)) (NP (ADJP (RB too) (JJ bad)) (DT a) (NN shape))) (S-TMP (NP-SBJ (-NONE- *-1)) (VP (TO to) (VP (VB start) (PRT (RP out)) (PP (IN with) (NP (-NONE- *?*)))))))) (. .) (-DFL- E_S))",126,NA,NA," to start out with. ","/: to/TO start/VB out/RP with/IN ./."
"88","sw05utt/sw_0586_2295.utt","2/sw2295",2295,87,"b","A",59,1,"Yeah. /","Yeah/UH ./.","(INTJ (UH Yeah) (. .) (-DFL- E_S))",128,170.36325,170.787125,"Yeah. ","Yeah/UH ./."
"89","sw05utt/sw_0586_2295.utt","2/sw2295",2295,88,"sd","B",60,1,"{C But then } if you deteriorate, {F um, }  they have a separate section for those who need care --","But/CC then/RB if/IN  [ you/PRP ] deteriorate/VBP ,/, um/UH ,/,  [ they/PRP ] have/VBP  [ a/DT separate/JJ section/NN ] for/IN  [ those/DT ] [ who/WP ] need/MD care/NN --/:","(S (CONJP (CC But) (RB then)) (SBAR-ADV (IN if) (S (NP-SBJ (PRP you)) (VP (VBP deteriorate)))) (, ,) (INTJ (UH um)) (, ,) (NP-SBJ (PRP they)) (VP (VBP have) (NP (DT a) (JJ separate) (NN section)) (PP (IN for) (NP (NP (DT those)) (SBAR (WHNP-1 (WP who)) (S (NP-SBJ (-NONE- *T*-1)) (VP (MD need) (NP (NN care)) (PRN (S (NP-SBJ (PRP you)) (VP (VBP know))) (, ,)) (NP-TMP (PDT all) (DT the) (NN time)))))))) (. .) (-DFL- E_S))",133,170.4655,179.73375," But then  if you deteriorate,  um,   they have a separate section for those who need care ","But/CC then/RB if/IN   you/PRP  deteriorate/VBP ,/, um/UH ,/,   they/PRP  have/VBP   a/DT separate/JJ section/NN  for/IN   those/DT   who/WP  need/MD care/NN /:"
"90","sw05utt/sw_0586_2295.utt","2/sw2295",2295,89,"%","A",61,1,"Ca-, - /","[ Ca-/XX ] ,/,","(X (XX Ca-) (, ,) (-DFL- N_S))",135,178.54425,179.146625,"Ca,  "," Ca/XX  ,/,"
"91","sw05utt/sw_0586_2295.utt","2/sw2295",2295,90,"b","A",61,2,"yeah. /","yeah/UH ./.","(INTJ (UH yeah) (. .) (-DFL- E_S))",136,178.54425,179.146625,"yeah. ","yeah/UH ./."
"92","sw05utt/sw_0586_2295.utt","2/sw2295",2295,91,"+","B",62,1,"-- {D you know, } all the time. /","--/:  [ you/PRP ] know/VBP ,/,  [ all/PDT the/DT time/NN ] ./.","(S (CONJP (CC But) (RB then)) (SBAR-ADV (IN if) (S (NP-SBJ (PRP you)) (VP (VBP deteriorate)))) (, ,) (INTJ (UH um)) (, ,) (NP-SBJ (PRP they)) (VP (VBP have) (NP (DT a) (JJ separate) (NN section)) (PP (IN for) (NP (NP (DT those)) (SBAR (WHNP-1 (WP who)) (S (NP-SBJ (-NONE- *T*-1)) (VP (MD need) (NP (NN care)) (PRN (S (NP-SBJ (PRP you)) (VP (VBP know))) (, ,)) (NP-TMP (PDT all) (DT the) (NN time)))))))) (. .) (-DFL- E_S))",133,NA,NA,"  you know,  all the time. ","/:   you/PRP  know/VBP ,/,   all/PDT the/DT time/NN  ./."
"93","sw05utt/sw_0586_2295.utt","2/sw2295",2295,92,"b","A",63,1,"Yeah. /","Yeah/UH ./.","(INTJ (UH Yeah) (. .) (-DFL- E_S))",128,179.456625,179.85875,"Yeah. ","Yeah/UH ./."
"94","sw05utt/sw_0586_2295.utt","2/sw2295",2295,93,"%","B",64,1,"{C But } it's always, {D well, } - /","But/CC  [ it/PRP ] 's/BES always/RB ,/, well/UH ,/,","(S (CC But) (NP-SBJ (PRP it)) (VP-UNF (BES 's) (ADVP-TMP (RB always)) (, ,) (INTJ (UH well))) (, ,) (-DFL- N_S))",141,180.545375,191.085375," But  it's always,  well,   ","But/CC   it/PRP  's/BES always/RB ,/, well/UH ,/,"
"95","sw05utt/sw_0586_2295.utt","2/sw2295",2295,94,"sd","B",64,2,"{C and } they have a long waiting list, too.  /","and/CC  [ they/PRP ] have/VBP  [ a/DT long/JJ waiting/JJ list/NN ] ,/, too/RB ./.","(S (CC and) (NP-SBJ (PRP they)) (VP (VBP have) (NP (DT a) (JJ long) (JJ waiting) (NN list)) (, ,) (ADVP (RB too))) (. .) (-DFL- E_S))",142,180.545375,191.085375," and  they have a long waiting list, too.  ","and/CC   they/PRP  have/VBP   a/DT long/JJ waiting/JJ list/NN  ,/, too/RB ./."
"96","sw05utt/sw_0586_2295.utt","2/sw2295",2295,95,"sd","B",64,3,"{C So } there's always this feeling of, {D well, } golly gee, {D you know, }  you've got to be able to walk in the door,  /","So/RB  [ there/EX ] 's/BES always/RB  [ this/DT feeling/NN ] of/IN ,/, well/UH ,/, golly/UH gee/UH ,/,  [ you/PRP ] know/VBP ,/,  [ you/PRP ] 've/VBP got/VBN to/TO be/VB able/JJ to/TO walk/VB in/IN  [ the/DT door/NN ] ,/,","(S (RB So) (NP-SBJ (EX there)) (VP (BES 's) (ADVP-TMP (RB always)) (NP-PRD (NP (DT this) (NN feeling)) (PP (IN of) (, ,) (S-SEZ (INTJ (UH well)) (, ,) (INTJ (UH golly)) (INTJ (UH gee)) (PRN (, ,) (S (NP-SBJ (PRP you)) (VP (VBP know))) (, ,)) (NP-SBJ-1 (PRP you)) (VP (VBP 've) (VP (VBN got) (S (NP-SBJ-2 (-NONE- *-1)) (VP (TO to) (VP (VB be) (ADJP-PRD (JJ able) (S (NP-SBJ (-NONE- *-2)) (VP (TO to) (VP (VB walk) (PP-DIR (IN in) (NP (DT the) (NN door)))))))))))))))) (, ,) (-DFL- E_S))",143,180.545375,191.085375," So  there's always this feeling of,  well,  golly gee,  you know,   you've got to be able to walk in the door,  ","So/RB   there/EX  's/BES always/RB   this/DT feeling/NN  of/IN ,/, well/UH ,/, golly/UH gee/UH ,/,   you/PRP  know/VBP ,/,   you/PRP  've/VBP got/VBN to/TO be/VB able/JJ to/TO walk/VB in/IN   the/DT door/NN  ,/,"
"97","sw05utt/sw_0586_2295.utt","2/sw2295",2295,96,"sd","B",64,4,"{C so } you can't wait until you're too bad off -- /","so/IN  [ you/PRP ] ca/MD n't/RB wait/VB until/IN  [ you/PRP ] 're/VBP too/RB bad/JJ off/RP --/:","(S (RB so) (NP-SBJ (PRP you)) (VP (MD ca) (RB n't) (VP (VB wait) (SBAR-TMP (IN until) (S (NP-SBJ (PRP you)) (VP (VBP 're) (ADJP-PRD (RB too) (JJ bad) (RP off))))))) (-DFL- E_S))",144,180.545375,191.085375," so  you can't wait until you're too bad off  ","so/IN   you/PRP  ca/MD n't/RB wait/VB until/IN   you/PRP  're/VBP too/RB bad/JJ off/RP /:"
"98","sw05utt/sw_0586_2295.utt","2/sw2295",2295,97,"b^m","A",65,1,"Off,  /","Off/RP ,/,","(ADVP (RP Off) (, ,) (-DFL- E_S))",146,190.7475,191.72075,"Off,  ","Off/RP ,/,"
"99","sw05utt/sw_0586_2295.utt","2/sw2295",2295,98,"b","A",65,2,"yeah. /","yeah/UH ./.","(INTJ (UH yeah) (. .) (-DFL- E_S))",136,190.7475,191.72075,"yeah. ","yeah/UH ./."
"100","sw05utt/sw_0586_2295.utt","2/sw2295",2295,99,"sv","B",66,1,"-- {C but then, } you don't want  to go do that when you don't have to --","--/: but/CC then/RB ,/,  [ you/PRP ] do/VBP n't/RB want/VB to/TO go/VB do/VB that/DT when/WRB  [ you/PRP ] do/VBP n't/RB have/VB to/TO --/:","(S (CONJP (CC but) (RB then)) (, ,) (NP-SBJ-1 (PRP you)) (VP (VBP do) (RB n't) (VP (VB want) (S (NP-SBJ-3 (-NONE- *-1)) (VP (TO to) (VP (VB go) (S (NP-SBJ (-NONE- *-3)) (VP (VB do) (NP (DT that)) (SBAR-TMP (WHADVP-5 (WRB when)) (S (NP-SBJ-4 (PRP you)) (VP (VBP do) (RB n't) (VP (VB have) (S (NP-SBJ (-NONE- *-4)) (VP (TO to) (VP (-NONE- *?*)))) (ADVP-TMP (-NONE- *T*-5)))))) (SBAR-PRP (RB because) (INTJ (UH like)) (, ,) (INTJ (UH uh)) (, ,) (S (NP-SBJ-2 (PRP you)) (VP (VBP have) (S (NP-SBJ (-NONE- *-2)) (VP (TO to) (VP (VP (VB give) (PRT (RP up)) (NP (PRP$ your) (NN automobile))) (CC or) (NP-ETC (WDT whatever))))))))))))))) (. .) (-DFL- E_S))",149,191.50375,199.75075,"  but then,  you don't want  to go do that when you don't have to ","/: but/CC then/RB ,/,   you/PRP  do/VBP n't/RB want/VB to/TO go/VB do/VB that/DT when/WRB   you/PRP  do/VBP n't/RB have/VB to/TO /:"
"101","sw05utt/sw_0586_2295.utt","2/sw2295",2295,100,"b^m","A",67,1,"To,  /","To/TO ,/,","(X (TO To) (, ,) (-DFL- E_S))",151,194.231,195.47,"To,  ","To/TO ,/,"
"102","sw05utt/sw_0586_2295.utt","2/sw2295",2295,101,"aa","A",67,2,"no. /","no/UH ./.","(INTJ (UH no) (. .) (-DFL- E_S))",152,194.231,195.47,"no. ","no/UH ./."
"103","sw05utt/sw_0586_2295.utt","2/sw2295",2295,102,"+","B",68,1,"-- because {D like, } {F uh, } you have  to give up your automobile or whatever. /","--/: because/RB like/IN ,/,  [ uh/UH ] ,/,  [ you/PRP ] have/VBP to/TO give/VB up/RP  [ your/PRP$ automobile/NN ] or/CC  [ whatever/WDT ] ./.","(S (CONJP (CC but) (RB then)) (, ,) (NP-SBJ-1 (PRP you)) (VP (VBP do) (RB n't) (VP (VB want) (S (NP-SBJ-3 (-NONE- *-1)) (VP (TO to) (VP (VB go) (S (NP-SBJ (-NONE- *-3)) (VP (VB do) (NP (DT that)) (SBAR-TMP (WHADVP-5 (WRB when)) (S (NP-SBJ-4 (PRP you)) (VP (VBP do) (RB n't) (VP (VB have) (S (NP-SBJ (-NONE- *-4)) (VP (TO to) (VP (-NONE- *?*)))) (ADVP-TMP (-NONE- *T*-5)))))) (SBAR-PRP (RB because) (INTJ (UH like)) (, ,) (INTJ (UH uh)) (, ,) (S (NP-SBJ-2 (PRP you)) (VP (VBP have) (S (NP-SBJ (-NONE- *-2)) (VP (TO to) (VP (VP (VB give) (PRT (RP up)) (NP (PRP$ your) (NN automobile))) (CC or) (NP-ETC (WDT whatever))))))))))))))) (. .) (-DFL- E_S))",149,NA,NA," because  like,   uh,  you have  to give up your automobile or whatever. ","/: because/RB like/IN ,/,   uh/UH  ,/,   you/PRP  have/VBP to/TO give/VB up/RP   your/PRP$ automobile/NN  or/CC   whatever/WDT  ./."
"104","sw05utt/sw_0586_2295.utt","2/sw2295",2295,103,"b","A",69,1,"Uh-huh,  /","[ Uh-huh/UH ] ,/,","(INTJ (UH Uh-huh) (, ,) (-DFL- E_S))",155,199.44525,203.08525,"Uhhuh,  "," Uhhuh/UH  ,/,"
"105","sw05utt/sw_0586_2295.utt","2/sw2295",2295,104,"sd","A",69,2,"{C and } everything you worked so  hard for all your life -- /","and/CC  [ everything/NN ] [ you/PRP ] worked/VBD so/RB hard/RB for/IN  [ all/DT your/PRP$ life/NN ] --/:","(FRAG (CC and) (NP (NP (NN everything)) (SBAR (WHNP-1 (-NONE- 0)) (S (NP-SBJ (PRP you)) (VP (VBD worked) (ADJP-PRD (RB so) (RB hard) (PP (IN for) (NP (-NONE- *T*-1)))) (NP-TMP (DT all) (PRP$ your) (NN life)))))) (-DFL- E_S))",156,199.44525,203.08525," and  everything you worked so  hard for all your life  ","and/CC   everything/NN   you/PRP  worked/VBD so/RB hard/RB for/IN   all/DT your/PRP$ life/NN  /:"
"106","sw05utt/sw_0586_2295.utt","2/sw2295",2295,105,"b","B",70,1,"Yeah  -- /","Yeah/UH --/:","(INTJ (UH Yeah) (-DFL- E_S))",158,202.285625,202.585625,"Yeah   ","Yeah/UH /:"
"107","sw05utt/sw_0586_2295.utt","2/sw2295",2295,106,"%","A",71,1,"-- yeah. /","--/: yeah/UH ./.","(INTJ (UH yeah) (. .) (-DFL- E_S))",136,203.08525,203.53175," yeah. ","/: yeah/UH ./."
"108","sw05utt/sw_0586_2295.utt","2/sw2295",2295,107,"sv","B",72,1,"-- {C and } if you're still capable  of driving and doing those things, then you feel like, {D well, } gee, [ I'm, +   {D you know, } I'm ] isolating myself --","--/: and/CC if/IN  [ you/PRP ] 're/VBP still/RB capable/JJ of/IN driving/VBG and/CC doing/VBG  [ those/DT things/NNS ] ,/, then/RB  [ you/PRP ] feel/VBP like/IN ,/, well/UH ,/, gee/UH ,/,  [ I/PRP ] 'm/VBP ,/,  [ you/PRP ] know/VBP ,/,  [ I/PRP ] 'm/VBP isolating/JJ  [ myself/PRP ] --/:","(S (CC and) (SBAR-ADV (IN if) (S (NP-SBJ-1 (PRP you)) (VP (VBP 're) (ADVP-TMP (RB still)) (ADJP-PRD (JJ capable) (PP (IN of) (S-NOM (NP-SBJ (-NONE- *-1)) (VP (VP (VBG driving)) (CC and) (VP (VBG doing) (NP (DT those) (NNS things)))))))))) (, ,) (ADVP (RB then)) (NP-SBJ (PRP you)) (VP (VBP feel) (SBAR (IN like) (, ,) (S-SEZ (INTJ (UH well)) (, ,) (INTJ (UH gee)) (, ,) (EDITED (RM (-DFL- \[)) (S (NP-SBJ (PRP I)) (VP-UNF (VBP 'm))) (, ,) (IP (-DFL- \+))) (PRN (S (NP-SBJ (PRP you)) (VP (VBP know))) (, ,)) (NP-SBJ (PRP I)) (VP (VBP 'm) (RS (-DFL- \])) (VP (JJ isolating) (NP (PRP myself)) (ADVP-LOC (RB here)) (PP-PRP (IN for) (NP (DT no) (NN reason))) (PP-TMP (IN at) (NP (DT the) (NN moment)))))))) (. .) (-DFL- E_S))",162,202.585625,211.225625,"  and  if you're still capable  of driving and doing those things, then you feel like,  well,  gee,  I'm,     you know,  I'm  isolating myself ","/: and/CC if/IN   you/PRP  're/VBP still/RB capable/JJ of/IN driving/VBG and/CC doing/VBG   those/DT things/NNS  ,/, then/RB   you/PRP  feel/VBP like/IN ,/, well/UH ,/, gee/UH ,/,   I/PRP  'm/VBP ,/,   you/PRP  know/VBP ,/,   I/PRP  'm/VBP isolating/JJ   myself/PRP  /:"
"109","sw05utt/sw_0586_2295.utt","2/sw2295",2295,108,"b","A",73,1,"Uh-huh. /","[ Uh-huh/UH ] ./.","(INTJ (UH Uh-huh) (. .) (-DFL- E_S))",164,209.15375,209.55775,"Uhhuh. "," Uhhuh/UH  ./."
"110","sw05utt/sw_0586_2295.utt","2/sw2295",2295,109,"+","B",74,1,"-- here for no reason at the moment. /","--/: here/RB for/IN  [ no/DT reason/NN ] at/IN  [ the/DT moment/NN ] ./.","(S (CC and) (SBAR-ADV (IN if) (S (NP-SBJ-1 (PRP you)) (VP (VBP 're) (ADVP-TMP (RB still)) (ADJP-PRD (JJ capable) (PP (IN of) (S-NOM (NP-SBJ (-NONE- *-1)) (VP (VP (VBG driving)) (CC and) (VP (VBG doing) (NP (DT those) (NNS things)))))))))) (, ,) (ADVP (RB then)) (NP-SBJ (PRP you)) (VP (VBP feel) (SBAR (IN like) (, ,) (S-SEZ (INTJ (UH well)) (, ,) (INTJ (UH gee)) (, ,) (EDITED (RM (-DFL- \[)) (S (NP-SBJ (PRP I)) (VP-UNF (VBP 'm))) (, ,) (IP (-DFL- \+))) (PRN (S (NP-SBJ (PRP you)) (VP (VBP know))) (, ,)) (NP-SBJ (PRP I)) (VP (VBP 'm) (RS (-DFL- \])) (VP (JJ isolating) (NP (PRP myself)) (ADVP-LOC (RB here)) (PP-PRP (IN for) (NP (DT no) (NN reason))) (PP-TMP (IN at) (NP (DT the) (NN moment)))))))) (. .) (-DFL- E_S))",162,NA,NA," here for no reason at the moment. ","/: here/RB for/IN   no/DT reason/NN  at/IN   the/DT moment/NN  ./."
"111","sw05utt/sw_0586_2295.utt","2/sw2295",2295,110,"b","A",75,1,"Uh-huh. /","[ Uh-huh/UH ] ./.","(INTJ (UH Uh-huh) (. .) (-DFL- E_S))",164,211.497625,211.807625,"Uhhuh. "," Uhhuh/UH  ./."
"112","sw05utt/sw_0586_2295.utt","2/sw2295",2295,111,"sv","B",76,1,"{C So } [ it's kind of a, +  that's a ]  hard one,  /","So/UH  [ it/PRP ] 's/BES  [ kind/RB ] of/RB  [ a/DT ] ,/,  [ that/DT ] 's/BES  [ a/DT hard/JJ one/NN ] ,/,","(S (RB So) (EDITED (RM (-DFL- \[)) (S (NP-SBJ (PRP it)) (VP (BES 's) (ADVP (RB kind) (RB of)) (NP-PRD-UNF (DT a)))) (, ,) (IP (-DFL- \+))) (NP-SBJ (DT that)) (VP (BES 's) (NP-PRD (DT a) (RS (-DFL- \])) (JJ hard) (NN one))) (, ,) (-DFL- E_S))",169,211.957,216.587," So   it's kind of a,   that's a   hard one,  ","So/UH   it/PRP  's/BES   kind/RB  of/RB   a/DT  ,/,   that/DT  's/BES   a/DT hard/JJ one/NN  ,/,"
"113","sw05utt/sw_0586_2295.utt","2/sw2295",2295,112,"sd","B",76,2,"{C but } it is a very nice nursing home. /","but/CC  [ it/PRP ] is/VBZ  [ a/DT very/RB nice/JJ nursing/NN home/NN ] ./.","(S (CC but) (NP-SBJ (PRP it)) (VP (VBZ is) (NP-PRD (DT a) (ADJP (RB very) (JJ nice)) (NN nursing) (NN home))) (. .) (-DFL- E_S))",170,211.957,216.587," but  it is a very nice nursing home. ","but/CC   it/PRP  is/VBZ   a/DT very/RB nice/JJ nursing/NN home/NN  ./."
"114","sw05utt/sw_0586_2295.utt","2/sw2295",2295,113,"ba","A",77,1,"Now there is some really nice ones.  /","Now/RB  [ there/EX ] is/VBZ  [ some/DT ] really/RB  [ nice/JJ ones/NNS ] ./.","(S (INTJ (RB Now)) (NP-SBJ (EX there)) (VP (VBZ is) (NP-PRD (DT some) (ADJP (RB really) (JJ nice)) (NNS ones))) (. .) (-DFL- E_S))",172,217.510375,222.921875,"Now there is some really nice ones.  ","Now/RB   there/EX  is/VBZ   some/DT  really/RB   nice/JJ ones/NNS  ./."
"115","sw05utt/sw_0586_2295.utt","2/sw2295",2295,114,"sd","A",77,2,"There's also, {D you know, } some private ones, {D you know } -- /","[ There/EX ] 's/BES also/RB ,/,  [ you/PRP ] know/VBP ,/,  [ some/DT private/JJ ones/NNS ] ,/,  [ you/PRP ] know/VBP --/:","(S (NP-SBJ (EX There)) (VP (BES 's) (ADVP (RB also)) (PRN (, ,) (S (NP-SBJ (PRP you)) (VP (VBP know))) (, ,)) (NP-PRD (DT some) (JJ private) (NNS ones)) (PRN (, ,) (S (NP-SBJ (PRP you)) (VP (VBP know))))) (-DFL- E_S))",173,217.510375,222.921875,"There's also,  you know,  some private ones,  you know   "," There/EX  's/BES also/RB ,/,   you/PRP  know/VBP ,/,   some/DT private/JJ ones/NNS  ,/,   you/PRP  know/VBP /:"
"116","sw05utt/sw_0586_2295.utt","2/sw2295",2295,115,"b","B",78,1,"Uh-huh. /","[ Uh-huh/UH ] ./.","(INTJ (UH Uh-huh) (. .) (-DFL- E_S))",164,223.003625,223.473625,"Uhhuh. "," Uhhuh/UH  ./."
"117","sw05utt/sw_0586_2295.utt","2/sw2295",2295,116,"sd","A",79,1,"-- {C but } of course, I would never  be able to afford to put my parents in something like that, {D you know, } /","--/: but/CC of/IN  [ course/NN ] ,/,  [ I/PRP ] would/MD never/RB be/VB able/JJ to/TO afford/VB to/TO put/VB  [ my/PRP$ parents/NNS ] in/IN  [ something/NN ] like/IN  [ that/DT ] ,/,  [ you/PRP ] know/VBP ,/,","(S (CC but) (PP (IN of) (NP (NN course))) (, ,) (NP-SBJ-1 (PRP I)) (VP (MD would) (ADVP-TMP (RB never)) (VP (VB be) (ADJP-PRD (JJ able) (S (NP-SBJ-2 (-NONE- *-1)) (VP (TO to) (VP (VB afford) (S (NP-SBJ (-NONE- *-2)) (VP (TO to) (VP (VB put) (NP (PRP$ my) (NNS parents)) (PP-PUT (IN in) (NP (NP (NN something)) (PP (IN like) (NP (DT that)))))))))))) (PRN (, ,) (S (NP-SBJ (PRP you)) (VP (VBP know)))))) (, ,) (-DFL- E_S))",177,224.11125,229.450125,"  but  of course, I would never  be able to afford to put my parents in something like that,  you know,  ","/: but/CC of/IN   course/NN  ,/,   I/PRP  would/MD never/RB be/VB able/JJ to/TO afford/VB to/TO put/VB   my/PRP$ parents/NNS  in/IN   something/NN  like/IN   that/DT  ,/,   you/PRP  know/VBP ,/,"
"118","sw05utt/sw_0586_2295.utt","2/sw2295",2295,117,"aa","B",80,1,"Yeah,  /","Yeah/UH ,/,","(INTJ (UH Yeah) (, ,) (-DFL- E_S))",179,228.639875,231.181375,"Yeah,  ","Yeah/UH ,/,"
"119","sw05utt/sw_0586_2295.utt","2/sw2295",2295,118,"sv","B",80,2,"that's the problem -- /","[ that/DT ] 's/BES  [ the/DT problem/NN ] --/:","(S (NP-SBJ (DT that)) (VP (BES 's) (NP-PRD (DT the) (NN problem))) (-DFL- E_S))",180,228.639875,231.181375,"that's the problem  "," that/DT  's/BES   the/DT problem/NN  /:"
"120","sw05utt/sw_0586_2295.utt","2/sw2295",2295,119,"sd","A",81,1,"that's way out of my reach. /","[ that/DT ] 's/BES  [ way/NN ] out/IN of/IN  [ my/PRP$ reach/NN ] ./.","(S (NP-SBJ (DT that)) (VP (BES 's) (PP-PRD (ADVP (NN way)) (IN out) (PP (IN of) (NP (PRP$ my) (NN reach))))) (. .) (-DFL- E_S))",182,230.002375,231.573875,"that's way out of my reach. "," that/DT  's/BES   way/NN  out/IN of/IN   my/PRP$ reach/NN  ./."
"121","sw05utt/sw_0586_2295.utt","2/sw2295",2295,120,"%","B",82,1,"-- the expense of it all is, - /","--/:  [ the/DT expense/NN ] of/IN  [ it/PRP ] [ all/DT ] is/VBZ ,/,","(S (NP-SBJ (NP (DT the) (NN expense)) (PP (IN of) (NP (NP (PRP it)) (NP (DT all))))) (VP-UNF (VBZ is)) (, ,) (-DFL- N_S))",184,231.689875,245.03925," the expense of it all is,  ","/:   the/DT expense/NN  of/IN   it/PRP   all/DT  is/VBZ ,/,"
"122","sw05utt/sw_0586_2295.utt","2/sw2295",2295,121,"sv","B",82,2,"{C and, } {F uh, } [ what I, +  another thing I ] hate to see is when someone has a small amount of money,  and they go into one of these places and they just eat it all up immediately. /","and/CC ,/,  [ uh/UH ] ,/,  [ what/WP ] [ I/PRP ] ,/,  [ another/DT thing/NN ] [ I/PRP ] hate/VBP to/TO see/VB is/VBZ when/WRB  [ someone/NN ] has/VBZ  [ a/DT small/JJ amount/NN ] of/IN  [ money/NN ] ,/, and/CC  [ they/PRP ] go/VBP into/IN  [ one/CD ] of/IN  [ these/DT places/NNS ] and/CC  [ they/PRP ] just/RB eat/VBP  [ it/PRP ] [ all/DT ] up/RP immediately/RB ./.","(S (CC and) (, ,) (INTJ (UH uh)) (, ,) (EDITED (RM (-DFL- \[)) (SBAR (WHNP (WP what)) (S-UNF (NP-SBJ (PRP I)))) (, ,) (IP (-DFL- \+))) (NP-SBJ (NP (DT another) (NN thing)) (SBAR (WHNP-2 (-NONE- 0)) (S (NP-SBJ-1 (PRP I)) (RS (-DFL- \])) (VP (VBP hate) (S (NP-SBJ (-NONE- *-1)) (VP (TO to) (VP (VB see) (NP (-NONE- *T*-2))))))))) (VP (VBZ is) (SBAR-PRD-TMP (WHADVP-3 (WRB when)) (S (S (NP-SBJ (NN someone)) (VP (VBZ has) (NP (NP (DT a) (JJ small) (NN amount)) (PP (IN of) (NP (NN money)))))) (, ,) (CC and) (S (NP-SBJ (PRP they)) (VP (VBP go) (PP-DIR (IN into) (NP (NP (CD one)) (PP (IN of) (NP (DT these) (NNS places))))))) (CC and) (S (NP-SBJ (PRP they)) (ADVP (RB just)) (VP (VBP eat) (NP (NP (PRP it)) (NP (DT all))) (PRT (RP up)) (ADVP-TMP (RB immediately)))) (ADVP-TMP (-NONE- *T*-3))))) (. .) (-DFL- E_S))",185,231.689875,245.03925," and,   uh,   what I,   another thing I  hate to see is when someone has a small amount of money,  and they go into one of these places and they just eat it all up immediately. ","and/CC ,/,   uh/UH  ,/,   what/WP   I/PRP  ,/,   another/DT thing/NN   I/PRP  hate/VBP to/TO see/VB is/VBZ when/WRB   someone/NN  has/VBZ   a/DT small/JJ amount/NN  of/IN   money/NN  ,/, and/CC   they/PRP  go/VBP into/IN   one/CD  of/IN   these/DT places/NNS  and/CC   they/PRP  just/RB eat/VBP   it/PRP   all/DT  up/RP immediately/RB ./."
"123","sw05utt/sw_0586_2295.utt","2/sw2295",2295,122,"b","A",83,1,"{F Oh, } yeah. /","Oh/UH ,/, yeah/UH ./.","(INTJ (INTJ (UH Oh)) (, ,) (INTJ (UH yeah)) (. .) (-DFL- E_S))",187,244.923875,245.878125," Oh,  yeah. ","Oh/UH ,/, yeah/UH ./."
"124","sw05utt/sw_0586_2295.utt","2/sw2295",2295,123,"sv","B",84,1,"{C But } those who don't have money  can go in and get the same care.","But/CC  [ those/DT ] [ who/WP ] do/VBP n't/RB have/VB  [ money/NN ] can/MD go/VB in/IN and/CC get/VB  [ the/DT same/JJ care/NN ] ./.","(S (CC But) (NP-SBJ (NP (DT those)) (SBAR (WHNP-1 (WP who)) (S (NP-SBJ (-NONE- *T*-1)) (VP (VBP do) (RB n't) (VP (VB have) (NP (NN money))))))) (VP (MD can) (VP (VP (VB go) (ADVP-DIR (IN in))) (CC and) (VP (VB get) (NP (DT the) (JJ same) (NN care))) (PRN (. .) (S (NP-SBJ (PRP You)) (VP (VBP know)))))) (. .) (-DFL- E_S))",189,245.800875,250.0105," But  those who don't have money  can go in and get the same care.","But/CC   those/DT   who/WP  do/VBP n't/RB have/VB   money/NN  can/MD go/VB in/IN and/CC get/VB   the/DT same/JJ care/NN  ./."
"125","sw05utt/sw_0586_2295.utt","2/sw2295",2295,124,"b","A",85,1,"Uh-huh -- /","[ Uh-huh/UH ] --/:","(INTJ (UH Uh-huh) (-DFL- E_S))",191,248.943,249.30575,"Uhhuh  "," Uhhuh/UH  /:"
"126","sw05utt/sw_0586_2295.utt","2/sw2295",2295,125,"+","B",86,1,"{D You know } <laughter>. /","[ You/PRP ] know/VBP ./.","(S (CC But) (NP-SBJ (NP (DT those)) (SBAR (WHNP-1 (WP who)) (S (NP-SBJ (-NONE- *T*-1)) (VP (VBP do) (RB n't) (VP (VB have) (NP (NN money))))))) (VP (MD can) (VP (VP (VB go) (ADVP-DIR (IN in))) (CC and) (VP (VB get) (NP (DT the) (JJ same) (NN care))) (PRN (. .) (S (NP-SBJ (PRP You)) (VP (VBP know)))))) (. .) (-DFL- E_S))",189,NA,NA," You know  laughter. "," You/PRP  know/VBP ./."
"127","sw05utt/sw_0586_2295.utt","2/sw2295",2295,126,"aa","A",87,1,"-- the very same,  /","--/:  [ the/DT very/RB same/JJ ] ,/,","(NP (DT the) (RB very) (JJ same) (, ,) (-DFL- E_S))",194,249.484625,251.52625," the very same,  ","/:   the/DT very/RB same/JJ  ,/,"
"128","sw05utt/sw_0586_2295.utt","2/sw2295",2295,127,"aa","A",87,2,"yeah. /","yeah/UH ./.","(INTJ (UH yeah) (. .) (-DFL- E_S))",195,249.484625,251.52625,"yeah. ","yeah/UH ./."
"129","sw05utt/sw_0586_2295.utt","2/sw2295",2295,128,"sd","B",88,1,"{C So } I don't like that aspect. /","So/UH  [ I/PRP ] do/VBP n't/RB like/VB  [ that/DT aspect/NN ] ./.","(S (RB So) (NP-SBJ (PRP I)) (VP (VBP do) (RB n't) (VP (VB like) (NP (DT that) (NN aspect)))) (. .) (-DFL- E_S))",197,251.20125,253.37125," So  I don't like that aspect. ","So/UH   I/PRP  do/VBP n't/RB like/VB   that/DT aspect/NN  ./."
"130","sw05utt/sw_0586_2295.utt","2/sw2295",2295,129,"aa","A",89,1,"No,  /","No/UH ,/,","(INTJ (UH No) (, ,) (-DFL- E_S))",199,251.970625,264.868625,"No,  ","No/UH ,/,"
"131","sw05utt/sw_0586_2295.utt","2/sw2295",2295,130,"sv","A",89,2,"{C but } [ [ I, + there's, ] I   think there's ] ways around it, though, that, {D you know, } - /","but/CC  [ I/PRP ] ,/,  [ there/EX ] 's/BES ,/,  [ I/PRP ] think/VBP  [ there/EX ] [ 's/BES ways/NNS ] around/IN  [ it/PRP ] ,/, though/RB ,/, that/WDT ,/,  [ you/PRP ] know/VBP ,/,","(S (CC but) (EDITED (RM (-DFL- \[)) (EDITED (RM (-DFL- \[)) (NP-SBJ (PRP I)) (, ,) (IP (-DFL- \+))) (S (NP-SBJ (EX there)) (VP-UNF (BES 's))) (, ,) (RS (-DFL- \]))) (NP-SBJ (PRP I)) (VP (VBP think) (SBAR (-NONE- 0) (S (NP-SBJ (EX there)) (VP (BES 's) (RS (-DFL- \])) (NP-PRD (NP (NNS ways)) (PP (IN around) (NP (PRP it))) (SBAR-UNF (-NONE- *ICH*-1))) (, ,) (ADVP (RB though)) (, ,) (SBAR-UNF-1 (WHNP (WDT that)) (PRN (, ,) (S (NP-SBJ (PRP you)) (VP (VBP know))))))))) (, ,) (-DFL- N_S))",200,251.970625,264.868625," but    I,  there's,  I   think there's  ways around it, though, that,  you know,   ","but/CC   I/PRP  ,/,   there/EX  's/BES ,/,   I/PRP  think/VBP   there/EX   's/BES ways/NNS  around/IN   it/PRP  ,/, though/RB ,/, that/WDT ,/,   you/PRP  know/VBP ,/,"
"132","sw05utt/sw_0586_2295.utt","2/sw2295",2295,131,"sv","A",89,3,"{D like, } they could put it in one of their  children's names or something --","like/IN ,/,  [ they/PRP ] could/MD put/VB  [ it/PRP ] in/IN  [ one/CD ] of/IN  [ their/PRP$ children/NNS 's/POS names/NNS ] or/CC  [ something/NN ] --/:","(S (INTJ (UH like)) (, ,) (NP-SBJ (PRP they)) (VP (MD could) (VP (VP (VB put) (NP (PRP it)) (PP-PUT (IN in) (NP (NP (CD one)) (PP (IN of) (NP (NP (PRP$ their) (NNS children) (POS 's)) (NNS names)))))) (CC or) (NP-ETC (NN something)) (PRN (S (NP-SBJ (PRP you)) (VP (VBP know)))))) (. .) (-DFL- E_S))",201,251.970625,264.868625," like,  they could put it in one of their  children's names or something ","like/IN ,/,   they/PRP  could/MD put/VB   it/PRP  in/IN   one/CD  of/IN   their/PRP$ children/NNS 's/POS names/NNS  or/CC   something/NN  /:"
"133","sw05utt/sw_0586_2295.utt","2/sw2295",2295,132,"b","B",90,1,"Yeah. /","Yeah/UH ./.","(INTJ (UH Yeah) (. .) (-DFL- E_S))",203,263.779,264.129,"Yeah. ","Yeah/UH ./."
"134","sw05utt/sw_0586_2295.utt","2/sw2295",2295,133,"+","A",91,1,"-- {D you know. }  /","--/:  [ you/PRP ] know/VBP ./.","(S (INTJ (UH like)) (, ,) (NP-SBJ (PRP they)) (VP (MD could) (VP (VP (VB put) (NP (PRP it)) (PP-PUT (IN in) (NP (NP (CD one)) (PP (IN of) (NP (NP (PRP$ their) (NNS children) (POS 's)) (NNS names)))))) (CC or) (NP-ETC (NN something)) (PRN (S (NP-SBJ (PRP you)) (VP (VBP know)))))) (. .) (-DFL- E_S))",201,265.42225,269.824625,"  you know.   ","/:   you/PRP  know/VBP ./."
"135","sw05utt/sw_0586_2295.utt","2/sw2295",2295,134,"sd","A",91,2,"{C But } still, a lot of them doesn't feel comfortable doing that.  /","But/CC still/RB ,/,  [ a/DT lot/NN ] of/IN  [ them/PRP ] does/VBZ n't/RB feel/VB  [ comfortable/JJ ] doing/VBG  [ that/DT ] ./.","(S (CC But) (ADVP (RB still)) (, ,) (NP-SBJ-1 (NP (DT a) (NN lot)) (PP (IN of) (NP (PRP them)))) (VP (VBZ does) (RB n't) (VP (VB feel) (ADJP-PRD (JJ comfortable)) (S-ADV (NP-SBJ (-NONE- *-1)) (VP (VBG doing) (NP (DT that)))))) (. .) (-DFL- E_S))",205,265.42225,269.824625," But  still, a lot of them doesn't feel comfortable doing that.  ","But/CC still/RB ,/,   a/DT lot/NN  of/IN   them/PRP  does/VBZ n't/RB feel/VB   comfortable/JJ  doing/VBG   that/DT  ./."
"136","sw05utt/sw_0586_2295.utt","2/sw2295",2295,135,"sv","A",91,3,"{D You know, } it's their money. /","[ You/PRP ] know/VBP ,/,  [ it/PRP ] 's/BES  [ their/PRP$ money/NN ] ./.","(S (PRN (S (NP-SBJ (PRP You)) (VP (VBP know))) (, ,)) (NP-SBJ (PRP it)) (VP (BES 's) (NP-PRD (PRP$ their) (NN money))) (. .) (-DFL- E_S))",206,265.42225,269.824625," You know,  it's their money. "," You/PRP  know/VBP ,/,   it/PRP  's/BES   their/PRP$ money/NN  ./."
"137","sw05utt/sw_0586_2295.utt","2/sw2295",2295,136,"aa","B",92,1,"That's right. /","[ That/DT ] 's/BES right/JJ ./.","(S (NP-SBJ (DT That)) (VP (BES 's) (ADJP-PRD (JJ right))) (. .) (-DFL- E_S))",208,269.943,270.583,"That's right. "," That/DT  's/BES right/JJ ./."
"138","sw05utt/sw_0586_2295.utt","2/sw2295",2295,137,"sd","A",93,1,"{D You know, } that's how I feel about it, anyway. /","[ You/PRP ] know/VBP ,/,  [ that/DT ] 's/BES how/WRB  [ I/PRP ] feel/VBP about/IN  [ it/PRP ] ,/, anyway/RB ./.","(S (PRN (S (NP-SBJ (PRP You)) (VP (VBP know))) (, ,)) (NP-SBJ (DT that)) (VP (BES 's) (SBAR-PRD (WHADVP-1 (WRB how)) (S (NP-SBJ (PRP I)) (VP (VBP feel) (PP (IN about) (NP (PRP it))) (ADVP-MNR (-NONE- *T*-1)) (, ,) (ADVP (RB anyway)))))) (. .) (-DFL- E_S))",210,270.53875,272.561125," You know,  that's how I feel about it, anyway. "," You/PRP  know/VBP ,/,   that/DT  's/BES how/WRB   I/PRP  feel/VBP about/IN   it/PRP  ,/, anyway/RB ./."
"139","sw05utt/sw_0586_2295.utt","2/sw2295",2295,138,"b","B",94,1,"{D Well, } yeah,  /","Well/UH ,/, yeah/UH ,/,","(INTJ (INTJ (UH Well)) (, ,) (INTJ (UH yeah)) (, ,) (-DFL- E_S))",212,272.434125,279.34475," Well,  yeah,  ","Well/UH ,/, yeah/UH ,/,"
"140","sw05utt/sw_0586_2295.utt","2/sw2295",2295,139,"sd","B",94,2,"I've talked to my mother  about that several times lately,  /","[ I/PRP ] 've/VBP talked/VBN to/IN  [ my/PRP$ mother/NN ] about/IN that/DT  [ several/JJ times/NNS ] lately/RB ,/,","(S (NP-SBJ (PRP I)) (VP (VBP 've) (VP (VBN talked) (PP (IN to) (NP (PRP$ my) (NN mother))) (PP (IN about) (NP (DT that))) (NP-TMP (JJ several) (NNS times)) (ADVP-TMP (RB lately)))) (, ,) (-DFL- E_S))",213,272.434125,279.34475,"I've talked to my mother  about that several times lately,  "," I/PRP  've/VBP talked/VBN to/IN   my/PRP$ mother/NN  about/IN that/DT   several/JJ times/NNS  lately/RB ,/,"
"141","sw05utt/sw_0586_2295.utt","2/sw2295",2295,140,"sd(^q)","B",94,3,"{C and } [ I, +  I ] said, I want you to have control of your own business. /","and/CC  [ I/PRP ] ,/,  [ I/PRP ] said/VBD ,/,  [ I/PRP ] want/VBP  [ you/PRP ] to/TO have/VB  [ control/NN ] of/IN  [ your/PRP$ own/JJ business/NN ] ./.","(S (CC and) (EDITED (RM (-DFL- \[)) (NP-SBJ (PRP I)) (, ,) (IP (-DFL- \+))) (NP-SBJ (PRP I)) (RS (-DFL- \])) (VP (VBD said) (, ,) (S-SEZ (NP-SBJ (PRP I)) (VP (VBP want) (S (NP-SBJ (PRP you)) (VP (TO to) (VP (VB have) (NP (NP (NN control)) (PP (IN of) (NP (PRP$ your) (JJ own) (NN business)))))))))) (. .) (-DFL- E_S))",214,272.434125,279.34475," and   I,   I  said, I want you to have control of your own business. ","and/CC   I/PRP  ,/,   I/PRP  said/VBD ,/,   I/PRP  want/VBP   you/PRP  to/TO have/VB   control/NN  of/IN   your/PRP$ own/JJ business/NN  ./."
"142","sw05utt/sw_0586_2295.utt","2/sw2295",2295,141,"b","A",95,1,"Yes. /","Yes/UH ./.","(INTJ (UH Yes) (. .) (-DFL- E_S))",216,278.892,279.652,"Yes. ","Yes/UH ./."
"143","sw05utt/sw_0586_2295.utt","2/sw2295",2295,142,"qh","B",96,1,"{C But, } {D you know, } what if. /","But/CC ,/,  [ you/PRP ] know/VBP ,/,  [ what/WP ] if/IN ./.","(FRAG (CC But) (PRN (, ,) (S (NP-SBJ (PRP you)) (VP (VBP know))) (, ,)) (WHNP (WP what)) (SBAR-ADV-UNF (IN if)) (. .) (-DFL- E_S))",218,280.150875,281.430875," But,   you know,  what if. ","But/CC ,/,   you/PRP  know/VBP ,/,   what/WP  if/IN ./."
"144","sw05utt/sw_0586_2295.utt","2/sw2295",2295,143,"b","A",97,1,"Yeah,  /","Yeah/UH ,/,","(INTJ (UH Yeah) (, ,) (-DFL- E_S))",220,279.652,288.0575,"Yeah,  ","Yeah/UH ,/,"
"145","sw05utt/sw_0586_2295.utt","2/sw2295",2295,144,"sd","A",97,2,"my mother's seventy now,  /","[ my/PRP$ mother/NN 's/BES seventy/CD ] now/RB ,/,","(S (NP-SBJ (PRP$ my) (NN mother)) (VP (BES 's) (NP-PRD (CD seventy)) (ADVP-TMP (RB now))) (, ,) (-DFL- E_S))",221,279.652,288.0575,"my mother's seventy now,  "," my/PRP$ mother/NN 's/BES seventy/CD  now/RB ,/,"
"146","sw05utt/sw_0586_2295.utt","2/sw2295",2295,145,"sd","A",97,3,"{C so } naturally she's retired,  /","so/RB naturally/RB  [ she/PRP ] 's/BES retired/JJ ,/,","(S (RB so) (ADVP (RB naturally)) (NP-SBJ (PRP she)) (VP (BES 's) (ADJP-PRD (JJ retired))) (, ,) (-DFL- E_S))",222,279.652,288.0575," so  naturally she's retired,  ","so/RB naturally/RB   she/PRP  's/BES retired/JJ ,/,"
"147","sw05utt/sw_0586_2295.utt","2/sw2295",2295,146,"sd","A",97,4,"{C but } she's still on her own, {E I mean. } /","but/CC  [ she/PRP ] 's/BES still/RB on/IN  [ her/PRP$ own/JJ ] ,/,  [ I/PRP ] mean/VBP ./.","(S (S-TPC-1 (CC but) (NP-SBJ (PRP she)) (VP (BES 's) (ADVP-TMP (RB still)) (PP-PRD (IN on) (NP (PRP$ her) (JJ own))))) (, ,) (NP-SBJ (PRP I)) (VP (VBP mean) (SBAR (-NONE- 0) (S (-NONE- *T*-1)))) (. .) (-DFL- E_S))",223,279.652,288.0575," but  she's still on her own,  I mean.  ","but/CC   she/PRP  's/BES still/RB on/IN   her/PRP$ own/JJ  ,/,   I/PRP  mean/VBP ./."
"148","sw05utt/sw_0586_2295.utt","2/sw2295",2295,147,"b","B",98,1,"Yeah,  /","Yeah/UH ,/,","(INTJ (UH Yeah) (, ,) (-DFL- E_S))",220,288.0485,295.141125,"Yeah,  ","Yeah/UH ,/,"
"149","sw05utt/sw_0586_2295.utt","2/sw2295",2295,148,"b^r","B",98,2,"yeah,  /","yeah/UH ,/,","(INTJ (UH yeah) (, ,) (-DFL- E_S))",226,288.0485,295.141125,"yeah,  ","yeah/UH ,/,"
"150","sw05utt/sw_0586_2295.utt","2/sw2295",2295,149,"sd","B",98,3,"my mother's, {F uh, }  seventy-five and still has her own home and  everything. /","[ my/PRP$ mother/NN ] 's/BES ,/,  [ uh/UH ] ,/,  [ seventy-five/CD ] and/CC still/RB has/VBZ  [ her/PRP$ own/JJ home/NN ] and/CC  [ everything/NN ] ./.","(S (NP-SBJ (PRP$ my) (NN mother)) (VP (VP (BES 's) (, ,) (INTJ (UH uh)) (, ,) (NP-PRD (CD seventy-five))) (CC and) (ADVP-TMP (RB still)) (VP (VBZ has) (NP (NP (PRP$ her) (JJ own) (NN home)) (CC and) (NP (NN everything))))) (. .) (-DFL- E_S))",227,288.0485,295.141125,"my mother's,  uh,   seventyfive and still has her own home and  everything. "," my/PRP$ mother/NN  's/BES ,/,   uh/UH  ,/,   seventyfive/CD  and/CC still/RB has/VBZ   her/PRP$ own/JJ home/NN  and/CC   everything/NN  ./."
"151","sw05utt/sw_0586_2295.utt","2/sw2295",2295,150,"ba","A",99,1,"I think that's wonderful,  /","[ I/PRP ] think/VBP  [ that/DT ] 's/BES wonderful/JJ ,/,","(S (NP-SBJ (PRP I)) (VP (VBP think) (SBAR (-NONE- 0) (S (NP-SBJ (DT that)) (VP (BES 's) (ADJP-PRD (JJ wonderful)))))) (, ,) (-DFL- E_S))",229,295.55975,305.76775,"I think that's wonderful,  "," I/PRP  think/VBP   that/DT  's/BES wonderful/JJ ,/,"
"152","sw05utt/sw_0586_2295.utt","2/sw2295",2295,151,"ba","A",99,2,"I really do,  /","[ I/PRP ] really/RB do/VBP ,/,","(S (NP-SBJ (PRP I)) (ADVP (RB really)) (VP (VBP do)) (, ,) (-DFL- E_S))",230,295.55975,305.76775,"I really do,  "," I/PRP  really/RB do/VBP ,/,"
"153","sw05utt/sw_0586_2295.utt","2/sw2295",2295,152,"sv","A",99,3,"just as long as they can,  /","just/RB as/RB long/RB as/IN  [ they/PRP ] can/MD ,/,","(FRAG (ADVP (RB just)) (ADVP (ADVP (RB as) (RB long)) (SBAR (IN as) (S (NP-SBJ (PRP they)) (VP (MD can) (VP (-NONE- *?*)))))) (, ,) (-DFL- E_S))",231,295.55975,305.76775,"just as long as they can,  ","just/RB as/RB long/RB as/IN   they/PRP  can/MD ,/,"
"154","sw05utt/sw_0586_2295.utt","2/sw2295",2295,153,"sd","A",99,4,"{C and then } on the other hand, I've seen some people  go into the nursing home and just so  happy --","and/CC then/RB on/IN  [ the/DT other/JJ hand/NN ] ,/,  [ I/PRP ] 've/VBP seen/VBN  [ some/DT people/NNS ] go/VBP into/IN  [ the/DT nursing/NN home/NN ] and/CC just/RB so/RB happy/JJ --/:","(S (CONJP (CC and) (RB then)) (PP (IN on) (NP (DT the) (JJ other) (NN hand))) (, ,) (NP-SBJ (PRP I)) (VP (VBP 've) (VP (VBN seen) (SBAR (-NONE- 0) (S (NP-SBJ (DT some) (NNS people)) (VP (VBP go) (PP-DIR (IN into) (NP (DT the) (NN nursing) (NN home))) (X (CC and) (S-ADV (NP-SBJ (-NONE- *)) (ADJP-PRD (ADVP (RB just)) (RB so) (JJ happy))))))) (PRN (S (NP-SBJ (PRP you)) (VP (VBP know)))))) (. .) (-DFL- E_S))",232,295.55975,305.76775," and then  on the other hand, I've seen some people  go into the nursing home and just so  happy ","and/CC then/RB on/IN   the/DT other/JJ hand/NN  ,/,   I/PRP  've/VBP seen/VBN   some/DT people/NNS  go/VBP into/IN   the/DT nursing/NN home/NN  and/CC just/RB so/RB happy/JJ /:"
"155","sw05utt/sw_0586_2295.utt","2/sw2295",2295,154,"b","B",100,1,"Yeah. /","Yeah/UH ./.","(INTJ (UH Yeah) (. .) (-DFL- E_S))",203,304.80425,305.091375,"Yeah. ","Yeah/UH ./."
"156","sw05utt/sw_0586_2295.utt","2/sw2295",2295,155,"+","A",101,1,"-- {D you know. } /","--/:  [ you/PRP ] know/VBP ./.","(S (INTJ (UH like)) (, ,) (NP-SBJ (PRP they)) (VP (MD could) (VP (VP (VB put) (NP (PRP it)) (PP-PUT (IN in) (NP (NP (CD one)) (PP (IN of) (NP (NP (PRP$ their) (NNS children) (POS 's)) (NNS names)))))) (CC or) (NP-ETC (NN something)) (PRN (S (NP-SBJ (PRP you)) (VP (VBP know)))))) (. .) (-DFL- E_S))",201,NA,NA,"  you know.  ","/:   you/PRP  know/VBP ./."
"157","sw05utt/sw_0586_2295.utt","2/sw2295",2295,156,"aa","B",102,1,"That's true.  /","[ That/DT ] 's/BES true/JJ ./.","(S (NP-SBJ (DT That)) (VP (BES 's) (ADJP-PRD (JJ true))) (. .) (-DFL- E_S))",237,305.87675,309.077375,"That's true.  "," That/DT  's/BES true/JJ ./."
"158","sw05utt/sw_0586_2295.utt","2/sw2295",2295,157,"sv","B",102,2,"They have a lot of people around to do things with. /","[ They/PRP ] have/VBP  [ a/DT lot/NN ] of/IN  [ people/NNS ] around/RB to/TO do/VB  [ things/NNS ] with/IN ./.","(S (NP-SBJ (PRP They)) (VP (VBP have) (S (NP-SBJ (NP (DT a) (NN lot)) (PP (IN of) (NP (NP (NNS people)) (ADVP (RB around))))) (VP (TO to) (VP (VB do) (NP (NNS things)) (ADVP (IN with)))))) (. .) (-DFL- E_S))",238,305.87675,309.077375,"They have a lot of people around to do things with. "," They/PRP  have/VBP   a/DT lot/NN  of/IN   people/NNS  around/RB to/TO do/VB   things/NNS  with/IN ./."
"159","sw05utt/sw_0586_2295.utt","2/sw2295",2295,158,"b","A",103,1,"Uh-huh,  /","Uh-huh/UH ,/,","(INTJ (UH Uh-huh) (, ,) (-DFL- E_S))",240,308.991375,310.738125,"Uhhuh,  ","Uhhuh/UH ,/,"
"160","sw05utt/sw_0586_2295.utt","2/sw2295",2295,159,"sv","A",103,2,"they're not lonely. /","[ they/PRP ] 're/VBP not/RB lonely/JJ ./.","(S (NP-SBJ (PRP they)) (VP (VBP 're) (RB not) (ADJP-PRD (JJ lonely))) (. .) (-DFL- E_S))",241,308.991375,310.738125,"they're not lonely. "," they/PRP  're/VBP not/RB lonely/JJ ./."
"161","sw05utt/sw_0586_2295.utt","2/sw2295",2295,160,"sd","B",104,1,"Some of those places have wonderful activities  and things, {D you know, } lots of stuff going on. /","[ Some/DT ] of/IN  [ those/DT places/NNS ] have/VBP  [ wonderful/JJ activities/NNS ] and/CC  [ things/NNS ] ,/,  [ you/PRP ] know/VBP ,/,  [ lots/NNS ] of/IN  [ stuff/NN ] going/VBG on/RP ./.","(S (NP-SBJ (NP (DT Some)) (PP (IN of) (NP (DT those) (NNS places)))) (VP (VBP have) (NP (NP (JJ wonderful) (NNS activities)) (CC and) (NP (NNS things)) (PRN (, ,) (S (NP-SBJ (PRP you)) (VP (VBP know))) (, ,)) (NP (NP (NNS lots)) (PP (IN of) (NP (NN stuff))) (VP (VBG going) (PRT (RP on)))))) (. .) (-DFL- E_S))",243,309.63475,315.205375,"Some of those places have wonderful activities  and things,  you know,  lots of stuff going on. "," Some/DT  of/IN   those/DT places/NNS  have/VBP   wonderful/JJ activities/NNS  and/CC   things/NNS  ,/,   you/PRP  know/VBP ,/,   lots/NNS  of/IN   stuff/NN  going/VBG on/RP ./."
"162","sw05utt/sw_0586_2295.utt","2/sw2295",2295,161,"aa","A",105,1,"{F Oh, } yes,  /","Oh/UH ,/, yes/UH ,/,","(INTJ (INTJ (UH Oh)) (, ,) (INTJ (UH yes)) (, ,) (-DFL- E_S))",245,314.49125,316.034875," Oh,  yes,  ","Oh/UH ,/, yes/UH ,/,"
"163","sw05utt/sw_0586_2295.utt","2/sw2295",2295,162,"b","A",105,2,"uh-huh. /","[ uh-huh/UH ] ./.","(INTJ (UH uh-huh) (. .) (-DFL- E_S))",246,314.49125,316.034875,"uhhuh. "," uhhuh/UH  ./."
"164","sw05utt/sw_0586_2295.utt","2/sw2295",2295,163,"sd","B",106,1,"{C And } they'll take them places -- /","And/CC  [ they/PRP ] 'll/MD take/VB  [ them/PRP places/NNS ] --/:","(S (CC And) (NP-SBJ (PRP they)) (VP (MD 'll) (VP (VB take) (NP (PRP them)) (NP-DIR (NNS places)))) (-DFL- E_S))",248,315.205375,316.845375," And  they'll take them places  ","And/CC   they/PRP  'll/MD take/VB   them/PRP places/NNS  /:"
"165","sw05utt/sw_0586_2295.utt","2/sw2295",2295,164,"b","A",107,1,"Yeah. /","Yeah/UH ./.","(INTJ (UH Yeah) (. .) (-DFL- E_S))",234,318.003125,318.423125,"Yeah. ","Yeah/UH ./."
"166","sw05utt/sw_0586_2295.utt","2/sw2295",2295,165,"h","B",108,1,"-- {D so. }  I don't know,  /","--/: so/UH ./.  [ I/PRP ] do/VBP n't/RB know/VB ,/,","(S (INTJ (UH so)) (. .) (NP-SBJ (PRP I)) (VP (VBP do) (RB n't) (VP (VB know))) (, ,) (-DFL- E_S))",252,318.056375,320.155125,"  so.   I don't know,  ","/: so/UH ./.   I/PRP  do/VBP n't/RB know/VB ,/,"
"167","sw05utt/sw_0586_2295.utt","2/sw2295",2295,166,"sv","B",108,2,"it's not all bad -- /","[ it/PRP ] 's/BES not/RB all/RB bad/JJ --/:","(S (NP-SBJ (PRP it)) (VP (BES 's) (RB not) (ADJP-PRD (RB all) (JJ bad))) (-DFL- E_S))",253,318.056375,320.155125,"it's not all bad  "," it/PRP  's/BES not/RB all/RB bad/JJ /:"
"168","sw05utt/sw_0586_2295.utt","2/sw2295",2295,167,"aa","A",109,1,"No. /","[ No/UH ] ./.","(INTJ (UH No) (. .) (-DFL- E_S))",255,320.116125,320.3815,"No. "," No/UH  ./."
"169","sw05utt/sw_0586_2295.utt","2/sw2295",2295,168,"sv","B",110,1,"-- {C but } I guess once you get ill,  then, {D you know, } you really have some problems if you can't get around --","--/: but/CC  [ I/PRP ] guess/VBP once/IN  [ you/PRP ] get/VB ill/JJ ,/, then/RB ,/,  [ you/PRP ] know/VBP ,/,  [ you/PRP ] really/RB have/VBP  [ some/DT problems/NNS ] if/IN  [ you/PRP ] ca/MD n't/RB get/VB around/RP --/:","(S (CC but) (NP-SBJ (PRP I)) (VP (VBP guess) (SBAR (-NONE- 0) (S (SBAR-TMP (IN once) (S (NP-SBJ (PRP you)) (VP (VB get) (ADJP-PRD (JJ ill))))) (, ,) (ADVP (RB then)) (PRN (, ,) (S (NP-SBJ (PRP you)) (VP (VBP know))) (, ,)) (NP-SBJ (PRP you)) (ADVP (RB really)) (VP (VBP have) (NP (DT some) (NNS problems)) (SBAR-ADV (IN if) (S (NP-SBJ (PRP you)) (VP (MD ca) (RB n't) (VP (VP (VB get) (ADVP (RP around))) (CC and) (VP (VB do) (NP (NNS things))))))))))) (. .) (-DFL- E_S))",257,320.155125,328.147375,"  but  I guess once you get ill,  then,  you know,  you really have some problems if you can't get around ","/: but/CC   I/PRP  guess/VBP once/IN   you/PRP  get/VB ill/JJ ,/, then/RB ,/,   you/PRP  know/VBP ,/,   you/PRP  really/RB have/VBP   some/DT problems/NNS  if/IN   you/PRP  ca/MD n't/RB get/VB around/RP /:"
"170","sw05utt/sw_0586_2295.utt","2/sw2295",2295,169,"aa^m","A",111,1,"Around,  /","Around/RP ,/,","(ADVP (RP Around) (, ,) (-DFL- E_S))",259,327.1515,328.029875,"Around,  ","Around/RP ,/,"
"171","sw05utt/sw_0586_2295.utt","2/sw2295",2295,170,"aa","A",111,2,"yeah. /","yeah/UH ./.","(INTJ (UH yeah) (. .) (-DFL- E_S))",260,327.1515,328.029875,"yeah. ","yeah/UH ./."
"172","sw05utt/sw_0586_2295.utt","2/sw2295",2295,171,"+","B",112,1,"-- and do things. /","--/: and/CC do/VB  [ things/NNS ] ./.","(S (CC but) (NP-SBJ (PRP I)) (VP (VBP guess) (SBAR (-NONE- 0) (S (SBAR-TMP (IN once) (S (NP-SBJ (PRP you)) (VP (VB get) (ADJP-PRD (JJ ill))))) (, ,) (ADVP (RB then)) (PRN (, ,) (S (NP-SBJ (PRP you)) (VP (VBP know))) (, ,)) (NP-SBJ (PRP you)) (ADVP (RB really)) (VP (VBP have) (NP (DT some) (NNS problems)) (SBAR-ADV (IN if) (S (NP-SBJ (PRP you)) (VP (MD ca) (RB n't) (VP (VP (VB get) (ADVP (RP around))) (CC and) (VP (VB do) (NP (NNS things))))))))))) (. .) (-DFL- E_S))",257,NA,NA," and do things. ","/: and/CC do/VB   things/NNS  ./."
"173","sw05utt/sw_0586_2295.utt","2/sw2295",2295,172,"sd","A",113,1,"{C But } I really don't know  what the other solution would be --","But/CC  [ I/PRP ] really/RB do/VBP n't/RB know/VB  [ what/WP ] [ the/DT other/JJ solution/NN ] would/MD be/VB --/:","(S (CC But) (NP-SBJ (PRP I)) (ADVP (RB really)) (VP (VBP do) (RB n't) (VP (VB know) (SBAR (WHNP-1 (WP what)) (S (NP-SBJ (DT the) (JJ other) (NN solution)) (VP (MD would) (VP (VB be) (NP-PRD (-NONE- *T*-1)))))) (PRN (S (NP-SBJ (PRP you)) (VP (VBP know)))))) (, ,) (-DFL- E_S))",263,329.14225,333.1635," But  I really don't know  what the other solution would be ","But/CC   I/PRP  really/RB do/VBP n't/RB know/VB   what/WP   the/DT other/JJ solution/NN  would/MD be/VB /:"
"174","sw05utt/sw_0586_2295.utt","2/sw2295",2295,173,"b","B",114,1,"No. /","[ No/UH ] ./.","(INTJ (UH No) (. .) (-DFL- E_S))",255,332.267375,332.773625,"No. "," No/UH  ./."
"175","sw05utt/sw_0586_2295.utt","2/sw2295",2295,174,"+","A",115,1,"-- {D you know, }  /","--/:  [ you/PRP ] know/VBP ,/,","(S (NP-SBJ (NP (DT Some)) (PP (IN of) (NP (DT those) (NNS places)))) (VP (VBP have) (NP (NP (JJ wonderful) (NNS activities)) (CC and) (NP (NNS things)) (PRN (, ,) (S (NP-SBJ (PRP you)) (VP (VBP know))) (, ,)) (NP (NP (NNS lots)) (PP (IN of) (NP (NN stuff))) (VP (VBG going) (PRT (RP on)))))) (. .) (-DFL- E_S))",243,333.1635,342.918375,"  you know,   ","/:   you/PRP  know/VBP ,/,"
"176","sw05utt/sw_0586_2295.utt","2/sw2295",2295,175,"sd","A",115,2,"I really don't.  /","[ I/PRP ] really/RB do/VBP n't/RB ./.","(S (NP-SBJ (PRP I)) (ADVP (RB really)) (VP (VBP do) (RB n't)) (. .) (-DFL- E_S))",267,333.1635,342.918375,"I really don't.  "," I/PRP  really/RB do/VBP n't/RB ./."
"177","sw05utt/sw_0586_2295.utt","2/sw2295",2295,176,"%","A",115,3,"{C But } no,  /","But/CC no/UH ,/,","(FRAG (CC But) (INTJ (UH no)) (, ,) (-DFL- E_S))",268,333.1635,342.918375," But  no,  ","But/CC no/UH ,/,"
"178","sw05utt/sw_0586_2295.utt","2/sw2295",2295,177,"sd","A",115,4,"when the time comes [ I'm really, +   hopefully we'll really ] look around before  I decide on one for my parents -- /","when/WRB  [ the/DT time/NN ] comes/VBZ  [ I/PRP ] 'm/VBP really/RB ,/, hopefully/RB  [ we/PRP ] 'll/MD really/RB look/VB around/RP before/IN  [ I/PRP ] decide/VBP on/IN  [ one/NN ] for/IN  [ my/PRP$ parents/NNS ] --/:","(S (SBAR-TMP (WHADVP-1 (WRB when)) (S (NP-SBJ (DT the) (NN time)) (VP (VBZ comes) (ADVP-TMP (-NONE- *T*-1))))) (EDITED (RM (-DFL- \[)) (S (NP-SBJ (PRP I)) (VP-UNF (VBP 'm) (ADVP (RB really)))) (, ,) (IP (-DFL- \+))) (ADVP (RB hopefully)) (NP-SBJ (PRP we)) (VP (MD 'll) (ADVP (RB really)) (RS (-DFL- \])) (VP (VB look) (ADVP (RP around)) (SBAR-TMP (IN before) (S (NP-SBJ (PRP I)) (VP (VBP decide) (PP (IN on) (NP (NP (NN one)) (PP (IN for) (NP (PRP$ my) (NNS parents)))))))))) (-DFL- E_S))",269,333.1635,342.918375,"when the time comes  I'm really,    hopefully we'll really  look around before  I decide on one for my parents  ","when/WRB   the/DT time/NN  comes/VBZ   I/PRP  'm/VBP really/RB ,/, hopefully/RB   we/PRP  'll/MD really/RB look/VB around/RP before/IN   I/PRP  decide/VBP on/IN   one/NN  for/IN   my/PRP$ parents/NNS  /:"
"179","sw05utt/sw_0586_2295.utt","2/sw2295",2295,178,"b","B",116,1,"Uh-huh. /","[ Uh-huh/UH ] ./.","(INTJ (UH Uh-huh) (. .) (-DFL- E_S))",271,342.6145,343.1945,"Uhhuh. "," Uhhuh/UH  ./."
"180","sw05utt/sw_0586_2295.utt","2/sw2295",2295,179,"%","A",117,1,"-- really do,  /","--/: really/RB do/VBP ,/,","(S (NP-SBJ (-NONE- *)) (ADVP (RB really)) (VP (VBP do)) (, ,) (-DFL- E_S))",273,343.714625,350.93775," really do,  ","/: really/RB do/VBP ,/,"
"181","sw05utt/sw_0586_2295.utt","2/sw2295",2295,180,"sd","A",117,2,"{C because } I have been raised in one, {D you know, }  /","because/IN  [ I/PRP ] have/VBP been/VBN raised/VBN in/IN  [ one/NN ] ,/,  [ you/PRP ] know/VBP ,/,","(SBAR-PRP (IN because) (S (NP-SBJ-1 (PRP I)) (VP (VBP have) (VP (VBN been) (VP (VBN raised) (NP (-NONE- *-1)) (PP-LOC (IN in) (NP (NN one))) (PRN (, ,) (S (NP-SBJ (PRP you)) (VP (VBP know)))))))) (, ,) (-DFL- E_S))",274,343.714625,350.93775," because  I have been raised in one,  you know,   ","because/IN   I/PRP  have/VBP been/VBN raised/VBN in/IN   one/NN  ,/,   you/PRP  know/VBP ,/,"
"182","sw05utt/sw_0586_2295.utt","2/sw2295",2295,181,"sd","A",117,3,"{C so } there's lot of things I know to look for. /","so/RB  [ there/EX ] 's/BES  [ lot/NN ] of/IN  [ things/NNS I/PRP ] know/VBP to/TO look/VB for/IN ./.","(S (RB so) (NP-SBJ (EX there)) (VP (BES 's) (NP-PRD (NP (NN lot)) (PP (IN of) (NP (NP (NNS things)) (SBAR (WHNP-3 (-NONE- 0)) (S (NP-SBJ-1 (PRP I)) (VP (VBP know) (S (NP-SBJ (-NONE- *-1)) (VP (TO to) (VP (VB look) (PP (IN for) (NP (-NONE- *T*-3))))))))))))) (. .) (-DFL- E_S))",275,343.714625,350.93775," so  there's lot of things I know to look for. ","so/RB   there/EX  's/BES   lot/NN  of/IN   things/NNS I/PRP  know/VBP to/TO look/VB for/IN ./."
"183","sw05utt/sw_0586_2295.utt","2/sw2295",2295,182,"b","B",118,1,"Yeah. /","Yeah/UH ./.","(INTJ (UH Yeah) (. .) (-DFL- E_S))",250,350.84825,351.38825,"Yeah. ","Yeah/UH ./."
"184","sw05utt/sw_0586_2295.utt","2/sw2295",2295,183,"sd","A",119,1,"{C And } I don't think they'd want  to go where they used to work, either --","And/CC  [ I/PRP ] do/VBP n't/RB think/VB  [ they/PRP ] 'd/MD want/VB to/TO go/VB where/WRB  [ they/PRP ] used/VBD to/TO work/VB ,/, either/RB --/:","(S (CC And) (NP-SBJ (PRP I)) (VP (VBP do) (RB n't) (VP (VB think) (SBAR (-NONE- 0) (S (NP-SBJ-1 (PRP they)) (VP (MD 'd) (VP (VB want) (S (NP-SBJ (-NONE- *-1)) (VP (TO to) (VP (VB go) (SBAR-LOC (WHADVP-3 (WRB where)) (S (NP-SBJ-2 (PRP they)) (VP (VBD used) (S (NP-SBJ (-NONE- *-2)) (VP (TO to) (VP (VB work) (ADVP-LOC (-NONE- *T*-3))))))))))))))) (, ,) (ADVP (RB either)) (PRN (S (NP-SBJ (PRP you)) (VP (VBP know)))))) (. .) (-DFL- E_S))",279,351.742,355.28775," And  I don't think they'd want  to go where they used to work, either ","And/CC   I/PRP  do/VBP n't/RB think/VB   they/PRP  'd/MD want/VB to/TO go/VB where/WRB   they/PRP  used/VBD to/TO work/VB ,/, either/RB /:"
"185","sw05utt/sw_0586_2295.utt","2/sw2295",2295,184,"b","B",120,1,"<Laughter> Yeah. /","Yeah/UH ./.","(INTJ (UH Yeah) (. .) (-DFL- E_S))",277,356.4985,356.9385,"Laughter Yeah. ","Yeah/UH ./."
"186","sw05utt/sw_0586_2295.utt","2/sw2295",2295,185,"+","A",121,1,"-- {D you know } <laughter>.  /","--/:  [ you/PRP ] know/VBP ./.","(S (CC And) (NP-SBJ (PRP I)) (VP (VBP do) (RB n't) (VP (VB think) (SBAR (-NONE- 0) (S (NP-SBJ-1 (PRP they)) (VP (MD 'd) (VP (VB want) (S (NP-SBJ (-NONE- *-1)) (VP (TO to) (VP (VB go) (SBAR-LOC (WHADVP-3 (WRB where)) (S (NP-SBJ-2 (PRP they)) (VP (VBD used) (S (NP-SBJ (-NONE- *-2)) (VP (TO to) (VP (VB work) (ADVP-LOC (-NONE- *T*-3))))))))))))))) (, ,) (ADVP (RB either)) (PRN (S (NP-SBJ (PRP you)) (VP (VBP know)))))) (. .) (-DFL- E_S))",279,356.45925,359.271625,"  you know  laughter.  ","/:   you/PRP  know/VBP ./."
"187","sw05utt/sw_0586_2295.utt","2/sw2295",2295,186,"sd","A",121,2,"I really don't. /","[ I/PRP ] really/RB do/VBP n't/RB ./.","(S (NP-SBJ (PRP I)) (ADVP (RB really)) (VP (VBP do) (RB n't)) (. .) (-DFL- E_S))",267,356.45925,359.271625,"I really don't. "," I/PRP  really/RB do/VBP n't/RB ./."
"188","sw05utt/sw_0586_2295.utt","2/sw2295",2295,187,"sv","B",122,1,"That might be kind of tough, {F huh. } /","[ That/DT ] might/MD be/VB  [ kind/RB ] of/RB  [ tough/JJ ] ,/, huh/UH ./.","(S (NP-SBJ (DT That)) (VP (MD might) (VP (VB be) (ADJP-PRD (ADVP (RB kind) (RB of)) (JJ tough)) (, ,) (INTJ (UH huh)))) (. .) (-DFL- E_S))",285,357.850125,359.665625,"That might be kind of tough,  huh.  "," That/DT  might/MD be/VB   kind/RB  of/RB   tough/JJ  ,/, huh/UH ./."
"189","sw05utt/sw_0586_2295.utt","2/sw2295",2295,188,"aa","A",123,1,"It really would,  /","[ It/PRP ] really/RB would/MD ,/,","(S (NP-SBJ (PRP It)) (ADVP (RB really)) (VP (MD would) (VP (-NONE- *?*))) (, ,) (-DFL- E_S))",287,359.271625,367.73225,"It really would,  "," It/PRP  really/RB would/MD ,/,"
"190","sw05utt/sw_0586_2295.utt","2/sw2295",2295,189,"aa","A",123,2,"yes,  /","yes/UH ,/,","(INTJ (UH yes) (, ,) (-DFL- E_S))",288,359.271625,367.73225,"yes,  ","yes/UH ,/,"
"191","sw05utt/sw_0586_2295.utt","2/sw2295",2295,190,"aa^r","A",123,3,"yes,  /","yes/UH ,/,","(INTJ (UH yes) (, ,) (-DFL- E_S))",288,359.271625,367.73225,"yes,  ","yes/UH ,/,"
"192","sw05utt/sw_0586_2295.utt","2/sw2295",2295,191,"sd","A",123,4,"{C and } like I said, my sister's still in it,  /","and/CC like/IN  [ I/PRP ] said/VBD ,/,  [ my/PRP$ sister/NN ] 's/BES still/RB in/IN  [ it/PRP ] ,/,","(S (CC and) (SBAR-ADV (IN like) (S (NP-SBJ (PRP I)) (VP (VBD said)))) (, ,) (NP-SBJ (PRP$ my) (NN sister)) (VP (BES 's) (ADVP-TMP (RB still)) (PP-PRD (IN in) (NP (PRP it)))) (, ,) (-DFL- E_S))",290,359.271625,367.73225," and  like I said, my sister's still in it,  ","and/CC like/IN   I/PRP  said/VBD ,/,   my/PRP$ sister/NN  's/BES still/RB in/IN   it/PRP  ,/,"
"193","sw05utt/sw_0586_2295.utt","2/sw2295",2295,192,"sd","A",123,5,"{C and } I really don't think my mother'd want to be there, either. /","and/CC  [ I/PRP ] really/RB do/VBP n't/RB think/VB  [ my/PRP$ mother/NN ] 'd/MD want/VB to/TO be/VB there/RB ,/, either/RB ./.","(S (CC and) (NP-SBJ (PRP I)) (ADVP (RB really)) (VP (VBP do) (RB n't) (VP (VB think) (SBAR (-NONE- 0) (S (NP-SBJ-1 (PRP$ my) (NN mother)) (VP (MD 'd) (VP (VB want) (S (NP-SBJ (-NONE- *-1)) (VP (TO to) (VP (VB be) (ADVP-LOC-PRD (RB there)) (, ,) (ADVP (RB either))))))))))) (. .) (-DFL- E_S))",291,359.271625,367.73225," and  I really don't think my mother'd want to be there, either. ","and/CC   I/PRP  really/RB do/VBP n't/RB think/VB   my/PRP$ mother/NN  'd/MD want/VB to/TO be/VB there/RB ,/, either/RB ./."
"194","sw05utt/sw_0586_2295.utt","2/sw2295.pos",2295,193,"x","B",124,1,"<Laughter>.","./.","",NA,NA,NA,"Laughter.","./."
"195","sw05utt/sw_0586_2295.utt","2/sw2295",2295,194,"b","A",125,1,"<Laughter> {F Oh. }  /","Oh/UH ./.","(INTJ (UH Oh) (. .) (-DFL- E_S))",294,370.480375,373.781,"Laughter  Oh.   ","Oh/UH ./."
"196","sw05utt/sw_0586_2295.utt","2/sw2295",2295,195,"fc","A",125,2,"{D Well, } it's been nice talking to you. /","Well/UH ,/,  [ it/PRP ] 's/HVS been/VBN  [ nice/JJ ] talking/VBG to/IN  [ you/PRP ] ./.","(S (INTJ (UH Well)) (, ,) (NP-SBJ (NP (PRP it)) (S (-NONE- *EXP*-1))) (VP (HVS 's) (VP (VBN been) (ADJP-PRD (JJ nice)) (S-1 (NP-SBJ (-NONE- *)) (VP (VBG talking) (PP (IN to) (NP (PRP you))))))) (. .) (-DFL- E_S))",295,370.480375,373.781," Well,  it's been nice talking to you. ","Well/UH ,/,   it/PRP  's/HVS been/VBN   nice/JJ  talking/VBG to/IN   you/PRP  ./."
"197","sw05utt/sw_0586_2295.utt","2/sw2295",2295,196,"fc","B",126,1,"{D Well, } you too. /","Well/UH ,/,  [ you/PRP ] too/RB ./.","(FRAG (INTJ (UH Well)) (, ,) (NP (PRP you)) (ADVP (RB too)) (. .) (-DFL- E_S))",297,373.2825,374.23475," Well,  you too. ","Well/UH ,/,   you/PRP  too/RB ./."
"198","sw05utt/sw_0586_2295.utt","2/sw2295",2295,197,"fc","A",127,1,"{C And } I guess we'd better get back to work, {F huh. } /","And/CC  [ I/PRP ] guess/VBP  [ we/PRP ] 'd/MD better/RB get/VB back/RB to/IN work/NN ,/, huh/UH ./.","(S (CC And) (NP-SBJ (PRP I)) (VP (VBP guess) (SBAR (-NONE- 0) (S (NP-SBJ (PRP we)) (VP (MD 'd) (ADVP (RB better)) (VP (VB get) (ADVP (RB back)) (PP (IN to) (NP (NN work))))))) (, ,) (INTJ (UH huh))) (. .) (-DFL- E_S))",299,374.31425,376.37725," And  I guess we'd better get back to work,  huh.  ","And/CC   I/PRP  guess/VBP   we/PRP  'd/MD better/RB get/VB back/RB to/IN work/NN ,/, huh/UH ./."
"199","sw05utt/sw_0586_2295.utt","2/sw2295",2295,198,"fc","B",128,1,"Okay. /","Okay/UH ./.","(INTJ (UH Okay) (. .) (-DFL- E_S))",301,375.742375,376.422375,"Okay. ","Okay/UH ./."
"200","sw05utt/sw_0586_2295.utt","2/sw2295",2295,199,"fc","A",129,1,"All right.  /","[ All/DT right/JJ ] ./.","(INTJ (DT All) (JJ right) (. .) (-DFL- E_S))",303,376.37725,377.375625,"All right.  "," All/DT right/JJ  ./."
"201","sw05utt/sw_0586_2295.utt","2/sw2295",2295,200,"fc","A",129,2,"Bye-bye. /","[ Bye-bye/UH ] ./.","(INTJ (UH Bye-bye) (. .) (-DFL- E_S))",304,376.37725,377.375625,"Byebye. "," Byebye/UH  ./."
"202","sw05utt/sw_0586_2295.utt","2/sw2295",2295,201,"fc","B",130,1,"Bye. /","[ Bye/UH ] ./.","(INTJ (UH Bye) (. .) (-DFL- E_S))",306,377.102375,377.410875,"Bye. "," Bye/UH  ./."
