"","swda_filename","ptb_basename","conversation_no","transcript_index","act_tag","caller","turn_index","subutterance_index","text","pos","trees","ptb_treenumbers","start_turn","end_turn","newtext","newpos"
"1","sw03utt/sw_0395_2442.utt","2/sw2442",2442,0,"o","A",1,1,"All right. /","[ All/RB right/JJ ] ./.","(INTJ (RB All) (JJ right) (. .) (-DFL- E_S))","1",1,1.31,"All right. "," All/RB right/JJ  ./."
"2","sw03utt/sw_0395_2442.utt","2/sw2442",2442,1,"b","B",2,1,"Okay,  /","Okay/UH ,/,","(INTJ (UH Okay) (, ,) (-DFL- E_S))","3",2.645,4.755,"Okay,  ","Okay/UH ,/,"
"3","sw03utt/sw_0395_2442.utt","2/sw2442",2442,2,"qy","B",2,2,"are you on an exercise program now  /","are/VBP  [ you/PRP ] on/IN  [ an/DT exercise/NN program/NN ] now/RB","(SQ (VBP are) (NP-SBJ (PRP you)) (PP-PRD (IN on) (NP (DT an) (NN exercise) (NN program))) (ADVP-TMP (RB now)) (-DFL- E_S))","4",2.645,4.755,"are you on an exercise program now  ","are/VBP   you/PRP  on/IN   an/DT exercise/NN program/NN  now/RB"
"4","sw03utt/sw_0395_2442.utt","2/sw2442",2442,3,"%","B",2,3,"{C or, } -/","or/CC ,/,","(S-UNF (CC or) (, ,) (-DFL- N_S))","5",2.645,4.755," or,  ","or/CC ,/,"
"5","sw03utt/sw_0395_2442.utt","2/sw2442",2442,4,"ny","A",3,1,"Yeah,  /","[ Yeah/UH ] ,/,","(INTJ (UH Yeah) (, ,) (-DFL- E_S))","7",5.43325,8.011,"Yeah,  "," Yeah/UH  ,/,"
"6","sw03utt/sw_0395_2442.utt","2/sw2442",2442,5,"sd^e","A",3,2,"I exercise pretty regularly. /","[ I/PRP ] exercise/VBP pretty/RB regularly/RB ./.","(S (NP-SBJ (PRP I)) (VP (VBP exercise) (ADVP-MNR (RB pretty) (RB regularly))) (. .) (-DFL- E_S))","8",5.43325,8.011,"I exercise pretty regularly. "," I/PRP  exercise/VBP pretty/RB regularly/RB ./."
"7","sw03utt/sw_0395_2442.utt","2/sw2442",2442,6,"bk","B",4,1,"Uh-huh. /","[ Uh-huh/UH ] ./.","(INTJ (UH Uh-huh) (. .) (-DFL- E_S))","10",8.292,8.67025,"Uhhuh. "," Uhhuh/UH  ./."
"8","sw03utt/sw_0395_2442.utt","2/sw2442",2442,7,"sd","A",5,1,"I lift weights quite a bit. /","[ I/PRP ] lift/VBP weights/NNS quite/PDT  [ a/DT bit/NN ] ./.","(S (NP-SBJ (PRP I)) (VP (VBP lift) (NP (NNS weights)) (NP-ADV (PDT quite) (DT a) (NN bit))) (. .) (-DFL- E_S))","12",9.971125,12.236875,"I lift weights quite a bit. "," I/PRP  lift/VBP weights/NNS quite/PDT   a/DT bit/NN  ./."
"9","sw03utt/sw_0395_2442.utt","2/sw2442",2442,8,"bk","B",6,1,"Uh-huh. /","[ Uh-huh/UH ] ./.","(INTJ (UH Uh-huh) (. .) (-DFL- E_S))","10",12.421,12.816625,"Uhhuh. "," Uhhuh/UH  ./."
"10","sw03utt/sw_0395_2442.utt","2/sw2442",2442,9,"sd","A",7,1,"{F Um, } I run occasionally.  /","[ Um/UH ] ,/,  [ I/PRP ] run/VBP occasionally/RB ./.","(S (INTJ (UH Um)) (, ,) (NP-SBJ (PRP I)) (VP (VBP run) (ADVP-TMP (RB occasionally))) (. .) (-DFL- E_S))","16",13.021875,29.12," Um,  I run occasionally.  "," Um/UH  ,/,   I/PRP  run/VBP occasionally/RB ./."
"11","sw03utt/sw_0395_2442.utt","2/sw2442",2442,10,"sd","A",7,2,"Let's see what else do  I do. Play golf some,  /","Let/VB  [ 's/PRP ] see/VB  [ what/WP ] else/RB do/VBP  [ I/PRP ] do/VB ./.  Play/VBP  [ golf/NN ] some/RB ,/,","(S-IMP (NP-SBJ (-NONE- *)) (VP (VB Let) (S (NP-SBJ (PRP 's)) (VP (VB see)))))|||(SBARQ (WHNP-1 (WHNP (WP what)) (ADVP (RB else))) (SQ (VBP do) (NP-SBJ (PRP I)) (VP (VB do) (NP (-NONE- *T*-1)))) (. .))|||(S (NP-SBJ (-NONE- *)) (VP (VBP Play) (NP (NN golf)) (NP-ADV (RB some))) (, ,) (-DFL- E_S))","17|||18|||19",13.021875,29.12,"Let's see what else do  I do. Play golf some,  ","Let/VB   's/PRP  see/VB   what/WP  else/RB do/VBP   I/PRP  do/VB ./.  Play/VBP   golf/NN  some/RB ,/,"
"12","sw03utt/sw_0395_2442.utt","2/sw2442",2442,11,"sd","A",7,3,"{C and } I work out [ on a, + on a ] hanging bag.  /","and/CC  [ I/PRP ] work/VBP out/RP on/IN  [ a/DT ] ,/, on/IN  [ a/DT hanging/JJ bag/NN ] ./.","(S (CC and) (NP-SBJ (PRP I)) (VP (VBP work) (PRT (RP out)) (EDITED (RM (-DFL- \[)) (PP (IN on) (NP-UNF (DT a))) (, ,) (IP (-DFL- \+))) (PP (IN on) (NP (DT a) (RS (-DFL- \])) (JJ hanging) (NN bag)))) (. .) (-DFL- E_S))","20",13.021875,29.12," and  I work out  on a,  on a  hanging bag.  ","and/CC   I/PRP  work/VBP out/RP on/IN   a/DT  ,/, on/IN   a/DT hanging/JJ bag/NN  ./."
"13","sw03utt/sw_0395_2442.utt","2/sw2442",2442,12,"sd","A",7,4,"I'm brown belt in karate,  /","[ I/PRP ] 'm/VBP  [ brown/JJ belt/NN ] in/IN  [ karate/NN ] ,/,","(S (NP-SBJ (PRP I)) (VP (VBP 'm) (NP-PRD (NP (JJ brown) (NN belt)) (PP (IN in) (NP (NN karate))))) (, ,) (-DFL- E_S))","21",13.021875,29.12,"I'm brown belt in karate,  "," I/PRP  'm/VBP   brown/JJ belt/NN  in/IN   karate/NN  ,/,"
"14","sw03utt/sw_0395_2442.utt","2/sw2442",2442,13,"sd","A",7,5,"{C so } I --","so/RB  [ I/PRP ] --/:","(S (RB so) (NP-SBJ (PRP I)) (VP (VBP keep) (PRT (RP up)) (PP (IN with) (NP (DT that))) (NP-ADV (DT a) (JJ little) (NN bit))) (. .) (-DFL- E_S))","22",13.021875,29.12," so  I ","so/RB   I/PRP  /:"
"15","sw03utt/sw_0395_2442.utt","2/sw2442",2442,14,"bk","B",8,1,"Uh-huh. /","[ Uh-huh/UH ] ./.","(INTJ (UH Uh-huh) (. .) (-DFL- E_S))","10",27.666,28.126875,"Uhhuh. "," Uhhuh/UH  ./."
"16","sw03utt/sw_0395_2442.utt","2/sw2442",2442,15,"+","A",9,1,"-- keep up with that a little bit. /","--/: keep/VBP up/RP with/IN that/DT  [ a/DT little/JJ bit/NN ] ./.","(S (RB so) (NP-SBJ (PRP I)) (VP (VBP keep) (PRT (RP up)) (PP (IN with) (NP (DT that))) (NP-ADV (DT a) (JJ little) (NN bit))) (. .) (-DFL- E_S))","22",NA,NA," keep up with that a little bit. ","/: keep/VBP up/RP with/IN that/DT   a/DT little/JJ bit/NN  ./."
"17","sw03utt/sw_0395_2442.utt","2/sw2442",2442,16,"bk","B",10,1,"{F Oh, } yeah. /","Oh/UH ,/, yeah/UH ./.","(INTJ (INTJ (UH Oh)) (, ,) (INTJ (UH yeah)) (. .) (-DFL- E_S))","27",29.2145,29.7545," Oh,  yeah. ","Oh/UH ,/, yeah/UH ./."
"18","sw03utt/sw_0395_2442.utt","2/sw2442",2442,17,"qo","A",11,1,"How about you. /","How/WRB about/IN  [ you/PRP ] ./.","(FRAG (WHADVP (WRB How)) (PP (IN about) (NP (PRP you))) (. .) (-DFL- E_S))","29",29.88925,30.49925,"How about you. ","How/WRB about/IN   you/PRP  ./."
"19","sw03utt/sw_0395_2442.utt","2/sw2442",2442,18,"sd","B",12,1,"{F Um, } the only exercise program  I'm doing right now is walking. /","Um/UH ,/,  [ the/DT only/JJ exercise/NN program/NN ] [ I/PRP ] 'm/VBP doing/VBG right/RB now/RB is/VBZ walking/NN ./.","(S (INTJ (UH Um)) (, ,) (NP-SBJ (NP (DT the) (JJ only) (NN exercise) (NN program)) (SBAR (WHNP-1 (-NONE- 0)) (S (NP-SBJ (PRP I)) (VP (VBP 'm) (VP (VBG doing) (NP (-NONE- *T*-1)) (ADVP-TMP (RB right) (RB now))))))) (VP (VBZ is) (NP-PRD (NN walking))) (. .) (-DFL- E_S))","31",31.0225,33.8525," Um,  the only exercise program  I'm doing right now is walking. ","Um/UH ,/,   the/DT only/JJ exercise/NN program/NN   I/PRP  'm/VBP doing/VBG right/RB now/RB is/VBZ walking/NN ./."
"20","sw03utt/sw_0395_2442.utt","2/sw2442",2442,19,"bk","A",13,1,"Uh-huh. /","[ Uh-huh/UH ] ./.","(INTJ (UH Uh-huh) (. .) (-DFL- E_S))","10",34.383625,34.713625,"Uhhuh. "," Uhhuh/UH  ./."
"21","sw03utt/sw_0395_2442.utt","2/sw2442",2442,20,"sd","B",14,1,"I've got a nine month old,  /","[ I/PRP ] 've/VBP got/VBN  [ a/DT nine/CD month/NN old/JJ ] ,/,","(S (NP-SBJ (PRP I)) (VP (VBP 've) (VP (VBN got) (NP (DT a) (CD nine) (NN month) (JJ old)))) (, ,) (-DFL- E_S))","35",34.378375,46.625,"I've got a nine month old,  "," I/PRP  've/VBP got/VBN   a/DT nine/CD month/NN old/JJ  ,/,"
"22","sw03utt/sw_0395_2442.utt","2/sw2442",2442,21,"sd","B",14,2,"{C and } I'm four months  pregnant with my second,  /","and/CC  [ I/PRP ] 'm/VBP  [ four/CD months/NNS ] pregnant/JJ with/IN  [ my/PRP$ second/JJ ] ,/,","(S (CC and) (NP-SBJ (PRP I)) (VP (VBP 'm) (ADJP-PRD (NP-ADV (CD four) (NNS months)) (JJ pregnant) (PP (IN with) (NP (PRP$ my) (JJ second))))) (, ,) (-DFL- E_S))","36",34.378375,46.625," and  I'm four months  pregnant with my second,  ","and/CC   I/PRP  'm/VBP   four/CD months/NNS  pregnant/JJ with/IN   my/PRP$ second/JJ  ,/,"
"23","sw03utt/sw_0395_2442.utt","2/sw2442",2442,22,"sv","B",14,3,"{C and so, } at the time,  walking seems to be the best.  /","and/CC so/RB ,/, at/IN  [ the/DT time/NN ] ,/, walking/NN seems/VBZ to/TO be/VB  [ the/DT best/JJS ] ./.","(S (CONJP (CC and) (RB so)) (, ,) (PP-TMP (IN at) (NP (DT the) (NN time))) (, ,) (NP-SBJ-1 (NN walking)) (VP (VBZ seems) (S (NP-SBJ (-NONE- *-1)) (VP (TO to) (VP (VB be) (NP-PRD (DT the) (JJS best)))))) (. .) (-DFL- E_S))","37",34.378375,46.625," and so,  at the time,  walking seems to be the best.  ","and/CC so/RB ,/, at/IN   the/DT time/NN  ,/, walking/NN seems/VBZ to/TO be/VB   the/DT best/JJS  ./."
"24","sw03utt/sw_0395_2442.utt","2/sw2442",2442,23,"sd","B",14,4,"It's something I can do with her, plus, {F um, } doesn't tax me too physically. /","[ It/PRP ] 's/BES  [ something/NN ] [ I/PRP ] can/MD do/VB with/IN  [ her/PRP ] ,/, plus/CC ,/, um/UH ,/, does/VBZ n't/RB tax/VB  [ me/PRP ] too/RB physically/RB ./.","(S (NP-SBJ (PRP It)) (VP (VP (BES 's) (NP-PRD (NP (NN something)) (SBAR (WHNP-1 (-NONE- 0)) (S (NP-SBJ (PRP I)) (VP (MD can) (VP (VB do) (NP (-NONE- *T*-1)) (PP (IN with) (NP (PRP her))))))))) (, ,) (CC plus) (, ,) (INTJ (UH um)) (, ,) (VP (VBZ does) (RB n't) (VP (VB tax) (NP (PRP me)) (ADVP (RB too) (RB physically))))) (. .) (-DFL- E_S))","38",34.378375,46.625,"It's something I can do with her, plus,  um,  doesn't tax me too physically. "," It/PRP  's/BES   something/NN   I/PRP  can/MD do/VB with/IN   her/PRP  ,/, plus/CC ,/, um/UH ,/, does/VBZ n't/RB tax/VB   me/PRP  too/RB physically/RB ./."
"25","sw03utt/sw_0395_2442.utt","2/sw2442",2442,24,"bk","A",15,1,"Uh-huh. /","[ Uh-huh/UH ] ./.","(INTJ (UH Uh-huh) (. .) (-DFL- E_S))","10",46.54425,46.995625,"Uhhuh. "," Uhhuh/UH  ./."
"26","sw03utt/sw_0395_2442.utt","2/sw2442",2442,25,"sd","B",16,1,"I have enjoyed aerobics in the past,  /","[ I/PRP ] have/VBP enjoyed/VBN  [ aerobics/NNS ] in/IN  [ the/DT past/NN ] ,/,","(S (NP-SBJ (PRP I)) (VP (VBP have) (VP (VBN enjoyed) (NP (NNS aerobics)) (PP-TMP (IN in) (NP (DT the) (NN past))))) (, ,) (-DFL- E_S))","42",47.336875,55.526875,"I have enjoyed aerobics in the past,  "," I/PRP  have/VBP enjoyed/VBN   aerobics/NNS  in/IN   the/DT past/NN  ,/,"
"27","sw03utt/sw_0395_2442.utt","2/sw2442",2442,26,"sd","B",16,2,"{C and } I enjoy  that because I like the group association, {D you know, } like exercising  with other people. /","and/CC  [ I/PRP ] enjoy/VBP that/DT because/IN  [ I/PRP ] like/VBP  [ the/DT group/NN association/NN ] ,/,  [ you/PRP ] know/VBP ,/, like/IN exercising/VBG with/IN  [ other/JJ people/NNS ] ./.","(S (CC and) (NP-SBJ (PRP I)) (VP (VBP enjoy) (NP (DT that)) (SBAR-PRP (IN because) (S (NP-SBJ-1 (PRP I)) (VP (VP (VBP like) (NP (DT the) (NN group) (NN association))) (PRN (, ,) (S (NP-SBJ (PRP you)) (VP (VBP know))) (, ,)) (VP (IN like) (S (NP-SBJ (-NONE- *-1)) (VP (VBG exercising) (PP (IN with) (NP (JJ other) (NNS people)))))))))) (. .) (-DFL- E_S))","43",47.336875,55.526875," and  I enjoy  that because I like the group association,  you know,  like exercising  with other people. ","and/CC   I/PRP  enjoy/VBP that/DT because/IN   I/PRP  like/VBP   the/DT group/NN association/NN  ,/,   you/PRP  know/VBP ,/, like/IN exercising/VBG with/IN   other/JJ people/NNS  ./."
"28","sw03utt/sw_0395_2442.utt","2/sw2442",2442,27,"bk","A",17,1,"Yeah. /","Yeah/UH ./.","(INTJ (UH Yeah) (. .) (-DFL- E_S))","45",55.73,56.07,"Yeah. ","Yeah/UH ./."
"29","sw03utt/sw_0395_2442.utt","2/sw2442",2442,28,"sd","B",18,1,"[ {C And, } + {F um, } {C and } ]  that's my favorite way to exercise. /","And/CC ,/, um/UH ,/, and/CC that/DT  [ 's/BES my/PRP$ favorite/JJ way/NN ] to/TO exercise/VB ./.","(S (EDITED (RM (-DFL- \[)) (CC And) (, ,) (IP (-DFL- \+))) (INTJ (UH um)) (, ,) (CC and) (RS (-DFL- \])) (NP-SBJ (DT that)) (VP (BES 's) (NP-PRD (NP (PRP$ my) (JJ favorite) (NN way)) (SBAR (WHADVP-1 (-NONE- 0)) (S (NP-SBJ (-NONE- *)) (VP (TO to) (VP (VB exercise) (ADVP-MNR (-NONE- *T*-1)))))))) (. .) (-DFL- E_S))","47",56.661,60.116875,"  And,    um,   and    that's my favorite way to exercise. ","And/CC ,/, um/UH ,/, and/CC that/DT   's/BES my/PRP$ favorite/JJ way/NN  to/TO exercise/VB ./."
"30","sw03utt/sw_0395_2442.utt","2/sw2442",2442,29,"ba","A",19,1,"{D Well, } that's neat.  /","Well/UH ,/,  [ that/DT ] 's/BES neat/JJ ./.","(S (INTJ (UH Well)) (, ,) (NP-SBJ (DT that)) (VP (BES 's) (ADJP-PRD (JJ neat))) (. .) (-DFL- E_S))","49",60.6335,66.189125," Well,  that's neat.  ","Well/UH ,/,   that/DT  's/BES neat/JJ ./."
"31","sw03utt/sw_0395_2442.utt","2/sw2442",2442,30,"%","A",19,2,"Yeah,  /","[ Yeah/UH ] ,/,","(INTJ (UH Yeah) (, ,) (-DFL- E_S))","50",60.6335,66.189125,"Yeah,  "," Yeah/UH  ,/,"
"32","sw03utt/sw_0395_2442.utt","2/sw2442",2442,31,"sd","A",19,3,"I do walk some too.  /","[ I/PRP ] do/VBP walk/VB  [ some/RB ] too/RB ./.","(S (NP-SBJ (PRP I)) (VP (VBP do) (VP (VB walk) (NP-ADV (RB some)) (ADVP (RB too)))) (. .) (-DFL- E_S))","51",60.6335,66.189125,"I do walk some too.  "," I/PRP  do/VBP walk/VB   some/RB  too/RB ./."
"33","sw03utt/sw_0395_2442.utt","2/sw2442",2442,32,"sd","A",19,4,"My wife's about five months along -- /","[ My/PRP$ wife/NN ] 's/BES about/RB  [ five/CD months/NNS ] along/RP --/:","(S (NP-SBJ (PRP$ My) (NN wife)) (VP (BES 's) (ADVP-PRD (NP-ADV (QP (RB about) (CD five)) (NNS months)) (RP along))) (-DFL- E_S))","52",60.6335,66.189125,"My wife's about five months along  "," My/PRP$ wife/NN  's/BES about/RB   five/CD months/NNS  along/RP /:"
"34","sw03utt/sw_0395_2442.utt","2/sw2442",2442,33,"b","B",20,1,"Oh. /","Oh/UH ./.","(INTJ (UH Oh) (. .) (-DFL- E_S))","54",66.418125,66.788125,"Oh. ","Oh/UH ./."
"35","sw03utt/sw_0395_2442.utt","2/sw2442",2442,34,"sd","A",21,1,"-- {C so } she's been walking quite a bit,  /","--/: so/RB  [ she/PRP ] 's/HVS been/VBN walking/VBG quite/PDT  [ a/DT bit/NN ] ,/,","(S (RB so) (NP-SBJ (PRP she)) (VP (HVS 's) (VP (VBN been) (VP (VBG walking) (NP-ADV (PDT quite) (DT a) (NN bit))))) (, ,) (-DFL- E_S))","56",66.889,70.449125,"  so  she's been walking quite a bit,  ","/: so/RB   she/PRP  's/HVS been/VBN walking/VBG quite/PDT   a/DT bit/NN  ,/,"
"36","sw03utt/sw_0395_2442.utt","2/sw2442",2442,35,"aa","A",21,2,"{C so } that is a good exercise for that. /","so/RB  [ that/DT ] is/VBZ  [ a/DT good/JJ exercise/NN ] for/IN  [ that/DT ] ./.","(S (RB so) (NP-SBJ (DT that)) (VP (VBZ is) (NP-PRD (NP (DT a) (JJ good) (NN exercise)) (PP (IN for) (NP (DT that))))) (. .) (-DFL- E_S))","57",66.889,70.449125," so  that is a good exercise for that. ","so/RB   that/DT  is/VBZ   a/DT good/JJ exercise/NN  for/IN   that/DT  ./."
"37","sw03utt/sw_0395_2442.utt","2/sw2442",2442,36,"aa","B",22,1,"Yeah,  /","Yeah/UH ,/,","(INTJ (UH Yeah) (, ,) (-DFL- E_S))","50",70.7695,73.872375,"Yeah,  ","Yeah/UH ,/,"
"38","sw03utt/sw_0395_2442.utt","2/sw2442",2442,37,"sv","B",22,2,"it's nice to do it together, too, I guess. /","[ it/PRP ] 's/BES nice/JJ to/TO do/VB  [ it/PRP ] together/RB ,/, too/RB ,/,  [ I/PRP ] guess/VBP ./.","(S (S-TPC-1 (NP-SBJ (NP (PRP it)) (S (-NONE- *EXP*-2))) (VP (BES 's) (ADJP-PRD (JJ nice)) (S-2 (NP-SBJ (-NONE- *)) (VP (TO to) (VP (VB do) (NP (PRP it)) (ADVP (RB together))))) (, ,) (ADVP (RB too)))) (, ,) (NP-SBJ (PRP I)) (VP (VBP guess) (SBAR (-NONE- 0) (S (-NONE- *T*-1)))) (. .) (-DFL- E_S))","60",70.7695,73.872375,"it's nice to do it together, too, I guess. "," it/PRP  's/BES nice/JJ to/TO do/VB   it/PRP  together/RB ,/, too/RB ,/,   I/PRP  guess/VBP ./."
"39","sw03utt/sw_0395_2442.utt","2/sw2442",2442,38,"b","A",23,1,"Uh-huh. /","[ Uh-huh/UH ] ./.","(INTJ (UH Uh-huh) (. .) (-DFL- E_S))","33",73.86225,74.29225,"Uhhuh. "," Uhhuh/UH  ./."
"40","sw03utt/sw_0395_2442.utt","2/sw2442",2442,39,"sd","B",24,1,"My husband and I use to walk together,  /","[ My/PRP$ husband/NN ] and/CC  [ I/PRP ] use/VBP to/TO walk/VB together/RB ,/,","(S (NP-SBJ-1 (NP (PRP$ My) (NN husband)) (CC and) (NP (PRP I))) (VP (TYPO (VBP use)) (S (NP-SBJ (-NONE- *-1)) (VP (TO to) (VP (VB walk) (ADVP (RB together)))))) (, ,) (-DFL- E_S))","64",74.762625,91.335125,"My husband and I use to walk together,  "," My/PRP$ husband/NN  and/CC   I/PRP  use/VBP to/TO walk/VB together/RB ,/,"
"41","sw03utt/sw_0395_2442.utt","2/sw2442",2442,40,"sd","B",24,2,"{C but } our schedules  don't coincide as well as they used to,  /","but/CC  [ our/PRP$ schedules/NNS ] do/VBP n't/RB coincide/VB as/RB well/RB as/IN  [ they/PRP ] used/VBD to/TO ,/,","(S (CC but) (NP-SBJ (PRP$ our) (NNS schedules)) (VP (VBP do) (RB n't) (VP (VB coincide) (ADVP-MNR (ADVP (RB as) (RB well)) (SBAR (IN as) (S (NP-SBJ-1 (PRP they)) (VP (VBD used) (S (NP-SBJ (-NONE- *-1)) (VP (TO to) (VP (-NONE- *?*)))))))))) (, ,) (-DFL- E_S))","65",74.762625,91.335125," but  our schedules  don't coincide as well as they used to,  ","but/CC   our/PRP$ schedules/NNS  do/VBP n't/RB coincide/VB as/RB well/RB as/IN   they/PRP  used/VBD to/TO ,/,"
"42","sw03utt/sw_0395_2442.utt","2/sw2442",2442,41,"sd","B",24,3,"{C and so, } we very seldom get  together to walk  /","and/CC so/RB ,/,  [ we/PRP ] very/RB seldom/RB get/VBP together/RB to/TO  walk/VB","(S (CONJP (CC and) (RB so)) (, ,) (NP-SBJ-1 (PRP we)) (ADVP-TMP (RB very) (RB seldom)) (VP (VBP get) (ADVP (RB together)) (S-PRP (NP-SBJ (-NONE- *-1)) (VP (TO to) (VP (VB walk))))) (-DFL- E_S))","66",74.762625,91.335125," and so,  we very seldom get  together to walk  ","and/CC so/RB ,/,   we/PRP  very/RB seldom/RB get/VBP together/RB to/TO  walk/VB"
"43","sw03utt/sw_0395_2442.utt","2/sw2442",2442,42,"qy","B",24,4,"{C but, }  [ when you, + when you ]  work out, do you pretty much do it on your own schedule,  /","but/CC ,/, when/WRB  [ you/PRP ] ,/, when/WRB  [ you/PRP ] work/VBP out/RP ,/, do/VBP  [ you/PRP ] pretty/RB much/RB do/VB  [ it/PRP ] on/IN  [ your/PRP$ own/JJ schedule/NN ] ,/,","(SQ (CC but) (, ,) (SBAR-TMP (EDITED (RM (-DFL- \[)) (SBAR-TMP (WHADVP (WRB when)) (S-UNF (NP-SBJ (PRP you)))) (, ,) (IP (-DFL- \+))) (WHADVP-1 (WRB when)) (S (NP-SBJ (PRP you)) (RS (-DFL- \])) (VP (VBP work) (PRT (RP out)) (ADVP-TMP (-NONE- *T*-1))))) (, ,) (VBP do) (NP-SBJ (PRP you)) (ADVP (RB pretty) (RB much)) (VP (VB do) (NP (PRP it)) (PP-TMP (IN on) (NP (PRP$ your) (JJ own) (NN schedule)))) (, ,) (-DFL- E_S))","67",74.762625,91.335125," but,    when you,  when you   work out, do you pretty much do it on your own schedule,  ","but/CC ,/, when/WRB   you/PRP  ,/, when/WRB   you/PRP  work/VBP out/RP ,/, do/VBP   you/PRP  pretty/RB much/RB do/VB   it/PRP  on/IN   your/PRP$ own/JJ schedule/NN  ,/,"
"44","sw03utt/sw_0395_2442.utt","2/sw2442",2442,43,"qrr","B",24,5,"{C or } do you go to groups  /","or/CC do/VBP  [ you/PRP ] go/VB to/IN  [ groups/NNS ]","(SQ (CC or) (VBP do) (NP-SBJ (PRP you)) (VP (VB go) (PP (IN to) (NP (NNS groups)))) (-DFL- E_S))","68",74.762625,91.335125," or  do you go to groups  ","or/CC do/VBP   you/PRP  go/VB to/IN   groups/NNS "
"45","sw03utt/sw_0395_2442.utt","2/sw2442",2442,44,"%","B",24,6,"{C or, } -/","or/CC ,/,","(S-UNF (CC or) (, ,) (-DFL- N_S))","69",74.762625,91.335125," or,  ","or/CC ,/,"
"46","sw03utt/sw_0395_2442.utt","2/sw2442",2442,45,"sd","A",25,1,"[ I, + I ] do it on my own schedule. /","[ I/PRP ] ,/,  [ I/PRP ] do/VBP  [ it/PRP ] on/IN  [ my/PRP$ own/JJ schedule/NN ] ./.","(S (EDITED (RM (-DFL- \[)) (NP-SBJ (PRP I)) (, ,) (IP (-DFL- \+))) (NP-SBJ (PRP I)) (RS (-DFL- \])) (VP (VBP do) (NP (PRP it)) (PP-TMP (IN on) (NP (PRP$ my) (JJ own) (NN schedule)))) (. .) (-DFL- E_S))","71",74.29225,94.150375," I,  I  do it on my own schedule. "," I/PRP  ,/,   I/PRP  do/VBP   it/PRP  on/IN   my/PRP$ own/JJ schedule/NN  ./."
"47","sw03utt/sw_0395_2442.utt","2/sw2442",2442,46,"b","B",26,1,"Uh-huh. /","[ Uh-huh/UH ] ./.","(INTJ (UH Uh-huh) (. .) (-DFL- E_S))","40",94.391125,94.731125,"Uhhuh. "," Uhhuh/UH  ./."
"48","sw03utt/sw_0395_2442.utt","2/sw2442",2442,47,"sd","A",27,1,"We used to try and belong to clubs or the Y, stuff like that,  /","[ We/PRP ] used/VBD to/TO try/VB and/CC belong/VB to/IN  [ clubs/NNS ] or/CC  [ the/DT Y/NNP ] ,/, stuff/NN like/IN  [ that/DT ] ,/,","(S (NP-SBJ-1 (PRP We)) (VP (VBD used) (S (NP-SBJ (-NONE- *-1)) (VP (TO to) (VP (VP (VP (VB try)) (CC and) (VP (VB belong) (PP (IN to) (NP (NP (NNS clubs)) (CC or) (NP (DT the) (NNP Y)))))) (, ,) (NP-ETC (NP (NN stuff)) (PP (IN like) (NP (DT that)))))))) (, ,) (-DFL- E_S))","75",95.4695,106.935,"We used to try and belong to clubs or the Y, stuff like that,  "," We/PRP  used/VBD to/TO try/VB and/CC belong/VB to/IN   clubs/NNS  or/CC   the/DT Y/NNP  ,/, stuff/NN like/IN   that/DT  ,/,"
"49","sw03utt/sw_0395_2442.utt","2/sw2442",2442,48,"sd","A",27,2,"{C but } it was so  difficult to go on a regular basis, to drive the distance you  have to go. /","but/CC  [ it/PRP ] was/VBD so/RB difficult/JJ to/TO go/VB on/IN  [ a/DT regular/JJ basis/NN ] ,/, to/TO drive/VB  [ the/DT distance/NN ] [ you/PRP ] have/VBP to/TO go/VB ./.","(S (CC but) (NP-SBJ (NP (PRP it)) (S (-NONE- *EXP*-3))) (VP (VBD was) (ADJP-PRD (RB so) (JJ difficult)) (S-3 (NP-SBJ (-NONE- *)) (VP (VP (TO to) (VP (VB go) (PP (IN on) (NP (DT a) (JJ regular) (NN basis))))) (, ,) (VP (TO to) (VP (VB drive) (NP (NP (DT the) (NN distance)) (SBAR (WHNP-2 (-NONE- 0)) (S (NP-SBJ-1 (PRP you)) (VP (VBP have) (S (NP-SBJ (-NONE- *-1)) (VP (TO to) (VP (VB go) (NP (-NONE- *T*-2)))))))))))))) (. .) (-DFL- E_S))","76",95.4695,106.935," but  it was so  difficult to go on a regular basis, to drive the distance you  have to go. ","but/CC   it/PRP  was/VBD so/RB difficult/JJ to/TO go/VB on/IN   a/DT regular/JJ basis/NN  ,/, to/TO drive/VB   the/DT distance/NN   you/PRP  have/VBP to/TO go/VB ./."
"50","sw03utt/sw_0395_2442.utt","2/sw2442",2442,49,"b","B",28,1,"Uh-huh. /","[ Uh-huh/UH ] ./.","(INTJ (UH Uh-huh) (. .) (-DFL- E_S))","62",107.275625,107.625625,"Uhhuh. "," Uhhuh/UH  ./."
"51","sw03utt/sw_0395_2442.utt","2/sw2442",2442,50,"%","A",29,1,"Save the fees, - /","Save/VB  [ the/DT fees/NNS ] ,/,","(S (NP-SBJ (-NONE- *)) (VP (VB Save) (NP (DT the) (NNS fees))) (, ,) (-DFL- N_S))","80",107.97425,113.03425,"Save the fees,  ","Save/VB   the/DT fees/NNS  ,/,"
"52","sw03utt/sw_0395_2442.utt","2/sw2442",2442,51,"sd","A",29,2,"we've, {F uh, }  just save the fees and buy some of our own equipment.  /","[ we/PRP ] 've/VBP ,/,  [ uh/UH ] ,/, just/RB save/VB  [ the/DT fees/NNS ] and/CC buy/VB  [ some/DT ] of/IN  [ our/PRP$ own/JJ equipment/NN ] ./.","(S (NP-SBJ (PRP we)) (X (VBP 've)) (, ,) (INTJ (UH uh)) (, ,) (ADVP (RB just)) (VP (VP (VB save) (NP (DT the) (NNS fees))) (CC and) (VP (VB buy) (NP (NP (DT some)) (PP (IN of) (NP (PRP$ our) (JJ own) (NN equipment)))))) (. .) (-DFL- E_S))","81",107.97425,113.03425,"we've,  uh,   just save the fees and buy some of our own equipment.  "," we/PRP  've/VBP ,/,   uh/UH  ,/, just/RB save/VB   the/DT fees/NNS  and/CC buy/VB   some/DT  of/IN   our/PRP$ own/JJ equipment/NN  ./."
"53","sw03utt/sw_0395_2442.utt","2/sw2442",2442,52,"%","A",29,3,"{C So, } -/","So/RB ,/,","(S-UNF (RB So) (, ,) (-DFL- N_S))","82",107.97425,113.03425," So,  ","So/RB ,/,"
"54","sw03utt/sw_0395_2442.utt","2/sw2442",2442,53,"sv","B",30,1,"{C And then } you can do it whenever you want I guess. /","And/CC then/RB  [ you/PRP ] can/MD do/VB  [ it/PRP ] whenever/WRB  [ you/PRP ] want/VBP  [ I/PRP ] guess/VBP ./.","(S (CONJP (CC And) (RB then)) (S-TPC-2 (NP-SBJ (PRP you)) (VP (MD can) (VP (VB do) (NP (PRP it)) (SBAR-TMP (WHADVP-1 (WRB whenever)) (S (NP-SBJ (PRP you)) (VP (VBP want) (ADVP-TMP (-NONE- *T*-1)))))))) (NP-SBJ (PRP I)) (VP (VBP guess) (SBAR (-NONE- 0) (S (-NONE- *T*-2)))) (. .) (-DFL- E_S))","84",113.5795,115.29175," And then  you can do it whenever you want I guess. ","And/CC then/RB   you/PRP  can/MD do/VB   it/PRP  whenever/WRB   you/PRP  want/VBP   I/PRP  guess/VBP ./."
"55","sw03utt/sw_0395_2442.utt","2/sw2442",2442,54,"aa","A",31,1,"Yeah,  /","[ Yeah/UH ] ,/,","(INTJ (UH Yeah) (, ,) (-DFL- E_S))","50",114.949375,121.338875,"Yeah,  "," Yeah/UH  ,/,"
"56","sw03utt/sw_0395_2442.utt","2/sw2442",2442,55,"sd","A",31,2,"I've got a weight bench,  /","[ I/PRP ] 've/VBP got/VBN  [ a/DT weight/NN bench/NN ] ,/,","(S (NP-SBJ (PRP I)) (VP (VBP 've) (VP (VBN got) (NP (DT a) (NN weight) (NN bench)))) (, ,) (-DFL- E_S))","87",114.949375,121.338875,"I've got a weight bench,  "," I/PRP  've/VBP got/VBN   a/DT weight/NN bench/NN  ,/,"
"57","sw03utt/sw_0395_2442.utt","2/sw2442",2442,56,"sd","A",31,3,"{C and } we got my  wife an exercise bike,  /","and/CC  [ we/PRP ] got/VBD  [ my/PRP$ wife/NN ] [ an/DT exercise/NN bike/NN ] ,/,","(S (CC and) (NP-SBJ (PRP we)) (VP (VBD got) (NP-BNF (PRP$ my) (NN wife)) (NP (DT an) (NN exercise) (NN bike))) (, ,) (-DFL- E_S))","88",114.949375,121.338875," and  we got my  wife an exercise bike,  ","and/CC   we/PRP  got/VBD   my/PRP$ wife/NN   an/DT exercise/NN bike/NN  ,/,"
"58","sw03utt/sw_0395_2442.utt","2/sw2442",2442,57,"sd","A",31,4,"{C and } I use that sometimes too. /","and/CC  [ I/PRP ] use/VBP that/DT sometimes/RB too/RB ./.","(S (CC and) (NP-SBJ (PRP I)) (VP (VBP use) (NP (DT that)) (ADVP-TMP (RB sometimes)) (ADVP (RB too))) (. .) (-DFL- E_S))","89",114.949375,121.338875," and  I use that sometimes too. ","and/CC   I/PRP  use/VBP that/DT sometimes/RB too/RB ./."
"59","sw03utt/sw_0395_2442.utt","2/sw2442",2442,58,"b","B",32,1,"Uh-huh. /","[ Uh-huh/UH ] ./.","(INTJ (UH Uh-huh) (. .) (-DFL- E_S))","62",121.456375,121.796375,"Uhhuh. "," Uhhuh/UH  ./."
"60","sw03utt/sw_0395_2442.utt","2/sw2442",2442,59,"sv","A",33,1,"It's a little more convenient,  /","[ It/PRP ] 's/BES  [ a/DT little/RB ] [ more/RBR convenient/JJ ] ,/,","(S (NP-SBJ (PRP It)) (VP (BES 's) (ADJP-PRD (ADVP (NP-ADV (DT a) (RB little)) (RBR more)) (JJ convenient))) (, ,) (-DFL- E_S))","93",123.48725,128.521375,"It's a little more convenient,  "," It/PRP  's/BES   a/DT little/RB   more/RBR convenient/JJ  ,/,"
"61","sw03utt/sw_0395_2442.utt","2/sw2442",2442,60,"sv","A",33,2,"{C but, }  [ you're, +   I guess you're ] not as dedicated if you don't drive <baby_talking> over to do it. /","but/CC ,/,  [ you/PRP ] 're/VBP ,/,  [ I/PRP ] guess/VBP  [ you/PRP ] 're/VBP not/RB as/RB dedicated/JJ if/IN  [ you/PRP ] do/VBP n't/RB drive/VB over/RB to/TO do/VB  [ it/PRP ] ./.","(S (CC but) (, ,) (EDITED (RM (-DFL- \[)) (S (NP-SBJ (PRP you)) (VP-UNF (VBP 're))) (, ,) (IP (-DFL- \+))) (NP-SBJ (PRP I)) (VP (VBP guess) (SBAR (-NONE- 0) (S (NP-SBJ (PRP you)) (VP (VBP 're) (RS (-DFL- \])) (RB not) (ADJP-PRD (RB as) (JJ dedicated)) (SBAR-ADV (IN if) (S (NP-SBJ-1 (PRP you)) (VP (VBP do) (RB n't) (VP (VB drive) (PRT (RB over)) (S-PRP (NP-SBJ (-NONE- *-1)) (VP (TO to) (VP (VB do) (NP (PRP it))))))))))))) (. .) (-DFL- E_S))","94",123.48725,128.521375," but,    you're,    I guess you're  not as dedicated if you don't drive baby_talking over to do it. ","but/CC ,/,   you/PRP  're/VBP ,/,   I/PRP  guess/VBP   you/PRP  're/VBP not/RB as/RB dedicated/JJ if/IN   you/PRP  do/VBP n't/RB drive/VB over/RB to/TO do/VB   it/PRP  ./."
"62","sw03utt/sw_0395_2442.utt","2/sw2442",2442,61,"sv","B",34,1,"I guess it depends on the person,  depends on how <laughter> motivated you are. /","[ I/PRP ] guess/VBP  [ it/PRP ] depends/VBZ on/IN  [ the/DT person/NN ] ,/, depends/VBZ on/IN how/WRB motivated/JJ  [ you/PRP ] are/VBP ./.","(S (NP-SBJ (PRP I)) (VP (VBP guess) (SBAR (-NONE- 0) (S (NP-SBJ (PRP it)) (VP (VP (VBZ depends) (PP (IN on) (NP (DT the) (NN person)))) (, ,) (VP (VBZ depends) (PP (IN on) (SBAR-NOM (WHADJP-1 (WRB how) (JJ motivated)) (S (NP-SBJ (PRP you)) (VP (VBP are) (ADJP-PRD (-NONE- *T*-1))))))))))) (. .) (-DFL- E_S))","96",129.834,132.70125,"I guess it depends on the person,  depends on how laughter motivated you are. "," I/PRP  guess/VBP   it/PRP  depends/VBZ on/IN   the/DT person/NN  ,/, depends/VBZ on/IN how/WRB motivated/JJ   you/PRP  are/VBP ./."
"63","sw03utt/sw_0395_2442.utt","2/sw2442",2442,62,"b","A",35,1,"Uh-huh. /","[ Uh-huh/UH ] ./.","(INTJ (UH Uh-huh) (. .) (-DFL- E_S))","62",132.713125,133.163125,"Uhhuh. "," Uhhuh/UH  ./."
"64","sw03utt/sw_0395_2442.utt","2/sw2442",2442,63,"sd","B",36,1,"{C Because } my husband used to work out three  days a week [ with, + ] {F uh, } at the Texas Instruments gym. /","Because/IN  [ my/PRP$ husband/NN ] used/VBD to/TO work/VB out/RP  [ three/CD days/NNS ] [ a/DT week/NN ] with/IN ,/,  [ uh/UH ] ,/, at/IN  [ the/DT Texas/NNP Instruments/NNPS gym/NN ] ./.","(SBAR-PRP (IN Because) (S (NP-SBJ-1 (PRP$ my) (NN husband)) (VP (VBD used) (S (NP-SBJ (-NONE- *-1)) (VP (TO to) (VP (VB work) (PRT (RP out)) (NP-TMP (NP (CD three) (NNS days)) (NP-ADV (DT a) (NN week))) (EDITED (RM (-DFL- \[)) (PP-UNF (IN with)) (, ,) (IP (-DFL- \+)) (RS (-DFL- \]))) (INTJ (UH uh)) (, ,) (PP-LOC (IN at) (NP (DT the) (NNP Texas) (NNPS Instruments) (NN gym)))))))) (. .) (-DFL- E_S))","100",133.30625,138.16625," Because  my husband used to work out three  days a week  with,    uh,  at the Texas Instruments gym. ","Because/IN   my/PRP$ husband/NN  used/VBD to/TO work/VB out/RP   three/CD days/NNS   a/DT week/NN  with/IN ,/,   uh/UH  ,/, at/IN   the/DT Texas/NNP Instruments/NNPS gym/NN  ./."
"65","sw03utt/sw_0395_2442.utt","2/sw2442",2442,64,"b","A",37,1,"Uh-huh. /","[ Uh-huh/UH ] ./.","(INTJ (UH Uh-huh) (. .) (-DFL- E_S))","73",138.25475,138.57475,"Uhhuh. "," Uhhuh/UH  ./."
"66","sw03utt/sw_0395_2442.utt","2/sw2442",2442,65,"sd","B",38,1,"{C And then } I would just go on Saturdays.  /","And/CC then/RB  [ I/PRP ] would/MD just/RB go/VB on/IN  [ Saturdays/NNPS ] ./.","(S (CONJP (CC And) (RB then)) (NP-SBJ (PRP I)) (VP (MD would) (ADVP (RB just)) (VP (VB go) (PP-TMP (IN on) (NP (NNPS Saturdays))))) (. .) (-DFL- E_S))","104",139.015875,144.525875," And then  I would just go on Saturdays.  ","And/CC then/RB   I/PRP  would/MD just/RB go/VB on/IN   Saturdays/NNPS  ./."
"67","sw03utt/sw_0395_2442.utt","2/sw2442",2442,66,"sd","B",38,2,"{C But, }   since the first of the year neither one of us have been going. /","But/CC ,/, since/IN  [ the/DT first/JJ ] of/IN  [ the/DT year/NN ] neither/DT  [ one/CD ] of/IN  [ us/PRP ] have/VBP been/VBN going/VBG ./.","(S (CC But) (, ,) (PP-TMP (IN since) (NP (NP (DT the) (JJ first)) (PP (IN of) (NP (DT the) (NN year))))) (NP-SBJ (NP (DT neither) (CD one)) (PP (IN of) (NP (PRP us)))) (VP (VBP have) (VP (VBN been) (VP (VBG going)))) (. .) (-DFL- E_S))","105",139.015875,144.525875," But,    since the first of the year neither one of us have been going. ","But/CC ,/, since/IN   the/DT first/JJ  of/IN   the/DT year/NN  neither/DT   one/CD  of/IN   us/PRP  have/VBP been/VBN going/VBG ./."
"68","sw03utt/sw_0395_2442.utt","2/sw2442",2442,67,"b","A",39,1,"Yeah. /","Yeah/UH ./.","(INTJ (UH Yeah) (. .) (-DFL- E_S))","107",144.7165,145.0265,"Yeah. ","Yeah/UH ./."
"69","sw03utt/sw_0395_2442.utt","2/sw2442",2442,68,"sd","B",40,1,"{C So, } I guess, like I say, we've been paying these  fees and not going,  /","So/RB ,/,  [ I/PRP ] guess/VBP ,/, like/IN  [ I/PRP ] say/VBP ,/,  [ we/PRP ] 've/VBP been/VBN paying/VBG  [ these/DT fees/NNS ] and/CC not/RB going/VBG ,/,","(S (RB So) (, ,) (NP-SBJ (PRP I)) (VP (VBP guess) (, ,) (SBAR (-NONE- 0) (S (SBAR-ADV (IN like) (S (NP-SBJ (PRP I)) (VP (VBP say)))) (, ,) (NP-SBJ (PRP we)) (VP (VBP 've) (VP (VBN been) (VP (VP (VBG paying) (NP (DT these) (NNS fees))) (CC and) (VP (RB not) (VBG going)))))))) (, ,) (-DFL- E_S))","109",145.679,152.211125," So,  I guess, like I say, we've been paying these  fees and not going,  ","So/RB ,/,   I/PRP  guess/VBP ,/, like/IN   I/PRP  say/VBP ,/,   we/PRP  've/VBP been/VBN paying/VBG   these/DT fees/NNS  and/CC not/RB going/VBG ,/,"
"70","sw03utt/sw_0395_2442.utt","2/sw2442",2442,69,"sv","B",40,2,"{C so }  it's kind of a waste of money if you don't take advantage of it. /","so/RB  [ it/PRP ] 's/BES  [ kind/RB ] of/RB  [ a/DT waste/NN ] of/IN  [ money/NN ] if/IN  [ you/PRP ] do/VBP n't/RB take/VB  [ advantage/NN ] of/IN  [ it/PRP ] ./.","(S (RB so) (NP-SBJ (PRP it)) (VP (BES 's) (ADVP (RB kind) (RB of)) (NP-PRD (NP (DT a) (NN waste)) (PP (IN of) (NP (NN money)))) (SBAR-ADV (IN if) (S (NP-SBJ (PRP you)) (VP (VBP do) (RB n't) (VP (VB take) (NP (NP (NN advantage)) (PP (IN of) (NP (PRP it))))))))) (. .) (-DFL- E_S))","110",145.679,152.211125," so   it's kind of a waste of money if you don't take advantage of it. ","so/RB   it/PRP  's/BES   kind/RB  of/RB   a/DT waste/NN  of/IN   money/NN  if/IN   you/PRP  do/VBP n't/RB take/VB   advantage/NN  of/IN   it/PRP  ./."
"71","sw03utt/sw_0395_2442.utt","2/sw2442",2442,70,"aa","A",41,1,"Yeah,  /","[ Yeah/UH ] ,/,","(INTJ (UH Yeah) (, ,) (-DFL- E_S))","86",152.195,154.355,"Yeah,  "," Yeah/UH  ,/,"
"72","sw03utt/sw_0395_2442.utt","2/sw2442",2442,71,"sv","A",41,2,"I think you really have to be disciplined. /","[ I/PRP ] think/VBP  [ you/PRP ] really/RB have/VBP to/TO be/VB disciplined/VBN ./.","(S (NP-SBJ (PRP I)) (VP (VBP think) (SBAR (-NONE- 0) (S (NP-SBJ-1 (PRP you)) (ADVP (RB really)) (VP (VBP have) (S (NP-SBJ (-NONE- *-1)) (VP (TO to) (VP (VB be) (ADJP-PRD (VBN disciplined))))))))) (. .) (-DFL- E_S))","113",152.195,154.355,"I think you really have to be disciplined. "," I/PRP  think/VBP   you/PRP  really/RB have/VBP to/TO be/VB disciplined/VBN ./."
"73","sw03utt/sw_0395_2442.utt","2/sw2442",2442,72,"b","B",42,1,"Yeah. /","Yeah/UH ./.","(INTJ (UH Yeah) (. .) (-DFL- E_S))","107",154.726,155.165375,"Yeah. ","Yeah/UH ./."
"74","sw03utt/sw_0395_2442.utt","2/sw2442",2442,73,"sd","A",43,1,"[ I, + {F uh, } I ] try to work out at least a  couple of times a week,  /","[ I/PRP ] ,/,  [ uh/UH ] ,/,  [ I/PRP ] try/VBP to/TO work/VB out/RP at/IN  [ least/JJS a/DT couple/NN ] of/IN  [ times/NNS ] [ a/DT week/NN ] ,/,","(S (EDITED (RM (-DFL- \[)) (NP-SBJ (PRP I)) (, ,) (IP (-DFL- \+))) (INTJ (UH uh)) (, ,) (NP-SBJ-1 (PRP I)) (RS (-DFL- \])) (VP (VBP try) (S (NP-SBJ (-NONE- *-1)) (VP (TO to) (VP (VB work) (PRT (RP out)) (NP-TMP (NP (ADVP (IN at) (JJS least)) (NP (DT a) (NN couple)) (PP (IN of) (NP (NNS times)))) (NP-ADV (DT a) (NN week))))))) (, ,) (-DFL- E_S))","117",155.588625,164.957875," I,   uh,  I  try to work out at least a  couple of times a week,  "," I/PRP  ,/,   uh/UH  ,/,   I/PRP  try/VBP to/TO work/VB out/RP at/IN   least/JJS a/DT couple/NN  of/IN   times/NNS   a/DT week/NN  ,/,"
"75","sw03utt/sw_0395_2442.utt","2/sw2442",2442,74,"sv","A",43,2,"{C and } I think you really have to, at least twice a week, just to maintain the  shape that you're in. /","and/CC  [ I/PRP ] think/VBP  [ you/PRP ] really/RB have/VBP to/TO ,/, at/IN  [ least/JJS ] twice/RB  [ a/DT week/NN ] ,/, just/RB to/TO maintain/VB  [ the/DT shape/NN ] that/WDT  [ you/PRP ] 're/VBP in/IN ./.","(S (CC and) (NP-SBJ (PRP I)) (VP (VBP think) (SBAR (-NONE- 0) (S (NP-SBJ-1 (PRP you)) (ADVP (RB really)) (VP (VBP have) (S (NP-SBJ-3 (-NONE- *-1)) (VP (TO to) (VP (-NONE- *?*) (, ,) (ADVP-TMP (ADVP (IN at) (JJS least)) (RB twice) (NP (DT a) (NN week))) (, ,) (S-PRP (ADVP (RB just)) (NP-SBJ (-NONE- *-3)) (VP (TO to) (VP (VB maintain) (NP (NP (DT the) (NN shape)) (SBAR (WHNP-2 (WDT that)) (S (NP-SBJ (PRP you)) (VP (VBP 're) (PP-PRD (IN in) (NP (-NONE- *T*-2))))))))))))))))) (. .) (-DFL- E_S))","118",155.588625,164.957875," and  I think you really have to, at least twice a week, just to maintain the  shape that you're in. ","and/CC   I/PRP  think/VBP   you/PRP  really/RB have/VBP to/TO ,/, at/IN   least/JJS  twice/RB   a/DT week/NN  ,/, just/RB to/TO maintain/VB   the/DT shape/NN  that/WDT   you/PRP  're/VBP in/IN ./."
"76","sw03utt/sw_0395_2442.utt","2/sw2442",2442,75,"aa","B",44,1,"Yeah.   /","Yeah/UH ./.","(INTJ (UH Yeah) (. .) (-DFL- E_S))","107",165.2955,174.31825,"Yeah.   ","Yeah/UH ./."
"77","sw03utt/sw_0395_2442.utt","2/sw2442",2442,76,"sd","B",44,2,"With the walking, I think they said you need to  walk at least twelve miles a week for it to be aerobically <<pause>> beneficial. /","With/IN  [ the/DT ] walking/NN ,/,  [ I/PRP ] think/VBP  [ they/PRP ] said/VBD  [ you/PRP ] need/VBP to/TO walk/VB at/IN  [ least/JJS twelve/CD miles/NNS ] [ a/DT week/NN ] for/IN  [ it/PRP ] to/TO be/VB aerobically/RB beneficial/JJ ./.","(S (PP-TPC-2 (IN With) (NP (DT the) (NN walking))) (, ,) (NP-SBJ (PRP I)) (VP (VBP think) (SBAR (-NONE- 0) (S (NP-SBJ (PRP they)) (VP (VBD said) (SBAR (-NONE- 0) (S (PP (-NONE- *T*-2)) (NP-SBJ-1 (PRP you)) (VP (VBP need) (S (NP-SBJ (-NONE- *-1)) (VP (TO to) (VP (VB walk) (NP (ADVP (IN at) (JJS least)) (NP (CD twelve) (NNS miles)) (NP-ADV (DT a) (NN week))) (SBAR-ADV (IN for) (S (NP-SBJ (PRP it)) (VP (TO to) (VP (VB be) (ADJP-PRD (RB aerobically) (JJ beneficial)))))))))))))))) (. .) (-DFL- E_S))","121",165.2955,174.31825,"With the walking, I think they said you need to  walk at least twelve miles a week for it to be aerobically pause beneficial. ","With/IN   the/DT  walking/NN ,/,   I/PRP  think/VBP   they/PRP  said/VBD   you/PRP  need/VBP to/TO walk/VB at/IN   least/JJS twelve/CD miles/NNS   a/DT week/NN  for/IN   it/PRP  to/TO be/VB aerobically/RB beneficial/JJ ./."
"78","sw03utt/sw_0395_2442.utt","2/sw2442",2442,77,"b","A",45,1,"Uh-huh. /","[ Uh-huh/UH ] ./.","(INTJ (UH Uh-huh) (. .) (-DFL- E_S))","98",174.40925,174.80925,"Uhhuh. "," Uhhuh/UH  ./."
"79","sw03utt/sw_0395_2442.utt","2/sw2442",2442,78,"sd","B",46,1,"{C And } [ we, +  I have two friends, that we ] walk.  /","And/CC  [ we/PRP ] ,/,  [ I/PRP ] have/VBP  [ two/CD friends/NNS ] ,/, that/WDT  [ we/PRP ] walk/VBP ./.","(S (CC And) (EDITED (RM (-DFL- \[)) (NP-SBJ (PRP we)) (, ,) (IP (-DFL- \+))) (NP-SBJ (PRP I)) (VP (VBP have) (NP (NP (CD two) (NNS friends)) (, ,) (X (SBAR (WHADVP-1 (WDT that)) (S (NP-SBJ (PRP we)) (RS (-DFL- \])) (VP (VBP walk) (ADVP (-NONE- *T*-1)))))))) (. .) (-DFL- E_S))","125",175.253,186.393," And   we,   I have two friends, that we  walk.  ","And/CC   we/PRP  ,/,   I/PRP  have/VBP   two/CD friends/NNS  ,/, that/WDT   we/PRP  walk/VBP ./."
"80","sw03utt/sw_0395_2442.utt","2/sw2442",2442,79,"sd","B",46,2,"They have babies that are about the same ages [ as, + as ] mine,  /","[ They/PRP ] have/VBP  [ babies/NNS ] [ that/WDT ] are/VBP about/RB  [ the/DT same/JJ ages/NNS ] as/IN ,/, as/IN mine/PRP ,/,","(S (NP-SBJ (PRP They)) (VP (VBP have) (NP (NP (NNS babies)) (SBAR (WHNP-1 (WDT that)) (S (NP-SBJ (-NONE- *T*-1)) (VP (VBP are) (ADVP (RB about)) (NP-PRD (NP (DT the) (JJ same) (NNS ages)) (EDITED (RM (-DFL- \[)) (PP-UNF (IN as)) (, ,) (IP (-DFL- \+))) (PP (IN as) (RS (-DFL- \])) (NP (PRP mine))))))))) (, ,) (-DFL- E_S))","126",175.253,186.393,"They have babies that are about the same ages  as,  as  mine,  "," They/PRP  have/VBP   babies/NNS   that/WDT  are/VBP about/RB   the/DT same/JJ ages/NNS  as/IN ,/, as/IN mine/PRP ,/,"
"81","sw03utt/sw_0395_2442.utt","2/sw2442",2442,80,"sd","B",46,3,"{C and } we've been walking  every morning [ at, + ] going  /","and/CC  [ we/PRP ] 've/VBP been/VBN walking/VBG  [ every/DT morning/NN ] at/IN ,/, going/VBG","(S (CC and) (NP-SBJ (PRP we)) (VP (VBP 've) (VP (VBN been) (VP (VBG walking) (NP-TMP (DT every) (NN morning)) (EDITED (RM (-DFL- \[)) (PP-UNF (IN at)) (, ,) (IP (-DFL- \+)) (RS (-DFL- \])) (VP (VBG going)))))) (-DFL- E_S))","127",175.253,186.393," and  we've been walking  every morning  at,   going  ","and/CC   we/PRP  've/VBP been/VBN walking/VBG   every/DT morning/NN  at/IN ,/, going/VBG"
"82","sw03utt/sw_0395_2442.utt","2/sw2442",2442,81,"sd","B",46,4,"when it was cold we would go to the mall because you can't  take the babies out --","when/WRB  [ it/PRP ] was/VBD cold/JJ  [ we/PRP ] would/MD go/VB to/IN  [ the/DT mall/NN ] because/IN  [ you/PRP ] ca/MD n't/RB take/VB  [ the/DT babies/NNS ] out/RB --/:","(S (SBAR-TMP (WHADVP-1 (WRB when)) (S (NP-SBJ (PRP it)) (VP (VBD was) (ADJP-PRD (JJ cold)) (ADVP-TMP (-NONE- *T*-1))))) (NP-SBJ (PRP we)) (VP (MD would) (VP (VB go) (PP-DIR (IN to) (NP (DT the) (NN mall))) (SBAR-PRP (IN because) (S (NP-SBJ (PRP you)) (VP (MD ca) (RB n't) (VP (VB take) (NP (DT the) (NNS babies)) (ADVP-DIR (RB out)) (ADVP-MNR (RB very) (RB easily)))))))) (. .) (-DFL- E_S))","128",175.253,186.393,"when it was cold we would go to the mall because you can't  take the babies out ","when/WRB   it/PRP  was/VBD cold/JJ   we/PRP  would/MD go/VB to/IN   the/DT mall/NN  because/IN   you/PRP  ca/MD n't/RB take/VB   the/DT babies/NNS  out/RB /:"
"83","sw03utt/sw_0395_2442.utt","2/sw2442",2442,82,"b","A",47,1,"Yeah. /","Yeah/UH ./.","(INTJ (UH Yeah) (. .) (-DFL- E_S))","107",185.4855,185.796,"Yeah. ","Yeah/UH ./."
"84","sw03utt/sw_0395_2442.utt","2/sw2442",2442,83,"+","B",48,1,"-- very easily.  /","--/: very/RB easily/RB ./.","(S (SBAR-TMP (WHADVP-1 (WRB when)) (S (NP-SBJ (PRP it)) (VP (VBD was) (ADJP-PRD (JJ cold)) (ADVP-TMP (-NONE- *T*-1))))) (NP-SBJ (PRP we)) (VP (MD would) (VP (VB go) (PP-DIR (IN to) (NP (DT the) (NN mall))) (SBAR-PRP (IN because) (S (NP-SBJ (PRP you)) (VP (MD ca) (RB n't) (VP (VB take) (NP (DT the) (NNS babies)) (ADVP-DIR (RB out)) (ADVP-MNR (RB very) (RB easily)))))))) (. .) (-DFL- E_S))","128",187.277,205.769875," very easily.  ","/: very/RB easily/RB ./."
"85","sw03utt/sw_0395_2442.utt","2/sw2442",2442,84,"sd","B",48,2,"{C So } [ we, + when we ] go,  we [ have about, + do about ] fifteen miles a week,  /","So/RB  [ we/PRP ] ,/, when/WRB  [ we/PRP ] go/VBP ,/,  [ we/PRP ] have/VBP about/RB ,/, do/VBP about/RB  [ fifteen/CD miles/NNS ] [ a/DT week/NN ] ,/,","(S (RB So) (EDITED (RM (-DFL- \[)) (NP-SBJ (PRP we)) (, ,) (IP (-DFL- \+))) (SBAR-TMP (WHADVP-1 (WRB when)) (S (NP-SBJ (PRP we)) (RS (-DFL- \])) (VP (VBP go) (ADVP-TMP (-NONE- *T*-1))))) (, ,) (NP-SBJ (PRP we)) (EDITED (RM (-DFL- \[)) (VP (VBP have) (NP-UNF (RB about))) (, ,) (IP (-DFL- \+))) (VP (VBP do) (NP (NP (QP (RB about) (RS (-DFL- \])) (CD fifteen)) (NNS miles)) (NP-ADV (DT a) (NN week)))) (, ,) (-DFL- E_S))","132",187.277,205.769875," So   we,  when we  go,  we  have about,  do about  fifteen miles a week,  ","So/RB   we/PRP  ,/, when/WRB   we/PRP  go/VBP ,/,   we/PRP  have/VBP about/RB ,/, do/VBP about/RB   fifteen/CD miles/NNS   a/DT week/NN  ,/,"
"86","sw03utt/sw_0395_2442.utt","2/sw2442",2442,85,"sd","B",48,3,"{C but } the last little while, for one reason or another,  we haven't been <laughter> real consistent.  /","but/CC  [ the/DT last/JJ little/JJ while/NN ] ,/, for/IN  [ one/CD reason/NN ] or/CC  [ another/DT ] ,/,  [ we/PRP ] have/VBP n't/RB been/VBN real/RB consistent/JJ ./.","(S (CC but) (NP-TMP (DT the) (JJ last) (JJ little) (NN while)) (, ,) (PP-PRP (IN for) (NP (NP (CD one) (NN reason)) (CC or) (NP (DT another)))) (, ,) (NP-SBJ (PRP we)) (VP (VBP have) (RB n't) (VP (VBN been) (ADJP-PRD (RB real) (JJ consistent)))) (. .) (-DFL- E_S))","133",187.277,205.769875," but  the last little while, for one reason or another,  we haven't been laughter real consistent.  ","but/CC   the/DT last/JJ little/JJ while/NN  ,/, for/IN   one/CD reason/NN  or/CC   another/DT  ,/,   we/PRP  have/VBP n't/RB been/VBN real/RB consistent/JJ ./."
"87","sw03utt/sw_0395_2442.utt","2/sw2442",2442,86,"sv","B",48,4,"So <<pause>> it's a little harder  when you're depending on other people to do it with you --","So/RB  [ it/PRP ] 's/BES  [ a/DT little/RB harder/JJR ] when/WRB  [ you/PRP ] 're/VBP depending/VBG on/IN  [ other/JJ people/NNS ] to/TO do/VB  [ it/PRP ] with/IN  [ you/PRP ] --/:","(S (RB So) (NP-SBJ (PRP it)) (VP (BES 's) (ADJP-PRD (NP-ADV (DT a) (RB little)) (JJR harder)) (SBAR-TMP (WHADVP-2 (WRB when)) (S (NP-SBJ (PRP you)) (VP (VBP 're) (VP (VBG depending) (PP (IN on) (NP (NP (JJ other) (NNS people)) (SBAR (WHNP-3 (-NONE- 0)) (S (NP-SBJ (-NONE- *T*-3)) (VP (TO to) (VP (VB do) (NP (PRP it)) (PP (IN with) (NP (PRP you))))))))) (ADVP-TMP (-NONE- *T*-2)))))) (SBAR-PRP (IN because) (S (NP-SBJ-1 (PRP you)) (VP (VBP have) (S (NP-SBJ (-NONE- *-1)) (VP (TO to) (VP (VB meet) (NP (PRP$ their) (NNS schedules)) (ADVP (IN as) (RB well))))))))) (, ,) (-DFL- E_S))","134",187.277,205.769875,"So pause it's a little harder  when you're depending on other people to do it with you ","So/RB   it/PRP  's/BES   a/DT little/RB harder/JJR  when/WRB   you/PRP  're/VBP depending/VBG on/IN   other/JJ people/NNS  to/TO do/VB   it/PRP  with/IN   you/PRP  /:"
"88","sw03utt/sw_0395_2442.utt","2/sw2442",2442,87,"b","A",49,1,"Uh-huh. /","[ Uh-huh/UH ] ./.","(INTJ (UH Uh-huh) (. .) (-DFL- E_S))","102",202.894875,203.344875,"Uhhuh. "," Uhhuh/UH  ./."
"89","sw03utt/sw_0395_2442.utt","2/sw2442",2442,88,"+","B",50,1,"-- because you have to meet their schedules as well,  /","--/: because/IN  [ you/PRP ] have/VBP to/TO meet/VB  [ their/PRP$ schedules/NNS ] as/IN well/RB ,/,","(S (RB So) (NP-SBJ (PRP it)) (VP (BES 's) (ADJP-PRD (NP-ADV (DT a) (RB little)) (JJR harder)) (SBAR-TMP (WHADVP-2 (WRB when)) (S (NP-SBJ (PRP you)) (VP (VBP 're) (VP (VBG depending) (PP (IN on) (NP (NP (JJ other) (NNS people)) (SBAR (WHNP-3 (-NONE- 0)) (S (NP-SBJ (-NONE- *T*-3)) (VP (TO to) (VP (VB do) (NP (PRP it)) (PP (IN with) (NP (PRP you))))))))) (ADVP-TMP (-NONE- *T*-2)))))) (SBAR-PRP (IN because) (S (NP-SBJ-1 (PRP you)) (VP (VBP have) (S (NP-SBJ (-NONE- *-1)) (VP (TO to) (VP (VB meet) (NP (PRP$ their) (NNS schedules)) (ADVP (IN as) (RB well))))))))) (, ,) (-DFL- E_S))","134",205.769875,209.88025," because you have to meet their schedules as well,  ","/: because/IN   you/PRP  have/VBP to/TO meet/VB   their/PRP$ schedules/NNS  as/IN well/RB ,/,"
"90","sw03utt/sw_0395_2442.utt","2/sw2442",2442,89,"sd","B",50,2,"[ {C but } + --","but/CC --/:","(S (CC but) (NP-TMP (DT the) (JJ last) (JJ little) (NN while)) (, ,) (PP-PRP (IN for) (NP (NP (CD one) (NN reason)) (CC or) (NP (DT another)))) (, ,) (NP-SBJ (PRP we)) (VP (VBP have) (RB n't) (VP (VBN been) (ADJP-PRD (RB real) (JJ consistent)))) (. .) (-DFL- E_S))","133",205.769875,209.88025,"  but   ","but/CC /:"
"91","sw03utt/sw_0395_2442.utt","2/sw2442",2442,90,"aa","A",51,1,"Sure. /","[ Sure/UH ] ./.","(INTJ (UH Sure) (. .) (-DFL- E_S))","140",206.8105,207.2005,"Sure. "," Sure/UH  ./."
"92","sw03utt/sw_0395_2442.utt","2/sw2442",2442,91,"+","B",52,1,"-- {C but } ] I enjoy doing it more when I've got  other people with me.  /","--/: but/CC  [ I/PRP ] enjoy/VBP doing/VBG  [ it/PRP ] more/RBR when/WRB  [ I/PRP ] 've/VBP got/VBN  [ other/JJ people/NNS ] with/IN  [ me/PRP ] ./.","(S (EDITED (RM (-DFL- \[)) (CC but) (IP (-DFL- \+))) (CC but) (RS (-DFL- \])) (NP-SBJ-2 (PRP I)) (VP (VBP enjoy) (S (NP-SBJ (-NONE- *-2)) (VP (VBG doing) (NP (PRP it)) (ADVP (RBR more)) (SBAR-TMP (WHADVP-1 (WRB when)) (S (NP-SBJ (PRP I)) (VP (VBP 've) (VP (VBN got) (NP (JJ other) (NNS people)) (PP (IN with) (NP (PRP me))) (ADVP-TMP (-NONE- *T*-1))))))))) (. .) (-DFL- E_S))","138",209.88025,226.15325,"  but   I enjoy doing it more when I've got  other people with me.  ","/: but/CC   I/PRP  enjoy/VBP doing/VBG   it/PRP  more/RBR when/WRB   I/PRP  've/VBP got/VBN   other/JJ people/NNS  with/IN   me/PRP  ./."
"93","sw03utt/sw_0395_2442.utt","2/sw2442",2442,92,"sd","B",52,2,"{D You know, } I usually do it because I want to, because I know it's good for me, not because, I don't feel obligated to do it.  /","[ You/PRP ] know/VBP ,/,  [ I/PRP ] usually/RB do/VBP  [ it/PRP ] because/IN  [ I/PRP ] want/VBP to/TO ,/, because/IN  [ I/PRP ] know/VBP  [ it/PRP ] 's/BES good/JJ for/IN  [ me/PRP ] ,/, not/RB because/IN ,/,  [ I/PRP ] do/VBP n't/RB feel/VB obligated/JJ to/TO do/VB  [ it/PRP ] ./.","(S (PRN (S (NP-SBJ (PRP You)) (VP (VBP know))) (, ,)) (NP-SBJ (PRP I)) (ADVP-TMP (RB usually)) (VP (VBP do) (NP (PRP it)) (EDITED (SBAR-PRP (IN because) (S (NP-SBJ-1 (PRP I)) (VP (VBP want) (S (NP-SBJ (-NONE- *-1)) (VP-UNF (TO to))))))) (, ,) (SBAR-PRP (IN because) (S (NP-SBJ (PRP I)) (VP (VBP know) (SBAR (-NONE- 0) (S (NP-SBJ (PRP it)) (VP (BES 's) (ADJP-PRD (JJ good) (PP (IN for) (NP (PRP me)))))))))) (, ,) (RB not) (SBAR-PRP-UNF (IN because))) (, ,))|||(S (NP-SBJ-2 (PRP I)) (VP (VBP do) (RB n't) (VP (VB feel) (ADJP-PRD (JJ obligated) (S (NP-SBJ (-NONE- *-2)) (VP (TO to) (VP (VB do) (NP (PRP it)))))))) (. .) (-DFL- E_S))","142|||143",209.88025,226.15325," You know,  I usually do it because I want to, because I know it's good for me, not because, I don't feel obligated to do it.  "," You/PRP  know/VBP ,/,   I/PRP  usually/RB do/VBP   it/PRP  because/IN   I/PRP  want/VBP to/TO ,/, because/IN   I/PRP  know/VBP   it/PRP  's/BES good/JJ for/IN   me/PRP  ,/, not/RB because/IN ,/,   I/PRP  do/VBP n't/RB feel/VB obligated/JJ to/TO do/VB   it/PRP  ./."
"94","sw03utt/sw_0395_2442.utt","2/sw2442",2442,93,"sd","B",52,3,"I enjoy it.  /","[ I/PRP ] enjoy/VBP  [ it/PRP ] ./.","(S (NP-SBJ (PRP I)) (VP (VBP enjoy) (NP (PRP it))) (. .) (-DFL- E_S))","144",209.88025,226.15325,"I enjoy it.  "," I/PRP  enjoy/VBP   it/PRP  ./."
"95","sw03utt/sw_0395_2442.utt","2/sw2442",2442,94,"sd","B",52,4,"If I feel too obligated to do it,  /","If/IN  [ I/PRP ] feel/VBP too/RB obligated/JJ to/TO do/VB  [ it/PRP ] ,/,","(S (SBAR-ADV (IN If) (S (NP-SBJ-2 (PRP I)) (VP (VBP feel) (ADJP-PRD (RB too) (JJ obligated) (S (NP-SBJ (-NONE- *-2)) (VP (TO to) (VP (VB do) (NP (PRP it))))))))) (, ,) (-DFL- E_S) (NP-SBJ-1 (PRP I)) (VP (VBP start) (S (NP-SBJ (-NONE- *-1)) (VP (TO to) (VP (VB rebel))))) (, ,) (-DFL- E_S))","145",209.88025,226.15325,"If I feel too obligated to do it,  ","If/IN   I/PRP  feel/VBP too/RB obligated/JJ to/TO do/VB   it/PRP  ,/,"
"96","sw03utt/sw_0395_2442.utt","2/sw2442",2442,95,"sd","B",52,5,"I start to rebel,  /","[ I/PRP ] start/VBP to/TO rebel/VB ,/,","(S (SBAR-ADV (IN If) (S (NP-SBJ-2 (PRP I)) (VP (VBP feel) (ADJP-PRD (RB too) (JJ obligated) (S (NP-SBJ (-NONE- *-2)) (VP (TO to) (VP (VB do) (NP (PRP it))))))))) (, ,) (-DFL- E_S) (NP-SBJ-1 (PRP I)) (VP (VBP start) (S (NP-SBJ (-NONE- *-1)) (VP (TO to) (VP (VB rebel))))) (, ,) (-DFL- E_S))","145",209.88025,226.15325,"I start to rebel,  "," I/PRP  start/VBP to/TO rebel/VB ,/,"
"97","sw03utt/sw_0395_2442.utt","2/sw2442",2442,96,"sd","B",52,6,"{C and } I won't be as  consistent with it. /","and/CC  [ I/PRP ] wo/MD n't/RB be/VB as/RB consistent/JJ with/IN  [ it/PRP ] ./.","(S (CC and) (NP-SBJ (PRP I)) (VP (MD wo) (RB n't) (VP (VB be) (ADJP-PRD (RB as) (JJ consistent) (PP (IN with) (NP (PRP it)))))) (. .) (-DFL- E_S))","146",209.88025,226.15325," and  I won't be as  consistent with it. ","and/CC   I/PRP  wo/MD n't/RB be/VB as/RB consistent/JJ with/IN   it/PRP  ./."
"98","sw03utt/sw_0395_2442.utt","2/sw2442",2442,97,"aa","A",53,1,"Yeah,  /","[ Yeah/UH ] ,/,","(INTJ (UH Yeah) (, ,) (-DFL- E_S))","112",226.369,231.13425,"Yeah,  "," Yeah/UH  ,/,"
"99","sw03utt/sw_0395_2442.utt","2/sw2442",2442,98,"ba","A",53,2,"I understand.  /","[ I/PRP ] understand/VBP ./.","(S (NP-SBJ (PRP I)) (VP (VBP understand)) (. .) (-DFL- E_S))","149",226.369,231.13425,"I understand.  "," I/PRP  understand/VBP ./."
"100","sw03utt/sw_0395_2442.utt","2/sw2442",2442,99,"qy","A",53,3,"Did you exercise between  your first child and your second? /","Did/VBD  [ you/PRP ] exercise/VB between/IN  [ your/PRP$ first/JJ child/NN ] and/CC  [ your/PRP$ second/JJ ] ?/.","(SQ (VBD Did) (NP-SBJ (PRP you)) (VP (VB exercise) (PP-TMP (IN between) (NP (NP (PRP$ your) (JJ first) (NN child)) (CC and) (NP (PRP$ your) (JJ second))))) (. ?) (-DFL- E_S))","150",226.369,231.13425,"Did you exercise between  your first child and your second? ","Did/VBD   you/PRP  exercise/VB between/IN   your/PRP$ first/JJ child/NN  and/CC   your/PRP$ second/JJ  ?/."
"101","sw03utt/sw_0395_2442.utt","2/sw2442",2442,100,"na","B",54,1,"I exercised pretty well up [ until I found, + {F uh, } until ]  I was pregnant,  /","[ I/PRP ] exercised/VBD pretty/RB well/RB up/IN until/IN  [ I/PRP ] found/VBD ,/,  [ uh/UH ] ,/, until/IN  [ I/PRP ] was/VBD pregnant/JJ ,/,","(S (NP-SBJ (PRP I)) (VP (VBD exercised) (ADVP (RB pretty) (RB well)) (PP-TMP (IN up) (EDITED (RM (-DFL- \[)) (SBAR (IN until) (S (NP-SBJ (PRP I)) (VP-UNF (VBD found)))) (, ,) (IP (-DFL- \+))) (INTJ (UH uh)) (, ,) (SBAR (IN until) (RS (-DFL- \])) (S (NP-SBJ (PRP I)) (VP (VBD was) (ADJP-PRD (JJ pregnant))))))) (, ,) (-DFL- E_S))","152",231.567875,243.13775,"I exercised pretty well up  until I found,   uh,  until   I was pregnant,  "," I/PRP  exercised/VBD pretty/RB well/RB up/IN until/IN   I/PRP  found/VBD ,/,   uh/UH  ,/, until/IN   I/PRP  was/VBD pregnant/JJ ,/,"
"102","sw03utt/sw_0395_2442.utt","2/sw2442",2442,101,"sd","B",54,2,"{C and } I started having pains.  /","and/CC  [ I/PRP ] started/VBD having/VBG  [ pains/NNS ] ./.","(S (CC and) (NP-SBJ-1 (PRP I)) (VP (VBD started) (S (NP-SBJ (-NONE- *-1)) (VP (VBG having) (NP (NNS pains))))) (. .) (-DFL- E_S))","153",231.567875,243.13775," and  I started having pains.  ","and/CC   I/PRP  started/VBD having/VBG   pains/NNS  ./."
"103","sw03utt/sw_0395_2442.utt","2/sw2442",2442,102,"sd","B",54,3,"{C So } I've calmed down everything  except, I was working out doing aerobic exercises as well as the, {F um, } walking, /","So/RB  [ I/PRP ] 've/VBP calmed/VBN down/RP  [ everything/NN ] except/IN ,/,  [ I/PRP ] was/VBD working/VBG out/RP doing/VBG  [ aerobic/JJ exercises/NNS ] as/RB well/RB as/IN  [ the/DT ] ,/, um/UH ,/, walking/NN ,/,","(S (RB So) (NP-SBJ (PRP I)) (VP (VBP 've) (VP (VBN calmed) (PRT (RP down)) (NP (NN everything)) (SBAR-ADV (IN except) (, ,) (S (NP-SBJ (PRP I)) (VP (VBD was) (VP (VP (VBG working) (PRT (RP out))) (VP (VBG doing) (NP (NP (JJ aerobic) (NNS exercises)) (CONJP (RB as) (RB well) (IN as)) (NP (DT the) (, ,) (INTJ (UH um)) (, ,) (NN walking)))))))))) (, ,) (-DFL- E_S))","154",231.567875,243.13775," So  I've calmed down everything  except, I was working out doing aerobic exercises as well as the,  um,  walking, ","So/RB   I/PRP  've/VBP calmed/VBN down/RP   everything/NN  except/IN ,/,   I/PRP  was/VBD working/VBG out/RP doing/VBG   aerobic/JJ exercises/NNS  as/RB well/RB as/IN   the/DT  ,/, um/UH ,/, walking/NN ,/,"
"104","sw03utt/sw_0395_2442.utt","2/sw2442",2442,103,"b","A",55,1,"Yeah. /","Yeah/UH ./.","(INTJ (UH Yeah) (. .) (-DFL- E_S))","120",243.326,243.606,"Yeah. ","Yeah/UH ./."
"105","sw03utt/sw_0395_2442.utt","2/sw2442",2442,104,"sd","B",56,1,"{C And } I had to stop the aerobics because it was  just kind of <<pause>> painful.  /","And/CC  [ I/PRP ] had/VBD to/TO stop/VB  [ the/DT aerobics/NNS ] because/IN  [ it/PRP ] was/VBD just/RB  [ kind/RB ] of/RB  [ painful/JJ ] ./.","(S (CC And) (NP-SBJ-1 (PRP I)) (VP (VBD had) (S (NP-SBJ (-NONE- *-1)) (VP (TO to) (VP (VB stop) (NP (DT the) (NNS aerobics))))) (SBAR-PRP (IN because) (S (NP-SBJ (PRP it)) (VP (VBD was) (ADVP (RB just)) (ADVP (RB kind) (RB of)) (ADJP-PRD (JJ painful)))))) (. .) (-DFL- E_S))","158",243.593,255.472375," And  I had to stop the aerobics because it was  just kind of pause painful.  ","And/CC   I/PRP  had/VBD to/TO stop/VB   the/DT aerobics/NNS  because/IN   it/PRP  was/VBD just/RB   kind/RB  of/RB   painful/JJ  ./."
"106","sw03utt/sw_0395_2442.utt","2/sw2442",2442,105,"sd","B",56,2,"{C But } the T I rec center has an aerobics program [ for, + for, ]  {F um, } prenatal and  postnatal aerobic type thing. /","But/CC  [ the/DT T/NNP I/NNP ] [ rec/NN center/NN ] has/VBZ  [ an/DT aerobics/NNS program/NN ] for/IN ,/, for/IN ,/, um/UH ,/,  [ prenatal/JJ ] and/CC  [ postnatal/JJ aerobic/JJ type/NN thing/NN ] ./.","(S (CC But) (NP-SBJ (DT the) (NNP T) (NNP I) (NN rec) (NN center)) (VP (VBZ has) (NP (NP (DT an) (NNS aerobics) (NN program)) (EDITED (RM (-DFL- \[)) (PP-UNF (IN for)) (, ,) (IP (-DFL- \+))) (PP (IN for) (, ,) (RS (-DFL- \])) (INTJ (UH um)) (, ,) (NP (ADJP (JJ prenatal) (CC and) (JJ postnatal)) (JJ aerobic) (NN type) (NN thing))))) (. .) (-DFL- E_S))","159",243.593,255.472375," But  the T I rec center has an aerobics program  for,  for,    um,  prenatal and  postnatal aerobic type thing. ","But/CC   the/DT T/NNP I/NNP   rec/NN center/NN  has/VBZ   an/DT aerobics/NNS program/NN  for/IN ,/, for/IN ,/, um/UH ,/,   prenatal/JJ  and/CC   postnatal/JJ aerobic/JJ type/NN thing/NN  ./."
"107","sw03utt/sw_0395_2442.utt","2/sw2442",2442,106,"b","A",57,1,"{F Um. } /","Um/UH ./.","(INTJ (UH Um) (. .) (-DFL- E_S))","161",255.71225,256.04225," Um.  ","Um/UH ./."
"108","sw03utt/sw_0395_2442.utt","2/sw2442",2442,107,"sd","B",58,1,"{C And } I was going to wait until, {F um, } about  my sixth month and then start that.  /","And/CC  [ I/PRP ] was/VBD going/VBG to/TO wait/VB until/IN ,/, um/UH ,/, about/RB  [ my/PRP$ sixth/JJ month/NN ] and/CC then/RB start/VB  [ that/DT ] ./.","(S (CC And) (NP-SBJ-1 (PRP I)) (VP (VBD was) (VP (VBG going) (S (NP-SBJ (-NONE- *-1)) (VP (TO to) (VP (VP (VB wait) (PP-TMP (IN until) (, ,) (INTJ (UH um)) (, ,) (ADVP (RB about)) (NP (PRP$ my) (JJ sixth) (NN month)))) (CONJP (CC and) (RB then)) (VP (VB start) (NP (DT that)))))))) (. .) (-DFL- E_S))","163",256.209625,266.678375," And  I was going to wait until,  um,  about  my sixth month and then start that.  ","And/CC   I/PRP  was/VBD going/VBG to/TO wait/VB until/IN ,/, um/UH ,/, about/RB   my/PRP$ sixth/JJ month/NN  and/CC then/RB start/VB   that/DT  ./."
"109","sw03utt/sw_0395_2442.utt","2/sw2442",2442,108,"sd","B",58,2,"I did that with the second baby,  /","[ I/PRP ] did/VBD that/DT with/IN  [ the/DT second/JJ baby/NN ] ,/,","(S (NP-SBJ (PRP I)) (VP (VBD did) (NP (DT that)) (PP (IN with) (NP (DT the) (JJ second) (NN baby)))) (, ,) (-DFL- E_S))","164",256.209625,266.678375,"I did that with the second baby,  "," I/PRP  did/VBD that/DT with/IN   the/DT second/JJ baby/NN  ,/,"
"110","sw03utt/sw_0395_2442.utt","2/sw2442",2442,109,"sd","B",58,3,"{C and, }  {F um, }  I went to my exercise class one day,  /","and/CC ,/, um/UH ,/,  [ I/PRP ] went/VBD to/IN  [ my/PRP$ exercise/NN class/NN one/CD day/NN ] ,/,","(S (CC and) (, ,) (INTJ (UH um)) (, ,) (NP-SBJ (PRP I)) (VP (VBD went) (PP-DIR (IN to) (NP (PRP$ my) (NN exercise) (NN class))) (NP-TMP (CD one) (NN day))) (, ,) (-DFL- E_S))","165",256.209625,266.678375," and,    um,   I went to my exercise class one day,  ","and/CC ,/, um/UH ,/,   I/PRP  went/VBD to/IN   my/PRP$ exercise/NN class/NN one/CD day/NN  ,/,"
"111","sw03utt/sw_0395_2442.utt","2/sw2442",2442,110,"sd","B",58,4,"{C and then } she was delivered the next day. /","and/CC then/RB  [ she/PRP ] was/VBD delivered/VBN  [ the/DT next/JJ day/NN ] ./.","(S (CONJP (CC and) (RB then)) (NP-SBJ-1 (PRP she)) (VP (VBD was) (VP (VBN delivered) (NP (-NONE- *-1)) (NP-TMP (DT the) (JJ next) (NN day)))) (. .) (-DFL- E_S))","166",256.209625,266.678375," and then  she was delivered the next day. ","and/CC then/RB   she/PRP  was/VBD delivered/VBN   the/DT next/JJ day/NN  ./."
"112","sw03utt/sw_0395_2442.utt","2/sw2442",2442,111,"ba","A",59,1,"Gosh. /","Gosh/UH ./.","(INTJ (UH Gosh) (. .) (-DFL- E_S))","168",266.976375,267.530875,"Gosh. ","Gosh/UH ./."
"113","sw03utt/sw_0395_2442.utt","2/sw2442",2442,112,"sv","B",60,1,"{C So, } it would seem to be real beneficial. /","So/RB ,/,  [ it/PRP ] would/MD seem/VB to/TO be/VB real/RB beneficial/JJ ./.","(S (RB So) (, ,) (NP-SBJ-1 (PRP it)) (VP (MD would) (VP (VB seem) (S (NP-SBJ (-NONE- *-1)) (VP (TO to) (VP (VB be) (ADJP-PRD (RB real) (JJ beneficial))))))) (. .) (-DFL- E_S))","170",267.703375,270.070875," So,  it would seem to be real beneficial. ","So/RB ,/,   it/PRP  would/MD seem/VB to/TO be/VB real/RB beneficial/JJ ./."
"114","sw03utt/sw_0395_2442.utt","2/sw2442",2442,113,"aa","A",61,1,"Uh-huh,  /","[ Uh-huh/UH ] ,/,","(INTJ (UH Uh-huh) (, ,) (-DFL- E_S))","172",269.672625,275.61125,"Uhhuh,  "," Uhhuh/UH  ,/,"
"115","sw03utt/sw_0395_2442.utt","2/sw2442",2442,114,"aa","A",61,2,"yeah.  /","yeah/UH ./.","(INTJ (UH yeah) (. .) (-DFL- E_S))","173",269.672625,275.61125,"yeah.  ","yeah/UH ./."
"116","sw03utt/sw_0395_2442.utt","2/sw2442",2442,115,"qy^d","A",61,3,"[ Maybe it, + maybe it ]  speeded up the process and all that. /","Maybe/RB  [ it/PRP ] ,/, maybe/RB  [ it/PRP ] speeded/VBD up/RP  [ the/DT process/NN ] and/CC  [ all/PDT that/DT ] ./.","(S (EDITED (RM (-DFL- \[)) (ADVP (RB Maybe)) (NP-SBJ (PRP it)) (, ,) (IP (-DFL- \+))) (ADVP (RB maybe)) (NP-SBJ (PRP it)) (RS (-DFL- \])) (VP (VP (VBD speeded) (PRT (RP up)) (NP (DT the) (NN process))) (CC and) (NP-ETC (PDT all) (DT that))) (. .) (-DFL- E_S))","174",269.672625,275.61125," Maybe it,  maybe it   speeded up the process and all that. ","Maybe/RB   it/PRP  ,/, maybe/RB   it/PRP  speeded/VBD up/RP   the/DT process/NN  and/CC   all/PDT that/DT  ./."
"117","sw03utt/sw_0395_2442.utt","2/sw2442",2442,116,"nd","B",62,1,"{D Well } I think it made parts of it a lot easier.  /","Well/UH  [ I/PRP ] think/VBP  [ it/PRP ] made/VBD  [ parts/NNS ] of/IN  [ it/PRP ] [ a/DT lot/NN ] easier/JJR ./.","(S (INTJ (UH Well)) (NP-SBJ (PRP I)) (VP (VBP think) (SBAR (-NONE- 0) (S (NP-SBJ (PRP it)) (VP (VBD made) (S (NP-SBJ (NP (NNS parts)) (PP (IN of) (NP (PRP it)))) (ADJP-PRD (NP-ADV (DT a) (NN lot)) (JJR easier))))))) (. .) (-DFL- E_S))","176",276.393625,280.763625," Well  I think it made parts of it a lot easier.  ","Well/UH   I/PRP  think/VBP   it/PRP  made/VBD   parts/NNS  of/IN   it/PRP   a/DT lot/NN  easier/JJR ./."
"118","sw03utt/sw_0395_2442.utt","2/sw2442",2442,117,"qy","B",62,2,"[ {C And, } + {C and } ] is this your first that you're having? /","And/CC ,/, and/CC is/VBZ  [ this/DT your/PRP$ ] first/JJ that/WDT  [ you/PRP ] 're/VBP having/VBG ?/.","(SQ (EDITED (RM (-DFL- \[)) (CC And) (, ,) (IP (-DFL- \+))) (CC and) (RS (-DFL- \])) (VBZ is) (NP-SBJ (DT this)) (NP-PRD (NP (PRP$ your) (JJ first)) (SBAR (WHNP-1 (WDT that)) (S (NP-SBJ (PRP you)) (VP (VBP 're) (VP (VBG having) (NP (-NONE- *T*-1))))))) (. ?) (-DFL- E_S))","177",276.393625,280.763625,"  And,    and   is this your first that you're having? ","And/CC ,/, and/CC is/VBZ   this/DT your/PRP$  first/JJ that/WDT   you/PRP  're/VBP having/VBG ?/."
"119","sw03utt/sw_0395_2442.utt","2/sw2442",2442,118,"ny","A",63,1,"Uh-huh. /","[ Uh-huh/UH ] ./.","(INTJ (UH Uh-huh) (. .) (-DFL- E_S))","179",280.831,281.201,"Uhhuh. "," Uhhuh/UH  ./."
"120","sw03utt/sw_0395_2442.utt","2/sw2442",2442,119,"bk","B",64,1,"{F Oh, } okay,  /","Oh/UH ,/, okay/UH ,/,","(INTJ (INTJ (UH Oh)) (, ,) (INTJ (UH okay)) (, ,) (-DFL- E_S))","181",281.296,296.563," Oh,  okay,  ","Oh/UH ,/, okay/UH ,/,"
"121","sw03utt/sw_0395_2442.utt","2/sw2442",2442,120,"qw^d","B",64,2,"{D well, } then I don't know how much  you've been through it,  /","well/UH ,/, then/RB  [ I/PRP ] do/VBP n't/RB know/VB how/WRB  [ much/JJ you/PRP ] 've/VBP been/VBN through/IN  [ it/PRP ] ,/,","(S (INTJ (UH well)) (, ,) (ADVP (RB then)) (NP-SBJ (PRP I)) (VP (VBP do) (RB n't) (VP (VB know) (SBAR (WHNP-1 (WRB how) (JJ much)) (S (NP-SBJ (PRP you)) (VP (VBP 've) (VP (VBN been) (PP-PRD (IN through) (NP (NP (-NONE- *T*-1)) (NP (PRP it)))))))))) (, ,) (-DFL- E_S))","182",281.296,296.563," well,  then I don't know how much  you've been through it,  ","well/UH ,/, then/RB   I/PRP  do/VBP n't/RB know/VB how/WRB   much/JJ you/PRP  've/VBP been/VBN through/IN   it/PRP  ,/,"
"122","sw03utt/sw_0395_2442.utt","2/sw2442",2442,121,"sv","B",64,3,"{C but } I think parts of it made a lot easier.  /","but/CC  [ I/PRP ] think/VBP  [ parts/NNS ] of/IN  [ it/PRP ] made/VBD  [ a/DT lot/NN ] easier/JJR ./.","(S (CC but) (NP-SBJ (PRP I)) (VP (VBP think) (SBAR (-NONE- 0) (S (NP-SBJ (NP (NNS parts)) (PP (IN of) (NP (PRP it)))) (VP (VBD made) (X (ADJP-PRD (NP-ADV (DT a) (NN lot)) (JJR easier))))))) (. .) (-DFL- E_S))","183",281.296,296.563," but  I think parts of it made a lot easier.  ","but/CC   I/PRP  think/VBP   parts/NNS  of/IN   it/PRP  made/VBD   a/DT lot/NN  easier/JJR ./."
"123","sw03utt/sw_0395_2442.utt","2/sw2442",2442,122,"sd","B",64,4,"{C And, }  I've talked to  a lot of ladies that exercise with one pregnancy and didn't with the other,  /","And/CC ,/,  [ I/PRP ] 've/VBP talked/VBN to/IN  [ a/DT lot/NN ] of/IN  [ ladies/NNS ] [ that/WDT ] exercise/VBP with/IN  [ one/CD pregnancy/NN ] and/CC did/VBD n't/RB with/IN  [ the/DT other/JJ ] ,/,","(S (CC And) (, ,) (NP-SBJ (PRP I)) (VP (VBP 've) (VP (VBN talked) (PP (IN to) (NP (NP (DT a) (NN lot)) (PP (IN of) (NP (NP (NNS ladies)) (SBAR (WHNP-1 (WDT that)) (S (NP-SBJ (-NONE- *T*-1)) (VP (VP (VBP exercise) (PP (IN with) (NP (CD one) (NN pregnancy)))) (CC and) (VP (VBD did) (RB n't) (PP (IN with) (NP (DT the) (JJ other))))))))))))) (, ,) (-DFL- E_S))","184",281.296,296.563," And,   I've talked to  a lot of ladies that exercise with one pregnancy and didn't with the other,  ","And/CC ,/,   I/PRP  've/VBP talked/VBN to/IN   a/DT lot/NN  of/IN   ladies/NNS   that/WDT  exercise/VBP with/IN   one/CD pregnancy/NN  and/CC did/VBD n't/RB with/IN   the/DT other/JJ  ,/,"
"124","sw03utt/sw_0395_2442.utt","2/sw2442",2442,123,"sd","B",64,5,"{C and }  they said [ that they had ex-, + that the ] one they had exercised with  was three or four times easier. /","and/CC  [ they/PRP ] said/VBD that/IN  [ they/PRP ] had/VBD  [ ex-/XX ] ,/, that/IN  [ the/DT one/CD ] [ they/PRP ] had/VBD exercised/VBN with/IN was/VBD  [ three/CD ] or/CC  [ four/CD times/NNS ] easier/JJR ./.","(S (CC and) (NP-SBJ (PRP they)) (VP (VBD said) (SBAR (EDITED (RM (-DFL- \[)) (SBAR (IN that) (S (NP-SBJ (PRP they)) (VP (VBD had) (VP-UNF (XX ex-))))) (, ,) (IP (-DFL- \+))) (IN that) (S (NP-SBJ (NP (DT the) (RS (-DFL- \])) (CD one)) (SBAR (WHNP-1 (-NONE- 0)) (S (NP-SBJ (PRP they)) (VP (VBD had) (VP (VBN exercised) (PP (IN with) (NP (-NONE- *T*-1)))))))) (VP (VBD was) (ADJP-PRD (NP-ADV (QP (CD three) (CC or) (CD four)) (NNS times)) (JJR easier)))))) (. .) (-DFL- E_S))","185",281.296,296.563," and   they said  that they had ex,  that the  one they had exercised with  was three or four times easier. ","and/CC   they/PRP  said/VBD that/IN   they/PRP  had/VBD   ex/XX  ,/, that/IN   the/DT one/CD   they/PRP  had/VBD exercised/VBN with/IN was/VBD   three/CD  or/CC   four/CD times/NNS  easier/JJR ./."
"125","sw03utt/sw_0395_2442.utt","2/sw2442",2442,124,"b","A",65,1,"Really. /","Really/UH ./.","(INTJ (UH Really) (. .) (-DFL- E_S))","187",296.675125,296.995125,"Really. ","Really/UH ./."
"126","sw03utt/sw_0395_2442.utt","2/sw2442",2442,125,"%","B",66,1,"{C And } [ we've, +  I had, ] - /","And/CC  [ we/PRP ] 've/VBP ,/,  [ I/PRP ] had/VBD ,/,","(S (CC And) (EDITED (RM (-DFL- \[)) (S (NP-SBJ (PRP we)) (VP-UNF (VBP 've))) (, ,) (IP (-DFL- \+))) (NP-SBJ (PRP I)) (VP-UNF (VBD had)) (, ,) (RS (-DFL- \])) (-DFL- N_S))","189",297.278,308.279625," And   we've,   I had,   ","And/CC   we/PRP  've/VBP ,/,   I/PRP  had/VBD ,/,"
"127","sw03utt/sw_0395_2442.utt","2/sw2442",2442,126,"sd","B",66,2,"having both of them natural,  the first one was natural and going natural the second,  /","having/VBG  [ both/DT ] of/IN  [ them/PRP ] [ natural/JJ ] ,/,  [ the/DT first/JJ one/NN ] was/VBD  [ natural/JJ ] and/CC  [ going/VBG natural/JJ ] [ the/DT second/JJ ] ,/,","(S (NP-SBJ (-NONE- *)) (VP (VBG having) (NP (NP (DT both)) (PP (IN of) (NP (PRP them)))) (ADVP (JJ natural))) (, ,))|||(S (NP-SBJ (DT the) (JJ first) (NN one)) (VP (VBD was) (ADJP-PRD (JJ natural))))|||(S (CC and) (NP-SBJ (-NONE- *)) (VP (VBG going) (ADVP-MNR (JJ natural)) (NP-ADV (DT the) (JJ second))) (, ,) (-DFL- E_S))","190|||191|||192",297.278,308.279625,"having both of them natural,  the first one was natural and going natural the second,  ","having/VBG   both/DT  of/IN   them/PRP   natural/JJ  ,/,   the/DT first/JJ one/NN  was/VBD   natural/JJ  and/CC   going/VBG natural/JJ   the/DT second/JJ  ,/,"
"128","sw03utt/sw_0395_2442.utt","2/sw2442",2442,127,"sv","B",66,3,"[ {C and, } + {C and } ] [ it's, + it's ] rough  /","and/CC ,/, and/CC  [ it/PRP ] 's/BES ,/,  [ it/PRP ] 's/BES rough/JJ","(S (EDITED (RM (-DFL- \[)) (CC and) (, ,) (IP (-DFL- \+))) (CC and) (RS (-DFL- \])) (EDITED (RM (-DFL- \[)) (S (NP-SBJ (PRP it)) (VP-UNF (BES 's))) (, ,) (IP (-DFL- \+))) (NP-SBJ (PRP it)) (VP (BES 's) (RS (-DFL- \])) (ADJP-PRD (JJ rough))) (-DFL- E_S))","193",297.278,308.279625,"  and,    and    it's,  it's  rough  ","and/CC ,/, and/CC   it/PRP  's/BES ,/,   it/PRP  's/BES rough/JJ"
"129","sw03utt/sw_0395_2442.utt","2/sw2442",2442,128,"sd","B",66,4,"{C but } <laughter> it's not as bad as I thought it would be,  /","but/CC  [ it/PRP ] 's/BES not/RB as/RB bad/JJ as/IN  [ I/PRP ] thought/VBD  [ it/PRP ] would/MD be/VB ,/,","(S (CC but) (NP-SBJ (PRP it)) (VP (BES 's) (RB not) (ADJP-PRD (ADJP (RB as) (JJ bad)) (SBAR (IN as) (S (NP-SBJ (PRP I)) (VP (VBD thought) (SBAR (-NONE- 0) (S (NP-SBJ (PRP it)) (VP (MD would) (VP (VB be) (ADJP-PRD (-NONE- *?*))))))))))) (, ,) (-DFL- E_S))","194",297.278,308.279625," but  laughter it's not as bad as I thought it would be,  ","but/CC   it/PRP  's/BES not/RB as/RB bad/JJ as/IN   I/PRP  thought/VBD   it/PRP  would/MD be/VB ,/,"
"130","sw03utt/sw_0395_2442.utt","2/sw2442",2442,129,"sv","B",66,5,"{C and } I think the  exercise helped. /","and/CC  [ I/PRP ] think/VBP  [ the/DT exercise/NN ] helped/VBD ./.","(S (CC and) (NP-SBJ (PRP I)) (VP (VBP think) (SBAR (-NONE- 0) (S (NP-SBJ (DT the) (NN exercise)) (VP (VBD helped))))) (. .) (-DFL- E_S))","195",297.278,308.279625," and  I think the  exercise helped. ","and/CC   I/PRP  think/VBP   the/DT exercise/NN  helped/VBD ./."
"131","sw03utt/sw_0395_2442.utt","2/sw2442",2442,130,"ba","A",67,1,"{D Well, } that's good. /","Well/UH ,/,  [ that/DT ] 's/BES good/JJ ./.","(S (INTJ (UH Well)) (, ,) (NP-SBJ (DT that)) (VP (BES 's) (ADJP-PRD (JJ good))) (. .) (-DFL- E_S))","197",308.92925,309.52925," Well,  that's good. ","Well/UH ,/,   that/DT  's/BES good/JJ ./."
"132","sw03utt/sw_0395_2442.utt","2/sw2442",2442,131,"qy","B",68,1,"{C So, } do you work with T I? /","So/RB ,/, do/VBP  [ you/PRP ] work/VB with/IN  [ T/NNP I/NNP ] ?/.","(SQ (RB So) (, ,) (VBP do) (NP-SBJ (PRP you)) (VP (VB work) (PP (IN with) (NP (NNP T) (NNP I)))) (. ?) (-DFL- E_S))","199",310.716625,312.04675," So,  do you work with T I? ","So/RB ,/, do/VBP   you/PRP  work/VB with/IN   T/NNP I/NNP  ?/."
"133","sw03utt/sw_0395_2442.utt","2/sw2442",2442,132,"nn","A",69,1,"No,  /","No/UH ,/,","(INTJ (UH No) (, ,) (-DFL- E_S))","201",312.670625,315.91625,"No,  ","No/UH ,/,"
"134","sw03utt/sw_0395_2442.utt","2/sw2442",2442,133,"sd^e","A",69,2,"I don't.  /","[ I/PRP ] do/VBP n't/RB ./.","(S (NP-SBJ (PRP I)) (VP-UNF (VBP do) (RB n't)) (. .) (-DFL- E_S))","202",312.670625,315.91625,"I don't.  "," I/PRP  do/VBP n't/RB ./."
"135","sw03utt/sw_0395_2442.utt","2/sw2442",2442,134,"sd","A",69,3,"[ My, + my ]  wife has been working with them. /","[ My/PRP$ ] ,/,  [ my/PRP$ wife/NN ] has/VBZ been/VBN working/VBG with/IN  [ them/PRP ] ./.","(S (EDITED (RM (-DFL- \[)) (NP-SBJ-UNF (PRP$ My)) (, ,) (IP (-DFL- \+))) (NP-SBJ (PRP$ my) (RS (-DFL- \])) (NN wife)) (VP (VBZ has) (VP (VBN been) (VP (VBG working) (PP (IN with) (NP (PRP them)))))) (. .) (-DFL- E_S))","203",312.670625,315.91625," My,  my   wife has been working with them. "," My/PRP$  ,/,   my/PRP$ wife/NN  has/VBZ been/VBN working/VBG with/IN   them/PRP  ./."
"136","sw03utt/sw_0395_2442.utt","2/sw2442",2442,135,"bk","B",70,1,"{F Oh, } okay,  /","Oh/UH ,/, okay/UH ,/,","(INTJ (INTJ (UH Oh)) (, ,) (INTJ (UH okay)) (, ,) (-DFL- E_S))","181",316.1935,318.2435," Oh,  okay,  ","Oh/UH ,/, okay/UH ,/,"
"137","sw03utt/sw_0395_2442.utt","2/sw2442",2442,136,"sd","B",70,2,"{D well } then she could go if she  were interested. /","well/UH then/RB  [ she/PRP ] could/MD go/VB if/IN  [ she/PRP ] were/VBD interested/JJ ./.","(S (INTJ (UH well)) (ADVP (RB then)) (NP-SBJ (PRP she)) (VP (MD could) (VP (VB go) (SBAR-ADV (IN if) (S (NP-SBJ (PRP she)) (VP (VBD were) (ADJP-PRD (JJ interested))))))) (. .) (-DFL- E_S))","206",316.1935,318.2435," well  then she could go if she  were interested. ","well/UH then/RB   she/PRP  could/MD go/VB if/IN   she/PRP  were/VBD interested/JJ ./."
"138","sw03utt/sw_0395_2442.utt","2/sw2442",2442,137,"b","A",71,1,"Uh-huh. /","[ Uh-huh/UH ] ./.","(INTJ (UH Uh-huh) (. .) (-DFL- E_S))","179",318.49125,318.89125,"Uhhuh. "," Uhhuh/UH  ./."
"139","sw03utt/sw_0395_2442.utt","2/sw2442",2442,138,"sd","B",72,1,"I think, that's what the class that meets on  Saturday mornings.  /","[ I/PRP ] think/VBP ,/,  [ that/DT ] 's/BES  [ what/WP ] [ the/DT class/NN ] [ that/WDT ] meets/VBZ on/IN  [ Saturday/NNP mornings/NNS ] ./.","(S (NP-SBJ (PRP I)) (VP (VBP think) (, ,) (SBAR (-NONE- 0) (S (NP-SBJ (DT that)) (VP (BES 's) (INTJ (WP what)) (NP-PRD (NP (DT the) (NN class)) (SBAR (WHNP-1 (WDT that)) (S (NP-SBJ (-NONE- *T*-1)) (VP (VBZ meets) (PP-TMP (IN on) (NP (NNP Saturday) (NNS mornings))))))))))) (. .) (-DFL- E_S))","210",319.0975,344.779875,"I think, that's what the class that meets on  Saturday mornings.  "," I/PRP  think/VBP ,/,   that/DT  's/BES   what/WP   the/DT class/NN   that/WDT  meets/VBZ on/IN   Saturday/NNP mornings/NNS  ./."
"140","sw03utt/sw_0395_2442.utt","2/sw2442",2442,139,"sd","B",72,2,"{C So } she could find out if she wanted to go.  /","So/RB  [ she/PRP ] could/MD find/VB out/RP if/IN  [ she/PRP ] wanted/VBD to/TO go/VB ./.","(S (RB So) (NP-SBJ (PRP she)) (VP (MD could) (VP (VB find) (PRT (RP out)) (SBAR (IN if) (S (NP-SBJ-1 (PRP she)) (VP (VBD wanted) (S (NP-SBJ (-NONE- *-1)) (VP (TO to) (VP (VB go))))))))) (. .) (-DFL- E_S))","211",319.0975,344.779875," So  she could find out if she wanted to go.  ","So/RB   she/PRP  could/MD find/VB out/RP if/IN   she/PRP  wanted/VBD to/TO go/VB ./."
"141","sw03utt/sw_0395_2442.utt","2/sw2442",2442,140,"sd","B",72,3,"<baby_crying>  It's kind of fun because with the first pregnancy all the other ladies except  one were on their first pregnancy,  /","[ It/PRP ] [ 's/BES kind/RB ] of/RB  [ fun/JJ ] because/IN with/IN  [ the/DT first/JJ pregnancy/NN ] [ all/PDT the/DT other/JJ ladies/NNS ] except/IN  [ one/CD ] were/VBD on/IN  [ their/PRP$ first/JJ pregnancy/NN ] ,/,","(S (NP-SBJ (PRP It)) (VP (BES 's) (ADVP (RB kind) (RB of)) (ADJP-PRD (JJ fun)) (SBAR-PRP (IN because) (S (PP (IN with) (NP (DT the) (JJ first) (NN pregnancy))) (NP-SBJ (NP (PDT all) (DT the) (JJ other) (NNS ladies)) (PP (IN except) (NP (CD one)))) (VP (VBD were) (PP-PRD (IN on) (NP (PRP$ their) (JJ first) (NN pregnancy))))))) (, ,) (-DFL- E_S))","212",319.0975,344.779875,"baby_crying  It's kind of fun because with the first pregnancy all the other ladies except  one were on their first pregnancy,  "," It/PRP   's/BES kind/RB  of/RB   fun/JJ  because/IN with/IN   the/DT first/JJ pregnancy/NN   all/PDT the/DT other/JJ ladies/NNS  except/IN   one/CD  were/VBD on/IN   their/PRP$ first/JJ pregnancy/NN  ,/,"
"142","sw03utt/sw_0395_2442.utt","2/sw2442",2442,141,"sd","B",72,4,"{C and } they would talk about exercise and just  general things relating to the birthing process.  /","and/CC  [ they/PRP ] would/MD talk/VB about/IN  [ exercise/NN ] and/CC just/RB  [ general/JJ things/NNS ] relating/VBG to/IN  [ the/DT birthing/NN process/NN ] ./.","(S (CC and) (NP-SBJ (PRP they)) (VP (MD would) (VP (VB talk) (PP (IN about) (NP (NP (NN exercise)) (CC and) (ADVP (RB just)) (NP (NP (JJ general) (NNS things)) (VP (VBG relating) (PP (IN to) (NP (DT the) (NN birthing) (NN process))))))))) (. .) (-DFL- E_S))","213",319.0975,344.779875," and  they would talk about exercise and just  general things relating to the birthing process.  ","and/CC   they/PRP  would/MD talk/VB about/IN   exercise/NN  and/CC just/RB   general/JJ things/NNS  relating/VBG to/IN   the/DT birthing/NN process/NN  ./."
"143","sw03utt/sw_0395_2442.utt","2/sw2442",2442,142,"sd","B",72,5,"{C And so } for us it was  educational <laughter> as well as exercise beneficial.  /","And/CC so/RB for/IN  [ us/PRP ] [ it/PRP ] was/VBD educational/JJ as/RB well/RB as/IN exercise/NN  [ beneficial/JJ ] ./.","(S (CONJP (CC And) (RB so)) (PP (IN for) (NP (PRP us))) (NP-SBJ (PRP it)) (VP (VBD was) (ADJP-PRD (ADJP (JJ educational)) (CONJP (RB as) (RB well) (IN as)) (ADJP (NN exercise) (JJ beneficial)))) (. .) (-DFL- E_S))","214",319.0975,344.779875," And so  for us it was  educational laughter as well as exercise beneficial.  ","And/CC so/RB for/IN   us/PRP   it/PRP  was/VBD educational/JJ as/RB well/RB as/IN exercise/NN   beneficial/JJ  ./."
"144","sw03utt/sw_0395_2442.utt","2/sw2442",2442,143,"%","B",72,6,"{C So, } -/","So/RB ,/,","(S-UNF (RB So) (, ,) (-DFL- N_S))","215",319.0975,344.779875," So,  ","So/RB ,/,"
"145","sw03utt/sw_0395_2442.utt","2/sw2442",2442,144,"sd","A",73,1,"At least its something you enjoy.  /","At/IN  [ least/JJS it/PRP 's/BES ] [ something/NN ] [ you/PRP ] enjoy/VBP ./.","(S (ADVP (IN At) (JJS least)) (NP-SBJ (PRP it)) (VP (BES 's) (NP-PRD (NP (NN something)) (SBAR (WHNP-1 (-NONE- 0)) (S (NP-SBJ (PRP you)) (VP (VBP enjoy) (NP (-NONE- *T*-1))))))) (. .) (-DFL- E_S))","217",345.277375,361.975875,"At least its something you enjoy.  ","At/IN   least/JJS it/PRP 's/BES   something/NN   you/PRP  enjoy/VBP ./."
"146","sw03utt/sw_0395_2442.utt","2/sw2442",2442,145,"sd(^q)","A",73,2,"I know a lot of people  that talk about exercise and say, {D Well, } I don't want to exercise,  it's too much work.  /","[ I/PRP ] know/VBP  [ a/DT lot/NN ] of/IN  [ people/NNS ] [ that/WDT ] talk/VBP about/IN  [ exercise/NN ] and/CC say/VBP ,/, Well/UH ,/,  [ I/PRP ] do/VBP n't/RB want/VB to/TO exercise/VB ,/,  [ it/PRP ] 's/BES  [ too/RB much/JJ work/NN ] ./.","(S (NP-SBJ (PRP I)) (VP (VBP know) (NP (NP (DT a) (NN lot)) (PP (IN of) (NP (NP (NNS people)) (SBAR (WHNP-1 (WDT that)) (S (NP-SBJ (-NONE- *T*-1)) (VP (VP (VBP talk) (PP (IN about) (NP (NN exercise)))) (CC and) (VP (VBP say) (, ,) (S-SEZ (INTJ (UH Well)) (, ,) (NP-SBJ-2 (PRP I)) (VP (VBP do) (RB n't) (VP (VB want) (S (NP-SBJ (-NONE- *-2)) (VP (TO to) (VP (VB exercise))))))))))))))) (, ,))|||(S (NP-SBJ (PRP it)) (VP (BES 's) (NP-PRD (ADJP (RB too) (JJ much)) (NN work))) (. .) (-DFL- E_S))","218|||219",345.277375,361.975875,"I know a lot of people  that talk about exercise and say,  Well,  I don't want to exercise,  it's too much work.  "," I/PRP  know/VBP   a/DT lot/NN  of/IN   people/NNS   that/WDT  talk/VBP about/IN   exercise/NN  and/CC say/VBP ,/, Well/UH ,/,   I/PRP  do/VBP n't/RB want/VB to/TO exercise/VB ,/,   it/PRP  's/BES   too/RB much/JJ work/NN  ./."
"147","sw03utt/sw_0395_2442.utt","2/sw2442",2442,146,"sv","A",73,3,"{C But } there's a lot of different things you can do that are enjoyable  that you don't have to strain yourself or sweat --","But/CC  [ there/EX ] 's/BES  [ a/DT lot/NN ] of/IN  [ different/JJ things/NNS you/PRP ] can/MD do/VB  [ that/WDT ] are/VBP enjoyable/JJ that/WDT  [ you/PRP ] do/VBP n't/RB have/VB to/TO strain/VB  [ yourself/PRP ] or/CC  [ sweat/NN ] --/:","(S (CC But) (NP-SBJ (EX there)) (VP (BES 's) (NP-PRD (NP (DT a) (NN lot)) (PP (IN of) (NP (NP (JJ different) (NNS things)) (SBAR (WHNP-2 (-NONE- 0)) (S (NP-SBJ (PRP you)) (VP (MD can) (VP (VB do) (NP (-NONE- *T*-2)))))) (SBAR (WHNP-3 (WDT that)) (S (NP-SBJ (-NONE- *T*-3)) (VP (VBP are) (ADJP-PRD (JJ enjoyable))))) (SBAR (WHADVP-4 (WDT that)) (S (NP-SBJ-1 (PRP you)) (VP (VBP do) (RB n't) (VP (VB have) (S (NP-SBJ (-NONE- *-1)) (VP (TO to) (VP (VP (VB strain) (NP (PRP yourself))) (CC or) (VP (NN sweat)) (CC or) (VP (VB be) (ADJP-PRD (RB real) (JJ sore)) (ADVP-TMP (RB afterwards)))))) (ADVP (-NONE- *T*-4)))))))))) (. .) (-DFL- E_S))","220",345.277375,361.975875," But  there's a lot of different things you can do that are enjoyable  that you don't have to strain yourself or sweat ","But/CC   there/EX  's/BES   a/DT lot/NN  of/IN   different/JJ things/NNS you/PRP  can/MD do/VB   that/WDT  are/VBP enjoyable/JJ that/WDT   you/PRP  do/VBP n't/RB have/VB to/TO strain/VB   yourself/PRP  or/CC   sweat/NN  /:"
"148","sw03utt/sw_0395_2442.utt","2/sw2442",2442,147,"aa","B",74,1,"That's right. /","[ That/DT ] 's/BES right/JJ ./.","(S (NP-SBJ (DT That)) (VP (BES 's) (ADJP-PRD (JJ right))) (. .) (-DFL- E_S))","222",359.206125,359.806125,"That's right. "," That/DT  's/BES right/JJ ./."
"149","sw03utt/sw_0395_2442.utt","2/sw2442",2442,148,"+","A",75,1,"-- or be real sore afterwards. /","--/: or/CC be/VB  [ real/RB sore/JJ ] afterwards/RB ./.","(S (CC But) (NP-SBJ (EX there)) (VP (BES 's) (NP-PRD (NP (DT a) (NN lot)) (PP (IN of) (NP (NP (JJ different) (NNS things)) (SBAR (WHNP-2 (-NONE- 0)) (S (NP-SBJ (PRP you)) (VP (MD can) (VP (VB do) (NP (-NONE- *T*-2)))))) (SBAR (WHNP-3 (WDT that)) (S (NP-SBJ (-NONE- *T*-3)) (VP (VBP are) (ADJP-PRD (JJ enjoyable))))) (SBAR (WHADVP-4 (WDT that)) (S (NP-SBJ-1 (PRP you)) (VP (VBP do) (RB n't) (VP (VB have) (S (NP-SBJ (-NONE- *-1)) (VP (TO to) (VP (VP (VB strain) (NP (PRP yourself))) (CC or) (VP (NN sweat)) (CC or) (VP (VB be) (ADJP-PRD (RB real) (JJ sore)) (ADVP-TMP (RB afterwards)))))) (ADVP (-NONE- *T*-4)))))))))) (. .) (-DFL- E_S))","220",NA,NA," or be real sore afterwards. ","/: or/CC be/VB   real/RB sore/JJ  afterwards/RB ./."
"150","sw03utt/sw_0395_2442.utt","2/sw2442",2442,149,"aa","B",76,1,"Yeah.  /","Yeah/UH ./.","(INTJ (UH Yeah) (. .) (-DFL- E_S))","225",362.2,379.27025,"Yeah.  ","Yeah/UH ./."
"151","sw03utt/sw_0395_2442.utt","2/sw2442",2442,150,"sv(^q)","B",76,2,"<laughter> {C And } sometimes if you get a  little soreness you feel like,  {D Well } I've done a good job because I [ got, +  worked ] myself to that point.  /","And/CC sometimes/RB if/IN  [ you/PRP ] get/VBP  [ a/DT little/JJ soreness/NN ] [ you/PRP ] feel/VBP like/IN ,/, Well/UH  [ I/PRP ] 've/VBP done/VBN  [ a/DT good/JJ job/NN ] because/IN  [ I/PRP ] got/VBD ,/, worked/VBD  [ myself/PRP ] to/IN  [ that/DT point/NN ] ./.","(S (CC And) (ADVP-TMP (RB sometimes)) (SBAR-ADV (IN if) (S (NP-SBJ (PRP you)) (VP (VBP get) (NP (DT a) (JJ little) (NN soreness))))) (NP-SBJ (PRP you)) (VP (VBP feel) (SBAR (IN like) (, ,) (S-SEZ (INTJ (UH Well)) (NP-SBJ (PRP I)) (VP (VBP 've) (VP (VBN done) (NP (DT a) (JJ good) (NN job)) (SBAR-PRP (IN because) (S (NP-SBJ (PRP I)) (EDITED (RM (-DFL- \[)) (VP-UNF (VBD got)) (, ,) (IP (-DFL- \+))) (VP (VBD worked) (RS (-DFL- \])) (NP (PRP myself)) (PP (IN to) (NP (DT that) (NN point))))))))))) (. .) (-DFL- E_S))","226",362.2,379.27025,"laughter  And  sometimes if you get a  little soreness you feel like,   Well  I've done a good job because I  got,   worked  myself to that point.  ","And/CC sometimes/RB if/IN   you/PRP  get/VBP   a/DT little/JJ soreness/NN   you/PRP  feel/VBP like/IN ,/, Well/UH   I/PRP  've/VBP done/VBN   a/DT good/JJ job/NN  because/IN   I/PRP  got/VBD ,/, worked/VBD   myself/PRP  to/IN   that/DT point/NN  ./."
"152","sw03utt/sw_0395_2442.utt","2/sw2442",2442,151,"sv","B",76,3,"{C But } I guess that you don't want to overdo.  /","But/CC  [ I/PRP ] guess/VB that/IN  [ you/PRP ] do/VBP n't/RB want/VB to/TO overdo/VB ./.","(S (CC But) (NP-SBJ (PRP I)) (VP (VB guess) (SBAR (IN that) (S (NP-SBJ-1 (PRP you)) (VP (VBP do) (RB n't) (VP (VB want) (S (NP-SBJ (-NONE- *-1)) (VP (TO to) (VP (VB overdo))))))))) (. .) (-DFL- E_S))","227",362.2,379.27025," But  I guess that you don't want to overdo.  ","But/CC   I/PRP  guess/VB that/IN   you/PRP  do/VBP n't/RB want/VB to/TO overdo/VB ./."
"153","sw03utt/sw_0395_2442.utt","2/sw2442",2442,152,"qy^t","B",76,4,"{C But } <baby> <<pause>>, {D well } have we reached our limit?  /","But/CC ,/, well/UH have/VBP  [ we/PRP ] reached/VBN  [ our/PRP$ limit/NN ] ?/.","(SQ (CC But) (, ,) (INTJ (UH well)) (VBP have) (NP-SBJ (PRP we)) (VP (VBN reached) (NP (PRP$ our) (NN limit))) (. ?) (-DFL- E_S))","228",362.2,379.27025," But  baby pause,  well  have we reached our limit?  ","But/CC ,/, well/UH have/VBP   we/PRP  reached/VBN   our/PRP$ limit/NN  ?/."
"154","sw03utt/sw_0395_2442.utt","2/sw2442",2442,153,"sd^t","B",76,5,"I'm not sure how long we've been talking  /","[ I/PRP ] 'm/VBP not/RB sure/JJ how/WRB long/JJ  [ we/PRP ] 've/VBP been/VBN talking/VBG","(S (NP-SBJ (PRP I)) (VP (VBP 'm) (RB not) (ADJP-PRD (JJ sure) (SBAR (WHADVP-1 (WRB how) (JJ long)) (S (NP-SBJ (PRP we)) (VP (VBP 've) (VP (VBN been) (VP (VBG talking) (ADVP-TMP (-NONE- *T*-1))))))))) (-DFL- E_S))","229",362.2,379.27025,"I'm not sure how long we've been talking  "," I/PRP  'm/VBP not/RB sure/JJ how/WRB long/JJ   we/PRP  've/VBP been/VBN talking/VBG"
"155","sw03utt/sw_0395_2442.utt","2/sw2442",2442,154,"%","B",76,6,"{C but, } -/","but/CC ,/,","(S-UNF (CC but) (, ,) (-DFL- N_S))","230",362.2,379.27025," but,  ","but/CC ,/,"
"156","sw03utt/sw_0395_2442.utt","2/sw2442",2442,155,"ny","A",77,1,"Yeah,  /","[ Yeah/UH ] ,/,","(INTJ (UH Yeah) (, ,) (-DFL- E_S))","232",379.971125,383.503125,"Yeah,  "," Yeah/UH  ,/,"
"157","sw03utt/sw_0395_2442.utt","2/sw2442",2442,156,"sd^e","A",77,2,"I think we've talked about six minutes or so. /","[ I/PRP ] think/VBP  [ we/PRP ] 've/VBP talked/VBN about/RB  [ six/CD minutes/NNS ] or/CC so/RB ./.","(S (NP-SBJ (PRP I)) (VP (VBP think) (SBAR (-NONE- 0) (S (NP-SBJ (PRP we)) (VP (VBP 've) (VP (VBN talked) (NP-TMP (QP (RB about) (CD six)) (NNS minutes) (QP (CC or) (RB so)))))))) (. .) (-DFL- E_S))","233",379.971125,383.503125,"I think we've talked about six minutes or so. "," I/PRP  think/VBP   we/PRP  've/VBP talked/VBN about/RB   six/CD minutes/NNS  or/CC so/RB ./."
"158","sw03utt/sw_0395_2442.utt","2/sw2442",2442,157,"fc","B",78,1,"Okay,  /","Okay/UH ,/,","(INTJ (UH Okay) (, ,) (-DFL- E_S))","235",383.676375,385.516375,"Okay,  ","Okay/UH ,/,"
"159","sw03utt/sw_0395_2442.utt","2/sw2442",2442,158,"fc","B",78,2,"{D well } it's been good talking to you. /","well/UH  [ it/PRP ] 's/HVS been/VBN  [ good/JJ ] talking/VBG to/IN  [ you/PRP ] ./.","(S (INTJ (UH well)) (NP-SBJ (NP (PRP it)) (S (-NONE- *EXP*-2))) (VP (HVS 's) (VP (VBN been) (ADJP-PRD (JJ good)) (S-2 (NP-SBJ-1 (-NONE- *)) (VP (VBG talking) (PP (IN to) (NP (PRP you))))))) (. .) (-DFL- E_S))","236",383.676375,385.516375," well  it's been good talking to you. ","well/UH   it/PRP  's/HVS been/VBN   good/JJ  talking/VBG to/IN   you/PRP  ./."
"160","sw03utt/sw_0395_2442.utt","2/sw2442",2442,159,"fc","A",79,1,"Been good talking to you as well. /","Been/VBN good/JJ talking/VBG to/IN  [ you/PRP ] as/RB well/RB ./.","(VP (VBN Been) (ADJP-PRD (JJ good)) (S (NP-SBJ (-NONE- *)) (VP (VBG talking) (PP (IN to) (NP (PRP you))))) (ADVP (RB as) (RB well)) (. .) (-DFL- E_S))","238",385.813,386.863,"Been good talking to you as well. ","Been/VBN good/JJ talking/VBG to/IN   you/PRP  as/RB well/RB ./."
"161","sw03utt/sw_0395_2442.utt","2/sw2442",2442,160,"fc","B",80,1,"Okay,  /","[ Okay/UH ] ,/,","(INTJ (UH Okay) (, ,) (-DFL- E_S))","235",386.8965,389.6365,"Okay,  "," Okay/UH  ,/,"
"162","sw03utt/sw_0395_2442.utt","2/sw2442",2442,161,"fc","B",80,2,"I hope your baby [ goes well -- +","[ I/PRP ] hope/VBP  [ your/PRP$ baby/NN ] goes/VBZ well/RB --/:","(S (NP-SBJ (PRP I)) (VP (VBP hope) (SBAR (-NONE- 0) (S (NP-SBJ (PRP$ your) (NN baby)) (EDITED (RM (-DFL- \[)) (VP (VBZ goes) (ADVP (RB well))) (IP (-DFL- \+))) (VP (VBZ comes) (PRT (RP out)) (ADVP (RB well)))))) (. .) (RS (-DFL- \])) (-DFL- E_S))","241",386.8965,389.6365,"I hope your baby  goes well  "," I/PRP  hope/VBP   your/PRP$ baby/NN  goes/VBZ well/RB /:"
"163","sw03utt/sw_0395_2442.utt","2/sw2442",2442,162,"fc","A",81,1,"Thanks. /","[ Thanks/UH ] ./.","(INTJ (UH Thanks) (. .) (-DFL- E_S))","243",388.772,389.172,"Thanks. "," Thanks/UH  ./."
"164","sw03utt/sw_0395_2442.utt","2/sw2442",2442,163,"+","B",82,1,"-- comes out well. ] /","--/: comes/VBZ out/RP well/RB ./.","(S (NP-SBJ (PRP I)) (VP (VBP hope) (SBAR (-NONE- 0) (S (NP-SBJ (PRP$ your) (NN baby)) (EDITED (RM (-DFL- \[)) (VP (VBZ goes) (ADVP (RB well))) (IP (-DFL- \+))) (VP (VBZ comes) (PRT (RP out)) (ADVP (RB well)))))) (. .) (RS (-DFL- \])) (-DFL- E_S))","241",NA,NA," comes out well.  ","/: comes/VBZ out/RP well/RB ./."
"165","sw03utt/sw_0395_2442.utt","2/sw2442",2442,164,"fc","A",83,1,"Yours too. /","[ Yours/PRP ] too/RB ./.","(FRAG (NP (PRP Yours)) (ADVP (RB too)) (. .) (-DFL- E_S))","246",389.7575,390.272,"Yours too. "," Yours/PRP  too/RB ./."
"166","sw03utt/sw_0395_2442.utt","2/sw2442",2442,165,"fc","B",84,1,"Bye-bye. /","[ Bye-bye/UH ] ./.","(INTJ (UH Bye-bye) (. .) (-DFL- E_S))","248",390.5465,390.927625,"Byebye. "," Byebye/UH  ./."
"167","sw03utt/sw_0395_2442.utt","2/sw2442",2442,166,"fc^m","A",85,1,"Bye-bye. /","[ Bye-bye/UH ] ./.","(INTJ (UH Bye-bye) (. .) (-DFL- E_S))","248",390.965875,391.341875,"Byebye. "," Byebye/UH  ./."
