"","swda_filename","ptb_basename","conversation_no","transcript_index","act_tag","caller","turn_index","subutterance_index","text","pos","trees","ptb_treenumbers","start_turn","end_turn","newtext","newpos"
"1","sw05utt/sw_0535_2501.utt","2/sw2501",2501,0,"o","A",1,1,"Okay,  /","Okay/UH ,/,","(INTJ (UH Okay) (, ,) (-DFL- E_S))",1,NA,NA,"Okay,  ","Okay/UH ,/,"
"2","sw05utt/sw_0535_2501.utt","2/sw2501",2501,1,"sd","A",1,2,"we're energized. /","[ we/PRP ] 're/VBP energized/JJ ./.","(S (NP-SBJ (PRP we)) (VP (VBP 're) (ADJP-PRD (JJ energized))) (. .) (-DFL- E_S))",2,NA,NA,"we're energized. "," we/PRP  're/VBP energized/JJ ./."
"3","sw05utt/sw_0535_2501.utt","2/sw2501",2501,2,"b","B",2,1,"Okay. /","Okay/UH ./.","(INTJ (UH Okay) (. .) (-DFL- E_S))",4,NA,NA,"Okay. ","Okay/UH ./."
"4","sw05utt/sw_0535_2501.utt","2/sw2501",2501,3,"sd^t","A",3,1,"{F Um, } painting,  /","Um/UH ,/, painting/VBG ,/,","(FRAG (INTJ (UH Um)) (, ,) (NP (VBG painting)) (, ,) (-DFL- E_S))",6,NA,NA," Um,  painting,  ","Um/UH ,/, painting/VBG ,/,"
"5","sw05utt/sw_0535_2501.utt","2/sw2501",2501,4,"sd","A",3,2,"interesting.   /","[ interesting/JJ ] ./.","(ADJP (JJ interesting) (. .) (-DFL- E_S))",7,NA,NA,"interesting.   "," interesting/JJ  ./."
"6","sw05utt/sw_0535_2501.utt","2/sw2501",2501,5,"sd^t","A",3,3,"{F Uh,  } the guy called me,  /","[ Uh/UH ] ,/,  [ the/DT guy/NN ] called/VBD  [ me/PRP ] ,/,","(S (INTJ (UH Uh)) (, ,) (NP-SBJ (DT the) (NN guy)) (VP (VBD called) (NP (PRP me))) (, ,) (-DFL- E_S))",8,NA,NA," Uh,   the guy called me,  "," Uh/UH  ,/,   the/DT guy/NN  called/VBD   me/PRP  ,/,"
"7","sw05utt/sw_0535_2501.utt","2/sw2501",2501,6,"sd^t","A",3,4,"when she called me, the computer called me, I thought that they were reading my mind.  /","when/WRB  [ she/PRP ] called/VBD  [ me/PRP ] ,/,  [ the/DT computer/NN ] called/VBD  [ me/PRP ] ,/,  [ I/PRP ] thought/VBD that/IN  [ they/PRP ] were/VBD reading/VBG  [ my/PRP$ mind/NN ] ./.","(S (SBAR-TMP (WHADVP-1 (WRB when)) (S (EDITED (S (NP-SBJ (PRP she)) (VP (VBD called) (NP (PRP me)))) (, ,)) (NP-SBJ (DT the) (NN computer)) (VP (VBD called) (NP (PRP me)) (ADVP-TMP (-NONE- *T*-1))))) (, ,) (NP-SBJ (PRP I)) (VP (VBD thought) (SBAR (IN that) (S (NP-SBJ (PRP they)) (VP (VBD were) (VP (VBG reading) (NP (PRP$ my) (NN mind))))))) (. .) (-DFL- E_S))",9,NA,NA,"when she called me, the computer called me, I thought that they were reading my mind.  ","when/WRB   she/PRP  called/VBD   me/PRP  ,/,   the/DT computer/NN  called/VBD   me/PRP  ,/,   I/PRP  thought/VBD that/IN   they/PRP  were/VBD reading/VBG   my/PRP$ mind/NN  ./."
"8","sw05utt/sw_0535_2501.utt","2/sw2501",2501,7,"sd","A",3,5,"I'm in the middle of, {F um, } going out for bids to have my house painted. /","[ I/PRP ] 'm/VBP in/IN  [ the/DT middle/NN ] of/IN ,/, um/UH ,/, going/VBG out/RP for/IN  [ bids/NNS ] to/TO have/VB  [ my/PRP$ house/NN ] painted/VBN ./.","(S (NP-SBJ-1 (PRP I)) (VP (VBP 'm) (PP-PRD (IN in) (NP (NP (DT the) (NN middle)) (PP (IN of) (, ,) (INTJ (UH um)) (, ,) (S-NOM (NP-SBJ (-NONE- *-1)) (VP (VBG going) (ADVP (RP out)) (PP (IN for) (NP (NP (NNS bids)) (S-PRP (NP-SBJ (-NONE- *)) (VP (TO to) (VP (VB have) (S (NP-SBJ-2 (PRP$ my) (NN house)) (VP (VBN painted) (NP (-NONE- *-2))))))))))))))) (. .) (-DFL- E_S))",10,NA,NA,"I'm in the middle of,  um,  going out for bids to have my house painted. "," I/PRP  'm/VBP in/IN   the/DT middle/NN  of/IN ,/, um/UH ,/, going/VBG out/RP for/IN   bids/NNS  to/TO have/VB   my/PRP$ house/NN  painted/VBN ./."
"9","sw05utt/sw_0535_2501.utt","2/sw2501",2501,8,"b","B",4,1,"{F Oh. } /","Oh/UH ./.","(INTJ (UH Oh) (. .) (-DFL- E_S))",12,NA,NA," Oh.  ","Oh/UH ./."
"10","sw05utt/sw_0535_2501.utt","2/sw2501",2501,9,"sd","A",5,1,"{F Uh, } painting is not hard to do, {F uh, }","[ Uh/UH ] ,/,  [ painting/NN ] is/VBZ not/RB hard/JJ to/TO do/VB ,/,  [ uh/UH ] ,/,","(S (INTJ (UH Uh)) (, ,) (NP-SBJ (NN painting)) (VP (VBZ is) (RB not) (ADJP-PRD (JJ hard) (SBAR (WHNP-1 (-NONE- 0)) (S (NP-SBJ (-NONE- *)) (VP (TO to) (VP (VB do) (NP (-NONE- *T*-1))))))) (, ,) (INTJ (UH uh)) (, ,) (ADVP (ADVP (RB as) (RB long)) (SBAR (IN as) (S (NP-SBJ (PRP it)) (VP (BES 's) (EDITED (RM (-DFL- \[)) (RB not) (PP-PRD-UNF (IN in)) (, ,) (IP (-DFL- \+))) (RB not) (PP-PRD (IN to) (RS (-DFL- \])) (NP (NP (DT the) (NN point)) (PP (IN of) (SBAR (WHADVP-4 (WRB where)) (S (NP-SBJ-2 (PRP it)) (EDITED (VP-UNF (BES 's))) (, ,) (INTJ (UH uh)) (, ,) (VP (VP (VBZ needs) (S (NP-SBJ-3 (-NONE- *-2)) (VP (TO to) (VP (VB be) (VP (VBN scraped) (NP (-NONE- *-3))))))) (CC and) (X (EDITED (RM (-DFL- \[)) (X (XX bl-)) (, ,) (IP (-DFL- \+)) (RS (-DFL- \]))) (VP (VBG peeling))) (ADVP (-NONE- *T*-4))))))))))))) (, ,) (-DFL- E_S))",14,NA,NA," Uh,  painting is not hard to do,  uh, "," Uh/UH  ,/,   painting/NN  is/VBZ not/RB hard/JJ to/TO do/VB ,/,   uh/UH  ,/,"
"11","sw05utt/sw_0535_2501.utt","2/sw2501",2501,10,"aa","B",6,1,"No. /","[ No/UH ] ./.","(INTJ (UH No) (. .) (-DFL- E_S))",16,NA,NA,"No. "," No/UH  ./."
"12","sw05utt/sw_0535_2501.utt","2/sw2501",2501,11,"+","A",7,1,"as long as it's [ not in, + not to  ] the point of where it [ 's, +  {F uh, } needs ]  to be scraped and [ bl-, + ] peeling, /","as/RB long/RB as/IN  [ it/PRP ] 's/BES not/RB in/IN ,/, not/RB to/IN  [ the/DT point/NN ] of/IN where/WRB  [ it/PRP ] 's/BES ,/,  [ uh/UH ] ,/, needs/VBZ to/TO be/VB scraped/VBN and/CC  [ bl-/XX ] ,/, peeling/VBG ,/,","(S (INTJ (UH Uh)) (, ,) (NP-SBJ (NN painting)) (VP (VBZ is) (RB not) (ADJP-PRD (JJ hard) (SBAR (WHNP-1 (-NONE- 0)) (S (NP-SBJ (-NONE- *)) (VP (TO to) (VP (VB do) (NP (-NONE- *T*-1))))))) (, ,) (INTJ (UH uh)) (, ,) (ADVP (ADVP (RB as) (RB long)) (SBAR (IN as) (S (NP-SBJ (PRP it)) (VP (BES 's) (EDITED (RM (-DFL- \[)) (RB not) (PP-PRD-UNF (IN in)) (, ,) (IP (-DFL- \+))) (RB not) (PP-PRD (IN to) (RS (-DFL- \])) (NP (NP (DT the) (NN point)) (PP (IN of) (SBAR (WHADVP-4 (WRB where)) (S (NP-SBJ-2 (PRP it)) (EDITED (VP-UNF (BES 's))) (, ,) (INTJ (UH uh)) (, ,) (VP (VP (VBZ needs) (S (NP-SBJ-3 (-NONE- *-2)) (VP (TO to) (VP (VB be) (VP (VBN scraped) (NP (-NONE- *-3))))))) (CC and) (X (EDITED (RM (-DFL- \[)) (X (XX bl-)) (, ,) (IP (-DFL- \+)) (RS (-DFL- \]))) (VP (VBG peeling))) (ADVP (-NONE- *T*-4))))))))))))) (, ,) (-DFL- E_S))",14,NA,NA,"as long as it's  not in,  not to   the point of where it  's,    uh,  needs   to be scraped and  bl,   peeling, ","as/RB long/RB as/IN   it/PRP  's/BES not/RB in/IN ,/, not/RB to/IN   the/DT point/NN  of/IN where/WRB   it/PRP  's/BES ,/,   uh/UH  ,/, needs/VBZ to/TO be/VB scraped/VBN and/CC   bl/XX  ,/, peeling/VBG ,/,"
"13","sw05utt/sw_0535_2501.utt","2/sw2501",2501,12,"b","B",8,1,"Right. /","[ Right/UH ] ./.","(INTJ (UH Right) (. .) (-DFL- E_S))",19,NA,NA,"Right. "," Right/UH  ./."
"14","sw05utt/sw_0535_2501.utt","2/sw2501",2501,13,"sd","A",9,1,"{C and } our house is not - /","and/CC  [ our/PRP$ house/NN ] is/VBZ not/RB","(S (CC and) (NP-SBJ (PRP$ our) (NN house)) (VP (VBZ is) (RB not) (PP-PRD (-NONE- *?*))) (-DFL- N_S))",21,NA,NA," and  our house is not  ","and/CC   our/PRP$ house/NN  is/VBZ not/RB"
"15","sw05utt/sw_0535_2501.utt","2/sw2501",2501,14,"sd","A",9,2,"{C but } it's starting to bleed through and burn through because the paint's real cheap  /","but/CC  [ it/PRP ] 's/BES starting/VBG to/TO bleed/VB through/RP and/CC burn/VB through/RB because/IN  [ the/DT paint/NN 's/BES real/RB cheap/JJ ]","(S (CC but) (NP-SBJ-1 (PRP it)) (VP (BES 's) (VP (VBG starting) (S (NP-SBJ (-NONE- *-1)) (VP (TO to) (VP (VP (VB bleed) (PRT (RP through))) (CC and) (VP (VB burn) (PRT (RB through)))))) (SBAR-PRP (IN because) (S (NP-SBJ (DT the) (NN paint)) (VP (BES 's) (ADJP-PRD (RB real) (JJ cheap))))))) (-DFL- E_S))",22,NA,NA," but  it's starting to bleed through and burn through because the paint's real cheap  ","but/CC   it/PRP  's/BES starting/VBG to/TO bleed/VB through/RP and/CC burn/VB through/RB because/IN   the/DT paint/NN 's/BES real/RB cheap/JJ "
"16","sw05utt/sw_0535_2501.utt","2/sw2501",2501,15,"sd","A",9,3,"{C and } it's just a hassle to go through it  /","and/CC  [ it/PRP ] 's/BES just/RB  [ a/DT hassle/NN ] to/TO go/VB through/IN  [ it/PRP ]","(S (CC and) (NP-SBJ (NP (PRP it)) (S (-NONE- *EXP*-1))) (VP (BES 's) (NP-PRD (RB just) (DT a) (NN hassle)) (S-1 (NP-SBJ (-NONE- *)) (VP (TO to) (VP (VB go) (PP (IN through) (NP (PRP it))))))) (-DFL- E_S))",23,NA,NA," and  it's just a hassle to go through it  ","and/CC   it/PRP  's/BES just/RB   a/DT hassle/NN  to/TO go/VB through/IN   it/PRP "
"17","sw05utt/sw_0535_2501.utt","2/sw2501",2501,16,"sd","A",9,4,"{C so } I'm looking for the easy way out. /","so/IN  [ I/PRP ] 'm/VBP looking/VBG for/IN  [ the/DT easy/JJ way/NN ] out/IN ./.","(S (RB so) (NP-SBJ (PRP I)) (VP (VBP 'm) (VP (VBG looking) (PP (IN for) (NP (NP (DT the) (JJ easy) (NN way)) (ADVP (IN out)))))) (. .) (-DFL- E_S))",24,NA,NA," so  I'm looking for the easy way out. ","so/IN   I/PRP  'm/VBP looking/VBG for/IN   the/DT easy/JJ way/NN  out/IN ./."
"18","sw05utt/sw_0535_2501.utt","2/sw2501",2501,17,"aa","B",10,1,"Yeah,  /","Yeah/UH ,/,","(INTJ (UH Yeah) (, ,) (-DFL- E_S))",26,NA,NA,"Yeah,  ","Yeah/UH ,/,"
"19","sw05utt/sw_0535_2501.utt","2/sw2501",2501,18,"aa","B",10,2,"{F uh, } I know.  /","[ uh/UH ] ,/,  [ I/PRP ] know/VBP ./.","(S (INTJ (UH uh)) (, ,) (NP-SBJ (PRP I)) (VP (VBP know)) (. .) (-DFL- E_S))",27,NA,NA," uh,  I know.  "," uh/UH  ,/,   I/PRP  know/VBP ./."
"20","sw05utt/sw_0535_2501.utt","2/sw2501",2501,19,"%","B",10,3,"Di-, - /","[ Di-/XX ] ,/,","(X (XX Di-) (, ,) (-DFL- N_S))",28,NA,NA,"Di,  "," Di/XX  ,/,"
"21","sw05utt/sw_0535_2501.utt","2/sw2501",2501,20,"qy","B",10,4,"is easy to find [ pa-, +  {F uh, } painters ] to do this for you? /","is/VBZ easy/JJ to/TO find/VB  [ pa-/XX ] ,/,  [ uh/UH ] ,/,  [ painters/NNS ] to/TO do/VB  [ this/DT ] for/IN  [ you/PRP ] ?/.","(SQ (VBZ is) (X (ADJP-PRD (JJ easy)) (S (NP-SBJ (-NONE- *)) (VP (TO to) (VP (VB find) (EDITED (RM (-DFL- \[)) (NP-UNF (XX pa-)) (, ,) (IP (-DFL- \+))) (INTJ (UH uh)) (, ,) (NP (NP (NNS painters)) (RS (-DFL- \])) (SBAR (WHNP-1 (-NONE- 0)) (S (NP-SBJ (-NONE- *T*-1)) (VP (TO to) (VP (VB do) (NP (DT this)) (PP (IN for) (NP (PRP you)))))))))))) (. ?) (-DFL- E_S))",29,NA,NA,"is easy to find  pa,    uh,  painters  to do this for you? ","is/VBZ easy/JJ to/TO find/VB   pa/XX  ,/,   uh/UH  ,/,   painters/NNS  to/TO do/VB   this/DT  for/IN   you/PRP  ?/."
"22","sw05utt/sw_0535_2501.utt","2/sw2501",2501,21,"no","A",11,1,"It's easier to find painters,  /","[ It/PRP ] 's/BES easier/JJR to/TO find/VB  [ painters/NNS ] ,/,","(S (NP-SBJ (NP (PRP It)) (S (-NONE- *EXP*-1))) (VP (BES 's) (ADJP-PRD (JJR easier)) (S-1 (NP-SBJ (-NONE- *)) (VP (TO to) (VP (VB find) (NP (NNS painters)))))) (, ,) (-DFL- E_S))",31,NA,NA,"It's easier to find painters,  "," It/PRP  's/BES easier/JJR to/TO find/VB   painters/NNS  ,/,"
"23","sw05utt/sw_0535_2501.utt","2/sw2501",2501,22,"sd","A",11,2,"{C but } [ you have to be, + you have to be ] aware of [ what, + {F uh, } how ] messy they can get and are they going to put on [ a good, + a good ] two coats, and are they,","but/CC  [ you/PRP ] have/VBP to/TO be/VB ,/,  [ you/PRP ] have/VBP to/TO be/VB aware/JJ of/IN  [ what/WP ] ,/,  [ uh/UH ] ,/, how/WRB  [ messy/JJ they/PRP ] can/MD get/VB and/CC are/VBP  [ they/PRP ] going/VBG to/TO put/VB on/IN  [ a/DT good/JJ ] ,/,  [ a/DT good/JJ two/CD coats/NNS ] ,/, and/CC are/VBP  [ they/PRP ] ,/,","(S (CC but) (EDITED (RM (-DFL- \[)) (S (NP-SBJ-1 (PRP you)) (VP (VBP have) (S (NP-SBJ (-NONE- *-1)) (VP (TO to) (VP-UNF (VB be)))))) (, ,) (IP (-DFL- \+))) (NP-SBJ-2 (PRP you)) (VP (VBP have) (S (NP-SBJ (-NONE- *-2)) (VP (TO to) (VP (VB be) (RS (-DFL- \])) (ADJP-PRD (JJ aware) (PP (IN of) (UCP (SBAR (EDITED (RM (-DFL- \[)) (WHNP (WP what)) (, ,) (IP (-DFL- \+))) (INTJ (UH uh)) (, ,) (WHADJP-3 (WRB how) (RS (-DFL- \])) (JJ messy)) (S (NP-SBJ (PRP they)) (VP (MD can) (VP (VB get) (ADJP-PRD (-NONE- *T*-3)))))) (CC and) (SQ (VBP are) (NP-SBJ-4 (PRP they)) (VP (VBG going) (S (NP-SBJ (-NONE- *-4)) (VP (TO to) (VP (VB put) (PRT (IN on)) (EDITED (RM (-DFL- \[)) (NP-UNF (DT a) (JJ good)) (, ,) (IP (-DFL- \+))) (NP (DT a) (JJ good) (RS (-DFL- \])) (CD two) (NNS coats))))))) (, ,) (CC and) (SQ (VBP are) (NP-SBJ-5 (PRP they)) (, ,) (VP (VBG going) (S (NP-SBJ (-NONE- *-5)) (VP (TO to) (VP (VB caulk))))))))))))) (, ,) (-DFL- E_S))",32,NA,NA," but   you have to be,  you have to be  aware of  what,   uh,  how  messy they can get and are they going to put on  a good,  a good  two coats, and are they,","but/CC   you/PRP  have/VBP to/TO be/VB ,/,   you/PRP  have/VBP to/TO be/VB aware/JJ of/IN   what/WP  ,/,   uh/UH  ,/, how/WRB   messy/JJ they/PRP  can/MD get/VB and/CC are/VBP   they/PRP  going/VBG to/TO put/VB on/IN   a/DT good/JJ  ,/,   a/DT good/JJ two/CD coats/NNS  ,/, and/CC are/VBP   they/PRP  ,/,"
"24","sw05utt/sw_0535_2501.utt","2/sw2501",2501,23,"%","B",12,1,"Ri-, - /","[ Ri-/XX ] ,/,","(INTJ-UNF (XX Ri-) (, ,) (-DFL- N_S))",34,NA,NA,"Ri,  "," Ri/XX  ,/,"
"25","sw05utt/sw_0535_2501.utt","2/sw2501",2501,24,"qr","B",12,2,"are you talking,","are/VBP  [ you/PRP ] talking/VBG ,/,","(SQ (VBP are) (NP-SBJ (PRP you)) (VP (VBG talking) (, ,) (ADVP (RB outside) (CC or) (RB inside))) (. ?) (-DFL- E_S))",35,NA,NA,"are you talking,","are/VBP   you/PRP  talking/VBG ,/,"
"26","sw05utt/sw_0535_2501.utt","2/sw2501",2501,25,"+","A",13,1,"going to caulk, /","going/VBG to/TO caulk/VB ,/,","(S (CC but) (EDITED (RM (-DFL- \[)) (S (NP-SBJ-1 (PRP you)) (VP (VBP have) (S (NP-SBJ (-NONE- *-1)) (VP (TO to) (VP-UNF (VB be)))))) (, ,) (IP (-DFL- \+))) (NP-SBJ-2 (PRP you)) (VP (VBP have) (S (NP-SBJ (-NONE- *-2)) (VP (TO to) (VP (VB be) (RS (-DFL- \])) (ADJP-PRD (JJ aware) (PP (IN of) (UCP (SBAR (EDITED (RM (-DFL- \[)) (WHNP (WP what)) (, ,) (IP (-DFL- \+))) (INTJ (UH uh)) (, ,) (WHADJP-3 (WRB how) (RS (-DFL- \])) (JJ messy)) (S (NP-SBJ (PRP they)) (VP (MD can) (VP (VB get) (ADJP-PRD (-NONE- *T*-3)))))) (CC and) (SQ (VBP are) (NP-SBJ-4 (PRP they)) (VP (VBG going) (S (NP-SBJ (-NONE- *-4)) (VP (TO to) (VP (VB put) (PRT (IN on)) (EDITED (RM (-DFL- \[)) (NP-UNF (DT a) (JJ good)) (, ,) (IP (-DFL- \+))) (NP (DT a) (JJ good) (RS (-DFL- \])) (CD two) (NNS coats))))))) (, ,) (CC and) (SQ (VBP are) (NP-SBJ-5 (PRP they)) (, ,) (VP (VBG going) (S (NP-SBJ (-NONE- *-5)) (VP (TO to) (VP (VB caulk))))))))))))) (, ,) (-DFL- E_S))",32,NA,NA,"going to caulk, ","going/VBG to/TO caulk/VB ,/,"
"27","sw05utt/sw_0535_2501.utt","2/sw2501",2501,26,"+","B",14,1,"outside or inside? /","[ outside/RB ] or/CC  [ inside/RB ] ?/.","(SQ (VBP are) (NP-SBJ (PRP you)) (VP (VBG talking) (, ,) (ADVP (RB outside) (CC or) (RB inside))) (. ?) (-DFL- E_S))",35,NA,NA,"outside or inside? "," outside/RB  or/CC   inside/RB  ?/."
"28","sw05utt/sw_0535_2501.utt","2/sw2501",2501,27,"sd","A",15,1,"Exterior. /","[ Exterior/NN ] ./.","(ADJP (NN Exterior) (. .) (-DFL- E_S))",39,NA,NA,"Exterior. "," Exterior/NN  ./."
"29","sw05utt/sw_0535_2501.utt","2/sw2501",2501,28,"b^m","B",16,1,"Exterior,  /","[ Exterior/NN ] ,/,","(ADJP (NN Exterior) (, ,) (-DFL- E_S))",41,NA,NA,"Exterior,  "," Exterior/NN  ,/,"
"30","sw05utt/sw_0535_2501.utt","2/sw2501",2501,29,"b","B",16,2,"yeah. /","yeah/UH ./.","(INTJ (UH yeah) (. .) (-DFL- E_S))",42,NA,NA,"yeah. ","yeah/UH ./."
"31","sw05utt/sw_0535_2501.utt","2/sw2501",2501,30,"b","A",17,1,"Yeah.  /","Yeah/UH ./.","(INTJ (UH Yeah) (. .) (-DFL- E_S))",44,NA,NA,"Yeah.  ","Yeah/UH ./."
"32","sw05utt/sw_0535_2501.utt","2/sw2501",2501,31,"sv","A",17,2,"{F Uh, } interior's not so bad because it's more fun,  /","[ Uh/UH ] ,/,  [ interior/NN ] 's/BES not/RB so/RB bad/JJ because/IN  [ it/PRP ] 's/BES more/RBR fun/JJ ,/,","(S (INTJ (UH Uh)) (, ,) (NP-SBJ (NN interior)) (VP (BES 's) (RB not) (ADJP-PRD (RB so) (JJ bad)) (SBAR-PRP (IN because) (S (NP-SBJ (PRP it)) (VP (BES 's) (ADJP-PRD (RBR more) (JJ fun)))))) (, ,) (-DFL- E_S))",45,NA,NA," Uh,  interior's not so bad because it's more fun,  "," Uh/UH  ,/,   interior/NN  's/BES not/RB so/RB bad/JJ because/IN   it/PRP  's/BES more/RBR fun/JJ ,/,"
"33","sw05utt/sw_0535_2501.utt","2/sw2501",2501,32,"%","A",17,3,"it's more, c-, - /","[ it/PRP ] 's/BES more/JJR ,/,  [ c-/XX ] ,/,","(S (NP-SBJ (PRP it)) (VP (BES 's) (ADJP-PRD-UNF (JJR more) (, ,) (XX c-))) (, ,) (-DFL- N_S))",46,NA,NA,"it's more, c,  "," it/PRP  's/BES more/JJR ,/,   c/XX  ,/,"
"34","sw05utt/sw_0535_2501.utt","2/sw2501",2501,33,"%","A",17,4,"{C but } yeah, /","but/CC yeah/UH ,/,","(S-UNF (CC but) (INTJ (UH yeah)) (, ,) (-DFL- E_S))",47,NA,NA," but  yeah, ","but/CC yeah/UH ,/,"
"35","sw05utt/sw_0535_2501.utt","2/sw2501",2501,34,"b","B",18,1,"Yeah. /","Yeah/UH ./.","(INTJ (UH Yeah) (. .) (-DFL- E_S))",44,NA,NA,"Yeah. ","Yeah/UH ./."
"36","sw05utt/sw_0535_2501.utt","2/sw2501",2501,35,"sd","A",19,1,"outside you have high peeks,","outside/RB  [ you/PRP ] have/VBP  [ high/JJ peeks/NNS ] ,/,","(S (ADVP-LOC (RB outside)) (NP-SBJ (PRP you)) (VP (VBP have) (NP (NP (JJ high) (TYPO (NNS peeks))) (, ,) (CC and) (NP (NP (DT those) (NN kind)) (PP (IN of) (NP (NNS things)))))) (, ,) (-DFL- E_S))",51,NA,NA,"outside you have high peeks,","outside/RB   you/PRP  have/VBP   high/JJ peeks/NNS  ,/,"
"37","sw05utt/sw_0535_2501.utt","2/sw2501",2501,36,"b","B",20,1,"Yeah. /","Yeah/UH ./.","(INTJ (UH Yeah) (. .) (-DFL- E_S))",44,NA,NA,"Yeah. ","Yeah/UH ./."
"38","sw05utt/sw_0535_2501.utt","2/sw2501",2501,37,"+","A",21,1,"and those kind of things,  /","and/CC  [ those/DT kind/NN ] of/IN  [ things/NNS ] ,/,","(S (ADVP-LOC (RB outside)) (NP-SBJ (PRP you)) (VP (VBP have) (NP (NP (JJ high) (TYPO (NNS peeks))) (, ,) (CC and) (NP (NP (DT those) (NN kind)) (PP (IN of) (NP (NNS things)))))) (, ,) (-DFL- E_S))",51,NA,NA,"and those kind of things,  ","and/CC   those/DT kind/NN  of/IN   things/NNS  ,/,"
"39","sw05utt/sw_0535_2501.utt","2/sw2501",2501,38,"sv","A",21,2,"it can be a real issue. /","[ it/PRP ] can/MD be/VB  [ a/DT real/JJ issue/NN ] ./.","(S (NP-SBJ (PRP it)) (VP (MD can) (VP (VB be) (NP-PRD (DT a) (JJ real) (NN issue)))) (. .) (-DFL- E_S))",55,NA,NA,"it can be a real issue. "," it/PRP  can/MD be/VB   a/DT real/JJ issue/NN  ./."
"40","sw05utt/sw_0535_2501.utt","2/sw2501",2501,39,"sd","B",22,1,"{D Well, } when we've painted, {F um, } - /","Well/UH ,/, when/WRB  [ we/PRP ] 've/VBP painted/VBN ,/, um/UH ,/,","(S-UNF (INTJ (UH Well)) (, ,) (SBAR-TMP (WHADVP-1 (WRB when)) (S (NP-SBJ (PRP we)) (VP (VBP 've) (VP (VBN painted) (ADVP-TMP (-NONE- *T*-1)))))) (, ,) (INTJ (UH um)) (, ,) (-DFL- N_S))",57,NA,NA," Well,  when we've painted,  um,   ","Well/UH ,/, when/WRB   we/PRP  've/VBP painted/VBN ,/, um/UH ,/,"
"41","sw05utt/sw_0535_2501.utt","2/sw2501",2501,40,"sd","B",22,2,"right now our house doesn't have to have the same kind of exterior painting there,  /","right/RB now/RB  [ our/PRP$ house/NN ] does/VBZ n't/RB have/VB to/TO have/VB  [ the/DT same/JJ kind/NN ] of/IN  [ exterior/JJ painting/NN ] there/RB ,/,","(S (ADVP-TMP (RB right) (RB now)) (NP-SBJ-1 (PRP$ our) (NN house)) (VP (VBZ does) (RB n't) (VP (VB have) (S (NP-SBJ (-NONE- *-1)) (VP (TO to) (VP (VB have) (NP (NP (DT the) (JJ same) (NN kind)) (PP (IN of) (NP (JJ exterior) (NN painting)))) (ADVP-LOC (RB there))))))) (, ,) (-DFL- E_S))",58,NA,NA,"right now our house doesn't have to have the same kind of exterior painting there,  ","right/RB now/RB   our/PRP$ house/NN  does/VBZ n't/RB have/VB to/TO have/VB   the/DT same/JJ kind/NN  of/IN   exterior/JJ painting/NN  there/RB ,/,"
"42","sw05utt/sw_0535_2501.utt","2/sw2501",2501,41,"sd","B",22,3,"it's more trim because it has some of the old asbestos shingles,","[ it/PRP ] 's/BES more/RBR trim/JJ because/RB  [ it/PRP ] has/VBZ  [ some/DT ] of/IN  [ the/DT old/JJ asbestos/NN shingles/NNS ] ,/,","(S (NP-SBJ (PRP it)) (VP (BES 's) (ADVP (RBR more)) (NP-PRD (JJ trim)) (SBAR-PRP (RB because) (S (S (NP-SBJ (PRP it)) (VP (VBZ has) (NP (NP (DT some)) (PP (IN of) (NP (DT the) (JJ old) (NN asbestos) (NNS shingles)))) (, ,) (PP-LOC (IN on) (NP (DT the) (NN back))))) (CC and) (S (NP-SBJ (EX there)) (VP (BES 's) (NP-PRD (NP (NP (DT some) (NN sort)) (PP (IN of) (NP (NN stone)))) (CC or) (NP (NN something))) (PP-LOC (IN in) (NP (DT the) (NN front)))))))) (-DFL- E_S))",59,NA,NA,"it's more trim because it has some of the old asbestos shingles,"," it/PRP  's/BES more/RBR trim/JJ because/RB   it/PRP  has/VBZ   some/DT  of/IN   the/DT old/JJ asbestos/NN shingles/NNS  ,/,"
"43","sw05utt/sw_0535_2501.utt","2/sw2501",2501,42,"b","A",23,1,"Uh-huh. /","[ Uh-huh/UH ] ./.","(INTJ (UH Uh-huh) (. .) (-DFL- E_S))",61,NA,NA,"Uhhuh. "," Uhhuh/UH  ./."
"44","sw05utt/sw_0535_2501.utt","2/sw2501",2501,43,"+","B",24,1,"on the back  and there's some sort of stone  or something in the front  /","on/IN  [ the/DT back/NN ] and/CC  [ there/EX ] 's/BES  [ some/DT sort/NN ] of/IN  [ stone/NN ] or/CC  [ something/NN ] in/IN  [ the/DT front/NN ]","(S (NP-SBJ (PRP it)) (VP (BES 's) (ADVP (RBR more)) (NP-PRD (JJ trim)) (SBAR-PRP (RB because) (S (S (NP-SBJ (PRP it)) (VP (VBZ has) (NP (NP (DT some)) (PP (IN of) (NP (DT the) (JJ old) (NN asbestos) (NNS shingles)))) (, ,) (PP-LOC (IN on) (NP (DT the) (NN back))))) (CC and) (S (NP-SBJ (EX there)) (VP (BES 's) (NP-PRD (NP (NP (DT some) (NN sort)) (PP (IN of) (NP (NN stone)))) (CC or) (NP (NN something))) (PP-LOC (IN in) (NP (DT the) (NN front)))))))) (-DFL- E_S))",59,NA,NA,"on the back  and there's some sort of stone  or something in the front  ","on/IN   the/DT back/NN  and/CC   there/EX  's/BES   some/DT sort/NN  of/IN   stone/NN  or/CC   something/NN  in/IN   the/DT front/NN "
"45","sw05utt/sw_0535_2501.utt","2/sw2501",2501,44,"sd","B",24,2,"{C so }  there isn't as much wood that has to be painted.   /","so/RB  [ there/EX ] is/VBZ n't/RB  [ as/RB much/JJ wood/NN ] [ that/WDT ] has/VBZ to/TO be/VB painted/VBN ./.","(S (RB so) (NP-SBJ (EX there)) (VP (VBZ is) (RB n't) (NP-PRD (NP (ADJP (RB as) (JJ much)) (NN wood)) (SBAR (WHNP-1 (WDT that)) (S (NP-SBJ-2 (-NONE- *T*-1)) (VP (VBZ has) (S (NP-SBJ-3 (-NONE- *-2)) (VP (TO to) (VP (VB be) (VP (VBN painted) (NP (-NONE- *-3))))))))))) (. .) (-DFL- E_S))",63,NA,NA," so   there isn't as much wood that has to be painted.   ","so/RB   there/EX  is/VBZ n't/RB   as/RB much/JJ wood/NN   that/WDT  has/VBZ to/TO be/VB painted/VBN ./."
"46","sw05utt/sw_0535_2501.utt","2/sw2501",2501,45,"%","B",24,3,"{F Um, }  {C but, }  [ i-, + it, ] - /","Um/UH ,/, but/CC ,/,  [ i-/PRP ] ,/,  [ it/PRP ] ,/,","(S-UNF (INTJ (UH Um)) (, ,) (CC but) (, ,) (EDITED (RM (-DFL- \[)) (NP-SBJ-UNF (PRP i-)) (, ,) (IP (-DFL- \+))) (NP-SBJ (PRP it)) (, ,) (RS (-DFL- \])) (-DFL- N_S))",64,NA,NA," Um,    but,    i,  it,   ","Um/UH ,/, but/CC ,/,   i/PRP  ,/,   it/PRP  ,/,"
"47","sw05utt/sw_0535_2501.utt","2/sw2501",2501,46,"sd","B",24,4,"the problem is that [ it   hits, + the sun hits ] it.  /","[ the/DT problem/NN ] is/VBZ that/IN  [ it/PRP ] hits/VBZ ,/,  [ the/DT sun/NN ] hits/VBZ  [ it/PRP ] ./.","(S (NP-SBJ (DT the) (NN problem)) (VP (VBZ is) (SBAR-PRD (IN that) (S (EDITED (RM (-DFL- \[)) (S (NP-SBJ (PRP it)) (VP-UNF (VBZ hits))) (, ,) (IP (-DFL- \+))) (NP-SBJ (DT the) (NN sun)) (VP (VBZ hits) (RS (-DFL- \])) (NP (PRP it)))))) (. .) (-DFL- E_S))",65,NA,NA,"the problem is that  it   hits,  the sun hits  it.  "," the/DT problem/NN  is/VBZ that/IN   it/PRP  hits/VBZ ,/,   the/DT sun/NN  hits/VBZ   it/PRP  ./."
"48","sw05utt/sw_0535_2501.utt","2/sw2501",2501,47,"sd","B",24,5,"{C So } preparing is a real problem, /","So/RB preparing/VBG is/VBZ  [ a/DT real/JJ problem/NN ] ,/,","(S (RB So) (S-NOM-SBJ (NP-SBJ (-NONE- *)) (VP (VBG preparing))) (VP (VBZ is) (NP-PRD (DT a) (JJ real) (NN problem))) (, ,) (-DFL- E_S))",66,NA,NA," So  preparing is a real problem, ","So/RB preparing/VBG is/VBZ   a/DT real/JJ problem/NN  ,/,"
"49","sw05utt/sw_0535_2501.utt","2/sw2501",2501,48,"b","A",25,1,"Uh-huh. /","[ Uh-huh/UH ] ./.","(INTJ (UH Uh-huh) (. .) (-DFL- E_S))",61,NA,NA,"Uhhuh. "," Uhhuh/UH  ./."
"50","sw05utt/sw_0535_2501.utt","2/sw2501",2501,49,"sd","B",26,1,"you've got to prepare it well  /","[ you/PRP ] 've/VBP got/VBD to/TO prepare/VB  [ it/PRP ] well/RB","(S (NP-SBJ-1 (PRP you)) (VP (VBP 've) (VP (VBD got) (S (NP-SBJ (-NONE- *-1)) (VP (TO to) (VP (VB prepare) (NP (PRP it)) (ADVP-MNR (RB well))))))) (-DFL- E_S))",70,NA,NA,"you've got to prepare it well  "," you/PRP  've/VBP got/VBD to/TO prepare/VB   it/PRP  well/RB"
"51","sw05utt/sw_0535_2501.utt","2/sw2501",2501,50,"sd","B",26,2,"{C or } else it will flake. /","or/CC else/RB  [ it/PRP ] will/MD flake/VB ./.","(S (CC or) (ADVP (RB else)) (NP-SBJ (PRP it)) (VP (MD will) (VP (VB flake))) (. .) (-DFL- E_S))",71,NA,NA," or  else it will flake. ","or/CC else/RB   it/PRP  will/MD flake/VB ./."
"52","sw05utt/sw_0535_2501.utt","2/sw2501",2501,51,"b","A",27,1,"Uh-huh. /","[ Uh-huh/UH ] ./.","(INTJ (UH Uh-huh) (. .) (-DFL- E_S))",61,NA,NA,"Uhhuh. "," Uhhuh/UH  ./."
"53","sw05utt/sw_0535_2501.utt","2/sw2501",2501,52,"%","B",28,1,"{F Um, } /","Um/UH ,/,","(INTJ (UH Um) (, ,) (-DFL- E_S))",75,NA,NA," Um,  ","Um/UH ,/,"
"54","sw05utt/sw_0535_2501.utt","2/sw2501",2501,53,"%","A",29,1,"Here they, - /","Here/RB  [ they/PRP ] ,/,","(S-UNF (ADVP-LOC (RB Here)) (NP-SBJ (PRP they)) (, ,) (-DFL- N_S))",77,NA,NA,"Here they,  ","Here/RB   they/PRP  ,/,"
"55","sw05utt/sw_0535_2501.utt","2/sw2501",2501,54,"sd","A",29,2,"some of the home builders are, - /","[ some/DT ] of/IN  [ the/DT home/NN builders/NNS ] are/VBP ,/,","(S (NP-SBJ (NP (DT some)) (PP (IN of) (NP (DT the) (NN home) (NNS builders)))) (VP-UNF (VBP are)) (, ,) (-DFL- N_S))",78,NA,NA,"some of the home builders are,  "," some/DT  of/IN   the/DT home/NN builders/NNS  are/VBP ,/,"
"56","sw05utt/sw_0535_2501.utt","2/sw2501",2501,55,"sd","A",29,3,"they don't put brick on the side of your house just to save money  /","[ they/PRP ] do/VBP n't/RB put/VB  [ brick/NN ] on/IN  [ the/DT side/NN ] of/IN  [ your/PRP$ house/NN ] just/RB to/TO save/VB  [ money/NN ]","(S (NP-SBJ-1 (PRP they)) (VP (VBP do) (RB n't) (VP (VB put) (NP (NN brick)) (PP-PUT (IN on) (NP (NP (DT the) (NN side)) (PP (IN of) (NP (PRP$ your) (NN house))))) (S-PRP (NP-SBJ (-NONE- *-1)) (ADVP (RB just)) (VP (TO to) (VP (VB save) (NP (NN money))))))) (-DFL- E_S))",79,NA,NA,"they don't put brick on the side of your house just to save money  "," they/PRP  do/VBP n't/RB put/VB   brick/NN  on/IN   the/DT side/NN  of/IN   your/PRP$ house/NN  just/RB to/TO save/VB   money/NN "
"57","sw05utt/sw_0535_2501.utt","2/sw2501",2501,56,"sd","A",29,4,"{C so } they put up, {F uh, } a quarter inch Masonite, basically,  /","so/IN  [ they/PRP ] put/VBD up/RP ,/,  [ uh/UH ] ,/,  [ a/DT quarter/NN inch/NN Masonite/NNP ] ,/, basically/RB ,/,","(S (RB so) (NP-SBJ (PRP they)) (VP (VBD put) (PRT (RP up)) (, ,) (INTJ (UH uh)) (, ,) (NP (DT a) (ADJP (NN quarter) (NN inch)) (NNP Masonite)) (, ,) (ADVP (RB basically))) (, ,) (-DFL- E_S))",80,NA,NA," so  they put up,  uh,  a quarter inch Masonite, basically,  ","so/IN   they/PRP  put/VBD up/RP ,/,   uh/UH  ,/,   a/DT quarter/NN inch/NN Masonite/NNP  ,/, basically/RB ,/,"
"58","sw05utt/sw_0535_2501.utt","2/sw2501",2501,57,"sd","A",29,5,"{C and } they painted it kind of like a  (( spun ))   (( of a sorts ))  /","and/CC  [ they/PRP ] painted/VBD  [ it/PRP ] [ kind/RB ] of/RB like/IN  [ a/DT ] spun/VBD of/IN  [ a/DT sorts/NNS ]","(S (CC and) (NP-SBJ (PRP they)) (VP (VBD painted) (NP (PRP it)) (ADVP (RB kind) (RB of)) (INTJ (IN like)) (X (NP (NP (DT a) (VBD spun)) (PP (IN of) (NP (DT a) (NNS sorts)))))) (-DFL- E_S))",81,NA,NA," and  they painted it kind of like a   spun     of a sorts   ","and/CC   they/PRP  painted/VBD   it/PRP   kind/RB  of/RB like/IN   a/DT  spun/VBD of/IN   a/DT sorts/NNS "
"59","sw05utt/sw_0535_2501.utt","2/sw2501",2501,58,"sd","A",29,6,"{C so } it's real cheap.  /","so/RB  [ it/PRP ] 's/BES real/RB cheap/JJ ./.","(S (RB so) (NP-SBJ (PRP it)) (VP (BES 's) (ADJP-PRD (RB real) (JJ cheap))) (. .) (-DFL- E_S))",82,NA,NA," so  it's real cheap.  ","so/RB   it/PRP  's/BES real/RB cheap/JJ ./."
"60","sw05utt/sw_0535_2501.utt","2/sw2501",2501,59,"sd","A",29,7,"{C And, } {F uh, } {F uh, } I've had thirteen hundred dollar bid   and [ I, + ]   as low as five hundred and forty dollars  /","And/CC ,/,  [ uh/UH ] ,/,  [ uh/UH ] ,/,  [ I/PRP ] 've/VBP had/VBN  [ thirteen/CD hundred/CD dollar/NN ] bid/VB and/CC  [ I/PRP ] ,/, as/RB low/JJ as/IN  [ five/CD hundred/CD ] and/CC  [ forty/CD dollars/NNS ]","(S (CC And) (, ,) (INTJ (UH uh)) (, ,) (INTJ (UH uh)) (, ,) (NP-SBJ (PRP I)) (VP (VBP 've) (VP (VBN had) (UCP (NP (ADJP (QP (CD thirteen) (CD hundred)) (NN dollar)) (VB bid)) (CC and) (EDITED (RM (-DFL- \[)) (NP-SBJ (PRP I)) (, ,) (IP (-DFL- \+)) (RS (-DFL- \]))) (ADJP (ADJP (RB as) (JJ low)) (PP (IN as) (NP (QP (CD five) (CD hundred) (CC and) (CD forty)) (NNS dollars))))))) (-DFL- E_S))",83,NA,NA," And,   uh,   uh,  I've had thirteen hundred dollar bid   and  I,     as low as five hundred and forty dollars  ","And/CC ,/,   uh/UH  ,/,   uh/UH  ,/,   I/PRP  've/VBP had/VBN   thirteen/CD hundred/CD dollar/NN  bid/VB and/CC   I/PRP  ,/, as/RB low/JJ as/IN   five/CD hundred/CD  and/CC   forty/CD dollars/NNS "
"61","sw05utt/sw_0535_2501.utt","2/sw2501",2501,60,"%","A",29,8,"{C so } it's,","so/RB  [ it/PRP ] 's/BES ,/,","(S (RB so) (NP-SBJ (PRP it)) (VP (BES 's) (, ,) (NP-PRD (NP (RB just) (DT a) (NN matter)) (PP-UNF (IN of)))) (, ,) (-DFL- N_S))",84,NA,NA," so  it's,","so/RB   it/PRP  's/BES ,/,"
"62","sw05utt/sw_0535_2501.utt","2/sw2501",2501,61,"ba","B",30,1,"Wow.","[ Wow/UH ] ./.","(S (INTJ (UH Wow)) (. .) (NP-SBJ (DT that)) (VP (BES 's) (NP-PRD (RB quite) (DT a) (NN range))) (. .) (-DFL- E_S))",86,NA,NA,"Wow."," Wow/UH  ./."
"63","sw05utt/sw_0535_2501.utt","2/sw2501",2501,62,"+","A",31,1,"just a matter of, - /","just/RB  [ a/DT matter/NN ] of/IN ,/,","(S (RB so) (NP-SBJ (PRP it)) (VP (BES 's) (, ,) (NP-PRD (NP (RB just) (DT a) (NN matter)) (PP-UNF (IN of)))) (, ,) (-DFL- N_S))",84,NA,NA,"just a matter of,  ","just/RB   a/DT matter/NN  of/IN ,/,"
"64","sw05utt/sw_0535_2501.utt","2/sw2501",2501,63,"%","A",31,2,"it's, -/","[ it/PRP ] 's/BES ,/,","(S (NP-SBJ (PRP it)) (VP-UNF (BES 's)) (, ,) (-DFL- N_S))",88,NA,NA,"it's, "," it/PRP  's/BES ,/,"
"65","sw05utt/sw_0535_2501.utt","2/sw2501",2501,64,"+","B",32,1,"that's quite a range. /","[ that/DT ] 's/BES quite/RB  [ a/DT range/NN ] ./.","(S (INTJ (UH Wow)) (. .) (NP-SBJ (DT that)) (VP (BES 's) (NP-PRD (RB quite) (DT a) (NN range))) (. .) (-DFL- E_S))",86,NA,NA,"that's quite a range. "," that/DT  's/BES quite/RB   a/DT range/NN  ./."
"66","sw05utt/sw_0535_2501.utt","2/sw2501",2501,65,"sd","A",33,1,"{F Oh, } there one guy brags about his piece of equipment he's using and the drop cloths and all that kind crap  /","Oh/UH ,/, there/RB  [ one/CD guy/NN brags/VBZ ] about/IN  [ his/PRP$ piece/NN ] of/IN  [ equipment/NN ] [ he/PRP ] 's/BES using/VBG and/CC  [ the/DT drop/NN cloths/NNS ] and/CC  [ all/PDT that/DT kind/NN ] crap/NN","(S (INTJ (UH Oh)) (, ,) (NP-SBJ (RB there)) (X (NP-PRD (NP (CD one) (NN guy)) (SBAR (WHNP-1 (-NONE- 0)) (S (NP-SBJ (-NONE- *T*-1)) (VP (VBZ brags) (PP (IN about) (NP (NP (NP (PRP$ his) (NN piece)) (PP (IN of) (NP (NN equipment))) (SBAR (WHNP-2 (-NONE- 0)) (S (NP-SBJ (PRP he)) (VP (BES 's) (VP (VBG using) (NP (-NONE- *T*-2))))))) (CC and) (NP (DT the) (NN drop) (NNS cloths)) (CC and) (NP (PDT all) (DT that) (NN kind) (NN crap))))))))) (-DFL- E_S))",91,NA,NA," Oh,  there one guy brags about his piece of equipment he's using and the drop cloths and all that kind crap  ","Oh/UH ,/, there/RB   one/CD guy/NN brags/VBZ  about/IN   his/PRP$ piece/NN  of/IN   equipment/NN   he/PRP  's/BES using/VBG and/CC   the/DT drop/NN cloths/NNS  and/CC   all/PDT that/DT kind/NN  crap/NN"
"67","sw05utt/sw_0535_2501.utt","2/sw2501",2501,66,"sd","A",33,2,"{C and } I'm so much worried about that as what,","and/CC  [ I/PRP ] 'm/VBP so/RB much/RB worried/JJ about/IN that/DT as/IN  [ what/WP ] ,/,","(S (CC and) (NP-SBJ (PRP I)) (VP (VBP 'm) (X (ADJP-PRD (ADVP (ADVP (RB so) (RB much)) (PP (-NONE- *ICH*-1))) (JJ worried) (PP (IN about) (NP (DT that)))) (PP-1 (IN as) (SBAR-NOM-UNF (WHNP (WP what)))))) (, ,))",92,NA,NA," and  I'm so much worried about that as what,","and/CC   I/PRP  'm/VBP so/RB much/RB worried/JJ about/IN that/DT as/IN   what/WP  ,/,"
"68","sw05utt/sw_0535_2501.utt","2/sw2501",2501,67,"b","B",34,1,"Yeah. /","Yeah/UH ./.","(INTJ (UH Yeah) (. .) (-DFL- E_S))",95,NA,NA,"Yeah. ","Yeah/UH ./."
"69","sw05utt/sw_0535_2501.utt","2/sw2501",2501,68,"+","A",35,1,"I don't want it all over the brick and windows  /","[ I/PRP ] do/VBP n't/RB want/VB  [ it/PRP ] [ all/RB ] over/IN  [ the/DT brick/NN ] and/CC  [ windows/NNS ]","(S (NP-SBJ (PRP I)) (VP (VBP do) (RB n't) (VP (VB want) (NP (PRP it)) (PP-LOC (RB all) (IN over) (NP (DT the) (NN brick) (CC and) (NNS windows))))) (-DFL- E_S))",93,NA,NA,"I don't want it all over the brick and windows  "," I/PRP  do/VBP n't/RB want/VB   it/PRP   all/RB  over/IN   the/DT brick/NN  and/CC   windows/NNS "
"70","sw05utt/sw_0535_2501.utt","2/sw2501",2501,69,"%","A",35,2,"{C and, } -/","and/CC ,/,","(S-UNF (CC and) (, ,) (-DFL- N_S))",97,NA,NA," and,  ","and/CC ,/,"
"71","sw05utt/sw_0535_2501.utt","2/sw2501",2501,70,"aa","B",36,1,"<Laughter> Yeah,  /","Yeah/UH ,/,","(INTJ (UH Yeah) (, ,) (-DFL- E_S))",99,NA,NA,"Laughter Yeah,  ","Yeah/UH ,/,"
"72","sw05utt/sw_0535_2501.utt","2/sw2501",2501,71,"sv","B",36,2,"which might be a bigger problem than it would be, {F uh, } -/","[ which/WDT ] might/MD be/VB  [ a/DT bigger/JJR problem/NN ] than/IN  [ it/PRP ] would/MD be/VB ,/,  [ uh/UH ] ,/,","(SBAR (WHNP-1 (WDT which)) (S (NP-SBJ (-NONE- *T*-1)) (VP (MD might) (VP (VB be) (NP-PRD (NP (DT a) (JJR bigger) (NN problem)) (SBAR (IN than) (S (NP-SBJ (PRP it)) (VP (MD would) (VP-UNF (VB be) (, ,) (INTJ (UH uh)))))))))) (, ,) (-DFL- N_S))",100,NA,NA,"which might be a bigger problem than it would be,  uh,  "," which/WDT  might/MD be/VB   a/DT bigger/JJR problem/NN  than/IN   it/PRP  would/MD be/VB ,/,   uh/UH  ,/,"
"73","sw05utt/sw_0535_2501.utt","2/sw2501",2501,72,"ba","A",37,1,"{F Oh, } sure. /","Oh/UH ,/, sure/UH ./.","(INTJ (INTJ (UH Oh)) (, ,) (INTJ (UH sure)) (. .) (-DFL- E_S))",102,NA,NA," Oh,  sure. ","Oh/UH ,/, sure/UH ./."
"74","sw05utt/sw_0535_2501.utt","2/sw2501",2501,73,"aa","B",38,1,"Yeah,  /","Yeah/UH ,/,","(INTJ (UH Yeah) (, ,) (-DFL- E_S))",99,NA,NA,"Yeah,  ","Yeah/UH ,/,"
"75","sw05utt/sw_0535_2501.utt","2/sw2501",2501,74,"aa","B",38,2,"absolutely <breathing>. /","absolutely/UH ./.","(INTJ (UH absolutely) (. .) (-DFL- E_S))",105,NA,NA,"absolutely breathing. ","absolutely/UH ./."
"76","sw05utt/sw_0535_2501.utt","2/sw2501",2501,75,"qy^d","A",39,1,"{C So }  y'all, you  haven't had [ any, + any ] jobs painted in your house [ or + ] recently ((   )) . /","So/UH y'all/PRP ,/,  [ you/PRP ] have/VBP n't/RB had/VBN  [ any/DT ] ,/,  [ any/DT jobs/NNS ] painted/VBN in/IN  [ your/PRP$ house/NN ] or/CC recently/RB MUMBLEx/XX ./.","(S (RB So) (EDITED (NP-SBJ (PRP y'all)) (, ,)) (NP-SBJ (PRP you)) (VP (VBP have) (RB n't) (VP (VBN had) (S (EDITED (RM (-DFL- \[)) (NP-SBJ-UNF (DT any)) (, ,) (IP (-DFL- \+))) (NP-SBJ-1 (DT any) (RS (-DFL- \])) (NNS jobs)) (VP (VBN painted) (NP (-NONE- *-1)))) (PP-LOC (IN in) (NP (PRP$ your) (NN house))) (EDITED (RM (-DFL- \[)) (CC or) (IP (-DFL- \+)) (RS (-DFL- \]))) (ADVP-TMP (RB recently))) (X (XX MUMBLEx))) (. .) (-DFL- E_S))",107,NA,NA," So   y'all, you  haven't had  any,  any  jobs painted in your house  or   recently     . ","So/UH y'all/PRP ,/,   you/PRP  have/VBP n't/RB had/VBN   any/DT  ,/,   any/DT jobs/NNS  painted/VBN in/IN   your/PRP$ house/NN  or/CC recently/RB MUMBLEx/XX ./."
"77","sw05utt/sw_0535_2501.utt","2/sw2501",2501,76,"nn","B",40,1,"No,  /","No/UH ,/,","(INTJ (UH No) (, ,) (-DFL- E_S))",109,NA,NA,"No,  ","No/UH ,/,"
"78","sw05utt/sw_0535_2501.utt","2/sw2501",2501,77,"sd^e","B",40,2,"we [ 've +  have, ]  {F uh, } done a little painting ourselves, {F um, }  /","[ we/PRP ] 've/VBP have/VBP ,/,  [ uh/UH ] ,/, done/VBN  [ a/DT little/JJ ] painting/VBG  [ ourselves/PRP ] ,/, um/UH ,/,","(S (NP-SBJ (PRP we)) (EDITED (VP-UNF (VBP 've))) (VP (VBP have) (, ,) (INTJ (UH uh)) (, ,) (VP (VBN done) (NP (DT a) (JJ little) (VBG painting)) (NP-ADV (PRP ourselves)) (, ,) (INTJ (UH um)))) (, ,) (-DFL- E_S))",110,NA,NA,"we  've   have,    uh,  done a little painting ourselves,  um,   "," we/PRP  've/VBP have/VBP ,/,   uh/UH  ,/, done/VBN   a/DT little/JJ  painting/VBG   ourselves/PRP  ,/, um/UH ,/,"
"79","sw05utt/sw_0535_2501.utt","2/sw2501",2501,78,"sd","B",40,3,"we painted the bedroom, {F uh, } well within the last [ t-, + ] couple of months, /","[ we/PRP ] painted/VBD  [ the/DT bedroom/NN ] ,/,  [ uh/UH ] ,/, well/UH within/IN  [ the/DT last/JJ t-/XX ] ,/,  [ couple/NN ] of/IN  [ months/NNS ] ,/,","(S (NP-SBJ (PRP we)) (VP (VBD painted) (NP (DT the) (NN bedroom)) (, ,) (INTJ (UH uh)) (, ,) (INTJ (UH well)) (PP-TMP (IN within) (NP (NP (DT the) (JJ last) (EDITED (RM (-DFL- \[)) (XX t-) (, ,) (IP (-DFL- \+)) (RS (-DFL- \]))) (NN couple)) (PP (IN of) (NP (NNS months)))))) (, ,) (-DFL- E_S))",111,NA,NA,"we painted the bedroom,  uh,  well within the last  t,   couple of months, "," we/PRP  painted/VBD   the/DT bedroom/NN  ,/,   uh/UH  ,/, well/UH within/IN   the/DT last/JJ t/XX  ,/,   couple/NN  of/IN   months/NNS  ,/,"
"80","sw05utt/sw_0535_2501.utt","2/sw2501",2501,79,"ba","A",41,1,"That's fun. /","[ That/DT ] 's/BES  [ fun/NN ] ./.","(S (NP-SBJ (DT That)) (VP (BES 's) (ADJP-PRD (NN fun))) (. .) (-DFL- E_S))",113,NA,NA,"That's fun. "," That/DT  's/BES   fun/NN  ./."
"81","sw05utt/sw_0535_2501.utt","2/sw2501",2501,80,"sd","B",42,1,"{C and } [ we have, + we have ] some more that need to be done, /","and/CC  [ we/PRP ] have/VBP ,/,  [ we/PRP ] have/VBP  [ some/DT ] [ more/JJR ] [ that/WDT ] need/VBP to/TO be/VB done/VBN ,/,","(S (CC and) (EDITED (RM (-DFL- \[)) (S (NP-SBJ (PRP we)) (VP-UNF (VBP have))) (, ,) (IP (-DFL- \+))) (NP-SBJ (PRP we)) (VP (VBP have) (RS (-DFL- \])) (NP (NP (DT some) (JJR more)) (SBAR (WHNP-1 (WDT that)) (S (NP-SBJ-2 (-NONE- *T*-1)) (VP (VBP need) (S (NP-SBJ-3 (-NONE- *-2)) (VP (TO to) (VP (VB be) (VP (VBN done) (NP (-NONE- *-3))))))))))) (, ,) (-DFL- E_S))",115,NA,NA," and   we have,  we have  some more that need to be done, ","and/CC   we/PRP  have/VBP ,/,   we/PRP  have/VBP   some/DT   more/JJR   that/WDT  need/VBP to/TO be/VB done/VBN ,/,"
"82","sw05utt/sw_0535_2501.utt","2/sw2501",2501,81,"b","A",43,1,"Uh-huh. /","[ Uh-huh/UH ] ./.","(INTJ (UH Uh-huh) (. .) (-DFL- E_S))",117,NA,NA,"Uhhuh. "," Uhhuh/UH  ./."
"83","sw05utt/sw_0535_2501.utt","2/sw2501",2501,82,"sd","B",44,1,"{C but } [ the, + the ] problem that [ we've, + we've ] owned this house almost five years now,  /","but/CC  [ the/DT ] ,/,  [ the/DT problem/NN ] that/IN  [ we/PRP ] 've/VBP ,/,  [ we/PRP ] 've/VBP owned/VBN  [ this/DT house/NN ] almost/RB  [ five/CD years/NNS ] now/RB ,/,","(S (CC but) (EDITED (RM (-DFL- \[)) (NP-SBJ-UNF (DT the)) (, ,) (IP (-DFL- \+))) (NP-SBJ (DT the) (RS (-DFL- \])) (NN problem)) (X (SBAR-PRD (IN that) (S (EDITED (RM (-DFL- \[)) (S (NP-SBJ (PRP we)) (VP-UNF (VBP 've))) (, ,) (IP (-DFL- \+))) (NP-SBJ (PRP we)) (VP (VBP 've) (RS (-DFL- \])) (VP (VBN owned) (NP (DT this) (NN house)) (NP-TMP (QP (RB almost) (CD five)) (NNS years)) (ADVP-TMP (RB now))))))) (, ,) (-DFL- E_S))",119,NA,NA," but   the,  the  problem that  we've,  we've  owned this house almost five years now,  ","but/CC   the/DT  ,/,   the/DT problem/NN  that/IN   we/PRP  've/VBP ,/,   we/PRP  've/VBP owned/VBN   this/DT house/NN  almost/RB   five/CD years/NNS  now/RB ,/,"
"84","sw05utt/sw_0535_2501.utt","2/sw2501",2501,83,"sd","B",44,2,"{C and, } {F um, } when we bought it [ the, + ] {F um, } it had been vacant for a while because the family will retired,  ((   ))  /","and/CC ,/, um/UH ,/, when/WRB  [ we/PRP ] bought/VBD  [ it/PRP ] [ the/DT ] ,/, um/UH ,/,  [ it/PRP ] had/VBD been/VBN vacant/JJ for/IN  [ a/DT while/NN ] because/IN  [ the/DT family/NN ] will/MD retired/VBN ,/,  [ MUMBLEx/XX ]","(S (CC and) (, ,) (INTJ (UH um)) (, ,) (SBAR-TMP (WHADVP-1 (WRB when)) (S (NP-SBJ (PRP we)) (VP (VBD bought) (NP (PRP it)) (ADVP-TMP (-NONE- *T*-1))))) (EDITED (RM (-DFL- \[)) (NP-SBJ-UNF (DT the)) (, ,) (IP (-DFL- \+)) (RS (-DFL- \]))) (INTJ (UH um)) (, ,) (NP-SBJ (PRP it)) (VP (VBD had) (VP (VBN been) (ADJP-PRD (JJ vacant)) (PP-TMP (IN for) (NP (DT a) (NN while))) (SBAR-PRP (IN because) (S (NP-SBJ (DT the) (NN family)) (X (MD will)) (VP (VBN retired)))) (, ,) (X (XX MUMBLEx)))) (-DFL- E_S))",120,NA,NA," and,   um,  when we bought it  the,    um,  it had been vacant for a while because the family will retired,       ","and/CC ,/, um/UH ,/, when/WRB   we/PRP  bought/VBD   it/PRP   the/DT  ,/, um/UH ,/,   it/PRP  had/VBD been/VBN vacant/JJ for/IN   a/DT while/NN  because/IN   the/DT family/NN  will/MD retired/VBN ,/,   MUMBLEx/XX "
"85","sw05utt/sw_0535_2501.utt","2/sw2501",2501,84,"sd","B",44,3,"{C but } the daughter was a real estate agent  /","but/CC  [ the/DT daughter/NN ] was/VBD  [ a/DT real/JJ estate/NN agent/NN ]","(S (CC but) (NP-SBJ (DT the) (NN daughter)) (VP (VBD was) (NP-PRD (DT a) (JJ real) (NN estate) (NN agent))) (-DFL- E_S))",121,NA,NA," but  the daughter was a real estate agent  ","but/CC   the/DT daughter/NN  was/VBD   a/DT real/JJ estate/NN agent/NN "
"86","sw05utt/sw_0535_2501.utt","2/sw2501",2501,85,"sd","B",44,4,"{C and } she was selling it  /","and/CC  [ she/PRP ] was/VBD selling/VBG  [ it/PRP ]","(S (CC and) (NP-SBJ (PRP she)) (VP (VBD was) (VP (VBG selling) (NP (PRP it)))) (-DFL- E_S))",122,NA,NA," and  she was selling it  ","and/CC   she/PRP  was/VBD selling/VBG   it/PRP "
"87","sw05utt/sw_0535_2501.utt","2/sw2501",2501,86,"sd","B",44,5,"{C and } it's been lived in briefly by her before she bought her town house.  /","and/CC  [ it/PRP ] 's/HVS been/VBN lived/VBN in/IN  [ briefly/RB ] by/IN  [ her/PRP ] before/IN  [ she/PRP ] bought/VBD  [ her/PRP$ town/NN house/NN ] ./.","(S (CC and) (NP-SBJ-1 (PRP it)) (VP (HVS 's) (VP (VBN been) (VP (VBN lived) (PP-LOC (IN in) (NP (-NONE- *-1))) (ADVP (RB briefly)) (PP (IN by) (NP-LGS (PRP her))) (SBAR-TMP (IN before) (S (NP-SBJ (PRP she)) (VP (VBD bought) (NP (PRP$ her) (NN town) (NN house)))))))) (. .) (-DFL- E_S))",123,NA,NA," and  it's been lived in briefly by her before she bought her town house.  ","and/CC   it/PRP  's/HVS been/VBN lived/VBN in/IN   briefly/RB  by/IN   her/PRP  before/IN   she/PRP  bought/VBD   her/PRP$ town/NN house/NN  ./."
"88","sw05utt/sw_0535_2501.utt","2/sw2501",2501,87,"sd","B",44,6,"{C So } she told us that the house had been, {F uh, } professionally painted recently.  /","So/RB  [ she/PRP ] told/VBD  [ us/PRP ] that/IN  [ the/DT house/NN ] had/VBD been/VBN ,/,  [ uh/UH ] ,/, professionally/RB painted/VBN recently/RB ./.","(S (RB So) (NP-SBJ (PRP she)) (VP (VBD told) (NP (PRP us)) (SBAR (IN that) (S (NP-SBJ-1 (DT the) (NN house)) (VP (VBD had) (VP (VBN been) (, ,) (INTJ (UH uh)) (, ,) (VP (ADVP-MNR (RB professionally)) (VBN painted) (NP (-NONE- *-1)) (ADVP-TMP (RB recently)))))))) (. .) (-DFL- E_S))",124,NA,NA," So  she told us that the house had been,  uh,  professionally painted recently.  ","So/RB   she/PRP  told/VBD   us/PRP  that/IN   the/DT house/NN  had/VBD been/VBN ,/,   uh/UH  ,/, professionally/RB painted/VBN recently/RB ./."
"89","sw05utt/sw_0535_2501.utt","2/sw2501",2501,88,"sd","B",44,7,"{C And } it looked pretty good, {D you know, }   [ the, + {F uh, } the  ] interior walls all basically white,  /","And/CC  [ it/PRP ] looked/VBD pretty/RB good/JJ ,/,  [ you/PRP ] know/VBP ,/,  [ the/DT ] ,/,  [ uh/UH ] ,/,  [ the/DT interior/JJ walls/NNS ] all/RB basically/RB  [ white/JJ ] ,/,","(S (CC And) (NP-SBJ (PRP it)) (VP (VBD looked) (ADJP-PRD (RB pretty) (JJ good)) (PRN (, ,) (S (NP-SBJ (PRP you)) (VP (VBP know))) (, ,)) (S-ADV (EDITED (RM (-DFL- \[)) (NP-SBJ-UNF (DT the)) (, ,) (IP (-DFL- \+))) (INTJ (UH uh)) (, ,) (NP-SBJ (DT the) (RS (-DFL- \])) (JJ interior) (NNS walls)) (RB all) (ADJP-PRD (RB basically) (JJ white)))) (, ,) (-DFL- E_S))",125,NA,NA," And  it looked pretty good,  you know,     the,   uh,  the   interior walls all basically white,  ","And/CC   it/PRP  looked/VBD pretty/RB good/JJ ,/,   you/PRP  know/VBP ,/,   the/DT  ,/,   uh/UH  ,/,   the/DT interior/JJ walls/NNS  all/RB basically/RB   white/JJ  ,/,"
"90","sw05utt/sw_0535_2501.utt","2/sw2501",2501,89,"sd","B",44,8,"{C but } they obviously had been done without to   much, {F uh, } wear afterward.  /","but/CC  [ they/PRP ] obviously/RB had/VBD been/VBN done/VBN without/IN to/^RB  [ much/JJ ] ,/,  [ uh/UH ] ,/, wear/NN afterward/RB ./.","(S (CC but) (NP-SBJ-1 (PRP they)) (ADVP (RB obviously)) (VP (VBD had) (VP (VBN been) (VP (VBN done) (NP (-NONE- *-1)) (PP (IN without) (NP (NP (ADJP (TYPO (^RB to)) (JJ much)) (, ,) (INTJ (UH uh)) (, ,) (NN wear)) (ADVP-TMP (RB afterward))))))) (. .) (-DFL- E_S))",126,NA,NA," but  they obviously had been done without to   much,  uh,  wear afterward.  ","but/CC   they/PRP  obviously/RB had/VBD been/VBN done/VBN without/IN to/^RB   much/JJ  ,/,   uh/UH  ,/, wear/NN afterward/RB ./."
"91","sw05utt/sw_0535_2501.utt","2/sw2501",2501,90,"sd","B",44,9,"The only problem was when we started having the movers move the furniture in we identified various rooms by pieces of masking tape on [ the wood-, + {F uh, } the  ] door frames, /","[ The/DT only/JJ problem/NN ] was/VBD when/WRB  [ we/PRP ] started/VBD having/VBG  [ the/DT movers/NNS ] move/VB  [ the/DT furniture/NN ] in/RB  [ we/PRP ] identified/VBN  [ various/JJ rooms/NNS ] by/IN  [ pieces/NNS ] of/IN  [ masking/NN tape/NN ] on/IN  [ the/DT wood-/NN ] ,/,  [ uh/UH ] ,/,  [ the/DT door/NN frames/NNS ] ,/,","(S (NP-SBJ (DT The) (JJ only) (NN problem)) (VP (VBD was) (SBAR-PRD (-NONE- 0) (S (SBAR-TMP (WHADVP-2 (WRB when)) (S (NP-SBJ-1 (PRP we)) (VP (VBD started) (S (NP-SBJ (-NONE- *-1)) (VP (VBG having) (S (NP-SBJ (DT the) (NNS movers)) (VP (VB move) (NP (DT the) (NN furniture)) (PRT (RB in)))))) (ADVP-TMP (-NONE- *T*-2))))) (NP-SBJ (PRP we)) (VP (VBN identified) (NP (JJ various) (NNS rooms)) (PP (IN by) (NP (NP (NNS pieces)) (PP (IN of) (NP (NN masking) (NN tape))) (PP-LOC (IN on) (EDITED (RM (-DFL- \[)) (NP-UNF (DT the) (NN wood-)) (, ,) (IP (-DFL- \+))) (INTJ (UH uh)) (, ,) (NP (DT the) (RS (-DFL- \])) (NN door) (NNS frames))))))))) (, ,) (-DFL- E_S))",127,NA,NA,"The only problem was when we started having the movers move the furniture in we identified various rooms by pieces of masking tape on  the wood,   uh,  the   door frames, "," The/DT only/JJ problem/NN  was/VBD when/WRB   we/PRP  started/VBD having/VBG   the/DT movers/NNS  move/VB   the/DT furniture/NN  in/RB   we/PRP  identified/VBN   various/JJ rooms/NNS  by/IN   pieces/NNS  of/IN   masking/NN tape/NN  on/IN   the/DT wood/NN  ,/,   uh/UH  ,/,   the/DT door/NN frames/NNS  ,/,"
"92","sw05utt/sw_0535_2501.utt","2/sw2501",2501,91,"b","A",45,1,"Uh-huh. /","[ Uh-huh/UH ] ./.","(INTJ (UH Uh-huh) (. .) (-DFL- E_S))",117,NA,NA,"Uhhuh. "," Uhhuh/UH  ./."
"93","sw05utt/sw_0535_2501.utt","2/sw2501",2501,92,"sd","B",46,1,"when we took the masking tape off half the painted came with it. /","when/WRB  [ we/PRP ] took/VBD  [ the/DT masking/NN tape/NN ] off/IN  [ half/DT the/DT painted/VBN ] came/VBD with/IN  [ it/PRP ] ./.","(S (SBAR-TMP (WHADVP-1 (WRB when)) (S (NP-SBJ (PRP we)) (VP (VBD took) (NP (DT the) (NN masking) (NN tape)) (PRT (IN off)) (ADVP-TMP (-NONE- *T*-1))))) (NP-SBJ (DT half) (DT the) (TYPO (VBN painted))) (VP (VBD came) (PP (IN with) (NP (PRP it)))) (. .) (-DFL- E_S))",131,NA,NA,"when we took the masking tape off half the painted came with it. ","when/WRB   we/PRP  took/VBD   the/DT masking/NN tape/NN  off/IN   half/DT the/DT painted/VBN  came/VBD with/IN   it/PRP  ./."
"94","sw05utt/sw_0535_2501.utt","2/sw2501",2501,93,"ba","A",47,1,"{F Uh, } that's not very, -/","[ Uh/UH ] ,/,  [ that/WDT ] 's/BES not/RB very/RB ,/,","(S (INTJ (UH Uh)) (, ,) (NP-SBJ (WDT that)) (VP (BES 's) (RB not) (ADJP-PRD-UNF (RB very))) (, ,) (-DFL- N_S))",133,NA,NA," Uh,  that's not very, "," Uh/UH  ,/,   that/WDT  's/BES not/RB very/RB ,/,"
"95","sw05utt/sw_0535_2501.utt","2/sw2501",2501,94,"sd","B",48,1,"Big long strips.  /","[ Big/JJ long/JJ strips/NNS ] ./.","(NP (JJ Big) (JJ long) (NNS strips) (. .) (-DFL- E_S))",135,NA,NA,"Big long strips.  "," Big/JJ long/JJ strips/NNS  ./."
"96","sw05utt/sw_0535_2501.utt","2/sw2501",2501,95,"sd","B",48,2,"{C So } what had happened is that professional painters had not prepared the surface properly.  /","So/RB  [ what/WP ] had/VBD happened/VBN is/VBZ that/IN  [ professional/JJ painters/NNS ] had/VBD not/RB prepared/VBN  [ the/DT surface/NN ] properly/RB ./.","(S (RB So) (SBAR-NOM-SBJ (WHNP-1 (WP what)) (S (NP-SBJ (-NONE- *T*-1)) (VP (VBD had) (VP (VBN happened))))) (VP (VBZ is) (SBAR-PRD (IN that) (S (NP-SBJ (JJ professional) (NNS painters)) (VP (VBD had) (RB not) (VP (VBN prepared) (NP (DT the) (NN surface)) (ADVP-MNR (RB properly))))))) (. .) (-DFL- E_S))",136,NA,NA," So  what had happened is that professional painters had not prepared the surface properly.  ","So/RB   what/WP  had/VBD happened/VBN is/VBZ that/IN   professional/JJ painters/NNS  had/VBD not/RB prepared/VBN   the/DT surface/NN  properly/RB ./."
"97","sw05utt/sw_0535_2501.utt","2/sw2501",2501,96,"sd","B",48,3,"{C And } some of   still has to be redone. /","And/CC  [ some/DT ] of/IN still/RB has/VBZ to/TO be/VB  [ redone/VBN ] ./.","(S (CC And) (NP-SBJ-1 (NP (DT some)) (X (PP-UNF (IN of)))) (ADVP-TMP (RB still)) (VP (VBZ has) (S (NP-SBJ-2 (-NONE- *-1)) (VP (TO to) (VP (VB be) (VP (VBN redone) (NP (-NONE- *-2))))))) (. .) (-DFL- E_S))",137,NA,NA," And  some of   still has to be redone. ","And/CC   some/DT  of/IN still/RB has/VBZ to/TO be/VB   redone/VBN  ./."
"98","sw05utt/sw_0535_2501.utt","2/sw2501",2501,97,"bf","A",49,1,"{F Oh, } they just painted over varnished wood. /","Oh/UH ,/,  [ they/PRP ] just/RB painted/VBD over/IN  [ varnished/VBN wood/NN ] ./.","(S (INTJ (UH Oh)) (, ,) (NP-SBJ (PRP they)) (ADVP (RB just)) (VP (VBD painted) (PP (IN over) (NP (VBN varnished) (NN wood)))) (. .) (-DFL- E_S))",139,NA,NA," Oh,  they just painted over varnished wood. ","Oh/UH ,/,   they/PRP  just/RB painted/VBD over/IN   varnished/VBN wood/NN  ./."
"99","sw05utt/sw_0535_2501.utt","2/sw2501",2501,98,"aa","B",50,1,"Yeah, /","Yeah/UH ,/,","(INTJ (UH Yeah) (, ,) (-DFL- E_S))",104,NA,NA,"Yeah, ","Yeah/UH ,/,"
"100","sw05utt/sw_0535_2501.utt","2/sw2501",2501,99,"ba","A",51,1,"{F Oh, } my, /","Oh/UH ,/,  [ my/PRP$ ] ,/,","(INTJ (INTJ (UH Oh)) (, ,) (INTJ (PRP$ my)) (, ,) (-DFL- E_S))",143,NA,NA," Oh,  my, ","Oh/UH ,/,   my/PRP$  ,/,"
"101","sw05utt/sw_0535_2501.utt","2/sw2501",2501,100,"ar","B",52,1,"{D well, } no  /","well/UH ,/, no/UH","(INTJ (INTJ (UH well)) (, ,) (INTJ (UH no)) (-DFL- E_S))",145,NA,NA," well,  no  ","well/UH ,/, no/UH"
"102","sw05utt/sw_0535_2501.utt","2/sw2501",2501,101,"sd","B",52,2,"actually [ [ it had been, + {F uh, } it would have been, ] + it had been  ] a repaint job. /","actually/RB  [ it/PRP ] had/VBD been/VBN ,/,  [ uh/UH ] ,/,  [ it/PRP ] would/MD have/VB been/VBN ,/,  [ it/PRP ] had/VBD been/VBN  [ a/DT repaint/NN job/NN ] ./.","(S (ADVP (RB actually)) (EDITED (RM (-DFL- \[)) (EDITED (RM (-DFL- \[)) (S (NP-SBJ (PRP it)) (VP (VBD had) (VP-UNF (VBN been)))) (, ,) (IP (-DFL- \+))) (INTJ (UH uh)) (, ,) (S (NP-SBJ (PRP it)) (VP (MD would) (VP (VB have) (VP-UNF (VBN been))))) (, ,) (RS (-DFL- \])) (IP (-DFL- \+))) (NP-SBJ (PRP it)) (VP (VBD had) (VP (VBN been) (RS (-DFL- \])) (NP-PRD (DT a) (NN repaint) (NN job)))) (. .) (-DFL- E_S))",146,NA,NA,"actually   it had been,   uh,  it would have been,   it had been   a repaint job. ","actually/RB   it/PRP  had/VBD been/VBN ,/,   uh/UH  ,/,   it/PRP  would/MD have/VB been/VBN ,/,   it/PRP  had/VBD been/VBN   a/DT repaint/NN job/NN  ./."
"103","sw05utt/sw_0535_2501.utt","2/sw2501",2501,102,"b","A",53,1,"{F Um. } /","Um/UH ./.","(INTJ (UH Um) (. .) (-DFL- E_S))",148,NA,NA," Um.  ","Um/UH ./."
"104","sw05utt/sw_0535_2501.utt","2/sw2501",2501,103,"sd","B",54,1,"{C But } they had not, - /","But/CC  [ they/PRP ] had/VBD not/RB ,/,","(S (CC But) (NP-SBJ (PRP they)) (VP-UNF (VBD had) (RB not)) (, ,) (-DFL- N_S))",150,NA,NA," But  they had not,  ","But/CC   they/PRP  had/VBD not/RB ,/,"
"105","sw05utt/sw_0535_2501.utt","2/sw2501",2501,104,"sd","B",54,2,"either they had painted with the wrong kind of paint over top  /","either/CC  [ they/PRP ] had/VBD painted/VBN with/IN  [ the/DT wrong/JJ kind/NN ] of/IN  [ paint/NN ] over/IN  [ top/NN ]","(S (CC either) (NP-SBJ (PRP they)) (VP (VBD had) (VP (VBN painted) (PP (IN with) (NP (NP (DT the) (JJ wrong) (NN kind)) (PP (IN of) (NP (NN paint))))) (PP (IN over) (NP (NN top))))) (-DFL- E_S))",151,NA,NA,"either they had painted with the wrong kind of paint over top  ","either/CC   they/PRP  had/VBD painted/VBN with/IN   the/DT wrong/JJ kind/NN  of/IN   paint/NN  over/IN   top/NN "
"106","sw05utt/sw_0535_2501.utt","2/sw2501",2501,105,"sd","B",54,3,"{C or } they hadn't really roughed it up or whatever [ they, + ]  /","or/CC  [ they/PRP ] had/VBD n't/RB really/RB roughed/VBN  [ it/PRP ] up/RP or/CC  [ whatever/WDT ] [ they/PRP ] ,/,","(S (CC or) (NP-SBJ (PRP they)) (VP (VBD had) (RB n't) (ADVP (RB really)) (VP (VP (VBN roughed) (NP (PRP it)) (PRT (RP up))) (CC or) (SBAR-NOM-ETC (WHNP (WDT whatever)) (S-UNF (RM (-DFL- \[)) (NP-SBJ (PRP they)))))) (, ,) (IP (-DFL- \+)) (RS (-DFL- \])) (-DFL- E_S))",152,NA,NA," or  they hadn't really roughed it up or whatever  they,    ","or/CC   they/PRP  had/VBD n't/RB really/RB roughed/VBN   it/PRP  up/RP or/CC   whatever/WDT   they/PRP  ,/,"
"107","sw05utt/sw_0535_2501.utt","2/sw2501",2501,106,"sd","B",54,4,"{C because } it was woodwork  /","because/IN  [ it/PRP ] was/VBD  [ woodwork/NN ]","(SBAR-PRP (IN because) (S (NP-SBJ (PRP it)) (VP (VBD was) (NP-PRD (NN woodwork)))) (-DFL- E_S))",153,NA,NA," because  it was woodwork  ","because/IN   it/PRP  was/VBD   woodwork/NN "
"108","sw05utt/sw_0535_2501.utt","2/sw2501",2501,107,"sd","B",54,5,"{C so } it looked as if it had been painted,","so/RB  [ it/PRP ] looked/VBD as/IN if/IN  [ it/PRP ] had/VBD been/VBN painted/VBN ,/,","(S (RB so) (NP-SBJ (PRP it)) (VP (VBD looked) (SBAR (IN as) (IN if) (S (NP-SBJ-1 (PRP it)) (VP (VBD had) (VP (VBN been) (VP (VBN painted) (NP (-NONE- *-1)) (, ,) (ADVP-MNR (RB correctly)) (PP (IN with) (PRN (, ,) (S (NP-SBJ (PRP you)) (VP (VBP know))) (, ,)) (INTJ (UH uh)) (, ,) (NP (NP (DT an) (NN enamel)) (CC or) (NP (NN something)))))))))) (, ,) (-DFL- E_S))",154,NA,NA," so  it looked as if it had been painted,","so/RB   it/PRP  looked/VBD as/IN if/IN   it/PRP  had/VBD been/VBN painted/VBN ,/,"
"109","sw05utt/sw_0535_2501.utt","2/sw2501",2501,108,"b","A",55,1,"Uh-huh. /","[ Uh-huh/UH ] ./.","(INTJ (UH Uh-huh) (. .) (-DFL- E_S))",117,NA,NA,"Uhhuh. "," Uhhuh/UH  ./."
"110","sw05utt/sw_0535_2501.utt","2/sw2501",2501,109,"+","B",56,1,"correctly with, {D you know, } {F uh, } an enamel or something,  /","correctly/RB with/IN ,/,  [ you/PRP ] know/VBP ,/,  [ uh/UH ] ,/,  [ an/DT enamel/NN ] or/CC  [ something/NN ] ,/,","(S (RB so) (NP-SBJ (PRP it)) (VP (VBD looked) (SBAR (IN as) (IN if) (S (NP-SBJ-1 (PRP it)) (VP (VBD had) (VP (VBN been) (VP (VBN painted) (NP (-NONE- *-1)) (, ,) (ADVP-MNR (RB correctly)) (PP (IN with) (PRN (, ,) (S (NP-SBJ (PRP you)) (VP (VBP know))) (, ,)) (INTJ (UH uh)) (, ,) (NP (NP (DT an) (NN enamel)) (CC or) (NP (NN something)))))))))) (, ,) (-DFL- E_S))",154,NA,NA,"correctly with,  you know,   uh,  an enamel or something,  ","correctly/RB with/IN ,/,   you/PRP  know/VBP ,/,   uh/UH  ,/,   an/DT enamel/NN  or/CC   something/NN  ,/,"
"111","sw05utt/sw_0535_2501.utt","2/sw2501",2501,110,"sd","B",56,2,"{C but, } {F um, } it had not,  /","but/CC ,/, um/UH ,/,  [ it/PRP ] had/VBD not/RB ,/,","(UCP (EDITED (S (CC but) (, ,) (INTJ (UH um)) (, ,) (NP-SBJ (PRP it)) (VP-UNF (VBD had) (RB not))) (, ,)) (-DFL- E_S) (CC either) (NP (DT that)) (CC or) (S (NP-SBJ-1 (PRP it)) (VP (VBD had) (RB not) (VP (VBN been) (VP (VBN prepared) (NP (-NONE- *-1)) (ADVP-LOC (RB underneath)))))) (-DFL- E_S))",158,NA,NA," but,   um,  it had not,  ","but/CC ,/, um/UH ,/,   it/PRP  had/VBD not/RB ,/,"
"112","sw05utt/sw_0535_2501.utt","2/sw2501",2501,111,"sd","B",56,3,"either that or it had not been prepared underneath  /","either/CC that/DT or/CC  [ it/PRP ] had/VBD not/RB been/VBN prepared/VBN underneath/RB","(UCP (EDITED (S (CC but) (, ,) (INTJ (UH um)) (, ,) (NP-SBJ (PRP it)) (VP-UNF (VBD had) (RB not))) (, ,)) (-DFL- E_S) (CC either) (NP (DT that)) (CC or) (S (NP-SBJ-1 (PRP it)) (VP (VBD had) (RB not) (VP (VBN been) (VP (VBN prepared) (NP (-NONE- *-1)) (ADVP-LOC (RB underneath)))))) (-DFL- E_S))",158,NA,NA,"either that or it had not been prepared underneath  ","either/CC that/DT or/CC   it/PRP  had/VBD not/RB been/VBN prepared/VBN underneath/RB"
"113","sw05utt/sw_0535_2501.utt","2/sw2501",2501,112,"sd","B",56,4,"{C and } it was greasy or  something, /","and/CC  [ it/PRP ] was/VBD greasy/JJ or/CC  [ something/NN ] ,/,","(S (CC and) (NP-SBJ (PRP it)) (VP (VP (VBD was) (ADJP-PRD (JJ greasy))) (CC or) (NP-ETC (NN something))) (, ,) (-DFL- E_S))",159,NA,NA," and  it was greasy or  something, ","and/CC   it/PRP  was/VBD greasy/JJ or/CC   something/NN  ,/,"
"114","sw05utt/sw_0535_2501.utt","2/sw2501",2501,113,"b","A",57,1,"Sure. /","[ Sure/UH ] ./.","(INTJ (UH Sure) (. .) (-DFL- E_S))",161,NA,NA,"Sure. "," Sure/UH  ./."
"115","sw05utt/sw_0535_2501.utt","2/sw2501",2501,114,"sd","B",58,1,"it comes off in strips,  {E I mean } not even little bit.  /","[ it/PRP ] comes/VBZ off/RP in/IN  [ strips/NNS ] ,/,  [ I/PRP ] mean/VBP not/RB  [ even/RB little/JJ bit/NN ] ./.","(S (NP-SBJ (PRP it)) (VP (VBZ comes) (PRT (RP off)) (PP (IN in) (NP (NP (NNS strips)) (PRN (, ,) (S (NP-SBJ (PRP I)) (VP (VBP mean)))) (RB not) (ADVP (RB even)) (NP (JJ little) (NN bit))))) (. .) (-DFL- E_S))",163,NA,NA,"it comes off in strips,   I mean  not even little bit.  "," it/PRP  comes/VBZ off/RP in/IN   strips/NNS  ,/,   I/PRP  mean/VBP not/RB   even/RB little/JJ bit/NN  ./."
"116","sw05utt/sw_0535_2501.utt","2/sw2501",2501,115,"sd","B",58,2,"{C So } we still have some of that trim work to do because we put it off <laughter> all this time, /","So/RB  [ we/PRP ] still/RB have/VBP  [ some/DT ] of/IN  [ that/DT trim/NN work/NN ] to/TO do/VB because/IN  [ we/PRP ] put/VBD  [ it/PRP ] off/RP  [ all/PDT this/DT time/NN ] ,/,","(S (RB So) (NP-SBJ (PRP we)) (ADVP-TMP (RB still)) (VP (VBP have) (NP (NP (DT some)) (PP (IN of) (NP (NP (DT that) (NN trim) (NN work)) (SBAR (WHNP-1 (-NONE- 0)) (S (NP-SBJ (-NONE- *)) (VP (TO to) (VP (VB do) (NP (-NONE- *T*-1))))))))) (SBAR-PRP (IN because) (S (NP-SBJ (PRP we)) (VP (VBD put) (NP (PRP it)) (PRT (RP off)) (NP-TMP (PDT all) (DT this) (NN time)))))) (, ,) (-DFL- E_S))",164,NA,NA," So  we still have some of that trim work to do because we put it off laughter all this time, ","So/RB   we/PRP  still/RB have/VBP   some/DT  of/IN   that/DT trim/NN work/NN  to/TO do/VB because/IN   we/PRP  put/VBD   it/PRP  off/RP   all/PDT this/DT time/NN  ,/,"
"117","sw05utt/sw_0535_2501.utt","2/sw2501",2501,116,"ba","A",59,1,"{F Oh, } no. /","Oh/UH ,/, no/UH ./.","(INTJ (INTJ (UH Oh)) (, ,) (INTJ (UH no)) (. .) (-DFL- E_S))",166,NA,NA," Oh,  no. ","Oh/UH ,/, no/UH ./."
"118","sw05utt/sw_0535_2501.utt","2/sw2501",2501,117,"sd","B",60,1,"we know what a job it's going to be  /","[ we/PRP ] know/VBP  [ what/WP ] [ a/DT job/NN ] [ it/PRP ] 's/BES going/VBG to/TO be/VB","(S (NP-SBJ (PRP we)) (VP (VBP know) (SBAR (WHNP-2 (WP what) (DT a) (NN job)) (S (NP-SBJ-1 (PRP it)) (VP (BES 's) (VP (VBG going) (S (NP-SBJ (-NONE- *-1)) (VP (TO to) (VP (VB be) (NP-PRD (-NONE- *T*-2)))))))))) (-DFL- E_S))",168,NA,NA,"we know what a job it's going to be  "," we/PRP  know/VBP   what/WP   a/DT job/NN   it/PRP  's/BES going/VBG to/TO be/VB"
"119","sw05utt/sw_0535_2501.utt","2/sw2501",2501,118,"sd","B",60,2,"{C because } you almost have to strip the whole thing,","because/IN  [ you/PRP ] almost/RB have/VBP to/TO strip/VB  [ the/DT whole/JJ thing/NN ] ,/,","(SBAR-PRP (IN because) (S (NP-SBJ-1 (PRP you)) (ADVP (RB almost)) (VP (VBP have) (S (NP-SBJ-2 (-NONE- *-1)) (VP (TO to) (VP (VB strip) (NP (DT the) (JJ whole) (NN thing)) (, ,) (SBAR-PRP (IN in) (NN order) (S (NP-SBJ (-NONE- *-2)) (VP (TO to) (VP (VB do) (NP (PRP it)) (ADVP (RB again))))))))))) (. .) (-DFL- E_S))",169,NA,NA," because  you almost have to strip the whole thing,","because/IN   you/PRP  almost/RB have/VBP to/TO strip/VB   the/DT whole/JJ thing/NN  ,/,"
"120","sw05utt/sw_0535_2501.utt","2/sw2501",2501,119,"b","A",61,1,"{F Um. } /","Um/UH ./.","(INTJ (UH Um) (. .) (-DFL- E_S))",148,NA,NA," Um.  ","Um/UH ./."
"121","sw05utt/sw_0535_2501.utt","2/sw2501",2501,120,"+","B",62,1,"in order to do it again. /","in/IN  [ order/NN ] to/TO do/VB  [ it/PRP ] again/RB ./.","(SBAR-PRP (IN because) (S (NP-SBJ-1 (PRP you)) (ADVP (RB almost)) (VP (VBP have) (S (NP-SBJ-2 (-NONE- *-1)) (VP (TO to) (VP (VB strip) (NP (DT the) (JJ whole) (NN thing)) (, ,) (SBAR-PRP (IN in) (NN order) (S (NP-SBJ (-NONE- *-2)) (VP (TO to) (VP (VB do) (NP (PRP it)) (ADVP (RB again))))))))))) (. .) (-DFL- E_S))",169,NA,NA,"in order to do it again. ","in/IN   order/NN  to/TO do/VB   it/PRP  again/RB ./."
"122","sw05utt/sw_0535_2501.utt","2/sw2501",2501,121,"fc","A",63,1,"I wish you good luck. /","[ I/PRP ] wish/VBP  [ you/PRP good/JJ luck/NN ] ./.","(S (NP-SBJ (PRP I)) (VP (VBP wish) (NP (PRP you)) (NP (JJ good) (NN luck))) (. .) (-DFL- E_S))",174,NA,NA,"I wish you good luck. "," I/PRP  wish/VBP   you/PRP good/JJ luck/NN  ./."
"123","sw05utt/sw_0535_2501.utt","2/sw2501",2501,122,"fc","B",64,1,"Okay <laughter>. /","Okay/UH ./.","(INTJ (UH Okay) (. .) (-DFL- E_S))",176,NA,NA,"Okay laughter. ","Okay/UH ./."
"124","sw05utt/sw_0535_2501.utt","2/sw2501",2501,123,"fc","A",65,1,"Thank you very much. /","Thank/VB  [ you/PRP ] very/RB much/RB ./.","(S (NP-SBJ (-NONE- *)) (VP (VB Thank) (NP (PRP you)) (ADVP (RB very) (RB much))) (. .) (-DFL- E_S))",178,NA,NA,"Thank you very much. ","Thank/VB   you/PRP  very/RB much/RB ./."
"125","sw05utt/sw_0535_2501.utt","2/sw2501",2501,124,"fc","B",66,1,"Thank you. /","Thank/VB  [ you/PRP ] ./.","(S (NP-SBJ (-NONE- *)) (VP (VB Thank) (NP (PRP you))) (. .) (-DFL- E_S))",180,NA,NA,"Thank you. ","Thank/VB   you/PRP  ./."
"126","sw05utt/sw_0535_2501.utt","2/sw2501",2501,125,"fc","A",67,1,"Bye-bye. /","[ Bye-bye/UH ] ./.","(INTJ (UH Bye-bye) (. .) (-DFL- E_S))",182,NA,NA,"Byebye. "," Byebye/UH  ./."
"127","sw05utt/sw_0535_2501.utt","2/sw2501",2501,126,"fc","B",68,1,"Bye. /","[ Bye/UH ] ./.","(INTJ (UH Bye) (. .) (-DFL- E_S))",184,NA,NA,"Bye. "," Bye/UH  ./."
