"","swda_filename","ptb_basename","conversation_no","transcript_index","act_tag","caller","turn_index","subutterance_index","text","pos","trees","ptb_treenumbers","start_turn","end_turn","newtext","newpos"
"1","sw04utt/sw_0400_2558.utt","2/sw2558",2558,0,"qo","A",1,1,"What do you think about the, {F uh, } Peace Corps or public service commitment? /","[ What/WP ] do/VBP  [ you/PRP ] think/VB about/IN  [ the/DT ] ,/,  [ uh/UH ] ,/,  [ Peace/NNP Corps/NNP ] or/CC  [ public/JJ service/NN commitment/NN ] ?/.","(SBARQ (WHNP-1 (WP What)) (SQ (VBP do) (NP-SBJ (PRP you)) (VP (VB think) (NP (-NONE- *T*-1)) (PP (IN about) (NP (NP (DT the) (, ,) (INTJ (UH uh)) (, ,) (NNP Peace) (NNP Corps)) (CC or) (NP (JJ public) (NN service) (NN commitment)))))) (. ?) (-DFL- E_S))","1",0.18475,4.79325,"What do you think about the,  uh,  Peace Corps or public service commitment? "," What/WP  do/VBP   you/PRP  think/VB about/IN   the/DT  ,/,   uh/UH  ,/,   Peace/NNP Corps/NNP  or/CC   public/JJ service/NN commitment/NN  ?/."
"2","sw04utt/sw_0400_2558.utt","2/sw2558",2558,1,"sd","B",2,1,"{F Uh, } that's the first I've ever heard of it.  /","[ Uh/UH ] ,/,  [ that/DT ] 's/BES  [ the/DT ] first/NN  [ I/PRP ] 've/VBP ever/RB heard/VBN of/IN  [ it/PRP ] ./.","(S (INTJ (UH Uh)) (, ,) (NP-SBJ (DT that)) (VP (BES 's) (NP-PRD (NP (DT the) (NN first)) (SBAR (WHNP-1 (-NONE- 0)) (S (NP-SBJ (PRP I)) (VP (VBP 've) (ADVP-TMP (RB ever)) (VP (VBN heard) (NP (-NONE- *T*-1)) (PP (IN of) (NP (PRP it))))))))) (. .) (-DFL- E_S))","3",5.285375,10.347375," Uh,  that's the first I've ever heard of it.  "," Uh/UH  ,/,   that/DT  's/BES   the/DT  first/NN   I/PRP  've/VBP ever/RB heard/VBN of/IN   it/PRP  ./."
"3","sw04utt/sw_0400_2558.utt","2/sw2558",2558,2,"sd","B",2,2,"I haven't heard [ of it, + anything ] too much about it.  /","[ I/PRP ] have/VBP n't/RB heard/VBN of/IN  [ it/PRP ] ,/,  [ anything/NN ] too/RB much/JJ about/IN  [ it/PRP ] ./.","(S (NP-SBJ (PRP I)) (VP (VBP have) (RB n't) (VP (VBN heard) (EDITED (RM (-DFL- \[)) (PP (IN of) (NP (PRP it))) (, ,) (IP (-DFL- \+))) (NP (NP (NN anything)) (RS (-DFL- \])) (ADJP (RB too) (JJ much)) (PP (IN about) (NP (PRP it)))))) (. .) (-DFL- E_S))","4",5.285375,10.347375,"I haven't heard  of it,  anything  too much about it.  "," I/PRP  have/VBP n't/RB heard/VBN of/IN   it/PRP  ,/,   anything/NN  too/RB much/JJ about/IN   it/PRP  ./."
"4","sw04utt/sw_0400_2558.utt","2/sw2558",2558,3,"%","B",2,3,"{F Um, } /","Um/UH ,/,","(INTJ (UH Um) (, ,) (-DFL- E_S))","5",5.285375,10.347375," Um,  ","Um/UH ,/,"
"5","sw04utt/sw_0400_2558.utt","2/sw2558",2558,4,"sd","A",3,1,"{D Well, } I think it was, {F uh, } thought up when there was    so much controversy about reviving a draft  /","Well/UH ,/,  [ I/PRP ] think/VBP  [ it/PRP ] was/VBD ,/,  [ uh/UH ] ,/, thought/VBN up/RP when/WRB  [ there/EX ] was/VBD  [ so/RB much/JJ controversy/NN ] about/IN reviving/VBG  [ a/DT draft/NN ]","(S (INTJ (UH Well)) (, ,) (NP-SBJ (PRP I)) (VP (VBP think) (SBAR (-NONE- 0) (S (NP-SBJ-1 (PRP it)) (VP (VBD was) (, ,) (INTJ (UH uh)) (, ,) (VP (VBN thought) (NP (-NONE- *-1)) (PRT (RP up)) (SBAR-TMP (WHADVP-2 (WRB when)) (S (NP-SBJ (EX there)) (VP (VBD was) (NP-PRD (NP (ADJP (RB so) (JJ much)) (NN controversy)) (PP (IN about) (S-NOM (NP-SBJ (-NONE- *)) (VP (VBG reviving) (NP (DT a) (NN draft)))))) (ADVP-TMP (-NONE- *T*-2)))))))))) (-DFL- E_S))","7",11.283875,37.994125," Well,  I think it was,  uh,  thought up when there was    so much controversy about reviving a draft  ","Well/UH ,/,   I/PRP  think/VBP   it/PRP  was/VBD ,/,   uh/UH  ,/, thought/VBN up/RP when/WRB   there/EX  was/VBD   so/RB much/JJ controversy/NN  about/IN reviving/VBG   a/DT draft/NN "
"6","sw04utt/sw_0400_2558.utt","2/sw2558",2558,5,"sd","A",3,2,"{C and } people said, {D well, } [ they, +  {F uh, } young people ] who were drafted have to provide military service to the country,  /","and/CC  [ people/NNS ] said/VBD ,/, well/UH ,/,  [ they/PRP ] ,/,  [ uh/UH ] ,/,  [ young/JJ people/NNS ] [ who/WP ] were/VBD drafted/VBN have/VBP to/TO provide/VB  [ military/NN service/NN ] to/IN  [ the/DT country/NN ] ,/,","(S (CC and) (NP-SBJ (NNS people)) (VP (VBD said) (, ,) (S-SEZ (INTJ (UH well)) (, ,) (EDITED (RM (-DFL- \[)) (NP-SBJ (PRP they)) (, ,) (IP (-DFL- \+))) (INTJ (UH uh)) (, ,) (NP-SBJ-3 (NP (JJ young) (NNS people)) (RS (-DFL- \])) (SBAR (WHNP-1 (WP who)) (S (NP-SBJ-2 (-NONE- *T*-1)) (VP (VBD were) (VP (VBN drafted) (NP (-NONE- *-2))))))) (VP (VBP have) (S (NP-SBJ (-NONE- *-3)) (VP (TO to) (VP (VB provide) (NP (NN military) (NN service)) (PP-DTV (IN to) (NP (DT the) (NN country))))))))) (, ,) (-DFL- E_S))","8",11.283875,37.994125," and  people said,  well,   they,    uh,  young people  who were drafted have to provide military service to the country,  ","and/CC   people/NNS  said/VBD ,/, well/UH ,/,   they/PRP  ,/,   uh/UH  ,/,   young/JJ people/NNS   who/WP  were/VBD drafted/VBN have/VBP to/TO provide/VB   military/NN service/NN  to/IN   the/DT country/NN  ,/,"
"7","sw04utt/sw_0400_2558.utt","2/sw2558",2558,6,"sv","A",3,3,"{C but } there are an awful lot of young people who would benefit from, {F um, } some sort of public service,","but/CC  [ there/EX ] are/VBP  [ an/DT awful/JJ lot/NN ] of/IN  [ young/JJ people/NNS ] [ who/WP ] would/MD benefit/VB from/IN ,/, um/UH ,/,  [ some/DT sort/NN ] of/IN  [ public/JJ service/NN ] ,/,","(S (CC but) (NP-SBJ (EX there)) (VP (VBP are) (NP-PRD (NP (DT an) (JJ awful) (NN lot)) (PP (IN of) (NP (NP (JJ young) (NNS people)) (SBAR (WHNP-1 (WP who)) (S (NP-SBJ (-NONE- *T*-1)) (VP (MD would) (VP (VB benefit) (PP (IN from) (, ,) (INTJ (UH um)) (, ,) (NP (NP (DT some) (NN sort)) (PP (IN of) (NP (NP (JJ public) (NN service)) (, ,) (PP (IN like) (NP (NP (NP (DT the) (NNP Conservation) (NNP Corps)) (PP-TMP (ADVP (RB back)) (IN in) (NP (DT the) (NNS thirties)))) (CC or) (, ,) (INTJ (UH uh)) (, ,) (NP (NP (JJ various) (JJ other) (NNS things)) (PP (IN of) (NP (DT that) (NN sort)))))))))))))))))) (. .) (-DFL- E_S))","9",11.283875,37.994125," but  there are an awful lot of young people who would benefit from,  um,  some sort of public service,","but/CC   there/EX  are/VBP   an/DT awful/JJ lot/NN  of/IN   young/JJ people/NNS   who/WP  would/MD benefit/VB from/IN ,/, um/UH ,/,   some/DT sort/NN  of/IN   public/JJ service/NN  ,/,"
"8","sw04utt/sw_0400_2558.utt","2/sw2558",2558,7,"b","B",4,1,"Uh-huh. /","[ Uh-huh/UH ] ./.","(INTJ (UH Uh-huh) (. .) (-DFL- E_S))","11",31.26275,31.592875,"Uhhuh. "," Uhhuh/UH  ./."
"9","sw04utt/sw_0400_2558.utt","2/sw2558",2558,8,"+","A",5,1,"like the Conservation Corps back in the thirties or,  {F uh, } various other things of that sort.  /","like/IN  [ the/DT Conservation/NNP Corps/NNP ] back/RB in/IN  [ the/DT thirties/NNS ] or/CC ,/,  [ uh/UH ] ,/,  [ various/JJ other/JJ things/NNS ] of/IN  [ that/DT sort/NN ] ./.","(S (CC but) (NP-SBJ (EX there)) (VP (VBP are) (NP-PRD (NP (DT an) (JJ awful) (NN lot)) (PP (IN of) (NP (NP (JJ young) (NNS people)) (SBAR (WHNP-1 (WP who)) (S (NP-SBJ (-NONE- *T*-1)) (VP (MD would) (VP (VB benefit) (PP (IN from) (, ,) (INTJ (UH um)) (, ,) (NP (NP (DT some) (NN sort)) (PP (IN of) (NP (NP (JJ public) (NN service)) (, ,) (PP (IN like) (NP (NP (NP (DT the) (NNP Conservation) (NNP Corps)) (PP-TMP (ADVP (RB back)) (IN in) (NP (DT the) (NNS thirties)))) (CC or) (, ,) (INTJ (UH uh)) (, ,) (NP (NP (JJ various) (JJ other) (NNS things)) (PP (IN of) (NP (DT that) (NN sort)))))))))))))))))) (. .) (-DFL- E_S))","9",37.994125,43.284125,"like the Conservation Corps back in the thirties or,   uh,  various other things of that sort.  ","like/IN   the/DT Conservation/NNP Corps/NNP  back/RB in/IN   the/DT thirties/NNS  or/CC ,/,   uh/UH  ,/,   various/JJ other/JJ things/NNS  of/IN   that/DT sort/NN  ./."
"10","sw04utt/sw_0400_2558.utt","2/sw2558",2558,9,"sv","A",5,2,"{C And } it seems to me <baby>  that [ it's, + it's ] not a totally bad idea,  /","And/CC  [ it/PRP ] seems/VBZ to/IN  [ me/PRP ] that/IN  [ it/PRP ] 's/BES ,/,  [ it/PRP ] 's/BES not/RB  [ a/DT ] totally/RB  [ bad/JJ idea/NN ] ,/,","(S (CC And) (NP-SBJ (PRP it)) (VP (VBZ seems) (PP (IN to) (NP (PRP me))) (SBAR (IN that) (S (EDITED (RM (-DFL- \[)) (S (NP-SBJ (PRP it)) (VP-UNF (BES 's))) (, ,) (IP (-DFL- \+))) (NP-SBJ (PRP it)) (VP (BES 's) (RS (-DFL- \])) (RB not) (NP-PRD (DT a) (ADJP (RB totally) (JJ bad)) (NN idea)))))) (, ,) (-DFL- E_S))","13",37.994125,43.284125," And  it seems to me baby  that  it's,  it's  not a totally bad idea,  ","And/CC   it/PRP  seems/VBZ to/IN   me/PRP  that/IN   it/PRP  's/BES ,/,   it/PRP  's/BES not/RB   a/DT  totally/RB   bad/JJ idea/NN  ,/,"
"11","sw04utt/sw_0400_2558.utt","2/sw2558",2558,10,"sd","A",5,3,"{C but } I don't quite see how they'd make it work. /","but/CC  [ I/PRP ] do/VBP n't/RB quite/RB see/VB how/WRB  [ they/PRP ] 'd/MD make/VB  [ it/PRP ] work/VB ./.","(S (CC but) (NP-SBJ (PRP I)) (VP (VBP do) (RB n't) (ADVP (RB quite)) (VP (VB see) (SBAR (WHADVP-1 (WRB how)) (S (NP-SBJ (PRP they)) (VP (MD 'd) (VP (VB make) (S (NP-SBJ (PRP it)) (VP (VB work))) (ADVP-MNR (-NONE- *T*-1)))))))) (. .) (-DFL- E_S))","14",37.994125,43.284125," but  I don't quite see how they'd make it work. ","but/CC   I/PRP  do/VBP n't/RB quite/RB see/VB how/WRB   they/PRP  'd/MD make/VB   it/PRP  work/VB ./."
"12","sw04utt/sw_0400_2558.utt","2/sw2558",2558,11,"b","B",6,1,"Uh-huh. /","[ Uh-huh/UH ] ./.","(INTJ (UH Uh-huh) (. .) (-DFL- E_S))","11",43.404,43.874,"Uhhuh. "," Uhhuh/UH  ./."
"13","sw04utt/sw_0400_2558.utt","2/sw2558",2558,12,"qh","A",7,1,"How would they decide who goes into, {F uh, }  building fire breaks in Yosemite National Park and who goes to Saudi Arabia? /","How/WRB would/MD  [ they/PRP ] decide/VB  [ who/WP ] goes/VBZ into/IN ,/,  [ uh/UH ] ,/, building/VBG  [ fire/NN breaks/NNS ] in/IN  [ Yosemite/NNP National/NNP Park/NNP ] and/CC  [ who/WP ] goes/VBZ to/IN  [ Saudi/NNP Arabia/NNP ] ?/.","(SBARQ (WHADVP-3 (WRB How)) (SQ (MD would) (NP-SBJ (PRP they)) (VP (VB decide) (SBAR (SBAR (WHNP-1 (WP who)) (S (NP-SBJ (-NONE- *T*-1)) (VP (VBZ goes) (PP (IN into) (, ,) (INTJ (UH uh)) (, ,) (S-NOM (NP-SBJ (-NONE- *)) (VP (VBG building) (NP (NN fire) (NNS breaks)) (PP-LOC (IN in) (NP (NNP Yosemite) (NNP National) (NNP Park))))))))) (CC and) (SBAR (WHNP-2 (WP who)) (S (NP-SBJ (-NONE- *T*-2)) (VP (VBZ goes) (PP-DIR (IN to) (NP (NNP Saudi) (NNP Arabia))))))) (ADVP-MNR (-NONE- *T*-3)))) (. ?) (-DFL- E_S))","18",44.282,52.058875,"How would they decide who goes into,  uh,   building fire breaks in Yosemite National Park and who goes to Saudi Arabia? ","How/WRB would/MD   they/PRP  decide/VB   who/WP  goes/VBZ into/IN ,/,   uh/UH  ,/, building/VBG   fire/NN breaks/NNS  in/IN   Yosemite/NNP National/NNP Park/NNP  and/CC   who/WP  goes/VBZ to/IN   Saudi/NNP Arabia/NNP  ?/."
"14","sw04utt/sw_0400_2558.utt","2/sw2558",2558,13,"aa","B",8,1,"Right,  /","Right/UH ,/,","(INTJ (UH Right) (, ,) (-DFL- E_S))","20",52.060375,77.6825,"Right,  ","Right/UH ,/,"
"15","sw04utt/sw_0400_2558.utt","2/sw2558",2558,14,"aa","B",8,2,"yeah.  /","yeah/UH ./.","(INTJ (UH yeah) (. .) (-DFL- E_S))","21",52.060375,77.6825,"yeah.  ","yeah/UH ./."
"16","sw04utt/sw_0400_2558.utt","2/sw2558",2558,15,"%","B",8,3,"I, - /","[ I/PRP ] ,/,","(S-UNF (NP-SBJ (PRP I)) (, ,) (-DFL- N_S))","22",52.060375,77.6825,"I,  "," I/PRP  ,/,"
"17","sw04utt/sw_0400_2558.utt","2/sw2558",2558,16,"%","B",8,4,"the, - /","[ the/DT ] ,/,","(S (NP-SBJ-UNF (DT the)) (, ,) (-DFL- N_S))","23",52.060375,77.6825,"the,  "," the/DT  ,/,"
"18","sw04utt/sw_0400_2558.utt","2/sw2558",2558,17,"sd","B",8,5,"my first impression was,  {F um, } it would be [ v-, + very ] good.  /","[ my/PRP$ first/JJ impression/NN ] was/VBD ,/, um/UH ,/,  [ it/PRP ] would/MD be/VB  [ v-/RB ] ,/, very/RB good/JJ ./.","(S (NP-SBJ (PRP$ my) (JJ first) (NN impression)) (VP (VBD was) (, ,) (INTJ (UH um)) (, ,) (SBAR-PRD (-NONE- 0) (S (NP-SBJ (PRP it)) (VP (MD would) (VP (VB be) (EDITED (RM (-DFL- \[)) (ADJP-PRD-UNF (RB v-)) (, ,) (IP (-DFL- \+))) (ADJP-PRD (RB very) (RS (-DFL- \])) (JJ good))))))) (. .) (-DFL- E_S))","24",52.060375,77.6825,"my first impression was,   um,  it would be  v,  very  good.  "," my/PRP$ first/JJ impression/NN  was/VBD ,/, um/UH ,/,   it/PRP  would/MD be/VB   v/RB  ,/, very/RB good/JJ ./."
"19","sw04utt/sw_0400_2558.utt","2/sw2558",2558,18,"sv","B",8,6,"I think it would be good for people to serve,  /","[ I/PRP ] think/VBP  [ it/PRP ] would/MD be/VB good/JJ for/IN  [ people/NNS ] to/TO serve/VB ,/,","(S (NP-SBJ (PRP I)) (VP (VBP think) (SBAR (-NONE- 0) (S (NP-SBJ (NP (PRP it)) (SBAR (-NONE- *EXP*-1))) (VP (MD would) (VP (VB be) (ADJP-PRD (JJ good)) (SBAR-1 (IN for) (S (NP-SBJ (NNS people)) (VP (TO to) (VP (VB serve)))))))))) (, ,) (-DFL- E_S))","25",52.060375,77.6825,"I think it would be good for people to serve,  "," I/PRP  think/VBP   it/PRP  would/MD be/VB good/JJ for/IN   people/NNS  to/TO serve/VB ,/,"
"20","sw04utt/sw_0400_2558.utt","2/sw2558",2558,19,"sd","B",8,7,"{C but } I don't know if it should be an option.  /","but/CC  [ I/PRP ] do/VBP n't/RB know/VB if/IN  [ it/PRP ] should/MD be/VB  [ an/DT option/NN ] ./.","(S (CC but) (NP-SBJ (PRP I)) (VP (VBP do) (RB n't) (VP (VB know) (SBAR (IN if) (S (NP-SBJ (PRP it)) (VP (MD should) (VP (VB be) (NP-PRD (DT an) (NN option)))))))) (. .) (-DFL- E_S))","26",52.060375,77.6825," but  I don't know if it should be an option.  ","but/CC   I/PRP  do/VBP n't/RB know/VB if/IN   it/PRP  should/MD be/VB   an/DT option/NN  ./."
"21","sw04utt/sw_0400_2558.utt","2/sw2558",2558,20,"sv","B",8,8,"It would be great to have some of those organizations like you mentioned that were during the Depression or coming out of the Depression available for kids.  /","[ It/PRP ] would/MD be/VB great/JJ to/TO have/VB  [ some/DT ] of/IN  [ those/DT organizations/NNS ] like/IN  [ you/PRP ] mentioned/VBD  [ that/WDT ] were/VBD during/IN  [ the/DT Depression/NNP ] or/CC coming/VBG out/IN of/IN  [ the/DT Depression/NNP available/JJ ] for/IN  [ kids/NNS ] ./.","(S (NP-SBJ (NP (PRP It)) (S (-NONE- *EXP*-3))) (VP (MD would) (VP (VB be) (ADJP-PRD (JJ great)) (S-3 (NP-SBJ (-NONE- *)) (VP (TO to) (VP (VB have) (S (NP-SBJ (NP (DT some)) (PP (IN of) (NP (NP (DT those) (NNS organizations)) (PP (IN like) (SBAR-NOM (WHNP-1 (-NONE- 0)) (S (NP-SBJ (PRP you)) (VP (VBD mentioned) (NP (-NONE- *T*-1)))))) (SBAR (WHNP-2 (WDT that)) (S (NP-SBJ (-NONE- *T*-2)) (VP (VBD were) (UCP-PRD (PP-TMP (IN during) (NP (DT the) (NNP Depression))) (CC or) (VP (VBG coming) (PP (IN out) (PP (IN of) (NP (DT the) (NNP Depression)))))))))))) (ADJP-PRD (JJ available) (PP (IN for) (NP (NNS kids)))))))))) (. .) (-DFL- E_S))","27",52.060375,77.6825,"It would be great to have some of those organizations like you mentioned that were during the Depression or coming out of the Depression available for kids.  "," It/PRP  would/MD be/VB great/JJ to/TO have/VB   some/DT  of/IN   those/DT organizations/NNS  like/IN   you/PRP  mentioned/VBD   that/WDT  were/VBD during/IN   the/DT Depression/NNP  or/CC coming/VBG out/IN of/IN   the/DT Depression/NNP available/JJ  for/IN   kids/NNS  ./."
"22","sw04utt/sw_0400_2558.utt","2/sw2558",2558,21,"sd","B",8,9,"{C And } I think there are some available now where they are able to work,  /","And/CC  [ I/PRP ] think/VBP  [ there/EX ] are/VBP  [ some/DT available/JJ ] now/RB where/WRB  [ they/PRP ] are/VBP able/JJ to/TO work/VB ,/,","(S (CC And) (NP-SBJ (PRP I)) (VP (VBP think) (SBAR (-NONE- 0) (S (NP-SBJ (EX there)) (VP (VBP are) (NP-PRD (NP (DT some)) (RRC (ADJP-PRD (JJ available)) (ADVP-TMP (RB now))) (SBAR (WHADVP-2 (WRB where)) (S (NP-SBJ-1 (PRP they)) (VP (VBP are) (ADJP-PRD (JJ able) (S (NP-SBJ (-NONE- *-1)) (VP (TO to) (VP (VB work))))) (ADVP (-NONE- *T*-2)))))))))) (, ,) (-DFL- E_S))","28",52.060375,77.6825," And  I think there are some available now where they are able to work,  ","And/CC   I/PRP  think/VBP   there/EX  are/VBP   some/DT available/JJ  now/RB where/WRB   they/PRP  are/VBP able/JJ to/TO work/VB ,/,"
"23","sw04utt/sw_0400_2558.utt","2/sw2558",2558,22,"sv","B",8,10,"{C but } making it a mandatory thing kind of, -/","but/CC making/VBG  [ it/PRP ] [ a/DT mandatory/JJ thing/NN kind/RB ] of/RB ,/,","(S-UNF (CC but) (S-NOM-SBJ (NP-SBJ (-NONE- *)) (VP (VBG making) (S (NP-SBJ (PRP it)) (NP-PRD (DT a) (JJ mandatory) (NN thing))))) (ADVP (RB kind) (RB of)) (, ,) (-DFL- N_S))","29",52.060375,77.6825," but  making it a mandatory thing kind of, ","but/CC making/VBG   it/PRP   a/DT mandatory/JJ thing/NN kind/RB  of/RB ,/,"
"24","sw04utt/sw_0400_2558.utt","2/sw2558",2558,23,"aa","A",9,1,"Yeah,  /","Yeah/UH ,/,","(INTJ (UH Yeah) (, ,) (-DFL- E_S))","31",76.655125,81.264875,"Yeah,  ","Yeah/UH ,/,"
"25","sw04utt/sw_0400_2558.utt","2/sw2558",2558,24,"sv","A",9,2,"[ the, + the ] difficulty would be in whether it's voluntary or  involuntary. /","[ the/DT ] ,/,  [ the/DT difficulty/NN ] would/MD be/VB in/IN whether/IN  [ it/PRP ] 's/BES voluntary/JJ or/CC  [ involuntary/JJ ] ./.","(S (EDITED (RM (-DFL- \[)) (NP-SBJ-UNF (DT the)) (, ,) (IP (-DFL- \+))) (NP-SBJ (DT the) (RS (-DFL- \])) (NN difficulty)) (VP (MD would) (VP (VB be) (PP-PRD (IN in) (SBAR (IN whether) (S (NP-SBJ (PRP it)) (VP (BES 's) (ADJP-PRD (JJ voluntary) (CC or) (JJ involuntary)))))))) (. .) (-DFL- E_S))","32",76.655125,81.264875," the,  the  difficulty would be in whether it's voluntary or  involuntary. "," the/DT  ,/,   the/DT difficulty/NN  would/MD be/VB in/IN whether/IN   it/PRP  's/BES voluntary/JJ or/CC   involuntary/JJ  ./."
"26","sw04utt/sw_0400_2558.utt","2/sw2558",2558,25,"b","B",10,1,"Right. /","[ Right/UH ] ./.","(INTJ (UH Right) (. .) (-DFL- E_S))","34",81.10675,81.487875,"Right. "," Right/UH  ./."
"27","sw04utt/sw_0400_2558.utt","2/sw2558",2558,26,"sd","A",11,1,"{C And } the people who were proposing it said that it should be involuntary, that it should be like a draft. /","And/CC  [ the/DT people/NNS ] [ who/WP ] were/VBD proposing/VBG  [ it/PRP ] said/VBD that/IN  [ it/PRP ] should/MD be/VB involuntary/JJ ,/, that/IN  [ it/PRP ] should/MD be/VB like/IN  [ a/DT draft/NN ] ./.","(S (CC And) (NP-SBJ (NP (DT the) (NNS people)) (SBAR (WHNP-1 (WP who)) (S (NP-SBJ (-NONE- *T*-1)) (VP (VBD were) (VP (VBG proposing) (NP (PRP it))))))) (VP (VBD said) (SBAR (SBAR (IN that) (S (NP-SBJ (PRP it)) (VP (MD should) (VP (VB be) (ADJP-PRD (JJ involuntary)))))) (, ,) (SBAR (IN that) (S (NP-SBJ (PRP it)) (VP (MD should) (VP (VB be) (PP-PRD (IN like) (NP (DT a) (NN draft))))))))) (. .) (-DFL- E_S))","36",81.466,87.855375," And  the people who were proposing it said that it should be involuntary, that it should be like a draft. ","And/CC   the/DT people/NNS   who/WP  were/VBD proposing/VBG   it/PRP  said/VBD that/IN   it/PRP  should/MD be/VB involuntary/JJ ,/, that/IN   it/PRP  should/MD be/VB like/IN   a/DT draft/NN  ./."
"28","sw04utt/sw_0400_2558.utt","2/sw2558",2558,27,"b","B",12,1,"Uh-huh. /","[ Uh-huh/UH ] ./.","(INTJ (UH Uh-huh) (. .) (-DFL- E_S))","11",87.91025,88.27125,"Uhhuh. "," Uhhuh/UH  ./."
"29","sw04utt/sw_0400_2558.utt","2/sw2558",2558,28,"sd","A",13,1,"{C And } some people would get military service  /","And/CC  [ some/DT people/NNS ] would/MD get/VB  [ military/JJ service/NN ]","(S (CC And) (NP-SBJ (DT some) (NNS people)) (VP (MD would) (VP (VB get) (NP (JJ military) (NN service)))) (-DFL- E_S))","40",88.332875,96.037625," And  some people would get military service  ","And/CC   some/DT people/NNS  would/MD get/VB   military/JJ service/NN "
"30","sw04utt/sw_0400_2558.utt","2/sw2558",2558,29,"sd","A",13,2,"{C and } some people would get civilian, {F uh, }","and/CC  [ some/DT people/NNS ] would/MD get/VB  [ civilian/JJ ] ,/,  [ uh/UH ] ,/,","(S (CC and) (NP-SBJ (DT some) (NNS people)) (VP (MD would) (VP (VB get) (NP (NP (JJ civilian) (, ,) (INTJ (UH uh)) (, ,) (NN service)) (, ,) (PP (IN like) (S-NOM (NP-SBJ (-NONE- *)) (VP (VBG working) (PP-LOC (IN in) (NP (NNS hospitals))))))))) (. .) (-DFL- E_S))","41",88.332875,96.037625," and  some people would get civilian,  uh, ","and/CC   some/DT people/NNS  would/MD get/VB   civilian/JJ  ,/,   uh/UH  ,/,"
"31","sw04utt/sw_0400_2558.utt","2/sw2558",2558,30,"b@","B",14,1,"Uh-huh.","[ Uh-huh/UH ] ./.","(INTJ (UH Uh-huh) (. .) (-DFL- E_S))","11",93.05775,101.514625,"Uhhuh."," Uhhuh/UH  ./."
"32","sw04utt/sw_0400_2558.utt","2/sw2558",2558,31,"+","A",15,1,"service, like working in hospitals.  /","[ service/NN ] ,/, like/IN working/VBG in/IN  [ hospitals/NNS ] ./.","(S (CC and) (NP-SBJ (DT some) (NNS people)) (VP (MD would) (VP (VB get) (NP (NP (JJ civilian) (, ,) (INTJ (UH uh)) (, ,) (NN service)) (, ,) (PP (IN like) (S-NOM (NP-SBJ (-NONE- *)) (VP (VBG working) (PP-LOC (IN in) (NP (NNS hospitals))))))))) (. .) (-DFL- E_S))","41",96.2975,105.19975,"service, like working in hospitals.  "," service/NN  ,/, like/IN working/VBG in/IN   hospitals/NNS  ./."
"33","sw04utt/sw_0400_2558.utt","2/sw2558",2558,32,"%","A",15,2,"This, - /","[ This/DT ] ,/,","(S-UNF (NP-SBJ (DT This)) (, ,) (-DFL- N_S))","46",96.2975,105.19975,"This,  "," This/DT  ,/,"
"34","sw04utt/sw_0400_2558.utt","2/sw2558",2558,33,"sv","A",15,3,"I assume it's the kinds of things that they had conscientious objectors do,","[ I/PRP ] assume/VBP  [ it/PRP ] 's/BES  [ the/DT kinds/NNS ] of/IN  [ things/NNS ] that/WDT  [ they/PRP ] had/VBD  [ conscientious/JJ objectors/NNS ] do/VB ,/,","(S (NP-SBJ (PRP I)) (VP (VBP assume) (SBAR (-NONE- 0) (S (NP-SBJ (PRP it)) (VP (BES 's) (NP-PRD (NP (DT the) (NNS kinds)) (PP (IN of) (NP (NP (NNS things)) (SBAR (WHNP-3 (WDT that)) (S (NP-SBJ (PRP they)) (VP (VBD had) (S (NP-SBJ (JJ conscientious) (NNS objectors)) (VP (VB do) (NP (-NONE- *T*-3)))) (, ,) (SBAR-TMP (WHADVP-2 (WRB when)) (S (S (NP-SBJ-4 (NNS people)) (VP (VBD were) (VP (VBN drafted) (NP (-NONE- *-4))))) (CC and) (S (NP-SBJ-1 (PRP they)) (VP (VBD refused) (S (NP-SBJ (-NONE- *-1)) (VP (TO to) (VP (VB serve) (PP (IN in) (NP (DT the) (NNP Army)))))))) (ADVP-TMP (-NONE- *T*-2)))))))))))))) (, ,) (-DFL- E_S))","47",96.2975,105.19975,"I assume it's the kinds of things that they had conscientious objectors do,"," I/PRP  assume/VBP   it/PRP  's/BES   the/DT kinds/NNS  of/IN   things/NNS  that/WDT   they/PRP  had/VBD   conscientious/JJ objectors/NNS  do/VB ,/,"
"35","sw04utt/sw_0400_2558.utt","2/sw2558",2558,34,"+@","B",16,1,"Uh-huh. /","[ Uh-huh/UH ] ./.","(INTJ (UH Uh-huh) (. .) (-DFL- E_S))","11",NA,NA,"Uhhuh. "," Uhhuh/UH  ./."
"36","sw04utt/sw_0400_2558.utt","2/sw2558",2558,35,"+","A",17,1,"when people were drafted   and they refused to serve in the Army,  /","when/WRB  [ people/NNS ] were/VBD drafted/VBN and/CC  [ they/PRP ] refused/VBD to/TO serve/VB in/IN  [ the/DT Army/NNP ] ,/,","(S (NP-SBJ (PRP I)) (VP (VBP assume) (SBAR (-NONE- 0) (S (NP-SBJ (PRP it)) (VP (BES 's) (NP-PRD (NP (DT the) (NNS kinds)) (PP (IN of) (NP (NP (NNS things)) (SBAR (WHNP-3 (WDT that)) (S (NP-SBJ (PRP they)) (VP (VBD had) (S (NP-SBJ (JJ conscientious) (NNS objectors)) (VP (VB do) (NP (-NONE- *T*-3)))) (, ,) (SBAR-TMP (WHADVP-2 (WRB when)) (S (S (NP-SBJ-4 (NNS people)) (VP (VBD were) (VP (VBN drafted) (NP (-NONE- *-4))))) (CC and) (S (NP-SBJ-1 (PRP they)) (VP (VBD refused) (S (NP-SBJ (-NONE- *-1)) (VP (TO to) (VP (VB serve) (PP (IN in) (NP (DT the) (NNP Army)))))))) (ADVP-TMP (-NONE- *T*-2)))))))))))))) (, ,) (-DFL- E_S))","47",105.9455,115.3175,"when people were drafted   and they refused to serve in the Army,  ","when/WRB   people/NNS  were/VBD drafted/VBN and/CC   they/PRP  refused/VBD to/TO serve/VB in/IN   the/DT Army/NNP  ,/,"
"37","sw04utt/sw_0400_2558.utt","2/sw2558",2558,36,"sd","A",17,2,"they were allowed to do hospital service or, {F uh, } things like that,  /","[ they/PRP ] were/VBD allowed/VBN to/TO do/VB  [ hospital/NN service/NN ] or/CC ,/,  [ uh/UH ] ,/,  [ things/NNS ] like/IN  [ that/DT ] ,/,","(S (NP-SBJ-1 (PRP they)) (VP (VBD were) (VP (VBN allowed) (S (NP-SBJ (-NONE- *-1)) (VP (TO to) (VP (VB do) (NP (NP (NN hospital) (NN service)) (CC or) (, ,) (INTJ (UH uh)) (, ,) (NP (NP (NNS things)) (PP (IN like) (NP (DT that)))))))))) (, ,) (-DFL- E_S))","50",105.9455,115.3175,"they were allowed to do hospital service or,  uh,  things like that,  "," they/PRP  were/VBD allowed/VBN to/TO do/VB   hospital/NN service/NN  or/CC ,/,   uh/UH  ,/,   things/NNS  like/IN   that/DT  ,/,"
"38","sw04utt/sw_0400_2558.utt","2/sw2558",2558,37,"%","A",17,3,"{C and } if they re-, - /","and/CC if/IN  [ they/PRP ] [ re-/XX ] ,/,","(S (CC and) (SBAR-ADV (IN if) (S (NP-SBJ (PRP they)) (VP-UNF (XX re-)))) (, ,) (-DFL- N_S))","51",105.9455,115.3175," and  if they re,  ","and/CC if/IN   they/PRP   re/XX  ,/,"
"39","sw04utt/sw_0400_2558.utt","2/sw2558",2558,38,"sd","A",17,4,"{C or }  farm work in World War One I remember --","or/CC  [ farm/NN work/NN ] in/IN  [ World/NNP War/NNP One/CD ] [ I/PRP ] remember/VBP --/:","(S (CC or) (NP-TPC-2 (NP (NN farm) (NN work)) (PP-TMP (IN in) (NP (NNP World) (NNP War) (CD One)))) (NP-SBJ-1 (PRP I)) (VP (VBP remember) (INTJ (UH uh)) (, ,) (S (NP-SBJ (-NONE- *-1)) (VP (VBG reading) (PP (IN about) (NP (-NONE- *T*-2)))))) (. .) (-DFL- E_S))","52",105.9455,115.3175," or   farm work in World War One I remember ","or/CC   farm/NN work/NN  in/IN   World/NNP War/NNP One/CD   I/PRP  remember/VBP /:"
"40","sw04utt/sw_0400_2558.utt","2/sw2558",2558,39,"b","B",18,1,"Uh-huh. /","[ Uh-huh/UH ] ./.","(INTJ (UH Uh-huh) (. .) (-DFL- E_S))","16",113.33375,113.7085,"Uhhuh. "," Uhhuh/UH  ./."
"41","sw04utt/sw_0400_2558.utt","2/sw2558",2558,40,"+","A",19,1,"-- {F uh, } reading about.  /","--/:  [ uh/UH ] ,/, reading/VBG about/IN ./.","(S (CC or) (NP-TPC-2 (NP (NN farm) (NN work)) (PP-TMP (IN in) (NP (NNP World) (NNP War) (CD One)))) (NP-SBJ-1 (PRP I)) (VP (VBP remember) (INTJ (UH uh)) (, ,) (S (NP-SBJ (-NONE- *-1)) (VP (VBG reading) (PP (IN about) (NP (-NONE- *T*-2)))))) (. .) (-DFL- E_S))","52",115.3175,123.18575,"  uh,  reading about.  ","/:   uh/UH  ,/, reading/VBG about/IN ./."
"42","sw04utt/sw_0400_2558.utt","2/sw2558",2558,41,"sv","A",19,2,"[ {C And, } +  {C and } ]  I suppose that there is, {F uh, } justification for taking everybody if you take anybody. /","And/CC ,/, and/CC  [ I/PRP ] suppose/VBP that/IN  [ there/EX ] is/VBZ ,/,  [ uh/UH ] ,/,  [ justification/NN ] for/IN taking/VBG  [ everybody/NN ] if/IN  [ you/PRP ] take/VBP  [ anybody/NN ] ./.","(S (EDITED (RM (-DFL- \[)) (CC And) (, ,) (IP (-DFL- \+))) (CC and) (RS (-DFL- \])) (NP-SBJ (PRP I)) (VP (VBP suppose) (SBAR (IN that) (S (NP-SBJ (EX there)) (VP (VBZ is) (, ,) (INTJ (UH uh)) (, ,) (NP-PRD (NP (NN justification)) (PP (IN for) (S-NOM (NP-SBJ (-NONE- *)) (VP (VBG taking) (NP (NN everybody)) (SBAR-ADV (IN if) (S (NP-SBJ (PRP you)) (VP (VBP take) (NP (NN anybody))))))))))))) (. .) (-DFL- E_S))","56",115.3175,123.18575,"  And,     and    I suppose that there is,  uh,  justification for taking everybody if you take anybody. ","And/CC ,/, and/CC   I/PRP  suppose/VBP that/IN   there/EX  is/VBZ ,/,   uh/UH  ,/,   justification/NN  for/IN taking/VBG   everybody/NN  if/IN   you/PRP  take/VBP   anybody/NN  ./."
"43","sw04utt/sw_0400_2558.utt","2/sw2558",2558,42,"b","B",20,1,"Uh-huh. /","[ Uh-huh/UH ] ./.","(INTJ (UH Uh-huh) (. .) (-DFL- E_S))","38",123.184,123.57175,"Uhhuh. "," Uhhuh/UH  ./."
"44","sw04utt/sw_0400_2558.utt","2/sw2558",2558,43,"sv","A",21,1,"{C But } I just really think that the difficulties involved in paying them, {F uh, } sorting them out, assigning them,","But/CC  [ I/PRP ] just/RB really/RB think/VBP that/IN  [ the/DT difficulties/NNS ] involved/JJ in/IN paying/VBG  [ them/PRP ] ,/,  [ uh/UH ] ,/, sorting/VBG  [ them/PRP ] out/RP ,/, assigning/VBG  [ them/PRP ] ,/,","(S (CC But) (NP-SBJ (PRP I)) (ADVP (RB just)) (ADVP (RB really)) (VP (VBP think) (SBAR (IN that) (S (NP-SBJ (NP (DT the) (NNS difficulties)) (VP (JJ involved) (NP (-NONE- *)) (PP (IN in) (S-NOM (NP-SBJ (-NONE- *)) (VP (VP (VBG paying) (NP (PRP them))) (, ,) (INTJ (UH uh)) (, ,) (VP (VBG sorting) (NP (PRP them)) (PRT (RP out))) (, ,) (VP (VBG assigning) (NP (PRP them))) (, ,) (VP (VBG training) (NP (PRP them)))))))) (VP (MD would) (VP (VB be) (ADJP-PRD (JJ insurmountable))))))) (. .) (-DFL- E_S))","60",123.7815,134.678375," But  I just really think that the difficulties involved in paying them,  uh,  sorting them out, assigning them,","But/CC   I/PRP  just/RB really/RB think/VBP that/IN   the/DT difficulties/NNS  involved/JJ in/IN paying/VBG   them/PRP  ,/,   uh/UH  ,/, sorting/VBG   them/PRP  out/RP ,/, assigning/VBG   them/PRP  ,/,"
"45","sw04utt/sw_0400_2558.utt","2/sw2558",2558,44,"b","B",22,1,"Uh-huh. /","[ Uh-huh/UH ] ./.","(INTJ (UH Uh-huh) (. .) (-DFL- E_S))","38",131.96775,132.354,"Uhhuh. "," Uhhuh/UH  ./."
"46","sw04utt/sw_0400_2558.utt","2/sw2558",2558,45,"+","A",23,1,"training them would be insurmountable. /","training/VBG  [ them/PRP ] would/MD be/VB insurmountable/JJ ./.","(S (CC But) (NP-SBJ (PRP I)) (ADVP (RB just)) (ADVP (RB really)) (VP (VBP think) (SBAR (IN that) (S (NP-SBJ (NP (DT the) (NNS difficulties)) (VP (JJ involved) (NP (-NONE- *)) (PP (IN in) (S-NOM (NP-SBJ (-NONE- *)) (VP (VP (VBG paying) (NP (PRP them))) (, ,) (INTJ (UH uh)) (, ,) (VP (VBG sorting) (NP (PRP them)) (PRT (RP out))) (, ,) (VP (VBG assigning) (NP (PRP them))) (, ,) (VP (VBG training) (NP (PRP them)))))))) (VP (MD would) (VP (VB be) (ADJP-PRD (JJ insurmountable))))))) (. .) (-DFL- E_S))","60",NA,NA,"training them would be insurmountable. ","training/VBG   them/PRP  would/MD be/VB insurmountable/JJ ./."
"47","sw04utt/sw_0400_2558.utt","2/sw2558",2558,46,"sv","B",24,1,"It seems like you'd have a lot more [ conscie-, + conscientious ]  objectors if they had that choice. /","[ It/PRP ] seems/VBZ like/IN  [ you/PRP ] 'd/MD have/VB  [ a/DT lot/NN more/JJR conscie/JJ ] ,/,  [ conscientious/JJ objectors/NNS ] if/IN  [ they/PRP ] had/VBD  [ that/DT choice/NN ] ./.","(S (NP-SBJ (PRP It)) (VP (VBZ seems) (SBAR (IN like) (S (NP-SBJ (PRP you)) (VP (MD 'd) (VP (VB have) (NP (ADJP (NP-ADV (DT a) (NN lot)) (JJR more)) (EDITED (RM (-DFL- \[)) (JJ conscie-) (, ,) (IP (-DFL- \+))) (JJ conscientious) (RS (-DFL- \])) (NNS objectors)) (SBAR-ADV (IN if) (S (NP-SBJ (PRP they)) (VP (VBD had) (NP (DT that) (NN choice)))))))))) (. .) (-DFL- E_S))","65",134.950375,139.495,"It seems like you'd have a lot more  conscie,  conscientious   objectors if they had that choice. "," It/PRP  seems/VBZ like/IN   you/PRP  'd/MD have/VB   a/DT lot/NN more/JJR conscie/JJ  ,/,   conscientious/JJ objectors/NNS  if/IN   they/PRP  had/VBD   that/DT choice/NN  ./."
"48","sw04utt/sw_0400_2558.utt","2/sw2558",2558,47,"aa","A",25,1,"Yeah,  /","Yeah/UH ,/,","(INTJ (UH Yeah) (, ,) (-DFL- E_S))","67",139.634875,142.242625,"Yeah,  ","Yeah/UH ,/,"
"49","sw04utt/sw_0400_2558.utt","2/sw2558",2558,48,"aa","A",25,2,"{D well } <laughter> it's a possibility. /","well/UH  [ it/PRP ] 's/BES  [ a/DT possibility/NN ] ./.","(S (INTJ (UH well)) (NP-SBJ (PRP it)) (VP (BES 's) (NP-PRD (DT a) (NN possibility))) (. .) (-DFL- E_S))","68",139.634875,142.242625," well  laughter it's a possibility. ","well/UH   it/PRP  's/BES   a/DT possibility/NN  ./."
"50","sw04utt/sw_0400_2558.utt","2/sw2558",2558,49,"b","B",26,1,"Yeah,  /","Yeah/UH ,/,","(INTJ (UH Yeah) (, ,) (-DFL- E_S))","67",142.438125,149.40275,"Yeah,  ","Yeah/UH ,/,"
"51","sw04utt/sw_0400_2558.utt","2/sw2558",2558,50,"sd","B",26,2,"{D you know, } [ I'd, + I'd ]  much rather work in a hospital [ than, + than ] to go war  /","[ you/PRP ] know/VBP ,/,  [ I/PRP ] 'd/MD ,/,  [ I/PRP ] 'd/MD much/RB rather/RB work/VB in/IN  [ a/DT hospital/NN ] than/IN ,/, than/IN to/TO go/VB  [ war/NN ]","(S (PRN (S (NP-SBJ (PRP you)) (VP (VBP know))) (, ,)) (EDITED (RM (-DFL- \[)) (S (NP-SBJ (PRP I)) (VP-UNF (MD 'd))) (, ,) (IP (-DFL- \+))) (NP-SBJ (PRP I)) (VP (MD 'd) (RS (-DFL- \])) (ADVP (ADVP (RB much) (RB rather)) (SBAR (-NONE- *ICH*-1))) (VP (VB work) (PP-LOC (IN in) (NP (DT a) (NN hospital))) (SBAR-1 (EDITED (RM (-DFL- \[)) (SBAR-UNF (IN than)) (, ,) (IP (-DFL- \+))) (IN than) (RS (-DFL- \])) (S (NP-SBJ (-NONE- *)) (VP (TO to) (VP (VB go) (NP (NN war)))))))) (-DFL- E_S))","71",142.438125,149.40275," you know,   I'd,  I'd   much rather work in a hospital  than,  than  to go war  "," you/PRP  know/VBP ,/,   I/PRP  'd/MD ,/,   I/PRP  'd/MD much/RB rather/RB work/VB in/IN   a/DT hospital/NN  than/IN ,/, than/IN to/TO go/VB   war/NN "
"52","sw04utt/sw_0400_2558.utt","2/sw2558",2558,51,"sv","B",26,3,"{C and } I'm sure most young men and women would.  /","and/CC  [ I/PRP ] 'm/VBP sure/RB  [ most/JJS young/JJ men/NNS ] and/CC  [ women/NNS ] would/MD ./.","(S (CC and) (NP-SBJ (PRP I)) (VP (VBP 'm) (ADJP-PRD (RB sure) (SBAR (-NONE- 0) (S (NP-SBJ (JJS most) (JJ young) (NNS men) (CC and) (NNS women)) (VP (MD would) (VP (-NONE- *?*))))))) (. .) (-DFL- E_S))","72",142.438125,149.40275," and  I'm sure most young men and women would.  ","and/CC   I/PRP  'm/VBP sure/RB   most/JJS young/JJ men/NNS  and/CC   women/NNS  would/MD ./."
"53","sw04utt/sw_0400_2558.utt","2/sw2558",2558,52,"%","B",26,4,"{C And  so, }  {F uh, } -/","And/CC so/RB ,/,  [ uh/UH ] ,/,","(S-UNF (CONJP (CC And) (RB so)) (, ,) (INTJ (UH uh)) (, ,) (-DFL- N_S))","73",142.438125,149.40275," And  so,    uh,  ","And/CC so/RB ,/,   uh/UH  ,/,"
"54","sw04utt/sw_0400_2558.utt","2/sw2558",2558,53,"sd","A",27,1,"{D Well, } I think that [ in the, + in the ]  cases [ that, + like that, ] {F uh, } they had to be, {F uh, } pretty thoroughly examined to prove that they had pacifist and  religious beliefs and so forth,","Well/UH ,/,  [ I/PRP ] think/VBP that/IN in/IN  [ the/DT ] ,/, in/IN  [ the/DT cases/NNS ] [ that/WDT ] ,/, like/IN  [ that/DT ] ,/,  [ uh/UH ] ,/,  [ they/PRP ] had/VBD to/TO be/VB ,/,  [ uh/UH ] ,/, pretty/RB thoroughly/RB examined/VBN to/TO prove/VB that/IN  [ they/PRP ] had/VBD  [ pacifist/NN ] and/CC  [ religious/NN beliefs/NNS ] and/CC so/RB forth/RB ,/,","(S (INTJ (UH Well)) (, ,) (NP-SBJ (PRP I)) (VP (VBP think) (SBAR (IN that) (S (EDITED (RM (-DFL- \[)) (PP (IN in) (NP-UNF (DT the))) (, ,) (IP (-DFL- \+))) (PP (IN in) (NP (NP (DT the) (RS (-DFL- \])) (NNS cases)) (EDITED (RM (-DFL- \[)) (WHNP (WDT that)) (, ,) (IP (-DFL- \+))) (PP (IN like) (NP (DT that))))) (, ,) (RS (-DFL- \])) (INTJ (UH uh)) (, ,) (NP-SBJ-1 (PRP they)) (VP (VBD had) (S (NP-SBJ-2 (-NONE- *-1)) (VP (TO to) (VP (VB be) (, ,) (INTJ (UH uh)) (, ,) (ADVP-MNR (RB pretty) (RB thoroughly)) (VP (VBN examined) (NP (-NONE- *-2)))))) (S-PRP (NP-SBJ (-NONE- *-1)) (VP (TO to) (VP (VB prove) (SBAR (SBAR (IN that) (S (NP-SBJ (PRP they)) (VP (VBD had) (NP (NP (ADJP (NN pacifist) (CC and) (NN religious)) (NNS beliefs)) (CC and) (ADVP-ETC (RB so) (RB forth)))))) (, ,) (CC and) (SBAR (IN that) (S (NP-SBJ (DT this)) (VP (VBD was) (RB n't) (NP-PRD (NP (NN something)) (ADJP (JJ new)) (SBAR-PRP (WHNP-3 (-NONE- 0)) (S (NP-SBJ (-NONE- *T*-3)) (ADVP (RB just)) (VP (TO to) (VP (VB keep) (PP (IN out) (PP (IN of) (S-NOM (NP-SBJ (-NONE- *)) (VP (VBG going) (PP (IN to) (NP (NN war))))))))))))))))))))))) (. .) (-DFL- E_S))","75",150.805375,166.506375," Well,  I think that  in the,  in the   cases  that,  like that,   uh,  they had to be,  uh,  pretty thoroughly examined to prove that they had pacifist and  religious beliefs and so forth,","Well/UH ,/,   I/PRP  think/VBP that/IN in/IN   the/DT  ,/, in/IN   the/DT cases/NNS   that/WDT  ,/, like/IN   that/DT  ,/,   uh/UH  ,/,   they/PRP  had/VBD to/TO be/VB ,/,   uh/UH  ,/, pretty/RB thoroughly/RB examined/VBN to/TO prove/VB that/IN   they/PRP  had/VBD   pacifist/NN  and/CC   religious/NN beliefs/NNS  and/CC so/RB forth/RB ,/,"
"55","sw04utt/sw_0400_2558.utt","2/sw2558",2558,54,"b","B",28,1,"Uh-huh. /","[ Uh-huh/UH ] ./.","(INTJ (UH Uh-huh) (. .) (-DFL- E_S))","54",162.43375,162.823,"Uhhuh. "," Uhhuh/UH  ./."
"56","sw04utt/sw_0400_2558.utt","2/sw2558",2558,55,"+","A",29,1,"{C and } that this wasn't something new just to keep out of going to war.  /","and/CC that/IN  [ this/DT was/VBD n't/RB ] [ something/NN ] new/JJ just/RB to/TO keep/VB out/IN of/IN going/VBG to/IN  [ war/NN ] ./.","(S (INTJ (UH Well)) (, ,) (NP-SBJ (PRP I)) (VP (VBP think) (SBAR (IN that) (S (EDITED (RM (-DFL- \[)) (PP (IN in) (NP-UNF (DT the))) (, ,) (IP (-DFL- \+))) (PP (IN in) (NP (NP (DT the) (RS (-DFL- \])) (NNS cases)) (EDITED (RM (-DFL- \[)) (WHNP (WDT that)) (, ,) (IP (-DFL- \+))) (PP (IN like) (NP (DT that))))) (, ,) (RS (-DFL- \])) (INTJ (UH uh)) (, ,) (NP-SBJ-1 (PRP they)) (VP (VBD had) (S (NP-SBJ-2 (-NONE- *-1)) (VP (TO to) (VP (VB be) (, ,) (INTJ (UH uh)) (, ,) (ADVP-MNR (RB pretty) (RB thoroughly)) (VP (VBN examined) (NP (-NONE- *-2)))))) (S-PRP (NP-SBJ (-NONE- *-1)) (VP (TO to) (VP (VB prove) (SBAR (SBAR (IN that) (S (NP-SBJ (PRP they)) (VP (VBD had) (NP (NP (ADJP (NN pacifist) (CC and) (NN religious)) (NNS beliefs)) (CC and) (ADVP-ETC (RB so) (RB forth)))))) (, ,) (CC and) (SBAR (IN that) (S (NP-SBJ (DT this)) (VP (VBD was) (RB n't) (NP-PRD (NP (NN something)) (ADJP (JJ new)) (SBAR-PRP (WHNP-3 (-NONE- 0)) (S (NP-SBJ (-NONE- *T*-3)) (ADVP (RB just)) (VP (TO to) (VP (VB keep) (PP (IN out) (PP (IN of) (S-NOM (NP-SBJ (-NONE- *)) (VP (VBG going) (PP (IN to) (NP (NN war))))))))))))))))))))))) (. .) (-DFL- E_S))","75",166.506375,171.606625," and  that this wasn't something new just to keep out of going to war.  ","and/CC that/IN   this/DT was/VBD n't/RB   something/NN  new/JJ just/RB to/TO keep/VB out/IN of/IN going/VBG to/IN   war/NN  ./."
"57","sw04utt/sw_0400_2558.utt","2/sw2558",2558,56,"sd","A",29,2,"It was, {F uh, } something that was a fundamental part  of their philosophy of life. /","[ It/PRP ] was/VBD ,/,  [ uh/UH ] ,/,  [ something/NN ] [ that/WDT ] was/VBD  [ a/DT fundamental/JJ part/NN ] of/IN  [ their/PRP$ philosophy/NN ] of/IN  [ life/NN ] ./.","(S (NP-SBJ (PRP It)) (VP (VBD was) (, ,) (INTJ (UH uh)) (, ,) (NP-PRD (NP (NN something)) (SBAR (WHNP-1 (WDT that)) (S (NP-SBJ (-NONE- *T*-1)) (VP (VBD was) (NP-PRD (NP (DT a) (JJ fundamental) (NN part)) (PP (IN of) (NP (NP (PRP$ their) (NN philosophy)) (PP (IN of) (NP (NN life))))))))))) (. .) (-DFL- E_S))","79",166.506375,171.606625,"It was,  uh,  something that was a fundamental part  of their philosophy of life. "," It/PRP  was/VBD ,/,   uh/UH  ,/,   something/NN   that/WDT  was/VBD   a/DT fundamental/JJ part/NN  of/IN   their/PRP$ philosophy/NN  of/IN   life/NN  ./."
"58","sw04utt/sw_0400_2558.utt","2/sw2558",2558,57,"b","B",30,1,"Uh-huh.  /","[ Uh-huh/UH ] ./.","(INTJ (UH Uh-huh) (. .) (-DFL- E_S))","54",171.539,182.613875,"Uhhuh.  "," Uhhuh/UH  ./."
"59","sw04utt/sw_0400_2558.utt","2/sw2558",2558,58,"ba","B",30,2,"{D Well, } that makes sense.  /","Well/UH ,/,  [ that/WDT ] makes/VBZ  [ sense/NN ] ./.","(S (INTJ (UH Well)) (, ,) (NP-SBJ (WDT that)) (VP (VBZ makes) (NP (NN sense))) (. .) (-DFL- E_S))","82",171.539,182.613875," Well,  that makes sense.  ","Well/UH ,/,   that/WDT  makes/VBZ   sense/NN  ./."
"60","sw04utt/sw_0400_2558.utt","2/sw2558",2558,59,"sv","B",30,3,"{C And  then }  you run into, again, [ to, + ] {F um, } the bureaucracy in running it.  /","And/CC then/RB  [ you/PRP ] run/VBP into/IN ,/, again/RB ,/, to/IN ,/, um/UH ,/,  [ the/DT bureaucracy/NN ] in/IN running/VBG  [ it/PRP ] ./.","(S (CONJP (CC And) (RB then)) (NP-SBJ-1 (PRP you)) (VP (VBP run) (PP (IN into) (PRN (, ,) (ADVP (RB again)) (, ,)) (EDITED (RM (-DFL- \[)) (PP-UNF (IN to)) (, ,) (IP (-DFL- \+)) (RS (-DFL- \]))) (INTJ (UH um)) (, ,) (NP (DT the) (NN bureaucracy))) (PP (IN in) (S-NOM (NP-SBJ (-NONE- *-1)) (VP (VBG running) (NP (PRP it)))))) (. .) (-DFL- E_S))","83",171.539,182.613875," And  then   you run into, again,  to,    um,  the bureaucracy in running it.  ","And/CC then/RB   you/PRP  run/VBP into/IN ,/, again/RB ,/, to/IN ,/, um/UH ,/,   the/DT bureaucracy/NN  in/IN running/VBG   it/PRP  ./."
"61","sw04utt/sw_0400_2558.utt","2/sw2558",2558,60,"qh","B",30,4,"{D You know, } how you going to --","[ You/PRP ] know/VBP ,/, how/WRB  [ you/PRP ] going/VBG to/TO --/:","(SBARQ (PRN (S (NP-SBJ (PRP You)) (VP (VBP know))) (, ,)) (WHADVP-1 (WRB how)) (SQ (NP-SBJ-2 (PRP you)) (VP (VBG going) (S (NP-SBJ (-NONE- *-2)) (VP (TO to) (VP (VB cover) (NP (ADJP (RB that) (JJ many)) (NNS people)) (ADVP-MNR (-NONE- *T*-1))))))))","84",171.539,182.613875," You know,  how you going to "," You/PRP  know/VBP ,/, how/WRB   you/PRP  going/VBG to/TO /:"
"62","sw04utt/sw_0400_2558.utt","2/sw2558",2558,61,"b","A",31,1,"{F Oh, } yeah. /","Oh/UH ,/, yeah/UH ./.","(INTJ (INTJ (UH Oh)) (, ,) (INTJ (UH yeah)) (. .) (-DFL- E_S))","87",179.154625,179.702875," Oh,  yeah. ","Oh/UH ,/, yeah/UH ./."
"63","sw04utt/sw_0400_2558.utt","2/sw2558",2558,62,"+","B",32,1,"-- cover that many people because we've got a lot more people now than we did then -- /","--/: cover/VB that/RB  [ many/JJ people/NNS ] because/IN  [ we/PRP ] 've/VBP got/VBN  [ a/DT lot/NN ] more/JJR  [ people/NNS ] now/RB than/IN  [ we/PRP ] did/VBD then/RB --/:","(SBARQ (PRN (S (NP-SBJ (PRP You)) (VP (VBP know))) (, ,)) (WHADVP-1 (WRB how)) (SQ (NP-SBJ-2 (PRP you)) (VP (VBG going) (S (NP-SBJ (-NONE- *-2)) (VP (TO to) (VP (VB cover) (NP (ADJP (RB that) (JJ many)) (NNS people)) (ADVP-MNR (-NONE- *T*-1))))))))|||(SBAR-PRP (IN because) (S (NP-SBJ (PRP we)) (VP (VBP 've) (VP (VBN got) (NP (NP (ADJP (NP-ADV (DT a) (NN lot)) (JJR more)) (NNS people)) (SBAR (-NONE- *ICH*-1))) (ADVP-TMP (RB now)) (SBAR-1 (IN than) (S (NP-SBJ (PRP we)) (VP (VBD did) (ADVP-TMP (RB then)))))))) (-DFL- E_S))","84|||85",NA,NA," cover that many people because we've got a lot more people now than we did then  ","/: cover/VB that/RB   many/JJ people/NNS  because/IN   we/PRP  've/VBP got/VBN   a/DT lot/NN  more/JJR   people/NNS  now/RB than/IN   we/PRP  did/VBD then/RB /:"
"64","sw04utt/sw_0400_2558.utt","2/sw2558",2558,63,"aa","A",33,1,"Sure,  /","Sure/UH ,/,","(INTJ (UH Sure) (, ,) (-DFL- E_S))","90",182.76925,188.8895,"Sure,  ","Sure/UH ,/,"
"65","sw04utt/sw_0400_2558.utt","2/sw2558",2558,64,"sv","A",33,2,"{C and, }","and/CC ,/,","(S (CC and) (, ,) (PP (IN in) (NP (NP (NN addition)) (PP (IN to) (NP (DT that))))) (, ,) (NP-SBJ (PRP we)) (VP (VBP have) (NP (DT the) (NN cost)) (SBAR-PRP (IN because) (S (NP-SBJ-1 (PRP you)) (VP (VBP have) (S (NP-SBJ (-NONE- *-1)) (VP (TO to) (VP (VB pay) (NP (NN something)) (PP (IN for) (, ,) (NP (PRP$ their) (NN room) (CC and) (NN board)))))))))) (-DFL- E_S))","91",182.76925,188.8895," and, ","and/CC ,/,"
"66","sw04utt/sw_0400_2558.utt","2/sw2558",2558,65,"%","B",34,1,"-- {D so, } -/","--/: so/UH ,/,","(INTJ (UH so) (, ,) (-DFL- N_S))","93",183.364125,183.873125,"  so,  ","/: so/UH ,/,"
"67","sw04utt/sw_0400_2558.utt","2/sw2558",2558,66,"+","A",35,1,"in addition to that, we have the cost because you have to pay something for,","in/IN  [ addition/NN ] to/IN  [ that/DT ] ,/,  [ we/PRP ] have/VBP  [ the/DT cost/NN ] because/IN  [ you/PRP ] have/VBP to/TO pay/VB  [ something/NN ] for/IN ,/,","(S (CC and) (, ,) (PP (IN in) (NP (NP (NN addition)) (PP (IN to) (NP (DT that))))) (, ,) (NP-SBJ (PRP we)) (VP (VBP have) (NP (DT the) (NN cost)) (SBAR-PRP (IN because) (S (NP-SBJ-1 (PRP you)) (VP (VBP have) (S (NP-SBJ (-NONE- *-1)) (VP (TO to) (VP (VB pay) (NP (NN something)) (PP (IN for) (, ,) (NP (PRP$ their) (NN room) (CC and) (NN board)))))))))) (-DFL- E_S))","91",NA,NA,"in addition to that, we have the cost because you have to pay something for,","in/IN   addition/NN  to/IN   that/DT  ,/,   we/PRP  have/VBP   the/DT cost/NN  because/IN   you/PRP  have/VBP to/TO pay/VB   something/NN  for/IN ,/,"
"68","sw04utt/sw_0400_2558.utt","2/sw2558",2558,67,"b","B",36,1,"Right. /","[ Right/UH ] ./.","(INTJ (UH Right) (. .) (-DFL- E_S))","96",186.28375,186.718,"Right. "," Right/UH  ./."
"69","sw04utt/sw_0400_2558.utt","2/sw2558",2558,68,"+","A",37,1,"their room and board  /","[ their/PRP$ room/NN ] and/CC  [ board/NN ]","(S (CC and) (, ,) (PP (IN in) (NP (NP (NN addition)) (PP (IN to) (NP (DT that))))) (, ,) (NP-SBJ (PRP we)) (VP (VBP have) (NP (DT the) (NN cost)) (SBAR-PRP (IN because) (S (NP-SBJ-1 (PRP you)) (VP (VBP have) (S (NP-SBJ (-NONE- *-1)) (VP (TO to) (VP (VB pay) (NP (NN something)) (PP (IN for) (, ,) (NP (PRP$ their) (NN room) (CC and) (NN board)))))))))) (-DFL- E_S))","91",188.8895,198.5425,"their room and board  "," their/PRP$ room/NN  and/CC   board/NN "
"70","sw04utt/sw_0400_2558.utt","2/sw2558",2558,69,"sv","A",37,2,"{C and  then }  you have to pay them some kind of a stipend,","and/CC then/RB  [ you/PRP ] have/VBP to/TO pay/VB  [ them/PRP ] [ some/DT kind/NN ] of/IN  [ a/DT stipend/NN ] ,/,","(S (CONJP (CC and) (RB then)) (NP-SBJ-1 (PRP you)) (VP (VBP have) (S (NP-SBJ (-NONE- *-1)) (VP (TO to) (VP (VB pay) (NP (PRP them)) (NP (NP (DT some) (NN kind)) (PP (IN of) (NP (DT a) (NN stipend)))))))) (, ,))","98",188.8895,198.5425," and  then   you have to pay them some kind of a stipend,","and/CC then/RB   you/PRP  have/VBP to/TO pay/VB   them/PRP   some/DT kind/NN  of/IN   a/DT stipend/NN  ,/,"
"71","sw04utt/sw_0400_2558.utt","2/sw2558",2558,70,"b","B",38,1,"Uh-huh. /","[ Uh-huh/UH ] ./.","(INTJ (UH Uh-huh) (. .) (-DFL- E_S))","77",191.508125,191.94,"Uhhuh. "," Uhhuh/UH  ./."
"72","sw04utt/sw_0400_2558.utt","2/sw2558",2558,71,"+","A",39,1,"{F uh, } even if it's {D like } the Peace Corps where they don't get most of it until they come home,","[ uh/UH ] ,/, even/RB if/IN  [ it/PRP ] 's/BES like/IN  [ the/DT Peace/NNP Corps/NNP ] where/WRB  [ they/PRP ] do/VBP n't/RB get/VB  [ most/JJS ] of/IN  [ it/PRP ] until/IN  [ they/PRP ] come/VBP  [ home/NN ] ,/,","(S (INTJ (UH uh)) (, ,) (SBAR-ADV (RB even) (IN if) (S (NP-SBJ (PRP it)) (VP (BES 's) (PP-PRD (UH like) (NP (NP (DT the) (NNP Peace) (NNP Corps)) (SBAR (WHADVP-2 (WRB where)) (S (NP-SBJ (PRP they)) (VP (VBP do) (RB n't) (VP (VB get) (NP (NP (JJS most)) (PP (IN of) (NP (PRP it)))) (SBAR-TMP (IN until) (S (NP-SBJ (PRP they)) (VP (VBP come) (ADVP-DIR (NN home))))) (ADVP (-NONE- *T*-2))))))))))) (, ,) (NP-SBJ-3 (PRP you)) (EDITED (RM (-DFL- \[)) (VP (VBP have) (S (NP-SBJ (-NONE- *)) (VP-UNF (TO t-)))) (, ,) (IP (-DFL- \+))) (VP (VB have) (S (NP-SBJ (-NONE- *-3)) (VP (TO to) (RS (-DFL- \])) (VP (VB pay) (NP (PRP them)) (NP (NN something)))))) (. .) (-DFL- E_S))","99",NA,NA," uh,  even if it's  like  the Peace Corps where they don't get most of it until they come home,"," uh/UH  ,/, even/RB if/IN   it/PRP  's/BES like/IN   the/DT Peace/NNP Corps/NNP  where/WRB   they/PRP  do/VBP n't/RB get/VB   most/JJS  of/IN   it/PRP  until/IN   they/PRP  come/VBP   home/NN  ,/,"
"73","sw04utt/sw_0400_2558.utt","2/sw2558",2558,72,"b","B",40,1,"Uh-huh. /","[ Uh-huh/UH ] ./.","(INTJ (UH Uh-huh) (. .) (-DFL- E_S))","77",196.140875,196.4415,"Uhhuh. "," Uhhuh/UH  ./."
"74","sw04utt/sw_0400_2558.utt","2/sw2558",2558,73,"+","A",41,1,"you [ have t-, + have to ] pay them something. /","[ you/PRP ] have/VBP  [ t-/TO ] ,/, have/VB to/TO pay/VB  [ them/PRP ] [ something/NN ] ./.","(S (INTJ (UH uh)) (, ,) (SBAR-ADV (RB even) (IN if) (S (NP-SBJ (PRP it)) (VP (BES 's) (PP-PRD (UH like) (NP (NP (DT the) (NNP Peace) (NNP Corps)) (SBAR (WHADVP-2 (WRB where)) (S (NP-SBJ (PRP they)) (VP (VBP do) (RB n't) (VP (VB get) (NP (NP (JJS most)) (PP (IN of) (NP (PRP it)))) (SBAR-TMP (IN until) (S (NP-SBJ (PRP they)) (VP (VBP come) (ADVP-DIR (NN home))))) (ADVP (-NONE- *T*-2))))))))))) (, ,) (NP-SBJ-3 (PRP you)) (EDITED (RM (-DFL- \[)) (VP (VBP have) (S (NP-SBJ (-NONE- *)) (VP-UNF (TO t-)))) (, ,) (IP (-DFL- \+))) (VP (VB have) (S (NP-SBJ (-NONE- *-3)) (VP (TO to) (RS (-DFL- \])) (VP (VB pay) (NP (PRP them)) (NP (NN something)))))) (. .) (-DFL- E_S))","99",NA,NA,"you  have t,  have to  pay them something. "," you/PRP  have/VBP   t/TO  ,/, have/VB to/TO pay/VB   them/PRP   something/NN  ./."
"75","sw04utt/sw_0400_2558.utt","2/sw2558",2558,74,"sv","B",42,1,"Plus the training involved. /","Plus/CC  [ the/DT training/NN ] involved/VBN ./.","(FRAG (CC Plus) (NP (NP (DT the) (NN training)) (VP (VBN involved) (NP (-NONE- *)))) (. .) (-DFL- E_S))","107",199.008875,200.422375,"Plus the training involved. ","Plus/CC   the/DT training/NN  involved/VBN ./."
"76","sw04utt/sw_0400_2558.utt","2/sw2558",2558,75,"b","A",43,1,"{F Oh, } yeah. /","Oh/UH ,/, yeah/UH ./.","(INTJ (INTJ (UH Oh)) (, ,) (INTJ (UH yeah)) (. .) (-DFL- E_S))","87",200.5225,201.00425," Oh,  yeah. ","Oh/UH ,/, yeah/UH ./."
"77","sw04utt/sw_0400_2558.utt","2/sw2558",2558,76,"b^m","B",44,1,"Yeah,  /","Yeah/UH ,/,","(INTJ (UH Yeah) (, ,) (-DFL- E_S))","111",200.77275,202.890875,"Yeah,  ","Yeah/UH ,/,"
"78","sw04utt/sw_0400_2558.utt","2/sw2558",2558,77,"sv","B",44,2,"that would be expensive in most cases. /","that/DT would/MD be/VB expensive/JJ in/IN  [ most/JJS cases/NNS ] ./.","(S (NP-SBJ (DT that)) (VP (MD would) (VP (VB be) (ADJP-PRD (JJ expensive)) (PP (IN in) (NP (JJS most) (NNS cases))))) (. .) (-DFL- E_S))","112",200.77275,202.890875,"that would be expensive in most cases. ","that/DT would/MD be/VB expensive/JJ in/IN   most/JJS cases/NNS  ./."
"79","sw04utt/sw_0400_2558.utt","2/sw2558",2558,78,"b","A",45,1,"Yeah, /","Yeah/UH ,/,","(INTJ (UH Yeah) (, ,) (-DFL- E_S))","111",202.936875,203.301,"Yeah, ","Yeah/UH ,/,"
"80","sw04utt/sw_0400_2558.utt","2/sw2558",2558,79,"%","B",46,1,"(( {C Because } )) , -/","Because/IN ,/,","(SBAR-PRP-UNF (IN Because) (, ,) (-DFL- N_S))","116",203.698625,203.919125,"  Because   , ","Because/IN ,/,"
"81","sw04utt/sw_0400_2558.utt","2/sw2558",2558,80,"sd","A",47,1,"{D Now } I had a lot of friends who went to the Peace Corps, {F uh, } back in the mid sixties -- /","Now/RB  [ I/PRP ] had/VBD  [ a/DT lot/NN ] of/IN  [ friends/NNS ] [ who/WP ] went/VBD to/IN  [ the/DT Peace/NNP Corps/NNP ] ,/,  [ uh/UH ] ,/, back/RB in/IN  [ the/DT mid/JJ sixties/NNS ] --/:","(S (INTJ (RB Now)) (NP-SBJ (PRP I)) (VP (VBD had) (NP (NP (DT a) (NN lot)) (PP (IN of) (NP (NP (NNS friends)) (SBAR (WHNP-1 (WP who)) (S (NP-SBJ (-NONE- *T*-1)) (VP (VBD went) (PP-DIR (IN to) (NP (DT the) (NNP Peace) (NNP Corps))) (, ,) (INTJ (UH uh)) (, ,) (PP-TMP (ADVP (RB back)) (IN in) (NP (DT the) (JJ mid) (NNS sixties)))))))))) (-DFL- E_S))","118",203.692625,209.0685," Now  I had a lot of friends who went to the Peace Corps,  uh,  back in the mid sixties  ","Now/RB   I/PRP  had/VBD   a/DT lot/NN  of/IN   friends/NNS   who/WP  went/VBD to/IN   the/DT Peace/NNP Corps/NNP  ,/,   uh/UH  ,/, back/RB in/IN   the/DT mid/JJ sixties/NNS  /:"
"82","sw04utt/sw_0400_2558.utt","2/sw2558",2558,81,"b","B",48,1,"Uh-huh. /","[ Uh-huh/UH ] ./.","(INTJ (UH Uh-huh) (. .) (-DFL- E_S))","101",209.1495,209.52925,"Uhhuh. "," Uhhuh/UH  ./."
"83","sw04utt/sw_0400_2558.utt","2/sw2558",2558,82,"sd","A",49,1,"-- {C and } it really did seem to be a worthwhile organization,  /","--/: and/CC  [ it/PRP ] really/RB did/VBD seem/VB to/TO be/VB  [ a/DT worthwhile/JJ organization/NN ] ,/,","(S (CC and) (NP-SBJ-1 (PRP it)) (ADVP (RB really)) (VP (VBD did) (VP (VB seem) (S (NP-SBJ (-NONE- *-1)) (VP (TO to) (VP (VB be) (NP-PRD (DT a) (JJ worthwhile) (NN organization))))))) (, ,) (-DFL- E_S))","122",209.688125,220.0435,"  and  it really did seem to be a worthwhile organization,  ","/: and/CC   it/PRP  really/RB did/VBD seem/VB to/TO be/VB   a/DT worthwhile/JJ organization/NN  ,/,"
"84","sw04utt/sw_0400_2558.utt","2/sw2558",2558,83,"sd","A",49,2,"{C but } on the other hand, I'm not sure what the permanent value of it was.  /","but/CC on/IN  [ the/DT other/JJ hand/NN ] ,/,  [ I/PRP ] 'm/VBP not/RB sure/JJ  [ what/WP ] [ the/DT permanent/JJ value/NN ] of/IN  [ it/PRP ] was/VBD ./.","(S (CC but) (PP (IN on) (NP (DT the) (JJ other) (NN hand))) (, ,) (NP-SBJ (PRP I)) (VP (VBP 'm) (RB not) (ADJP-PRD (JJ sure) (SBAR (WHNP-1 (WP what)) (S (NP-SBJ (NP (DT the) (JJ permanent) (NN value)) (PP (IN of) (NP (PRP it)))) (VP (VBD was) (NP-PRD (-NONE- *T*-1))))))) (. .) (-DFL- E_S))","123",209.688125,220.0435," but  on the other hand, I'm not sure what the permanent value of it was.  ","but/CC on/IN   the/DT other/JJ hand/NN  ,/,   I/PRP  'm/VBP not/RB sure/JJ   what/WP   the/DT permanent/JJ value/NN  of/IN   it/PRP  was/VBD ./."
"85","sw04utt/sw_0400_2558.utt","2/sw2558",2558,84,"sd","A",49,3,"I don't,","[ I/PRP ] do/VBP n't/RB ,/,","(S (NP-SBJ (PRP I)) (VP (VBP do) (RB n't) (, ,) (VP (VBP know) (SBAR (WHNP-1 (WP what)) (S (NP-SBJ (PRP we)) (VP (VBD got) (NP (-NONE- *T*-1)) (PP (IN for) (NP (PDT all) (DT the) (NN money)))))))) (. .) (-DFL- E_S))","124",209.688125,220.0435,"I don't,"," I/PRP  do/VBP n't/RB ,/,"
"86","sw04utt/sw_0400_2558.utt","2/sw2558",2558,85,"b","B",50,1,"Uh-huh. /","[ Uh-huh/UH ] ./.","(INTJ (UH Uh-huh) (. .) (-DFL- E_S))","101",218.013875,218.415,"Uhhuh. "," Uhhuh/UH  ./."
"87","sw04utt/sw_0400_2558.utt","2/sw2558",2558,86,"+","A",51,1,"know what we got for all the money.  /","know/VBP  [ what/WP ] [ we/PRP ] got/VBD for/IN  [ all/PDT the/DT money/NN ] ./.","(S (NP-SBJ (PRP I)) (VP (VBP do) (RB n't) (, ,) (VP (VBP know) (SBAR (WHNP-1 (WP what)) (S (NP-SBJ (PRP we)) (VP (VBD got) (NP (-NONE- *T*-1)) (PP (IN for) (NP (PDT all) (DT the) (NN money)))))))) (. .) (-DFL- E_S))","124",220.601,235.733375,"know what we got for all the money.  ","know/VBP   what/WP   we/PRP  got/VBD for/IN   all/PDT the/DT money/NN  ./."
"88","sw04utt/sw_0400_2558.utt","2/sw2558",2558,87,"sv","A",51,2,"We had an awful lot of idealistic people who went off to, {F uh, } what was then East Pakistan is now Bangladesh,","[ We/PRP ] had/VBD  [ an/DT awful/JJ lot/NN ] of/IN  [ idealistic/JJ people/NNS ] [ who/WP ] went/VBD off/IN to/IN ,/,  [ uh/UH ] ,/,  [ what/WP ] was/VBD then/RB  [ East/NNP Pakistan/NNP ] is/VBZ now/RB  [ Bangladesh/NNP ] ,/,","(S (NP-SBJ (PRP We)) (VP (VBD had) (NP (NP (DT an) (JJ awful) (NN lot)) (PP (IN of) (NP (NP (JJ idealistic) (NNS people)) (SBAR (WHNP-1 (WP who)) (S (NP-SBJ (-NONE- *T*-1)) (VP (VBD went) (PP-DIR (IN off) (PP (PP (IN to) (, ,) (INTJ (UH uh)) (, ,) (SBAR-NOM (WHNP-2 (WP what)) (S (NP-SBJ (-NONE- *T*-2)) (VP (VP (VBD was) (ADVP-TMP (RB then)) (NP-PRD (NNP East) (NNP Pakistan))) (VP (VBZ is) (ADVP-TMP (RB now)) (NP-PRD (NNP Bangladesh))))))) (, ,) (CC and) (PP (IN to) (, ,) (INTJ (UH uh)) (, ,) (NP (NNP Algeria))) (CC and) (PP (IN to) (, ,) (INTJ (UH uh)) (, ,) (NP (NP (NNP Southeast) (NNP Asia)) (CC and) (NP (NP (NNS lots)) (PP (IN of) (, ,) (INTJ (UH uh)) (, ,) (NP (JJ out-of-the-way) (NNS places))))))))))))))) (. .) (-DFL- E_S))","128",220.601,235.733375,"We had an awful lot of idealistic people who went off to,  uh,  what was then East Pakistan is now Bangladesh,"," We/PRP  had/VBD   an/DT awful/JJ lot/NN  of/IN   idealistic/JJ people/NNS   who/WP  went/VBD off/IN to/IN ,/,   uh/UH  ,/,   what/WP  was/VBD then/RB   East/NNP Pakistan/NNP  is/VBZ now/RB   Bangladesh/NNP  ,/,"
"89","sw04utt/sw_0400_2558.utt","2/sw2558",2558,88,"b","B",52,1,"Uh-huh. /","[ Uh-huh/UH ] ./.","(INTJ (UH Uh-huh) (. .) (-DFL- E_S))","104",228.391375,228.83275,"Uhhuh. "," Uhhuh/UH  ./."
"90","sw04utt/sw_0400_2558.utt","2/sw2558",2558,89,"+","A",53,1,"and to, {F uh, } Algeria and to, {F uh, } Southeast Asia and lots of, {F uh, } out-of-the-way places.  /","and/CC to/IN ,/,  [ uh/UH ] ,/,  [ Algeria/NNP ] and/CC to/IN ,/,  [ uh/UH ] ,/,  [ Southeast/NNP Asia/NNP ] and/CC  [ lots/NNS ] of/IN ,/,  [ uh/UH ] ,/,  [ out-of-the-way/JJ places/NNS ] ./.","(S (NP-SBJ (PRP We)) (VP (VBD had) (NP (NP (DT an) (JJ awful) (NN lot)) (PP (IN of) (NP (NP (JJ idealistic) (NNS people)) (SBAR (WHNP-1 (WP who)) (S (NP-SBJ (-NONE- *T*-1)) (VP (VBD went) (PP-DIR (IN off) (PP (PP (IN to) (, ,) (INTJ (UH uh)) (, ,) (SBAR-NOM (WHNP-2 (WP what)) (S (NP-SBJ (-NONE- *T*-2)) (VP (VP (VBD was) (ADVP-TMP (RB then)) (NP-PRD (NNP East) (NNP Pakistan))) (VP (VBZ is) (ADVP-TMP (RB now)) (NP-PRD (NNP Bangladesh))))))) (, ,) (CC and) (PP (IN to) (, ,) (INTJ (UH uh)) (, ,) (NP (NNP Algeria))) (CC and) (PP (IN to) (, ,) (INTJ (UH uh)) (, ,) (NP (NP (NNP Southeast) (NNP Asia)) (CC and) (NP (NP (NNS lots)) (PP (IN of) (, ,) (INTJ (UH uh)) (, ,) (NP (JJ out-of-the-way) (NNS places))))))))))))))) (. .) (-DFL- E_S))","128",235.733375,244.301875,"and to,  uh,  Algeria and to,  uh,  Southeast Asia and lots of,  uh,  outoftheway places.  ","and/CC to/IN ,/,   uh/UH  ,/,   Algeria/NNP  and/CC to/IN ,/,   uh/UH  ,/,   Southeast/NNP Asia/NNP  and/CC   lots/NNS  of/IN ,/,   uh/UH  ,/,   outoftheway/JJ places/NNS  ./."
"91","sw04utt/sw_0400_2558.utt","2/sw2558",2558,90,"sd","A",53,2,"{C But } I don't know if they really had significant effects in the places where they went,","But/CC  [ I/PRP ] do/VBP n't/RB know/VB if/IN  [ they/PRP ] really/RB had/VBD  [ significant/JJ effects/NNS ] in/IN  [ the/DT places/NNS ] where/WRB  [ they/PRP ] went/VBD ,/,","(S (CC But) (NP-SBJ (PRP I)) (VP (VBP do) (RB n't) (VP (VB know) (SBAR (IN if) (S (NP-SBJ-3 (PRP they)) (ADVP (RB really)) (VP (VBD had) (NP (JJ significant) (NNS effects)) (PP-LOC (IN in) (NP (NP (DT the) (NNS places)) (SBAR (WHADVP-2 (WRB where)) (S (NP-SBJ (PRP they)) (VP (VBD went) (ADVP-DIR (-NONE- *T*-2))))))) (, ,) (PP (IN in) (S-NOM (NP-SBJ (-NONE- *-3)) (VP (VBG teaching) (NP (DT the) (NNS people)) (SBAR (WHADVP-1 (WRB how)) (S (NP-SBJ (-NONE- *)) (VP (TO to) (VP (VB cope) (PP (IN with) (NP (PRP$ their) (NNS lives))) (ADVP-MNR (RBR better)) (ADVP-MNR (-NONE- *T*-1)))))))))))))) (. .) (-DFL- E_S))","132",235.733375,244.301875," But  I don't know if they really had significant effects in the places where they went,","But/CC   I/PRP  do/VBP n't/RB know/VB if/IN   they/PRP  really/RB had/VBD   significant/JJ effects/NNS  in/IN   the/DT places/NNS  where/WRB   they/PRP  went/VBD ,/,"
"92","sw04utt/sw_0400_2558.utt","2/sw2558",2558,91,"b","B",54,1,"Uh-huh. /","[ Uh-huh/UH ] ./.","(INTJ (UH Uh-huh) (. .) (-DFL- E_S))","120",241.01725,241.382875,"Uhhuh. "," Uhhuh/UH  ./."
"93","sw04utt/sw_0400_2558.utt","2/sw2558",2558,92,"+","A",55,1,"in teaching the people how to cope with their lives better. /","in/IN teaching/VBG  [ the/DT people/NNS ] how/WRB to/TO cope/VB with/IN  [ their/PRP$ lives/NNS ] better/RBR ./.","(S (CC But) (NP-SBJ (PRP I)) (VP (VBP do) (RB n't) (VP (VB know) (SBAR (IN if) (S (NP-SBJ-3 (PRP they)) (ADVP (RB really)) (VP (VBD had) (NP (JJ significant) (NNS effects)) (PP-LOC (IN in) (NP (NP (DT the) (NNS places)) (SBAR (WHADVP-2 (WRB where)) (S (NP-SBJ (PRP they)) (VP (VBD went) (ADVP-DIR (-NONE- *T*-2))))))) (, ,) (PP (IN in) (S-NOM (NP-SBJ (-NONE- *-3)) (VP (VBG teaching) (NP (DT the) (NNS people)) (SBAR (WHADVP-1 (WRB how)) (S (NP-SBJ (-NONE- *)) (VP (TO to) (VP (VB cope) (PP (IN with) (NP (PRP$ their) (NNS lives))) (ADVP-MNR (RBR better)) (ADVP-MNR (-NONE- *T*-1)))))))))))))) (. .) (-DFL- E_S))","132",NA,NA,"in teaching the people how to cope with their lives better. ","in/IN teaching/VBG   the/DT people/NNS  how/WRB to/TO cope/VB with/IN   their/PRP$ lives/NNS  better/RBR ./."
"94","sw04utt/sw_0400_2558.utt","2/sw2558",2558,93,"%","B",56,1,"{D Well, } I know in, - /","Well/UH ,/,  [ I/PRP ] know/VBP in/IN ,/,","(S (INTJ (UH Well)) (, ,) (NP-SBJ (PRP I)) (VP (VBP know) (SBAR (-NONE- 0) (S (PP-UNF (IN in))))) (, ,) (-DFL- N_S))","137",245.07325,250.858875," Well,  I know in,  ","Well/UH ,/,   I/PRP  know/VBP in/IN ,/,"
"95","sw04utt/sw_0400_2558.utt","2/sw2558",2558,94,"sd","B",56,2,"I personally took a year and a half and went as a missionary and taught Christianity in Japan. /","[ I/PRP ] personally/RB took/VBD  [ a/DT year/NN ] and/CC  [ a/DT half/NN ] and/CC went/VBD as/IN  [ a/DT missionary/NN ] and/CC taught/VBD  [ Christianity/NNP ] in/IN  [ Japan/NNP ] ./.","(S (NP-SBJ (PRP I)) (ADVP (RB personally)) (VP (VP (VBD took) (NP (DT a) (NN year) (QP (CC and) (DT a) (NN half)))) (CC and) (VP (VBD went) (PP (IN as) (NP (DT a) (NN missionary)))) (CC and) (VP (VBD taught) (NP (NNP Christianity)) (PP-LOC (IN in) (NP (NNP Japan))))) (. .) (-DFL- E_S))","138",245.07325,250.858875,"I personally took a year and a half and went as a missionary and taught Christianity in Japan. "," I/PRP  personally/RB took/VBD   a/DT year/NN  and/CC   a/DT half/NN  and/CC went/VBD as/IN   a/DT missionary/NN  and/CC taught/VBD   Christianity/NNP  in/IN   Japan/NNP  ./."
"96","sw04utt/sw_0400_2558.utt","2/sw2558",2558,95,"b","A",57,1,"Uh-huh. /","[ Uh-huh/UH ] ./.","(INTJ (UH Uh-huh) (. .) (-DFL- E_S))","120",250.999625,251.548125,"Uhhuh. "," Uhhuh/UH  ./."
"97","sw04utt/sw_0400_2558.utt","2/sw2558",2558,96,"sd","B",58,1,"{C And } I was living such a stringent lifestyle that it was very beneficial to me.  /","And/CC  [ I/PRP ] was/VBD living/VBG  [ such/PDT a/DT stringent/JJ lifestyle/NN ] that/IN  [ it/PRP ] was/VBD very/RB beneficial/JJ to/IN  [ me/PRP ] ./.","(S (CC And) (NP-SBJ (PRP I)) (VP (VBD was) (VP (VBG living) (NP (NP (PDT such) (DT a) (JJ stringent) (NN lifestyle)) (SBAR (IN that) (S (NP-SBJ (PRP it)) (VP (VBD was) (ADJP-PRD (RB very) (JJ beneficial) (PP (IN to) (NP (PRP me)))))))))) (. .) (-DFL- E_S))","142",251.625875,259.507625," And  I was living such a stringent lifestyle that it was very beneficial to me.  ","And/CC   I/PRP  was/VBD living/VBG   such/PDT a/DT stringent/JJ lifestyle/NN  that/IN   it/PRP  was/VBD very/RB beneficial/JJ to/IN   me/PRP  ./."
"98","sw04utt/sw_0400_2558.utt","2/sw2558",2558,97,"sd","B",58,2,"It taught me not to be so self-centered  and [ it, + ] {D you know, } to think of others. /","[ It/PRP ] taught/VBD  [ me/PRP ] not/RB to/TO be/VB so/RB self-centered/JJ and/CC  [ it/PRP ] ,/,  [ you/PRP ] know/VBP ,/, to/TO think/VB of/IN  [ others/NNS ] ./.","(S (NP-SBJ (PRP It)) (VP (VBD taught) (NP-1 (PRP me)) (S (NP-SBJ (-NONE- *-1)) (VP (VP (RB not) (TO to) (VP (VB be) (ADJP-PRD (RB so) (JJ self-centered)))) (CC and) (EDITED (RM (-DFL- \[)) (NP (PRP it)) (, ,) (IP (-DFL- \+)) (RS (-DFL- \]))) (PRN (S (NP-SBJ (PRP you)) (VP (VBP know))) (, ,)) (VP (TO to) (VP (VB think) (PP (IN of) (NP (NNS others)))))))) (. .) (-DFL- E_S))","143",251.625875,259.507625,"It taught me not to be so selfcentered  and  it,    you know,  to think of others. "," It/PRP  taught/VBD   me/PRP  not/RB to/TO be/VB so/RB selfcentered/JJ and/CC   it/PRP  ,/,   you/PRP  know/VBP ,/, to/TO think/VB of/IN   others/NNS  ./."
"99","sw04utt/sw_0400_2558.utt","2/sw2558",2558,98,"b","A",59,1,"Uh-huh. /","[ Uh-huh/UH ] ./.","(INTJ (UH Uh-huh) (. .) (-DFL- E_S))","120",259.658375,260.030875,"Uhhuh. "," Uhhuh/UH  ./."
"100","sw04utt/sw_0400_2558.utt","2/sw2558",2558,99,"sd","B",60,1,"{C But } I don't know if I was doing it in different situation,  {D you know, } not a really religious background, [ if, + if ]  I would get a lot out of it.  /","But/CC  [ I/PRP ] do/VBP n't/RB know/VB if/IN  [ I/PRP ] was/VBD doing/VBG  [ it/PRP ] in/IN  [ different/JJ situation/NN ] ,/,  [ you/PRP ] know/VBP ,/, not/RB  [ a/DT ] really/RB  [ religious/NN background/NN ] ,/, if/IN ,/, if/IN  [ I/PRP ] would/MD get/VB  [ a/DT lot/NN ] out/IN of/IN  [ it/PRP ] ./.","(S (CC But) (NP-SBJ (PRP I)) (VP (VBP do) (RB n't) (VP (VB know) (SBAR (SBAR (IN if) (S (NP-SBJ (PRP I)) (VP (VBD was) (VP (VBG doing) (NP (PRP it)) (PP (IN in) (NP (NP (JJ different) (NN situation)) (PRN (, ,) (S (NP-SBJ (PRP you)) (VP (VBP know))) (, ,)) (RB not) (NP (DT a) (ADJP (RB really) (NN religious)) (NN background)))))))) (, ,) (SBAR (EDITED (RM (-DFL- \[)) (SBAR-UNF (IN if)) (, ,) (IP (-DFL- \+))) (IN if) (RS (-DFL- \])) (S (NP-SBJ (PRP I)) (VP (MD would) (VP (VB get) (NP (DT a) (NN lot)) (PP (IN out) (PP (IN of) (NP (PRP it))))))))))) (. .) (-DFL- E_S))","147",260.13475,274.884375," But  I don't know if I was doing it in different situation,   you know,  not a really religious background,  if,  if   I would get a lot out of it.  ","But/CC   I/PRP  do/VBP n't/RB know/VB if/IN   I/PRP  was/VBD doing/VBG   it/PRP  in/IN   different/JJ situation/NN  ,/,   you/PRP  know/VBP ,/, not/RB   a/DT  really/RB   religious/NN background/NN  ,/, if/IN ,/, if/IN   I/PRP  would/MD get/VB   a/DT lot/NN  out/IN of/IN   it/PRP  ./."
"101","sw04utt/sw_0400_2558.utt","2/sw2558",2558,100,"sv","B",60,2,"{D You know, }  I think I did because [ it, + {D you know, } it ]  emphasized that sort of thing.  /","[ You/PRP ] know/VBP ,/,  [ I/PRP ] think/VBP  [ I/PRP ] did/VBD because/IN  [ it/PRP ] ,/,  [ you/PRP ] know/VBP ,/,  [ it/PRP ] emphasized/VBD that/DT  [ sort/NN ] of/IN  [ thing/NN ] ./.","(S (PRN (S (NP-SBJ (PRP You)) (VP (VBP know))) (, ,)) (NP-SBJ (PRP I)) (VP (VBP think) (SBAR (-NONE- 0) (S (NP-SBJ (PRP I)) (VP (VBD did) (SBAR-PRP (IN because) (S (EDITED (RM (-DFL- \[)) (NP-SBJ (PRP it)) (, ,) (IP (-DFL- \+))) (PRN (S (NP-SBJ (PRP you)) (VP (VBP know))) (, ,)) (NP-SBJ (PRP it)) (RS (-DFL- \])) (VP (VBD emphasized) (NP (NP (DT that) (NN sort)) (PP (IN of) (NP (NN thing))))))))))) (. .) (-DFL- E_S))","148",260.13475,274.884375," You know,   I think I did because  it,   you know,  it   emphasized that sort of thing.  "," You/PRP  know/VBP ,/,   I/PRP  think/VBP   I/PRP  did/VBD because/IN   it/PRP  ,/,   you/PRP  know/VBP ,/,   it/PRP  emphasized/VBD that/DT   sort/NN  of/IN   thing/NN  ./."
"102","sw04utt/sw_0400_2558.utt","2/sw2558",2558,101,"sd","B",60,3,"{D You know, }  a lot of --","[ You/PRP ] know/VBP ,/,  [ a/DT lot/NN ] of/IN --/:","(FRAG (PRN (S (NP-SBJ (PRP You)) (VP (VBP know))) (, ,)) (NP (NP (DT a) (NN lot)) (PP (IN of) (NP (NN self) (NN evaluation)))) (. .) (-DFL- E_S))","149",260.13475,274.884375," You know,   a lot of "," You/PRP  know/VBP ,/,   a/DT lot/NN  of/IN /:"
"103","sw04utt/sw_0400_2558.utt","2/sw2558",2558,102,"b","A",61,1,"Sure. /","[ Sure/UH ] ./.","(INTJ (UH Sure) (. .) (-DFL- E_S))","151",271.747125,272.388875,"Sure. "," Sure/UH  ./."
"104","sw04utt/sw_0400_2558.utt","2/sw2558",2558,103,"+","B",62,1,"-- self evaluation. /","--/:  [ self/NN evaluation/NN ] ./.","(FRAG (PRN (S (NP-SBJ (PRP You)) (VP (VBP know))) (, ,)) (NP (NP (DT a) (NN lot)) (PP (IN of) (NP (NN self) (NN evaluation)))) (. .) (-DFL- E_S))","149",NA,NA," self evaluation. ","/:   self/NN evaluation/NN  ./."
"105","sw04utt/sw_0400_2558.utt","2/sw2558",2558,104,"sd","A",63,1,"{C And } it was definitely voluntary, too.  /","And/CC  [ it/PRP ] was/VBD definitely/RB  [ voluntary/JJ ] ,/, too/RB ./.","(S (CC And) (NP-SBJ (PRP it)) (VP (VBD was) (ADVP (RB definitely)) (ADJP-PRD (JJ voluntary)) (, ,) (ADVP (RB too))) (. .) (-DFL- E_S))","154",274.055125,279.553375," And  it was definitely voluntary, too.  ","And/CC   it/PRP  was/VBD definitely/RB   voluntary/JJ  ,/, too/RB ./."
"106","sw04utt/sw_0400_2558.utt","2/sw2558",2558,105,"sd","A",63,2,"They were not drafting you and  sending you,","[ They/PRP ] were/VBD not/RB drafting/VBG  [ you/PRP ] and/CC sending/VBG  [ you/PRP ] ,/,","(S (NP-SBJ (PRP They)) (VP (VBD were) (RB not) (VP (VP (VBG drafting) (NP (PRP you))) (CC and) (VP (VBG sending) (NP (PRP you))) (, ,) (PP (IN against) (NP (PRP$ your) (NN will))))) (. .) (-DFL- E_S))","155",274.055125,279.553375,"They were not drafting you and  sending you,"," They/PRP  were/VBD not/RB drafting/VBG   you/PRP  and/CC sending/VBG   you/PRP  ,/,"
"107","sw04utt/sw_0400_2558.utt","2/sw2558",2558,106,"b","B",64,1,"Right. /","[ Right/UH ] ./.","(INTJ (UH Right) (. .) (-DFL- E_S))","157",278.35175,278.80475,"Right. "," Right/UH  ./."
"108","sw04utt/sw_0400_2558.utt","2/sw2558",2558,107,"+","A",65,1,"against your will. /","against/IN  [ your/PRP$ will/NN ] ./.","(S (NP-SBJ (PRP They)) (VP (VBD were) (RB not) (VP (VP (VBG drafting) (NP (PRP you))) (CC and) (VP (VBG sending) (NP (PRP you))) (, ,) (PP (IN against) (NP (PRP$ your) (NN will))))) (. .) (-DFL- E_S))","155",NA,NA,"against your will. ","against/IN   your/PRP$ will/NN  ./."
"109","sw04utt/sw_0400_2558.utt","2/sw2558",2558,108,"b","B",66,1,"Right.  /","[ Right/UH ] ./.","(INTJ (UH Right) (. .) (-DFL- E_S))","157",279.770875,283.738875,"Right.  "," Right/UH  ./."
"110","sw04utt/sw_0400_2558.utt","2/sw2558",2558,109,"sv","B",66,2,"{C And } [ that, +  I'm sure that  ] would make a big difference, too.  /","And/CC  [ that/DT ] ,/,  [ I/PRP ] 'm/VBP sure/JJ  [ that/DT ] would/MD make/VB  [ a/DT big/JJ difference/NN ] ,/, too/RB ./.","(S (CC And) (EDITED (RM (-DFL- \[)) (NP-SBJ (DT that)) (, ,) (IP (-DFL- \+))) (NP-SBJ (PRP I)) (VP (VBP 'm) (ADJP-PRD (JJ sure) (SBAR (-NONE- 0) (S (NP-SBJ (DT that)) (RS (-DFL- \])) (VP (MD would) (VP (VB make) (NP (DT a) (JJ big) (NN difference)) (, ,) (ADVP (RB too)))))))) (. .) (-DFL- E_S))","161",279.770875,283.738875," And   that,   I'm sure that   would make a big difference, too.  ","And/CC   that/DT  ,/,   I/PRP  'm/VBP sure/JJ   that/DT  would/MD make/VB   a/DT big/JJ difference/NN  ,/, too/RB ./."
"111","sw04utt/sw_0400_2558.utt","2/sw2558",2558,110,"%","B",66,3,"{D You know, }  (( you've got )) , -/","[ You/PRP ] know/VBP ,/,  [ you/PRP ] 've/VBP got/VBN ,/,","(S (PRN (S (NP-SBJ (PRP You)) (VP (VBP know))) (, ,)) (NP-SBJ (PRP you)) (VP (VBP 've) (VP-UNF (VBN got))) (, ,) (-DFL- N_S))","162",279.770875,283.738875," You know,    you've got  , "," You/PRP  know/VBP ,/,   you/PRP  've/VBP got/VBN ,/,"
"112","sw04utt/sw_0400_2558.utt","2/sw2558",2558,111,"aa","A",67,1,"Yeah.  /","Yeah/UH ./.","(INTJ (UH Yeah) (. .) (-DFL- E_S))","164",282.5565,287.136375,"Yeah.  ","Yeah/UH ./."
"113","sw04utt/sw_0400_2558.utt","2/sw2558",2558,112,"qo","A",67,2,"{D Well, } what about a voluntary program?  /","Well/UH ,/,  [ what/WP ] about/IN  [ a/DT voluntary/JJ program/NN ] ?/.","(FRAG (INTJ (UH Well)) (, ,) (WHNP (WP what)) (PP (IN about) (NP (DT a) (JJ voluntary) (NN program))) (. ?) (-DFL- E_S))","165",282.5565,287.136375," Well,  what about a voluntary program?  ","Well/UH ,/,   what/WP  about/IN   a/DT voluntary/JJ program/NN  ?/."
"114","sw04utt/sw_0400_2558.utt","2/sw2558",2558,113,"qy","A",67,3,"Do you think that would be a good idea? /","Do/VBP  [ you/PRP ] think/VB  [ that/DT ] would/MD be/VB  [ a/DT good/JJ idea/NN ] ?/.","(SQ (VBP Do) (NP-SBJ (PRP you)) (VP (VB think) (SBAR (-NONE- 0) (S (NP-SBJ (DT that)) (VP (MD would) (VP (VB be) (NP-PRD (DT a) (JJ good) (NN idea))))))) (. ?) (-DFL- E_S))","166",282.5565,287.136375,"Do you think that would be a good idea? ","Do/VBP   you/PRP  think/VB   that/DT  would/MD be/VB   a/DT good/JJ idea/NN  ?/."
"115","sw04utt/sw_0400_2558.utt","2/sw2558",2558,114,"sd","B",68,1,"{F Um, } {D well, } like I say, I know that there are some type of programs that they have available for [ a youth, + {D like } teenagers  ] to go and do, {F um, } work in the national parks and work in, {F uh, } neighborhoods to [ do, + ] {F um, } clean up and that sort of thing.  /","Um/UH ,/, well/UH ,/, like/IN  [ I/PRP ] say/VBP ,/,  [ I/PRP ] know/VBP that/IN  [ there/EX ] are/VBP  [ some/DT type/NN ] of/IN  [ programs/NNS ] that/WDT  [ they/PRP ] have/VBP  [ available/JJ ] for/IN  [ a/DT youth/NN ] ,/, like/IN  [ teenagers/NNS ] to/TO go/VB and/CC do/VB ,/, um/UH ,/, work/NN in/IN  [ the/DT national/JJ parks/NNS ] and/CC work/VB in/IN ,/,  [ uh/UH ] ,/,  [ neighborhoods/NNS ] to/TO do/VB ,/, um/UH ,/, clean/VB up/RP and/CC  [ that/DT sort/NN ] of/IN  [ thing/NN ] ./.","(S (INTJ (UH Um)) (, ,) (INTJ (UH well)) (, ,) (SBAR-ADV (IN like) (S (NP-SBJ (PRP I)) (VP (VBP say)))) (, ,) (NP-SBJ (PRP I)) (VP (VBP know) (SBAR (IN that) (S (NP-SBJ (EX there)) (VP (VBP are) (NP-PRD (NP (DT some) (NN type)) (PP (IN of) (NP (NNS programs))) (SBAR (WHNP-1 (WDT that)) (S (NP-SBJ (PRP they)) (VP (VBP have) (S (NP-SBJ (-NONE- *T*-1)) (ADJP-PRD (JJ available) (SBAR (IN for) (S (EDITED (RM (-DFL- \[)) (NP-SBJ (DT a) (NN youth)) (, ,) (IP (-DFL- \+))) (INTJ (UH like)) (NP-SBJ-2 (NNS teenagers)) (RS (-DFL- \])) (VP (TO to) (VP (VP (VB go)) (CC and) (VP (VB do) (, ,) (INTJ (UH um)) (, ,) (NP (NN work)) (PP-LOC (IN in) (NP (DT the) (JJ national) (NNS parks)))) (CC and) (VP (VB work) (PP-LOC (IN in) (, ,) (INTJ (UH uh)) (, ,) (NP (NNS neighborhoods))) (S-PRP (NP-SBJ (-NONE- *-2)) (VP (TO to) (EDITED (RM (-DFL- \[)) (VP-UNF (VB do)) (, ,) (IP (-DFL- \+)) (RS (-DFL- \]))) (INTJ (UH um)) (, ,) (VP (VP (VB clean) (PRT (RP up))) (CC and) (NP-ETC (NP (DT that) (NN sort)) (PP (IN of) (NP (NN thing)))))))))))))))))))))) (. .) (-DFL- E_S))","168",287.64175,309.938625," Um,   well,  like I say, I know that there are some type of programs that they have available for  a youth,   like  teenagers   to go and do,  um,  work in the national parks and work in,  uh,  neighborhoods to  do,    um,  clean up and that sort of thing.  ","Um/UH ,/, well/UH ,/, like/IN   I/PRP  say/VBP ,/,   I/PRP  know/VBP that/IN   there/EX  are/VBP   some/DT type/NN  of/IN   programs/NNS  that/WDT   they/PRP  have/VBP   available/JJ  for/IN   a/DT youth/NN  ,/, like/IN   teenagers/NNS  to/TO go/VB and/CC do/VB ,/, um/UH ,/, work/NN in/IN   the/DT national/JJ parks/NNS  and/CC work/VB in/IN ,/,   uh/UH  ,/,   neighborhoods/NNS  to/TO do/VB ,/, um/UH ,/, clean/VB up/RP and/CC   that/DT sort/NN  of/IN   thing/NN  ./."
"116","sw04utt/sw_0400_2558.utt","2/sw2558",2558,115,"sd","B",68,2,"{D But } I don't know what organization it's under.  /","But/CC  [ I/PRP ] do/VBP n't/RB know/VB  [ what/WDT organization/NN ] [ it/PRP ] 's/BES under/IN ./.","(S (CC But) (NP-SBJ (PRP I)) (VP (VBP do) (RB n't) (VP (VB know) (SBAR (WHNP-1 (WDT what) (NN organization)) (S (NP-SBJ (PRP it)) (VP (BES 's) (PP-PRD (IN under) (NP (-NONE- *T*-1)))))))) (. .) (-DFL- E_S))","169",287.64175,309.938625," But  I don't know what organization it's under.  ","But/CC   I/PRP  do/VBP n't/RB know/VB   what/WDT organization/NN   it/PRP  's/BES under/IN ./."
"117","sw04utt/sw_0400_2558.utt","2/sw2558",2558,116,"sd","B",68,3,"I don't know if it's a government run or if it's a private --","[ I/PRP ] do/VBP n't/RB know/VB if/IN  [ it/PRP ] 's/BES  [ a/DT government/NN ] run/VBN or/CC if/IN  [ it/PRP ] 's/BES  [ a/DT private/JJ ] --/:","(S (NP-SBJ (PRP I)) (VP (VBP do) (RB n't) (VP (VB know) (SBAR (SBAR (IN if) (S-CLF (NP-SBJ (PRP it)) (VP (BES 's) (NP-PRD (DT a) (ADJP (NN government) (VBN run)) (NX (-NONE- *RNR*-2))) (SBAR (-NONE- *RNR*-3))))) (CC or) (SBAR (IN if) (S-CLF (NP-SBJ (PRP it)) (VP (BES 's) (NP-PRD (DT a) (JJ private) (NX (-NONE- *RNR*-2))) (SBAR (-NONE- *RNR*-3))))) (NX-2 (NN charity)) (SBAR-3 (WHNP-1 (WDT that)) (S (NP-SBJ (-NONE- *T*-1)) (VP (HVS 's) (VP (VBN put) (NP (PRP it)) (ADVP (RB together))))))))) (. .) (-DFL- E_S))","170",287.64175,309.938625,"I don't know if it's a government run or if it's a private "," I/PRP  do/VBP n't/RB know/VB if/IN   it/PRP  's/BES   a/DT government/NN  run/VBN or/CC if/IN   it/PRP  's/BES   a/DT private/JJ  /:"
"118","sw04utt/sw_0400_2558.utt","2/sw2558",2558,117,"sd","A",69,1,"I don't either. /","[ I/PRP ] do/VBP n't/RB either/RB ./.","(S (NP-SBJ (PRP I)) (VP (VBP do) (RB n't) (ADVP (RB either))) (. .) (-DFL- E_S))","172",307.318,307.898875,"I don't either. "," I/PRP  do/VBP n't/RB either/RB ./."
"119","sw04utt/sw_0400_2558.utt","2/sw2558",2558,118,"+","B",70,1,"-- charity that's put it together.  /","--/:  [ charity/NN ] [ that/WDT ] 's/HVS put/VBN  [ it/PRP ] together/RB ./.","(S (NP-SBJ (PRP I)) (VP (VBP do) (RB n't) (VP (VB know) (SBAR (SBAR (IN if) (S-CLF (NP-SBJ (PRP it)) (VP (BES 's) (NP-PRD (DT a) (ADJP (NN government) (VBN run)) (NX (-NONE- *RNR*-2))) (SBAR (-NONE- *RNR*-3))))) (CC or) (SBAR (IN if) (S-CLF (NP-SBJ (PRP it)) (VP (BES 's) (NP-PRD (DT a) (JJ private) (NX (-NONE- *RNR*-2))) (SBAR (-NONE- *RNR*-3))))) (NX-2 (NN charity)) (SBAR-3 (WHNP-1 (WDT that)) (S (NP-SBJ (-NONE- *T*-1)) (VP (HVS 's) (VP (VBN put) (NP (PRP it)) (ADVP (RB together))))))))) (. .) (-DFL- E_S))","170",309.938625,314.5855," charity that's put it together.  ","/:   charity/NN   that/WDT  's/HVS put/VBN   it/PRP  together/RB ./."
"120","sw04utt/sw_0400_2558.utt","2/sw2558",2558,119,"sv","B",70,2,"{C But } I know that that helps a lot with training and, {F um } --","But/CC  [ I/PRP ] know/VBP that/IN  [ that/DT ] helps/VBZ  [ a/DT lot/NN ] with/IN  [ training/NN ] and/CC ,/, um/UH --/:","(S (CC But) (NP-SBJ (PRP I)) (VP (VBP know) (SBAR (IN that) (S (NP-SBJ (DT that)) (VP (VBZ helps) (NP-ADV (DT a) (NN lot)) (PP (IN with) (NP (NP (NN training)) (CC and) (, ,) (INTJ (UH um)) (NP (NP (DT a) (NN lot)) (PP-UNF (IN of))))))))) (, ,) (-DFL- N_S))","174",309.938625,314.5855," But  I know that that helps a lot with training and,  um  ","But/CC   I/PRP  know/VBP that/IN   that/DT  helps/VBZ   a/DT lot/NN  with/IN   training/NN  and/CC ,/, um/UH /:"
"121","sw04utt/sw_0400_2558.utt","2/sw2558",2558,120,"aa","A",71,1,"Yeah,  /","Yeah/UH ,/,","(INTJ (UH Yeah) (, ,) (-DFL- E_S))","176",313.48125,321.29275,"Yeah,  ","Yeah/UH ,/,"
"122","sw04utt/sw_0400_2558.utt","2/sw2558",2558,121,"sd","A",71,2,"out here in California,","out/IN here/RB in/IN  [ California/NNP ] ,/,","(S (PP-LOC (IN out) (ADVP (RB here))) (PP-LOC (IN in) (NP (NNP California))) (, ,) (NP-SBJ (EX there)) (VP (BES 's) (NP-PRD (NP (DT a) (NN program)) (PP (IN like) (NP (DT that))) (PP (IN for) (, ,) (INTJ (UH uh)) (, ,) (NP (JJ juvenile) (NNS delinquents))))) (, ,))","177",313.48125,321.29275,"out here in California,","out/IN here/RB in/IN   California/NNP  ,/,"
"123","sw04utt/sw_0400_2558.utt","2/sw2558",2558,122,"+","B",72,1,"-- a lot of, -/","--/:  [ a/DT lot/NN ] of/IN ,/,","(S (CC But) (NP-SBJ (PRP I)) (VP (VBP know) (SBAR (IN that) (S (NP-SBJ (DT that)) (VP (VBZ helps) (NP-ADV (DT a) (NN lot)) (PP (IN with) (NP (NP (NN training)) (CC and) (, ,) (INTJ (UH um)) (NP (NP (DT a) (NN lot)) (PP-UNF (IN of))))))))) (, ,) (-DFL- N_S))","174",NA,NA," a lot of, ","/:   a/DT lot/NN  of/IN ,/,"
"124","sw04utt/sw_0400_2558.utt","2/sw2558",2558,123,"+","A",73,1,"there's a program like that for, {F uh, } juvenile delinquents, [ the, + the ] ones that are not dangerous  /","[ there/EX ] 's/BES  [ a/DT program/NN ] like/IN  [ that/DT ] for/IN ,/,  [ uh/UH ] ,/,  [ juvenile/JJ delinquents/NNS ] ,/,  [ the/DT ] ,/,  [ the/DT ones/NNS ] [ that/WDT ] are/VBP not/RB dangerous/JJ","(S (PP-LOC (IN out) (ADVP (RB here))) (PP-LOC (IN in) (NP (NNP California))) (, ,) (NP-SBJ (EX there)) (VP (BES 's) (NP-PRD (NP (DT a) (NN program)) (PP (IN like) (NP (DT that))) (PP (IN for) (, ,) (INTJ (UH uh)) (, ,) (NP (JJ juvenile) (NNS delinquents))))) (, ,))|||(S (EDITED (RM (-DFL- \[)) (NP-SBJ-UNF (DT the)) (, ,) (IP (-DFL- \+))) (NP-SBJ (NP (DT the) (RS (-DFL- \])) (NNS ones)) (SBAR (WHNP-1 (WDT that)) (S (NP-SBJ (-NONE- *T*-1)) (VP (VBP are) (RB not) (ADJP-PRD (JJ dangerous)))))) (-DFL- E_S))","177|||178",321.29275,326.936375,"there's a program like that for,  uh,  juvenile delinquents,  the,  the  ones that are not dangerous  "," there/EX  's/BES   a/DT program/NN  like/IN   that/DT  for/IN ,/,   uh/UH  ,/,   juvenile/JJ delinquents/NNS  ,/,   the/DT  ,/,   the/DT ones/NNS   that/WDT  are/VBP not/RB dangerous/JJ"
"125","sw04utt/sw_0400_2558.utt","2/sw2558",2558,124,"sd","A",73,2,"{C and } they don't have to be locked up go to these, {F uh, } camps.  /","and/CC  [ they/PRP ] do/VBP n't/RB have/VB to/TO be/VB locked/VBN up/RP go/VB to/IN  [ these/DT ] ,/,  [ uh/UH ] ,/,  [ camps/NNS ] ./.","(X (CC and) (S (NP-SBJ-1 (PRP they)) (VP (VBP do) (RB n't) (VP (VB have) (S (NP-SBJ-2 (-NONE- *-1)) (VP (TO to) (VP (VB be) (VP (VBN locked) (NP (-NONE- *-2)) (PRT (RP up))))))))) (VP (VB go) (PP-DIR (IN to) (NP (DT these) (, ,) (INTJ (UH uh)) (, ,) (NNS camps)))) (. .) (-DFL- E_S))","181",321.29275,326.936375," and  they don't have to be locked up go to these,  uh,  camps.  ","and/CC   they/PRP  do/VBP n't/RB have/VB to/TO be/VB locked/VBN up/RP go/VB to/IN   these/DT  ,/,   uh/UH  ,/,   camps/NNS  ./."
"126","sw04utt/sw_0400_2558.utt","2/sw2558",2558,125,"sd","A",73,3,"{C And } they,","And/CC  [ they/PRP ] ,/,","(S (CC And) (NP-SBJ (PRP they)) (, ,) (VP (VBP do) (NP (NN forestry) (NN work))) (. .) (-DFL- E_S))","182",321.29275,326.936375," And  they,","And/CC   they/PRP  ,/,"
"127","sw04utt/sw_0400_2558.utt","2/sw2558",2558,126,"b","B",74,1,"Uh-huh. /","[ Uh-huh/UH ] ./.","(INTJ (UH Uh-huh) (. .) (-DFL- E_S))","184",324.684,325.151875,"Uhhuh. "," Uhhuh/UH  ./."
"128","sw04utt/sw_0400_2558.utt","2/sw2558",2558,127,"+","A",75,1,"do forestry work.  /","do/VBP  [ forestry/NN work/NN ] ./.","(S (CC And) (NP-SBJ (PRP they)) (, ,) (VP (VBP do) (NP (NN forestry) (NN work))) (. .) (-DFL- E_S))","182",326.936375,334.981875,"do forestry work.  ","do/VBP   forestry/NN work/NN  ./."
"129","sw04utt/sw_0400_2558.utt","2/sw2558",2558,128,"sd","A",75,2,"They maintain trails  /","[ They/PRP ] maintain/VBP  [ trails/NNS ]","(S (NP-SBJ (PRP They)) (VP (VBP maintain) (NP (NNS trails))) (-DFL- E_S))","186",326.936375,334.981875,"They maintain trails  "," They/PRP  maintain/VBP   trails/NNS "
"130","sw04utt/sw_0400_2558.utt","2/sw2558",2558,129,"sd","A",75,3,"{C and } they, {F uh, } put up signs  /","and/CC  [ they/PRP ] ,/,  [ uh/UH ] ,/, put/VBP up/RP  [ signs/NNS ]","(S (CC and) (NP-SBJ (PRP they)) (, ,) (INTJ (UH uh)) (, ,) (VP (VBP put) (PRT (RP up)) (NP (NNS signs))) (-DFL- E_S))","187",326.936375,334.981875," and  they,  uh,  put up signs  ","and/CC   they/PRP  ,/,   uh/UH  ,/, put/VBP up/RP   signs/NNS "
"131","sw04utt/sw_0400_2558.utt","2/sw2558",2558,130,"sd","A",75,4,"{C and } they do fire prevention work and (( certainly ))  things of that sort. /","and/CC  [ they/PRP ] do/VBP fire/NN  [ prevention/NN work/NN ] and/CC certainly/RB  [ things/NNS ] of/IN  [ that/DT sort/NN ] ./.","(S (CC and) (NP-SBJ (PRP they)) (VP (VBP do) (NP (NP (NN fire) (NN prevention) (NN work)) (CC and) (ADVP (RB certainly)) (NP (NP (NNS things)) (PP (IN of) (NP (DT that) (NN sort)))))) (. .) (-DFL- E_S))","188",326.936375,334.981875," and  they do fire prevention work and  certainly   things of that sort. ","and/CC   they/PRP  do/VBP fire/NN   prevention/NN work/NN  and/CC certainly/RB   things/NNS  of/IN   that/DT sort/NN  ./."
"132","sw04utt/sw_0400_2558.utt","2/sw2558",2558,131,"b","B",76,1,"Uh-huh. /","[ Uh-huh/UH ] ./.","(INTJ (UH Uh-huh) (. .) (-DFL- E_S))","184",334.8895,335.25625,"Uhhuh. "," Uhhuh/UH  ./."
"133","sw04utt/sw_0400_2558.utt","2/sw2558",2558,132,"sd","A",77,1,"{C And } that I know is run by the State,  /","And/CC that/DT  [ I/PRP ] know/VBP is/VBZ run/VBN by/IN  [ the/DT State/NNP ] ,/,","(S (CC And) (NP-TPC-1 (DT that)) (NP-SBJ (PRP I)) (VP (VBP know) (SBAR (-NONE- 0) (S (NP-SBJ-2 (-NONE- *T*-1)) (VP (VBZ is) (VP (VBN run) (NP (-NONE- *-2)) (PP (IN by) (NP-LGS (DT the) (NNP State)))))))) (, ,) (-DFL- E_S))","192",335.53325,344.962875," And  that I know is run by the State,  ","And/CC that/DT   I/PRP  know/VBP is/VBZ run/VBN by/IN   the/DT State/NNP  ,/,"
"134","sw04utt/sw_0400_2558.utt","2/sw2558",2558,133,"sd","A",77,2,"{C but } there may be other things.  /","but/CC  [ there/EX ] may/MD be/VB  [ other/JJ things/NNS ] ./.","(S (CC but) (NP-SBJ (EX there)) (VP (MD may) (VP (VB be) (NP-PRD (JJ other) (NNS things)))) (. .) (-DFL- E_S))","193",335.53325,344.962875," but  there may be other things.  ","but/CC   there/EX  may/MD be/VB   other/JJ things/NNS  ./."
"135","sw04utt/sw_0400_2558.utt","2/sw2558",2558,134,"sd","A",77,3,"I'm not so sure what kind of, {F uh, } training that is for the future for those kids. /","[ I/PRP ] 'm/VBP not/RB so/RB sure/JJ  [ what/WDT kind/NN ] of/IN ,/,  [ uh/UH ] ,/, training/NN  [ that/DT ] is/VBZ for/IN  [ the/DT future/NN ] for/IN  [ those/DT kids/NNS ] ./.","(S (NP-SBJ (PRP I)) (VP (VBP 'm) (RB not) (ADJP-PRD (RB so) (JJ sure) (SBAR (WHNP-1 (WHNP (WDT what) (NN kind)) (PP (IN of) (, ,) (INTJ (UH uh)) (, ,) (NP (NP (NN training)) (PP (-NONE- *ICH*-2))))) (S (NP-SBJ (DT that)) (VP (VBZ is) (NP-PRD (-NONE- *T*-1)) (PP-2 (IN for) (NP (DT the) (NN future))) (PP (IN for) (NP (DT those) (NNS kids)))))))) (. .) (-DFL- E_S))","194",335.53325,344.962875,"I'm not so sure what kind of,  uh,  training that is for the future for those kids. "," I/PRP  'm/VBP not/RB so/RB sure/JJ   what/WDT kind/NN  of/IN ,/,   uh/UH  ,/, training/NN   that/DT  is/VBZ for/IN   the/DT future/NN  for/IN   those/DT kids/NNS  ./."
"136","sw04utt/sw_0400_2558.utt","2/sw2558",2558,135,"b","B",78,1,"Yeah,  /","Yeah/UH ,/,","(INTJ (UH Yeah) (, ,) (-DFL- E_S))","176",344.818625,347.1185,"Yeah,  ","Yeah/UH ,/,"
"137","sw04utt/sw_0400_2558.utt","2/sw2558",2558,136,"qh","B",78,2,"how much benefit,","how/WRB  [ much/JJ ] benefit/NN ,/,","(SBAR (WHNP-1 (WHADJP (WRB how) (JJ much)) (NN benefit)) (, ,) (S (NP-SBJ (PRP it)) (VP (MD 'll) (VP (VB do) (NP (PRP them)) (NP (-NONE- *T*-1)) (PP-TMP (IN in) (NP (DT the) (JJ long) (NN run)))))) (. ?) (-DFL- E_S))","197",344.818625,347.1185,"how much benefit,","how/WRB   much/JJ  benefit/NN ,/,"
"138","sw04utt/sw_0400_2558.utt","2/sw2558",2558,137,"sv","A",79,1,"It's probably [ a, +","[ It/PRP ] 's/BES probably/RB  [ a/DT ] ,/,","(S (NP-SBJ (PRP It)) (VP (BES 's) (ADVP (RB probably)) (EDITED (RM (-DFL- \[)) (NP-PRD-UNF (DT a)) (, ,) (IP (-DFL- \+))) (NP-PRD (NP (DT a) (RS (-DFL- \])) (ADJP (RB very) (JJ good)) (NN way)) (SBAR (WHADVP-1 (-NONE- 0)) (S (NP-SBJ (-NONE- *)) (VP (TO to) (VP (VB keep) (NP (PRP them)) (PP (PP (IN off) (NP (DT the) (NNS streets))) (CC and) (PP (IN out) (PP (IN of) (NP (NN trouble))))) (ADVP-MNR (-NONE- *T*-1)))))))) (, ,) (-DFL- E_S))","199",345.867,349.803125,"It's probably  a, "," It/PRP  's/BES probably/RB   a/DT  ,/,"
"139","sw04utt/sw_0400_2558.utt","2/sw2558",2558,138,"+","B",80,1,"it'll do them in the long run? /","[ it/PRP ] 'll/MD do/VB  [ them/PRP ] in/IN  [ the/DT long/JJ run/NN ] ?/.","(SBAR (WHNP-1 (WHADJP (WRB how) (JJ much)) (NN benefit)) (, ,) (S (NP-SBJ (PRP it)) (VP (MD 'll) (VP (VB do) (NP (PRP them)) (NP (-NONE- *T*-1)) (PP-TMP (IN in) (NP (DT the) (JJ long) (NN run)))))) (. ?) (-DFL- E_S))","197",NA,NA,"it'll do them in the long run? "," it/PRP  'll/MD do/VB   them/PRP  in/IN   the/DT long/JJ run/NN  ?/."
"140","sw04utt/sw_0400_2558.utt","2/sw2558",2558,139,"+","A",81,1,"a ] very good way to keep them off the streets and out of trouble,  /","[ a/DT very/RB good/JJ way/NN ] to/TO keep/VB  [ them/PRP ] off/IN  [ the/DT streets/NNS ] and/CC out/IN of/IN  [ trouble/NN ] ,/,","(S (NP-SBJ (PRP It)) (VP (BES 's) (ADVP (RB probably)) (EDITED (RM (-DFL- \[)) (NP-PRD-UNF (DT a)) (, ,) (IP (-DFL- \+))) (NP-PRD (NP (DT a) (RS (-DFL- \])) (ADJP (RB very) (JJ good)) (NN way)) (SBAR (WHADVP-1 (-NONE- 0)) (S (NP-SBJ (-NONE- *)) (VP (TO to) (VP (VB keep) (NP (PRP them)) (PP (PP (IN off) (NP (DT the) (NNS streets))) (CC and) (PP (IN out) (PP (IN of) (NP (NN trouble))))) (ADVP-MNR (-NONE- *T*-1)))))))) (, ,) (-DFL- E_S))","199",349.803125,355.57075,"a  very good way to keep them off the streets and out of trouble,  "," a/DT very/RB good/JJ way/NN  to/TO keep/VB   them/PRP  off/IN   the/DT streets/NNS  and/CC out/IN of/IN   trouble/NN  ,/,"
"141","sw04utt/sw_0400_2558.utt","2/sw2558",2558,140,"sv","A",81,2,"{C but } whether it's something that they can put [ to, + to ]  economic use later on is a different subject. /","but/CC whether/IN  [ it/PRP ] 's/BES  [ something/NN ] that/WDT  [ they/PRP ] can/MD put/VB to/IN ,/, to/IN  [ economic/JJ use/NN ] later/RB on/RB is/VBZ  [ a/DT different/JJ subject/NN ] ./.","(S (CC but) (SBAR-SBJ (IN whether) (S (NP-SBJ (PRP it)) (VP (BES 's) (NP-PRD (NP (NN something)) (SBAR (WHNP-1 (WDT that)) (S (NP-SBJ (PRP they)) (VP (MD can) (VP (VB put) (NP (-NONE- *T*-1)) (EDITED (RM (-DFL- \[)) (PP-UNF (IN to)) (, ,) (IP (-DFL- \+))) (PP (IN to) (RS (-DFL- \])) (NP (JJ economic) (NN use))) (ADVP-TMP (RB later) (RB on)))))))))) (VP (VBZ is) (NP-PRD (DT a) (JJ different) (NN subject))) (. .) (-DFL- E_S))","202",349.803125,355.57075," but  whether it's something that they can put  to,  to   economic use later on is a different subject. ","but/CC whether/IN   it/PRP  's/BES   something/NN  that/WDT   they/PRP  can/MD put/VB to/IN ,/, to/IN   economic/JJ use/NN  later/RB on/RB is/VBZ   a/DT different/JJ subject/NN  ./."
"142","sw04utt/sw_0400_2558.utt","2/sw2558",2558,141,"aa","B",82,1,"Right,  /","Right/UH ,/,","(INTJ (UH Right) (, ,) (-DFL- E_S))","204",355.271,367.0655,"Right,  ","Right/UH ,/,"
"143","sw04utt/sw_0400_2558.utt","2/sw2558",2558,142,"sv","B",82,2,"especially [ in, + {D you know, } if ]  you take [ a, + a ] child that's from the inner city and then put them in [ the, + a ] middle of a park,  /","especially/RB in/IN ,/,  [ you/PRP ] know/VBP ,/, if/IN  [ you/PRP ] take/VBP  [ a/DT ] ,/,  [ a/DT child/NN ] [ that/WDT ] 's/BES from/IN  [ the/DT inner/JJ city/NN ] and/CC then/RB put/VBP  [ them/PRP ] in/IN  [ the/DT ] ,/,  [ a/DT middle/NN ] of/IN  [ a/DT park/NN ] ,/,","(FRAG (ADVP (RB especially)) (EDITED (RM (-DFL- \[)) (PP-UNF (IN in)) (, ,) (IP (-DFL- \+))) (PRN (S (NP-SBJ (PRP you)) (VP (VBP know))) (, ,)) (SBAR-ADV (IN if) (RS (-DFL- \])) (S (NP-SBJ (PRP you)) (VP (VP (VBP take) (EDITED (RM (-DFL- \[)) (NP-UNF (DT a)) (, ,) (IP (-DFL- \+))) (NP (NP (DT a) (RS (-DFL- \])) (NN child)) (SBAR (WHNP-1 (WDT that)) (S (NP-SBJ (-NONE- *T*-1)) (VP (BES 's) (PP-PRD (IN from) (NP (DT the) (JJ inner) (NN city)))))))) (CONJP (CC and) (RB then)) (VP (VBP put) (NP (PRP them)) (PP-PUT (IN in) (EDITED (RM (-DFL- \[)) (NP-UNF (DT the)) (, ,) (IP (-DFL- \+))) (NP (NP (DT a) (RS (-DFL- \])) (NN middle)) (PP (IN of) (NP (DT a) (NN park))))))))) (, ,) (-DFL- E_S))","205",355.271,367.0655,"especially  in,   you know,  if   you take  a,  a  child that's from the inner city and then put them in  the,  a  middle of a park,  ","especially/RB in/IN ,/,   you/PRP  know/VBP ,/, if/IN   you/PRP  take/VBP   a/DT  ,/,   a/DT child/NN   that/WDT  's/BES from/IN   the/DT inner/JJ city/NN  and/CC then/RB put/VBP   them/PRP  in/IN   the/DT  ,/,   a/DT middle/NN  of/IN   a/DT park/NN  ,/,"
"144","sw04utt/sw_0400_2558.utt","2/sw2558",2558,143,"sv","B",82,3,"if they go back to the inner city, they may not see trees for a while,","if/IN  [ they/PRP ] go/VBP back/RB to/IN  [ the/DT inner/JJ city/NN ] ,/,  [ they/PRP ] may/MD not/RB see/VB  [ trees/NNS ] for/IN  [ a/DT while/NN ] ,/,","(S (SBAR-ADV (IN if) (S (NP-SBJ (PRP they)) (VP (VBP go) (ADVP-DIR (RB back)) (PP-DIR (IN to) (NP (DT the) (JJ inner) (NN city)))))) (, ,) (NP-SBJ-1 (PRP they)) (VP (MD may) (RB not) (VP (VP (VB see) (NP (NNS trees)) (PP-TMP (IN for) (NP (DT a) (NN while)))) (, ,) (CONJP (RB much) (RBR less)) (VP (VB be) (ADJP-PRD (JJ able) (S (NP-SBJ (-NONE- *-1)) (VP (TO to) (VP (VB take) (NP (NN care)) (PP (IN of) (NP (PRP them)))))))))) (. .) (-DFL- E_S))","206",355.271,367.0655,"if they go back to the inner city, they may not see trees for a while,","if/IN   they/PRP  go/VBP back/RB to/IN   the/DT inner/JJ city/NN  ,/,   they/PRP  may/MD not/RB see/VB   trees/NNS  for/IN   a/DT while/NN  ,/,"
"145","sw04utt/sw_0400_2558.utt","2/sw2558",2558,144,"aa","A",83,1,"That's true <laughter>. /","[ That/DT ] 's/BES true/JJ ./.","(S (NP-SBJ (DT That)) (VP (BES 's) (ADJP-PRD (JJ true))) (. .) (-DFL- E_S))","208",364.4785,365.2495,"That's true laughter. "," That/DT  's/BES true/JJ ./."
"146","sw04utt/sw_0400_2558.utt","2/sw2558",2558,145,"+","B",84,1,"much less be able to take care of them <laughter>. /","much/RB less/RBR be/VB able/JJ to/TO take/VB care/NN of/IN  [ them/PRP ] ./.","(S (SBAR-ADV (IN if) (S (NP-SBJ (PRP they)) (VP (VBP go) (ADVP-DIR (RB back)) (PP-DIR (IN to) (NP (DT the) (JJ inner) (NN city)))))) (, ,) (NP-SBJ-1 (PRP they)) (VP (MD may) (RB not) (VP (VP (VB see) (NP (NNS trees)) (PP-TMP (IN for) (NP (DT a) (NN while)))) (, ,) (CONJP (RB much) (RBR less)) (VP (VB be) (ADJP-PRD (JJ able) (S (NP-SBJ (-NONE- *-1)) (VP (TO to) (VP (VB take) (NP (NN care)) (PP (IN of) (NP (PRP them)))))))))) (. .) (-DFL- E_S))","206",NA,NA,"much less be able to take care of them laughter. ","much/RB less/RBR be/VB able/JJ to/TO take/VB care/NN of/IN   them/PRP  ./."
"147","sw04utt/sw_0400_2558.utt","2/sw2558",2558,146,"ba","A",85,1,"Good point <laughter>,  {F oh. } /","[ Good/JJ point/NN ] ,/, oh/UH ./.","(NP (JJ Good) (NN point) (, ,))|||(INTJ (UH oh) (. .) (-DFL- E_S))","211|||212",366.19675,368.879625,"Good point laughter,   oh.  "," Good/JJ point/NN  ,/, oh/UH ./."
"148","sw04utt/sw_0400_2558.utt","2/sw2558",2558,147,"sv","B",86,1,"[ {C So }  that's, + {D yeah, } {C so } that ] [ may not, + may not ] benefit them in the long run. /","So/RB  [ that/DT ] 's/BES ,/, yeah/UH ,/, so/RB  [ that/DT ] may/MD not/RB ,/, may/MD not/RB benefit/VB  [ them/PRP ] in/IN  [ the/DT long/JJ run/NN ] ./.","(S (EDITED (RM (-DFL- \[)) (S (RB So) (NP-SBJ (DT that)) (VP-UNF (BES 's))) (, ,) (IP (-DFL- \+))) (INTJ (UH yeah)) (, ,) (RB so) (NP-SBJ (DT that)) (RS (-DFL- \])) (EDITED (RM (-DFL- \[)) (VP-UNF (MD may) (RB not)) (, ,) (IP (-DFL- \+))) (VP (MD may) (RB not) (RS (-DFL- \])) (VP (VB benefit) (NP (PRP them)) (PP-TMP (IN in) (NP (DT the) (JJ long) (NN run))))) (. .) (-DFL- E_S))","214",367.95025,371.929,"  So   that's,   yeah,   so  that   may not,  may not  benefit them in the long run. ","So/RB   that/DT  's/BES ,/, yeah/UH ,/, so/RB   that/DT  may/MD not/RB ,/, may/MD not/RB benefit/VB   them/PRP  in/IN   the/DT long/JJ run/NN  ./."
"149","sw04utt/sw_0400_2558.utt","2/sw2558",2558,148,"b","A",87,1,"Yeah. /","Yeah/UH ./.","(INTJ (UH Yeah) (. .) (-DFL- E_S))","216",372.173375,372.69925,"Yeah. ","Yeah/UH ./."
"150","sw04utt/sw_0400_2558.utt","2/sw2558",2558,149,"%","B",88,1,"{C But, } -/","But/CC ,/,","(S-UNF (CC But) (, ,) (-DFL- N_S))","218",373.101875,373.28375," But,  ","But/CC ,/,"
"151","sw04utt/sw_0400_2558.utt","2/sw2558",2558,150,"b","A",89,1,"Yeah,  /","[ Yeah/UH ] ,/,","(INTJ (UH Yeah) (, ,) (-DFL- E_S))","196",373.381625,376.76375,"Yeah,  "," Yeah/UH  ,/,"
"152","sw04utt/sw_0400_2558.utt","2/sw2558",2558,151,"fa","A",89,2,"I'm sorry,  /","[ I/PRP ] 'm/VBP sorry/JJ ,/,","(S (NP-SBJ (PRP I)) (VP (VBP 'm) (ADJP-PRD (JJ sorry))) (, ,) (-DFL- E_S))","221",373.381625,376.76375,"I'm sorry,  "," I/PRP  'm/VBP sorry/JJ ,/,"
"153","sw04utt/sw_0400_2558.utt","2/sw2558",2558,152,"fc","A",89,3,"I'm going to have to go,  /","[ I/PRP ] 'm/VBP going/VBG to/TO have/VB to/TO go/VB ,/,","(S (NP-SBJ-1 (PRP I)) (VP (VBP 'm) (VP (VBG going) (S (NP-SBJ-2 (-NONE- *-1)) (VP (TO to) (VP (VB have) (S (NP-SBJ (-NONE- *-2)) (VP (TO to) (VP (VB go))))))))) (, ,) (-DFL- E_S))","222",373.381625,376.76375,"I'm going to have to go,  "," I/PRP  'm/VBP going/VBG to/TO have/VB to/TO go/VB ,/,"
"154","sw04utt/sw_0400_2558.utt","2/sw2558",2558,153,"fc","A",89,4,"{C but } my other line is blinking. /","but/CC  [ my/PRP$ other/JJ line/NN ] is/VBZ blinking/VBG ./.","(S (CC but) (NP-SBJ (PRP$ my) (JJ other) (NN line)) (VP (VBZ is) (VP (VBG blinking))) (. .) (-DFL- E_S))","223",373.381625,376.76375," but  my other line is blinking. ","but/CC   my/PRP$ other/JJ line/NN  is/VBZ blinking/VBG ./."
"155","sw04utt/sw_0400_2558.utt","2/sw2558",2558,154,"fc","B",90,1,"Okay,  /","Okay/UH ,/,","(INTJ (UH Okay) (, ,) (-DFL- E_S))","225",376.870125,377.9575,"Okay,  ","Okay/UH ,/,"
"156","sw04utt/sw_0400_2558.utt","2/sw2558",2558,155,"fc","B",90,2,"{D well, } thank you. /","well/UH ,/, thank/VB  [ you/PRP ] ./.","(S (INTJ (UH well)) (, ,) (NP-SBJ (-NONE- *)) (VP (VB thank) (NP (PRP you))) (. .) (-DFL- E_S))","226",376.870125,377.9575," well,  thank you. ","well/UH ,/, thank/VB   you/PRP  ./."
"157","sw04utt/sw_0400_2558.utt","2/sw2558",2558,156,"fc","A",91,1,"{C But } it was good to talk to you. /","But/CC  [ it/PRP ] was/VBD good/JJ to/TO talk/VB to/IN  [ you/PRP ] ./.","(S (CC But) (NP-SBJ (NP (PRP it)) (S (-NONE- *EXP*-1))) (VP (VBD was) (ADJP-PRD (JJ good)) (S-1 (NP-SBJ (-NONE- *)) (VP (TO to) (VP (VB talk) (PP (IN to) (NP (PRP you))))))) (. .) (-DFL- E_S))","228",377.061375,378.2645," But  it was good to talk to you. ","But/CC   it/PRP  was/VBD good/JJ to/TO talk/VB to/IN   you/PRP  ./."
"158","sw04utt/sw_0400_2558.utt","2/sw2558",2558,157,"fc","B",92,1,"You, too,  /","[ You/PRP ] ,/, too/RB ,/,","(FRAG (NP (PRP You)) (, ,) (ADVP (RB too)) (, ,) (-DFL- E_S))","230",378.304,379.539125,"You, too,  "," You/PRP  ,/, too/RB ,/,"
"159","sw04utt/sw_0400_2558.utt","2/sw2558",2558,158,"fc","B",92,2,"bye-bye. /","[ bye-bye/UH ] ./.","(INTJ (UH bye-bye) (. .) (-DFL- E_S))","231",378.304,379.539125,"byebye. "," byebye/UH  ./."
