"","swda_filename","ptb_basename","conversation_no","transcript_index","act_tag","caller","turn_index","subutterance_index","text","pos","trees","ptb_treenumbers","start_turn","end_turn","newtext","newpos"
"1","sw04utt/sw_0474_2691.utt","2/sw2691",2691,0,"o","A",1,1,"Okay,  /","[ Okay/UH ] ,/,","(INTJ (UH Okay) (, ,) (-DFL- E_S))","1",0.55275,2.424875,"Okay,  "," Okay/UH  ,/,"
"2","sw04utt/sw_0474_2691.utt","2/sw2691",2691,1,"qw","A",1,2,"Jay, where do you live in Texas? /","[ Jay/NNP ] ,/, where/WRB do/VBP  [ you/PRP ] live/VB in/IN  [ Texas/NNP ] ?/.","(SBARQ (NP-VOC (NNP Jay)) (, ,) (WHADVP-1 (WRB where)) (SQ (VBP do) (NP-SBJ (PRP you)) (VP (VB live) (PP-LOC (IN in) (NP (NNP Texas))) (ADVP-LOC (-NONE- *T*-1)))) (. ?) (-DFL- E_S))","2",0.55275,2.424875,"Jay, where do you live in Texas? "," Jay/NNP  ,/, where/WRB do/VBP   you/PRP  live/VB in/IN   Texas/NNP  ?/."
"3","sw04utt/sw_0474_2691.utt","2/sw2691",2691,2,"sd","B",2,1,"I live in Dallas, /","[ I/PRP ] live/VBP in/IN  [ Dallas/NNP ] ,/,","(S (NP-SBJ (PRP I)) (VP (VBP live) (PP-LOC (IN in) (NP (NNP Dallas)))) (, ,) (-DFL- E_S))","4",2.814875,3.744,"I live in Dallas, "," I/PRP  live/VBP in/IN   Dallas/NNP  ,/,"
"4","sw04utt/sw_0474_2691.utt","2/sw2691",2691,3,"b^m","A",3,1,"# In Dallas.  # /","In/IN  [ Dallas/NNP ] ./.","(PP-LOC (IN In) (NP (NNP Dallas)) (. .) (-DFL- E_S))","6",3.702875,4.28425,"# In Dallas.  # ","In/IN   Dallas/NNP  ./."
"5","sw04utt/sw_0474_2691.utt","2/sw2691",2691,4,"sd","B",4,1,"# {F uh, } right # at the intersection of the busiest highway in the state.  {A And a, uh, it goes east and west, }   and a north south tollway. /","[ uh/UH ] ,/, right/RB at/IN  [ the/DT intersection/NN ] of/IN  [ the/DT busiest/JJS highway/NN ] in/IN  [ the/DT state/NN ] ./.  And/CC  [ a/DT ] ,/,  [ uh/UH ] ,/,  [ it/PRP ] goes/VBZ  [ east/RB ] and/CC  [ west/RB ] ,/, and/CC  [ a/DT north/JJ south/JJ tollway/NN ] ./.","(S (INTJ (UH uh)) (, ,) (PP-LOC (ADVP (RB right)) (IN at) (NP (NP (DT the) (NN intersection)) (PP (IN of) (NP (NP (DT the) (JJS busiest) (NN highway)) (PP-LOC (IN in) (NP (DT the) (NN state))))))) (. .) (CC And) (INTJ (TYPO (DT a))) (, ,) (INTJ (UH uh)) (, ,) (NP-SBJ (PRP it)) (VP (VBZ goes) (UCP (ADVP (RB east) (CC and) (RB west)) (, ,) (CC and) (NP (DT a) (JJ north) (JJ south) (NN tollway)))) (. .) (-DFL- E_S))","8",3.744,15.04375,"#  uh,  right # at the intersection of the busiest highway in the state.   And a, uh, it goes east and west,    and a north south tollway. "," uh/UH  ,/, right/RB at/IN   the/DT intersection/NN  of/IN   the/DT busiest/JJS highway/NN  in/IN   the/DT state/NN  ./.  And/CC   a/DT  ,/,   uh/UH  ,/,   it/PRP  goes/VBZ   east/RB  and/CC   west/RB  ,/, and/CC   a/DT north/JJ south/JJ tollway/NN  ./."
"6","sw04utt/sw_0474_2691.utt","2/sw2691",2691,5,"qy","A",5,1,"What's that, the I Thirty and Central --","[ What/WP ] 's/BES  [ that/DT ] ,/,  [ the/DT ] [ I/NNP Thirty/CD ] and/CC  [ Central/NNP ] --/:","(SBARQ (WHNP-1 (WP What)) (SQ (BES 's) (NP-SBJ (DT that)) (NP-PRD (-NONE- *T*-1))) (, ,))|||(NP (NP (DT the) (NNP I) (CD Thirty)) (CC and) (NP (NNP Central) (NN express)) (. ?) (-DFL- E_S))","10|||11",15.449625,18.231,"What's that, the I Thirty and Central "," What/WP  's/BES   that/DT  ,/,   the/DT   I/NNP Thirty/CD  and/CC   Central/NNP  /:"
"7","sw04utt/sw_0474_2691.utt","2/sw2691",2691,6,"%","B",6,1,"It's, - /","[ It/PRP ] 's/BES ,/,","(S (NP-SBJ (PRP It)) (VP-UNF (BES 's)) (, ,) (-DFL- N_S))","13",17.625625,20.410875,"It's,  "," It/PRP  's/BES ,/,"
"8","sw04utt/sw_0474_2691.utt","2/sw2691",2691,7,"nn","B",6,2,"no,  /","no/UH ,/,","(INTJ (UH no) (, ,) (-DFL- E_S))","14",17.625625,20.410875,"no,  ","no/UH ,/,"
"9","sw04utt/sw_0474_2691.utt","2/sw2691",2691,8,"sd^e","B",6,3,"it's --","[ it/PRP ] 's/BES --/:","(S (NP-SBJ (PRP it)) (VP (BES 's) (VP (VBN called) (S (NP-SBJ (CD Six) (CD Thirty-Five)) (X (BES 's)) (NP-PRD (DT the) (NN highway))))) (. .) (-DFL- E_S))","15",17.625625,20.410875,"it's "," it/PRP  's/BES /:"
"10","sw04utt/sw_0474_2691.utt","2/sw2691",2691,9,"+","A",7,1,"-- express? /","--/: express/NN ?/.","(NP (NP (DT the) (NNP I) (CD Thirty)) (CC and) (NP (NNP Central) (NN express)) (. ?) (-DFL- E_S))","11",NA,NA," express? ","/: express/NN ?/."
"11","sw04utt/sw_0474_2691.utt","2/sw2691",2691,10,"+","B",8,1,"-- called Six Thirty-Five's the highway. /","--/: called/VBN  [ Six/CD Thirty-Five/CD ] 's/BES  [ the/DT highway/NN ] ./.","(S (NP-SBJ (PRP it)) (VP (BES 's) (VP (VBN called) (S (NP-SBJ (CD Six) (CD Thirty-Five)) (X (BES 's)) (NP-PRD (DT the) (NN highway))))) (. .) (-DFL- E_S))","15",NA,NA," called Six ThirtyFive's the highway. ","/: called/VBN   Six/CD ThirtyFive/CD  's/BES   the/DT highway/NN  ./."
"12","sw04utt/sw_0474_2691.utt","2/sw2691",2691,11,"bk","A",9,1,"# Okay,  /","Okay/UH ,/,","(INTJ (UH Okay) (, ,) (-DFL- E_S))","1",20.090875,20.8955,"# Okay,  ","Okay/UH ,/,"
"13","sw04utt/sw_0474_2691.utt","2/sw2691",2691,12,"%","A",9,2,"yeah.  # /","yeah/UH ./.","(INTJ (UH yeah) (. .) (-DFL- E_S))","20",20.090875,20.8955,"yeah.  # ","yeah/UH ./."
"14","sw04utt/sw_0474_2691.utt","2/sw2691",2691,13,"sd","B",10,1,"# It's the # looper that goes around the city -- /","[ It/PRP ] 's/BES  [ the/DT looper/NN ] [ that/WDT ] goes/VBZ around/IN  [ the/DT city/NN ] --/:","(S (NP-SBJ (PRP It)) (VP (BES 's) (NP-PRD (NP (DT the) (NN looper)) (SBAR (WHNP-1 (WDT that)) (S (NP-SBJ (-NONE- *T*-1)) (VP (VBZ goes) (PP-LOC (IN around) (NP (DT the) (NN city)))))))) (-DFL- E_S))","22",20.410875,21.960875,"# It's the # looper that goes around the city  "," It/PRP  's/BES   the/DT looper/NN   that/WDT  goes/VBZ around/IN   the/DT city/NN  /:"
"15","sw04utt/sw_0474_2691.utt","2/sw2691",2691,14,"b","A",11,1,"Right. /","[ Right/UH ] ./.","(INTJ (UH Right) (. .) (-DFL- E_S))","24",22.132,22.50125,"Right. "," Right/UH  ./."
"16","sw04utt/sw_0474_2691.utt","2/sw2691",2691,15,"sd","B",12,1,"-- {C and then, } {F uh, } the tollway is called the Dallas North Tollway. /","--/: and/CC then/RB ,/,  [ uh/UH ] ,/,  [ the/DT tollway/NN ] is/VBZ called/VBN  [ the/DT Dallas/NNP North/NNP Tollway/NNP ] ./.","(S (CONJP (CC and) (RB then)) (, ,) (INTJ (UH uh)) (, ,) (NP-SBJ-1 (DT the) (NN tollway)) (VP (VBZ is) (VP (VBN called) (S (NP-SBJ (-NONE- *-1)) (NP-PRD (DT the) (NNP Dallas) (NNP North) (NNP Tollway))))) (. .) (-DFL- E_S))","26",21.960875,24.797875,"  and then,   uh,  the tollway is called the Dallas North Tollway. ","/: and/CC then/RB ,/,   uh/UH  ,/,   the/DT tollway/NN  is/VBZ called/VBN   the/DT Dallas/NNP North/NNP Tollway/NNP  ./."
"17","sw04utt/sw_0474_2691.utt","2/sw2691",2691,16,"b","A",13,1,"Yeah. /","Yeah/UH ./.","(INTJ (UH Yeah) (. .) (-DFL- E_S))","28",24.817625,25.362875,"Yeah. ","Yeah/UH ./."
"18","sw04utt/sw_0474_2691.utt","2/sw2691",2691,17,"sd","B",14,1,"Just moved here [ about, {F uh, } {F oh, } {F uh, } one, + about ] a month ago --","Just/RB moved/VBD here/RB about/RB ,/,  [ uh/UH ] ,/, oh/UH ,/,  [ uh/UH ] ,/,  [ one/CD ] ,/, about/RB  [ a/DT month/NN ] ago/RB --/:","(S (NP-SBJ (-NONE- *)) (ADVP (RB Just)) (VP (VBD moved) (ADVP-DIR (RB here)) (EDITED (RM (-DFL- \[)) (NP-UNF (QP (RB about) (, ,) (INTJ (UH uh)) (, ,) (INTJ (UH oh)) (, ,) (INTJ (UH uh)) (, ,) (CD one))) (, ,) (IP (-DFL- \+))) (ADVP-TMP (NP (QP (RB about) (RS (-DFL- \])) (DT a)) (NN month)) (RB ago)) (SBAR-TMP (IN after) (FRAG (NP-TMP (CD twenty-one) (NNS years)) (, ,) (PP-LOC (NP-ADV (CD two) (NNS miles)) (IN to) (NP (DT the) (NN east)))))) (. .) (-DFL- E_S))","30",25.329,32.408375,"Just moved here  about,  uh,   oh,   uh,  one,  about  a month ago ","Just/RB moved/VBD here/RB about/RB ,/,   uh/UH  ,/, oh/UH ,/,   uh/UH  ,/,   one/CD  ,/, about/RB   a/DT month/NN  ago/RB /:"
"19","sw04utt/sw_0474_2691.utt","2/sw2691",2691,18,"bh","A",15,1,"{F Oh, } is that right? /","Oh/UH ,/, is/VBZ  [ that/DT right/JJ ] ?/.","(SQ (INTJ (UH Oh)) (, ,) (VBZ is) (NP-SBJ (DT that)) (ADJP-PRD (JJ right)) (. ?) (-DFL- E_S))","32",29.78325,30.345," Oh,  is that right? ","Oh/UH ,/, is/VBZ   that/DT right/JJ  ?/."
"20","sw04utt/sw_0474_2691.utt","2/sw2691",2691,19,"+","B",16,1,"-- after twenty-one years, two miles to the east. /","--/: after/IN  [ twenty-one/CD years/NNS ] ,/,  [ two/CD miles/NNS ] to/IN  [ the/DT east/NN ] ./.","(S (NP-SBJ (-NONE- *)) (ADVP (RB Just)) (VP (VBD moved) (ADVP-DIR (RB here)) (EDITED (RM (-DFL- \[)) (NP-UNF (QP (RB about) (, ,) (INTJ (UH uh)) (, ,) (INTJ (UH oh)) (, ,) (INTJ (UH uh)) (, ,) (CD one))) (, ,) (IP (-DFL- \+))) (ADVP-TMP (NP (QP (RB about) (RS (-DFL- \])) (DT a)) (NN month)) (RB ago)) (SBAR-TMP (IN after) (FRAG (NP-TMP (CD twenty-one) (NNS years)) (, ,) (PP-LOC (NP-ADV (CD two) (NNS miles)) (IN to) (NP (DT the) (NN east)))))) (. .) (-DFL- E_S))","30",NA,NA," after twentyone years, two miles to the east. ","/: after/IN   twentyone/CD years/NNS  ,/,   two/CD miles/NNS  to/IN   the/DT east/NN  ./."
"21","sw04utt/sw_0474_2691.utt","2/sw2691",2691,20,"bh","A",17,1,"{F Oh, } how about that? /","Oh/UH ,/, how/WRB about/IN  [ that/DT ] ?/.","(FRAG (INTJ (UH Oh)) (, ,) (WHADVP (WRB how)) (PP (IN about) (NP (DT that))) (. ?) (-DFL- E_S))","35",32.514375,33.47025," Oh,  how about that? ","Oh/UH ,/, how/WRB about/IN   that/DT  ?/."
"22","sw04utt/sw_0474_2691.utt","2/sw2691",2691,21,"sd","B",18,1,"{C So, } it's a very different house from the typical Dallas, {F uh, }","So/RB ,/,  [ it/PRP ] 's/BES  [ a/DT very/RB different/JJ house/NN ] from/IN  [ the/DT typical/JJ Dallas/NNP ] ,/,  [ uh/UH ] ,/,","(S (RB So) (, ,) (NP-SBJ (PRP it)) (VP (BES 's) (NP-PRD (NP (DT a) (ADJP (RB very) (JJ different)) (NN house)) (PP (IN from) (NP (DT the) (JJ typical) (NNP Dallas) (, ,) (INTJ (UH uh)) (, ,) (NN house))))) (. .) (-DFL- E_S))","37",33.582875,39.54925," So,  it's a very different house from the typical Dallas,  uh, ","So/RB ,/,   it/PRP  's/BES   a/DT very/RB different/JJ house/NN  from/IN   the/DT typical/JJ Dallas/NNP  ,/,   uh/UH  ,/,"
"23","sw04utt/sw_0474_2691.utt","2/sw2691",2691,22,"qy","A",19,1,"# It's a # --","[ It/PRP ] 's/BES  [ a/DT ] --/:","(S (NP-SBJ (PRP It)) (VP (BES 's) (NP-PRD (DT a) (JJ new) (NN home))) (. ?) (-DFL- E_S))","39",38.614,39.62025,"# It's a # "," It/PRP  's/BES   a/DT  /:"
"24","sw04utt/sw_0474_2691.utt","2/sw2691",2691,23,"+","B",20,1,"# house.  # /","[ house/NN ] ./.","(S (RB So) (, ,) (NP-SBJ (PRP it)) (VP (BES 's) (NP-PRD (NP (DT a) (ADJP (RB very) (JJ different)) (NN house)) (PP (IN from) (NP (DT the) (JJ typical) (NNP Dallas) (, ,) (INTJ (UH uh)) (, ,) (NN house))))) (. .) (-DFL- E_S))","37",NA,NA,"# house.  # "," house/NN  ./."
"25","sw04utt/sw_0474_2691.utt","2/sw2691",2691,24,"+","A",21,1,"-- new home? /","--/:  [ new/JJ home/NN ] ?/.","(S (NP-SBJ (PRP It)) (VP (BES 's) (NP-PRD (DT a) (JJ new) (NN home))) (. ?) (-DFL- E_S))","39",NA,NA," new home? ","/:   new/JJ home/NN  ?/."
"26","sw04utt/sw_0474_2691.utt","2/sw2691",2691,25,"no","B",22,1,"It's about eight years old, /","[ It/PRP ] 's/BES about/RB  [ eight/CD years/NNS ] old/JJ ,/,","(S (NP-SBJ (PRP It)) (VP (BES 's) (ADJP-PRD (NP (QP (RB about) (CD eight)) (NNS years)) (JJ old))) (, ,) (-DFL- E_S))","43",40.57425,41.787,"It's about eight years old, "," It/PRP  's/BES about/RB   eight/CD years/NNS  old/JJ ,/,"
"27","sw04utt/sw_0474_2691.utt","2/sw2691",2691,26,"b^m","A",23,1,"# About eight years.  # /","About/RB  [ eight/CD years/NNS ] ./.","(NP (QP (RB About) (CD eight)) (NNS years) (. .) (-DFL- E_S))","45",41.652625,42.063,"# About eight years.  # ","About/RB   eight/CD years/NNS  ./."
"28","sw04utt/sw_0474_2691.utt","2/sw2691",2691,27,"sd","B",24,1,"# [ it's, + {F uh, } it's ] # a duplex type thing.","[ it/PRP ] [ 's/BES ] ,/,  [ uh/UH ] ,/,  [ it/PRP ] 's/BES  [ a/DT duplex/NN type/NN thing/NN ] ./.","(S (EDITED (RM (-DFL- \[)) (S (NP-SBJ (PRP it)) (VP-UNF (BES 's))) (, ,) (IP (-DFL- \+))) (INTJ (UH uh)) (, ,) (NP-SBJ (PRP it)) (VP (BES 's) (RS (-DFL- \])) (UCP-PRD (NP-PRD (DT a) (NN duplex) (NN type) (NN thing)) (. .) (INTJ (UH Uh)) (, ,) (ADJP (ADJP (RB very) (JJ modern)) (CC and) (, ,) (INTJ (UH uh)) (, ,) (ADJP (RB very) (JJ open)) (CC and) (EDITED (RM (-DFL- \[)) (ADJP (JJ airy)) (IP (-DFL- \+))) (ADJP (NN light))))) (. .) (RS (-DFL- \])) (-DFL- E_S))","47",41.787,48.925125,"#  it's,   uh,  it's  # a duplex type thing."," it/PRP   's/BES  ,/,   uh/UH  ,/,   it/PRP  's/BES   a/DT duplex/NN type/NN thing/NN  ./."
"29","sw04utt/sw_0474_2691.utt","2/sw2691",2691,28,"bk","A",25,1,"Oh. /","Oh/UH ./.","(INTJ (UH Oh) (. .) (-DFL- E_S))","49",43.970125,44.729625,"Oh. ","Oh/UH ./."
"30","sw04utt/sw_0474_2691.utt","2/sw2691",2691,29,"+","B",26,1,"{F Uh, } very modern and, {F uh, } very open and [ airy -- +","[ Uh/UH ] ,/,  [ very/RB modern/JJ ] and/CC ,/,  [ uh/UH ] ,/, very/RB open/JJ and/CC  [ airy/JJ ] --/:","(S (EDITED (RM (-DFL- \[)) (S (NP-SBJ (PRP it)) (VP-UNF (BES 's))) (, ,) (IP (-DFL- \+))) (INTJ (UH uh)) (, ,) (NP-SBJ (PRP it)) (VP (BES 's) (RS (-DFL- \])) (UCP-PRD (NP-PRD (DT a) (NN duplex) (NN type) (NN thing)) (. .) (INTJ (UH Uh)) (, ,) (ADJP (ADJP (RB very) (JJ modern)) (CC and) (, ,) (INTJ (UH uh)) (, ,) (ADJP (RB very) (JJ open)) (CC and) (EDITED (RM (-DFL- \[)) (ADJP (JJ airy)) (IP (-DFL- \+))) (ADJP (NN light))))) (. .) (RS (-DFL- \])) (-DFL- E_S))","47",NA,NA," Uh,  very modern and,  uh,  very open and  airy  "," Uh/UH  ,/,   very/RB modern/JJ  and/CC ,/,   uh/UH  ,/, very/RB open/JJ and/CC   airy/JJ  /:"
"31","sw04utt/sw_0474_2691.utt","2/sw2691",2691,30,"b","A",27,1,"Uh-huh. /","[ Uh-huh/UH ] ./.","(INTJ (UH Uh-huh) (. .) (-DFL- E_S))","52",48.197625,48.53575,"Uhhuh. "," Uhhuh/UH  ./."
"32","sw04utt/sw_0474_2691.utt","2/sw2691",2691,31,"+","B",28,1,"-- light. ]  /","--/:  [ light/NN ] ./.","(S (EDITED (RM (-DFL- \[)) (S (NP-SBJ (PRP it)) (VP-UNF (BES 's))) (, ,) (IP (-DFL- \+))) (INTJ (UH uh)) (, ,) (NP-SBJ (PRP it)) (VP (BES 's) (RS (-DFL- \])) (UCP-PRD (NP-PRD (DT a) (NN duplex) (NN type) (NN thing)) (. .) (INTJ (UH Uh)) (, ,) (ADJP (ADJP (RB very) (JJ modern)) (CC and) (, ,) (INTJ (UH uh)) (, ,) (ADJP (RB very) (JJ open)) (CC and) (EDITED (RM (-DFL- \[)) (ADJP (JJ airy)) (IP (-DFL- \+))) (ADJP (NN light))))) (. .) (RS (-DFL- \])) (-DFL- E_S))","47",49.589375,52.579125," light.   ","/:   light/NN  ./."
"33","sw04utt/sw_0474_2691.utt","2/sw2691",2691,32,"sd","B",28,2,"{C So } it's different [ than the, + than the ] long Texas ramblers. /","So/RB  [ it/PRP ] 's/BES different/JJ than/IN  [ the/DT ] ,/, than/IN  [ the/DT long/JJ Texas/NNP ramblers/NNS ] ./.","(S (RB So) (NP-SBJ (PRP it)) (VP (BES 's) (ADJP-PRD (ADJP (JJ different)) (EDITED (RM (-DFL- \[)) (PP (IN than) (NP-UNF (DT the))) (, ,) (IP (-DFL- \+))) (PP (IN than) (NP (DT the) (RS (-DFL- \])) (JJ long) (NNP Texas) (NNS ramblers))))) (. .) (-DFL- E_S))","54",49.589375,52.579125," So  it's different  than the,  than the  long Texas ramblers. ","So/RB   it/PRP  's/BES different/JJ than/IN   the/DT  ,/, than/IN   the/DT long/JJ Texas/NNP ramblers/NNS  ./."
"34","sw04utt/sw_0474_2691.utt","2/sw2691",2691,33,"b","A",29,1,"Right,  /","Right/UH ,/,","(INTJ (UH Right) (, ,) (-DFL- E_S))","56",52.650375,53.67,"Right,  ","Right/UH ,/,"
"35","sw04utt/sw_0474_2691.utt","2/sw2691",2691,34,"b","A",29,2,"uh-huh. /","[ uh-huh/UH ] ./.","(INTJ (UH uh-huh) (. .) (-DFL- E_S))","57",52.650375,53.67,"uhhuh. "," uhhuh/UH  ./."
"36","sw04utt/sw_0474_2691.utt","2/sw2691",2691,35,"b^m","B",30,1,"Uh-huh. /","[ Uh-huh/UH ] ./.","(INTJ (UH Uh-huh) (. .) (-DFL- E_S))","52",53.2835,53.5595,"Uhhuh. "," Uhhuh/UH  ./."
"37","sw04utt/sw_0474_2691.utt","2/sw2691",2691,36,"sd","A",31,1,"{D Well } [ we -- +","Well/UH  [ we/PRP ] --/:","(S (INTJ (UH Well)) (EDITED (RM (-DFL- \[)) (NP-SBJ (PRP we)) (IP (-DFL- \+))) (NP-SBJ (PRP we)) (RS (-DFL- \])) (VP (VBP live) (PP-LOC (IN in) (NP (DT a) (NN brick) (NN story) (QP (CC and) (DT a) (JJ half)))) (, ,) (INTJ (UH uh))) (, ,) (-DFL- E_S))","61",54.23875,58.26025," Well   we  ","Well/UH   we/PRP  /:"
"38","sw04utt/sw_0474_2691.utt","2/sw2691",2691,37,"qw","B",32,1,"What's your house like? /","[ What/WP ] 's/BES  [ your/PRP$ house/NN ] like/IN ?/.","(SBARQ (WHNP-1 (WP What)) (SQ (BES 's) (NP-SBJ (PRP$ your) (NN house)) (PP-PRD (IN like) (NP (-NONE- *T*-1)))) (. ?) (-DFL- E_S))","63",54.296375,54.993875,"What's your house like? "," What/WP  's/BES   your/PRP$ house/NN  like/IN ?/."
"39","sw04utt/sw_0474_2691.utt","2/sw2691",2691,38,"+","A",33,1,"-- we ] live in a brick story and a half, {F uh, }  /","--/:  [ we/PRP ] live/VBP in/IN  [ a/DT brick/NN story/NN ] and/CC  [ a/DT half/JJ ] ,/,  [ uh/UH ] ,/,","(S (INTJ (UH Well)) (EDITED (RM (-DFL- \[)) (NP-SBJ (PRP we)) (IP (-DFL- \+))) (NP-SBJ (PRP we)) (RS (-DFL- \])) (VP (VBP live) (PP-LOC (IN in) (NP (DT a) (NN brick) (NN story) (QP (CC and) (DT a) (JJ half)))) (, ,) (INTJ (UH uh))) (, ,) (-DFL- E_S))","61",59.435625,61.1795," we  live in a brick story and a half,  uh,   ","/:   we/PRP  live/VBP in/IN   a/DT brick/NN story/NN  and/CC   a/DT half/JJ  ,/,   uh/UH  ,/,"
"40","sw04utt/sw_0474_2691.utt","2/sw2691",2691,39,"sd","A",33,2,"Cape Cod style, I guess you'd --","[ Cape/NNP Cod/NNP style/NN ] ,/,  [ I/PRP ] guess/VBP  [ you/PRP ] 'd/MD --/:","(S (NP-TPC-1 (NNP Cape) (NNP Cod) (NN style)) (, ,) (NP-SBJ (PRP I)) (VP (VBP guess) (SBAR (-NONE- 0) (S (NP-SBJ (PRP you)) (VP (MD 'd) (VP (VB call) (S (NP-SBJ (PRP it)) (NP-PRD (-NONE- *T*-1)))))))) (. .) (-DFL- E_S))","65",59.435625,61.1795,"Cape Cod style, I guess you'd "," Cape/NNP Cod/NNP style/NN  ,/,   I/PRP  guess/VBP   you/PRP  'd/MD /:"
"41","sw04utt/sw_0474_2691.utt","2/sw2691",2691,40,"ba","B",34,1,"{F Oh, } great,  /","Oh/UH ,/,  [ great/JJ ] ,/,","(INTJ (INTJ (UH Oh)) (, ,) (INTJ (JJ great)) (, ,) (-DFL- E_S))","67",60.3815,61.9345," Oh,  great,  ","Oh/UH ,/,   great/JJ  ,/,"
"42","sw04utt/sw_0474_2691.utt","2/sw2691",2691,41,"%","B",34,2,"yeah. /","yeah/UH ./.","(INTJ (UH yeah) (. .) (-DFL- E_S))","68",60.3815,61.9345,"yeah. ","yeah/UH ./."
"43","sw04utt/sw_0474_2691.utt","2/sw2691",2691,42,"+","A",35,1,"-- call it.  /","--/: call/VB  [ it/PRP ] ./.","(S (NP-TPC-1 (NNP Cape) (NNP Cod) (NN style)) (, ,) (NP-SBJ (PRP I)) (VP (VBP guess) (SBAR (-NONE- 0) (S (NP-SBJ (PRP you)) (VP (MD 'd) (VP (VB call) (S (NP-SBJ (PRP it)) (NP-PRD (-NONE- *T*-1)))))))) (. .) (-DFL- E_S))","65",61.86875,66.260625," call it.  ","/: call/VB   it/PRP  ./."
"44","sw04utt/sw_0474_2691.utt","2/sw2691",2691,43,"sd","A",35,2,"{C And, } {F uh, } have a big sun room on the back of it. /","And/CC ,/,  [ uh/UH ] ,/, have/VBP  [ a/DT big/JJ sun/NN room/NN ] on/IN  [ the/DT back/NN ] of/IN  [ it/PRP ] ./.","(S (CC And) (, ,) (INTJ (UH uh)) (, ,) (NP-SBJ (-NONE- *)) (VP (VBP have) (NP (DT a) (JJ big) (NN sun) (NN room)) (PP-LOC (IN on) (NP (NP (DT the) (NN back)) (PP (IN of) (NP (PRP it)))))) (. .) (-DFL- E_S))","70",61.86875,66.260625," And,   uh,  have a big sun room on the back of it. ","And/CC ,/,   uh/UH  ,/, have/VBP   a/DT big/JJ sun/NN room/NN  on/IN   the/DT back/NN  of/IN   it/PRP  ./."
"45","sw04utt/sw_0474_2691.utt","2/sw2691",2691,44,"qy","B",36,1,"{C So } it's got a lot of [ o-, + openness ] and light, also? /","So/RB  [ it/PRP ] [ 's/HVS ] got/VBN  [ a/DT lot/NN ] of/IN  [ o-/NN ] ,/,  [ openness/NN ] and/CC  [ light/NN ] ,/, also/RB ?/.","(S (RB So) (NP-SBJ (PRP it)) (VP (HVS 's) (VP (VBN got) (NP (NP (DT a) (NN lot)) (PP (IN of) (EDITED (RM (-DFL- \[)) (NP-UNF (NN o-)) (, ,) (IP (-DFL- \+))) (NP (NP (NN openness)) (RS (-DFL- \])) (CC and) (NP (NN light))))) (, ,) (ADVP (RB also)))) (. ?) (-DFL- E_S))","72",67.548875,70.21125," So  it's got a lot of  o,  openness  and light, also? ","So/RB   it/PRP   's/HVS  got/VBN   a/DT lot/NN  of/IN   o/NN  ,/,   openness/NN  and/CC   light/NN  ,/, also/RB ?/."
"46","sw04utt/sw_0474_2691.utt","2/sw2691",2691,45,"nn","A",37,1,"No, /","No/UH ,/,","(INTJ (UH No) (, ,) (-DFL- E_S))","74",66.260625,67.8045,"No, ","No/UH ,/,"
"47","sw04utt/sw_0474_2691.utt","2/sw2691",2691,46,"qy","B",38,1,"# {F Oh, } it doesn't? # /","Oh/UH ,/,  [ it/PRP ] does/VBZ n't/RB ?/.","(S (INTJ (UH Oh)) (, ,) (NP-SBJ (PRP it)) (VP (VBZ does) (RB n't)) (. ?) (-DFL- E_S))","76",71.133375,71.733,"#  Oh,  it doesn't? # ","Oh/UH ,/,   it/PRP  does/VBZ n't/RB ?/."
"48","sw04utt/sw_0474_2691.utt","2/sw2691",2691,47,"ng","A",39,1,"# it doesn't have # <laughter>. /","[ it/PRP ] does/VBZ n't/RB have/VB ./.","(S (NP-SBJ (PRP it)) (VP (VBZ does) (RB n't) (VP (VB have) (NP (-NONE- *?*)))) (. .) (-DFL- E_S))","78",67.8045,71.561,"# it doesn't have # laughter. "," it/PRP  does/VBZ n't/RB have/VB ./."
"49","sw04utt/sw_0474_2691.utt","2/sw2691",2691,48,"sd","B",40,1,"{D Well, } that's what my wife really wanted  /","Well/UH ,/,  [ that/DT ] 's/BES  [ what/WP ] [ my/PRP$ wife/NN ] really/RB wanted/VBD","(S (INTJ (UH Well)) (, ,) (NP-SBJ (DT that)) (VP (BES 's) (SBAR-NOM-PRD (WHNP-1 (WP what)) (S (NP-SBJ (PRP$ my) (NN wife)) (ADVP (RB really)) (VP (VBD wanted) (NP (-NONE- *T*-1)))))) (-DFL- E_S))","80",72.674625,75.4495," Well,  that's what my wife really wanted  ","Well/UH ,/,   that/DT  's/BES   what/WP   my/PRP$ wife/NN  really/RB wanted/VBD"
"50","sw04utt/sw_0474_2691.utt","2/sw2691",2691,49,"%","B",40,2,"{C and so, } {F uh, } -/","and/CC so/RB ,/,  [ uh/UH ] ,/,","(S-UNF (CONJP (CC and) (RB so)) (, ,) (INTJ (UH uh)) (, ,) (-DFL- N_S))","81",72.674625,75.4495," and so,   uh,  ","and/CC so/RB ,/,   uh/UH  ,/,"
"51","sw04utt/sw_0474_2691.utt","2/sw2691",2691,50,"qy","A",41,1,"With openness and light? /","With/IN  [ openness/NN ] and/CC  [ light/NN ] ?/.","(PP (IN With) (NP (NN openness) (CC and) (NN light)) (. ?) (-DFL- E_S))","83",75.415875,76.404625,"With openness and light? ","With/IN   openness/NN  and/CC   light/NN  ?/."
"52","sw04utt/sw_0474_2691.utt","2/sw2691",2691,51,"ny","B",42,1,"Yeah  /","Yeah/UH","(INTJ (UH Yeah) (-DFL- E_S))","85",76.593875,77.2975,"Yeah  ","Yeah/UH"
"53","sw04utt/sw_0474_2691.utt","2/sw2691",2691,52,"%","B",42,2,"that's, -/","[ that/DT ] 's/BES ,/,","(S (NP-SBJ (DT that)) (VP-UNF (BES 's)) (, ,) (-DFL- N_S))","86",76.593875,77.2975,"that's, "," that/DT  's/BES ,/,"
"54","sw04utt/sw_0474_2691.utt","2/sw2691",2691,53,"ba","A",43,1,"I understand that,  /","[ I/PRP ] understand/VBP  [ that/DT ] ,/,","(S (NP-SBJ (PRP I)) (VP (VBP understand) (NP (DT that))) (, ,) (-DFL- E_S))","88",76.92825,78.62625,"I understand that,  "," I/PRP  understand/VBP   that/DT  ,/,"
"55","sw04utt/sw_0474_2691.utt","2/sw2691",2691,54,"sd","A",43,2,"I would love that too <laughter>. /","[ I/PRP ] would/MD love/VB that/DT too/RB ./.","(S (NP-SBJ (PRP I)) (VP (MD would) (VP (VB love) (NP (DT that)) (ADVP (RB too)))) (. .) (-DFL- E_S))","89",76.92825,78.62625,"I would love that too laughter. "," I/PRP  would/MD love/VB that/DT too/RB ./."
"56","sw04utt/sw_0474_2691.utt","2/sw2691",2691,55,"sd","B",44,1,"{F Uh, } [ our, + our ] last house wasn't too bad,  /","[ Uh/UH ] ,/,  [ our/PRP$ ] ,/,  [ our/PRP$ last/JJ house/NN was/VBD n't/RB ] too/RB bad/JJ ,/,","(S (INTJ (UH Uh)) (, ,) (EDITED (RM (-DFL- \[)) (NP-SBJ-UNF (PRP$ our)) (, ,) (IP (-DFL- \+))) (NP-SBJ (PRP$ our) (RS (-DFL- \])) (JJ last) (NN house)) (VP (VBD was) (RB n't) (ADJP-PRD (RB too) (JJ bad))) (, ,) (-DFL- E_S))","91",79.134875,83.684875," Uh,   our,  our  last house wasn't too bad,  "," Uh/UH  ,/,   our/PRP$  ,/,   our/PRP$ last/JJ house/NN was/VBD n't/RB  too/RB bad/JJ ,/,"
"57","sw04utt/sw_0474_2691.utt","2/sw2691",2691,56,"sd","B",44,2,"{C but } it was just too traditional, /","but/CC  [ it/PRP ] was/VBD just/RB too/RB traditional/JJ ,/,","(S (CC but) (NP-SBJ (PRP it)) (VP (VBD was) (ADJP-PRD (ADVP (RB just)) (RB too) (JJ traditional))) (, ,) (-DFL- E_S))","92",79.134875,83.684875," but  it was just too traditional, ","but/CC   it/PRP  was/VBD just/RB too/RB traditional/JJ ,/,"
"58","sw04utt/sw_0474_2691.utt","2/sw2691",2691,57,"b","A",45,1,"# Uh-huh.  # /","[ Uh-huh/UH ] ./.","(INTJ (UH Uh-huh) (. .) (-DFL- E_S))","94",83.811875,84.145375,"# Uhhuh.  # "," Uhhuh/UH  ./."
"59","sw04utt/sw_0474_2691.utt","2/sw2691",2691,58,"%","B",46,1,"# {C and # so, } if, {F uh, } -/","and/CC so/RB ,/, if/IN ,/,  [ uh/UH ] ,/,","(S (CONJP (CC and) (RB so)) (, ,) (SBAR-ADV-UNF (IN if) (, ,) (INTJ (UH uh))) (, ,) (-DFL- N_S))","96",83.684875,84.784875,"#  and # so,  if,  uh,  ","and/CC so/RB ,/, if/IN ,/,   uh/UH  ,/,"
"60","sw04utt/sw_0474_2691.utt","2/sw2691",2691,59,"b","A",47,1,"# Yeah,  /","Yeah/UH ,/,","(INTJ (UH Yeah) (, ,) (-DFL- E_S))","98",85.067875,86.198125,"# Yeah,  ","Yeah/UH ,/,"
"61","sw04utt/sw_0474_2691.utt","2/sw2691",2691,60,"sd","A",47,2,"this is very traditional.  # /","[ this/DT ] is/VBZ very/RB traditional/JJ ./.","(S (NP-SBJ (DT this)) (VP (VBZ is) (ADJP-PRD (RB very) (JJ traditional))) (. .) (-DFL- E_S))","99",85.067875,86.198125,"this is very traditional.  # "," this/DT  is/VBZ very/RB traditional/JJ ./."
"62","sw04utt/sw_0474_2691.utt","2/sw2691",2691,61,"sd","B",48,1,"# [ the n-, + the next ] time, # {F uh, } probably a year and a half from now, we're going to try to build. /","[ the/DT n/JJ ] ,/,  [ the/DT next/JJ time/NN ] ,/,  [ uh/UH ] ,/, probably/RB  [ a/DT year/NN ] and/CC  [ a/DT half/NN ] from/IN now/RB ,/,  [ we/PRP ] 're/VBP going/VBG to/TO try/VB to/TO build/VB ./.","(S (EDITED (RM (-DFL- \[)) (NP-SBJ-UNF (DT the) (JJ n-)) (, ,) (IP (-DFL- \+))) (NP-TMP (DT the) (JJ next) (RS (-DFL- \])) (NN time)) (, ,) (INTJ (UH uh)) (, ,) (ADVP (RB probably)) (NP-TMP (NP (DT a) (NN year) (QP (CC and) (DT a) (NN half))) (PP (IN from) (ADVP-TMP (RB now)))) (, ,) (NP-SBJ-1 (PRP we)) (VP (VBP 're) (VP (VBG going) (S (NP-SBJ-2 (-NONE- *-1)) (VP (TO to) (VP (VB try) (S (NP-SBJ (-NONE- *-2)) (VP (TO to) (VP (VB build))))))))) (. .) (-DFL- E_S))","101",85.586625,90.08725,"#  the n,  the next  time, #  uh,  probably a year and a half from now, we're going to try to build. "," the/DT n/JJ  ,/,   the/DT next/JJ time/NN  ,/,   uh/UH  ,/, probably/RB   a/DT year/NN  and/CC   a/DT half/NN  from/IN now/RB ,/,   we/PRP  're/VBP going/VBG to/TO try/VB to/TO build/VB ./."
"63","sw04utt/sw_0474_2691.utt","2/sw2691",2691,62,"b","A",49,1,"{F Oh, } uh-huh. /","Oh/UH ,/,  [ uh-huh/UH ] ./.","(INTJ (INTJ (UH Oh)) (, ,) (INTJ (UH uh-huh)) (. .) (-DFL- E_S))","103",86.198125,91.001375," Oh,  uhhuh. ","Oh/UH ,/,   uhhuh/UH  ./."
"64","sw04utt/sw_0474_2691.utt","2/sw2691",2691,63,"sd","B",50,1,"{C So } make one really, {F uh, } contemporary and, and very modern and very open and  very light. /","So/RB make/VB  [ one/CD ] really/RB ,/,  [ uh/UH ] ,/,  [ contemporary/JJ ] and/CC ,/, and/CC very/RB modern/JJ and/CC  very/RB open/JJ and/CC very/RB light/JJ ./.","(S (RB So) (NP-SBJ (-NONE- *)) (VP (VB make) (S (NP-SBJ (CD one)) (ADJP-PRD (ADJP (RB really) (, ,) (INTJ (UH uh)) (, ,) (JJ contemporary)) (EDITED (CC and)) (, ,) (CC and) (ADJP (RB very) (JJ modern)) (CC and) (ADJP (RB very) (JJ open)) (CC and) (ADJP (RB very) (JJ light))))) (. .) (-DFL- E_S))","105",91.090125,98.48775," So  make one really,  uh,  contemporary and, and very modern and very open and  very light. ","So/RB make/VB   one/CD  really/RB ,/,   uh/UH  ,/,   contemporary/JJ  and/CC ,/, and/CC very/RB modern/JJ and/CC  very/RB open/JJ and/CC very/RB light/JJ ./."
"65","sw04utt/sw_0474_2691.utt","2/sw2691",2691,64,"b","A",51,1,"Uh-huh.  /","[ Uh-huh/UH ] ./.","(INTJ (UH Uh-huh) (. .) (-DFL- E_S))","94",98.70875,100.266125,"Uhhuh.  "," Uhhuh/UH  ./."
"66","sw04utt/sw_0474_2691.utt","2/sw2691",2691,65,"qy","A",51,2,"Do you have children at home? /","Do/VBP  [ you/PRP ] have/VB  [ children/NNS ] at/IN  [ home/NN ] ?/.","(SQ (VBP Do) (NP-SBJ (PRP you)) (VP (VB have) (NP (NNS children)) (PP-LOC (IN at) (NP (NN home)))) (. ?) (-DFL- E_S))","108",98.70875,100.266125,"Do you have children at home? ","Do/VBP   you/PRP  have/VB   children/NNS  at/IN   home/NN  ?/."
"67","sw04utt/sw_0474_2691.utt","2/sw2691",2691,66,"nn","B",52,1,"No,  /","No/UH ,/,","(INTJ (UH No) (, ,) (-DFL- E_S))","110",101.03925,102.571375,"No,  ","No/UH ,/,"
"68","sw04utt/sw_0474_2691.utt","2/sw2691",2691,67,"sd^e","B",52,2,"I have three in college. /","[ I/PRP ] have/VBP  [ three/CD ] in/IN  [ college/NN ] ./.","(S (NP-SBJ (PRP I)) (VP (VBP have) (NP (CD three)) (PP (IN in) (NP (NN college)))) (. .) (-DFL- E_S))","111",101.03925,102.571375,"I have three in college. "," I/PRP  have/VBP   three/CD  in/IN   college/NN  ./."
"69","sw04utt/sw_0474_2691.utt","2/sw2691",2691,68,"bh","A",53,1,"Three?  /","[ Three/CD ] ?/.","(NP (CD Three) (. ?) (-DFL- E_S))","113",102.55475,103.430875,"Three?  "," Three/CD  ?/."
"70","sw04utt/sw_0474_2691.utt","2/sw2691",2691,69,"ba","A",53,2,"{F Oh, } boy. /","Oh/UH ,/,  [ boy/UH ] ./.","(INTJ (INTJ (UH Oh)) (, ,) (INTJ (UH boy)) (. .) (-DFL- E_S))","114",102.55475,103.430875," Oh,  boy. ","Oh/UH ,/,   boy/UH  ./."
"71","sw04utt/sw_0474_2691.utt","2/sw2691",2691,70,"sd","B",54,1,"[ They, + they ] usually, get back [ for the, + at least two of them for the ] summer,  /","[ They/PRP ] ,/,  [ they/PRP ] usually/RB ,/, get/VBP back/RB for/IN  [ the/DT ] ,/, at/IN  [ least/JJS two/CD ] of/IN  [ them/PRP ] for/IN  [ the/DT summer/NN ] ,/,","(S (EDITED (RM (-DFL- \[)) (NP-SBJ (PRP They)) (, ,) (IP (-DFL- \+))) (NP-SBJ (PRP they)) (RS (-DFL- \])) (ADVP-TMP (RB usually)) (, ,) (VP (VBP get) (ADVP (RB back)) (EDITED (RM (-DFL- \[)) (PP (IN for) (NP-UNF (DT the))) (, ,) (IP (-DFL- \+))) (NP-TPC (NP (QP (IN at) (JJS least) (CD two))) (PP (IN of) (NP (PRP them)))) (PP-TMP (IN for) (NP (DT the) (RS (-DFL- \])) (NN summer)))) (, ,) (-DFL- E_S))","116",103.061375,108.954," They,  they  usually, get back  for the,  at least two of them for the  summer,  "," They/PRP  ,/,   they/PRP  usually/RB ,/, get/VBP back/RB for/IN   the/DT  ,/, at/IN   least/JJS two/CD  of/IN   them/PRP  for/IN   the/DT summer/NN  ,/,"
"72","sw04utt/sw_0474_2691.utt","2/sw2691",2691,71,"%","B",54,2,"[ {C so, } +","so/RB ,/,","(S (CONJP (CC and) (RB so)) (, ,) (SBAR-ADV-UNF (IN if) (, ,) (INTJ (UH uh))) (, ,) (-DFL- N_S))","96",103.061375,108.954,"  so,  ","so/RB ,/,"
"73","sw04utt/sw_0474_2691.utt","2/sw2691",2691,72,"qy^d","A",55,1,"You still need --","[ You/PRP ] still/RB need/VBP --/:","(S (NP-SBJ (PRP You)) (ADVP-TMP (RB still)) (VP (VBP need) (NP (NP (NN space)) (, ,) (NP (NP (NN plenty)) (PP (IN of) (NP (NN space)))))) (. .) (-DFL- E_S))","119",108.31825,110.15675,"You still need "," You/PRP  still/RB need/VBP /:"
"74","sw04utt/sw_0474_2691.utt","2/sw2691",2691,73,"+","B",56,1,"{C But, } ] -/","But/CC ,/,","(S-UNF (EDITED (RM (-DFL- \[)) (RB so) (, ,) (IP (-DFL- \+))) (CC But) (, ,) (RS (-DFL- \])) (-DFL- N_S))","117",NA,NA," But,   ","But/CC ,/,"
"75","sw04utt/sw_0474_2691.utt","2/sw2691",2691,74,"+","A",57,1,"-- space, plenty of space <laughter>. /","--/:  [ space/NN ] ,/,  [ plenty/NN ] of/IN  [ space/NN ] ./.","(S (NP-SBJ (PRP You)) (ADVP-TMP (RB still)) (VP (VBP need) (NP (NP (NN space)) (, ,) (NP (NP (NN plenty)) (PP (IN of) (NP (NN space)))))) (. .) (-DFL- E_S))","119",NA,NA," space, plenty of space laughter. ","/:   space/NN  ,/,   plenty/NN  of/IN   space/NN  ./."
"76","sw04utt/sw_0474_2691.utt","2/sw2691",2691,75,"na","B",58,1,"Still need a little bit of space.  /","Still/RB need/VBP  [ a/DT little/JJ bit/NN ] of/IN  [ space/NN ] ./.","(S (NP-SBJ (-NONE- *)) (ADVP-TMP (RB Still)) (VP (VBP need) (NP (NP (DT a) (JJ little) (NN bit)) (PP (IN of) (NP (NN space))))) (. .) (-DFL- E_S))","123",109.960625,115.301875,"Still need a little bit of space.  ","Still/RB need/VBP   a/DT little/JJ bit/NN  of/IN   space/NN  ./."
"77","sw04utt/sw_0474_2691.utt","2/sw2691",2691,76,"sd","B",58,2,"[ We, + we ] have a lot less than we had,","[ We/PRP ] ,/,  [ we/PRP ] have/VBP  [ a/DT ] lot/NN less/JJR than/IN  [ we/PRP ] had/VBD ,/,","(S (EDITED (RM (-DFL- \[)) (NP-SBJ (PRP We)) (, ,) (IP (-DFL- \+))) (NP-SBJ (PRP we)) (RS (-DFL- \])) (VP (VBP have) (NP (NP (ADJP (NP-ADV (DT a) (NN lot)) (JJR less))) (SBAR (WHNP-1 (IN than)) (S (NP-SBJ (PRP we)) (VP (VBD had) (NP (-NONE- *T*-1)))))) (, ,) (INTJ (UH uh)) (, ,) (ADVP-TMP (RB recently))) (. .) (-DFL- E_S))","124",109.960625,115.301875," We,  we  have a lot less than we had,"," We/PRP  ,/,   we/PRP  have/VBP   a/DT  lot/NN less/JJR than/IN   we/PRP  had/VBD ,/,"
"78","sw04utt/sw_0474_2691.utt","2/sw2691",2691,77,"b","A",59,1,"# Uh-huh.  # /","[ Uh-huh/UH ] ./.","(INTJ (UH Uh-huh) (. .) (-DFL- E_S))","107",112.98775,113.30775,"# Uhhuh.  # "," Uhhuh/UH  ./."
"79","sw04utt/sw_0474_2691.utt","2/sw2691",2691,78,"+","B",60,1,"# {F uh, } # recently. /","[ uh/UH ] ,/, recently/RB ./.","(S (EDITED (RM (-DFL- \[)) (NP-SBJ (PRP We)) (, ,) (IP (-DFL- \+))) (NP-SBJ (PRP we)) (RS (-DFL- \])) (VP (VBP have) (NP (NP (ADJP (NP-ADV (DT a) (NN lot)) (JJR less))) (SBAR (WHNP-1 (IN than)) (S (NP-SBJ (PRP we)) (VP (VBD had) (NP (-NONE- *T*-1)))))) (, ,) (INTJ (UH uh)) (, ,) (ADVP-TMP (RB recently))) (. .) (-DFL- E_S))","124",NA,NA,"#  uh,  # recently. "," uh/UH  ,/, recently/RB ./."
"80","sw04utt/sw_0474_2691.utt","2/sw2691",2691,79,"b","A",61,1,"{F Huh } <<faintly>>. /","Huh/UH ./.","(INTJ (UH Huh) (. .) (-DFL- E_S))","129",115.191,115.38025," Huh  faintly. ","Huh/UH ./."
"81","sw04utt/sw_0474_2691.utt","2/sw2691",2691,80,"sd","B",62,1,"Already cut back. /","Already/RB cut/VBD back/RB ./.","(S (NP-SBJ (-NONE- *)) (ADVP-TMP (RB Already)) (VP (VBD cut) (ADVP (RB back))) (. .) (-DFL- E_S))","131",115.301875,116.211875,"Already cut back. ","Already/RB cut/VBD back/RB ./."
"82","sw04utt/sw_0474_2691.utt","2/sw2691",2691,81,"b","A",63,1,"Uh-huh.  /","[ Uh-huh/UH ] ./.","(INTJ (UH Uh-huh) (. .) (-DFL- E_S))","107",116.387375,117.07025,"Uhhuh.  "," Uhhuh/UH  ./."
"83","sw04utt/sw_0474_2691.utt","2/sw2691",2691,82,"%","A",63,2,"{D Well, } -/","Well/UH ,/,","(INTJ (UH Well) (, ,) (-DFL- N_S))","134",116.387375,117.07025," Well,  ","Well/UH ,/,"
"84","sw04utt/sw_0474_2691.utt","2/sw2691",2691,83,"qw","B",64,1,"How big is your place? /","How/WRB  [ big/JJ ] is/VBZ  [ your/PRP$ place/NN ] ?/.","(SBARQ (WHADJP-1 (WRB How) (JJ big)) (SQ (VBZ is) (NP-SBJ (PRP$ your) (NN place)) (ADJP-PRD (-NONE- *T*-1))) (. ?) (-DFL- E_S))","136",116.754,117.716625,"How big is your place? ","How/WRB   big/JJ  is/VBZ   your/PRP$ place/NN  ?/."
"85","sw04utt/sw_0474_2691.utt","2/sw2691",2691,84,"sd","A",65,1,"It's, {F uh, } {F oh, } about [ twenty-five thousand, + twenty-five hundred ]  square feet,","[ It/PRP ] [ 's/BES ] ,/,  [ uh/UH ] ,/, oh/UH ,/, about/RB  [ twenty-five/CD thousand/CD ] ,/,  [ twenty-five/CD hundred/CD square/NN feet/NNS ] ,/,","(S (S-TPC-1 (NP-SBJ (PRP It)) (VP (BES 's) (, ,) (INTJ (UH uh)) (, ,) (INTJ (UH oh)) (, ,) (NP-PRD (QP (RB about) (EDITED (RM (-DFL- \[)) (CD twenty-five) (CD thousand) (, ,) (IP (-DFL- \+))) (CD twenty-five) (CD hundred)) (RS (-DFL- \])) (NN square) (NNS feet)))) (, ,) (NP-SBJ (PRP I)) (VP (VBP guess) (SBAR (-NONE- 0) (S (-NONE- *T*-1)))) (. .) (-DFL- E_S))","138",118.12925,123.41075,"It's,  uh,   oh,  about  twentyfive thousand,  twentyfive hundred   square feet,"," It/PRP   's/BES  ,/,   uh/UH  ,/, oh/UH ,/, about/RB   twentyfive/CD thousand/CD  ,/,   twentyfive/CD hundred/CD square/NN feet/NNS  ,/,"
"86","sw04utt/sw_0474_2691.utt","2/sw2691",2691,85,"ba","B",66,1,"# {F Oh } # --","Oh/UH --/:","(S (INTJ (UH Oh)) (NP-SBJ (DT that)) (VP (BES 's) (NP-PRD (JJ good) (NN size))) (. .) (-DFL- E_S))","140",122.74225,124.34025,"#  Oh  # ","Oh/UH /:"
"87","sw04utt/sw_0474_2691.utt","2/sw2691",2691,86,"+","A",67,1,"# I guess.  # /","[ I/PRP ] guess/VBP ./.","(S (S-TPC-1 (NP-SBJ (PRP It)) (VP (BES 's) (, ,) (INTJ (UH uh)) (, ,) (INTJ (UH oh)) (, ,) (NP-PRD (QP (RB about) (EDITED (RM (-DFL- \[)) (CD twenty-five) (CD thousand) (, ,) (IP (-DFL- \+))) (CD twenty-five) (CD hundred)) (RS (-DFL- \])) (NN square) (NNS feet)))) (, ,) (NP-SBJ (PRP I)) (VP (VBP guess) (SBAR (-NONE- 0) (S (-NONE- *T*-1)))) (. .) (-DFL- E_S))","138",NA,NA,"# I guess.  # "," I/PRP  guess/VBP ./."
"88","sw04utt/sw_0474_2691.utt","2/sw2691",2691,87,"+","B",68,1,"-- that's good size. /","--/:  [ that/DT ] [ 's/BES good/JJ size/NN ] ./.","(S (INTJ (UH Oh)) (NP-SBJ (DT that)) (VP (BES 's) (NP-PRD (JJ good) (NN size))) (. .) (-DFL- E_S))","140",NA,NA," that's good size. ","/:   that/DT   's/BES good/JJ size/NN  ./."
"89","sw04utt/sw_0474_2691.utt","2/sw2691",2691,88,"sd","A",69,1,"It's four bedrooms and two baths and that, /","[ It/PRP ] [ 's/BES four/CD bedrooms/NNS ] and/CC  [ two/CD baths/NNS ] and/CC  [ that/DT ] ,/,","(S (NP-SBJ (PRP It)) (VP (BES 's) (NP-PRD (NP (CD four) (NNS bedrooms)) (CC and) (NP (CD two) (NNS baths)) (CC and) (NP-UNF (DT that)))) (, ,) (-DFL- E_S))","144",124.38425,127.01125,"It's four bedrooms and two baths and that, "," It/PRP   's/BES four/CD bedrooms/NNS  and/CC   two/CD baths/NNS  and/CC   that/DT  ,/,"
"90","sw04utt/sw_0474_2691.utt","2/sw2691",2691,89,"b","B",70,1,"Yeah.  /","Yeah/UH ./.","(INTJ (UH Yeah) (. .) (-DFL- E_S))","146",126.691,127.781625,"Yeah.  ","Yeah/UH ./."
"91","sw04utt/sw_0474_2691.utt","2/sw2691",2691,90,"%","B",70,2,"[ We, +","[ We/PRP ] ,/,","(S (EDITED (RM (-DFL- \[)) (NP-SBJ (PRP We)) (, ,) (IP (-DFL- \+))) (NP-SBJ (PRP we)) (RS (-DFL- \])) (VP (VBP have) (NP (NP (ADJP (NP-ADV (DT a) (NN lot)) (JJR less))) (SBAR (WHNP-1 (IN than)) (S (NP-SBJ (PRP we)) (VP (VBD had) (NP (-NONE- *T*-1)))))) (, ,) (INTJ (UH uh)) (, ,) (ADVP-TMP (RB recently))) (. .) (-DFL- E_S))","124",126.691,127.781625," We, "," We/PRP  ,/,"
"92","sw04utt/sw_0474_2691.utt","2/sw2691",2691,91,"sd","A",71,1,"# It # --","[ It/PRP ] --/:","(S (S-TPC-1 (NP-SBJ (PRP It)) (VP (BES 's) (, ,) (INTJ (UH uh)) (, ,) (INTJ (UH oh)) (, ,) (NP-PRD (QP (RB about) (EDITED (RM (-DFL- \[)) (CD twenty-five) (CD thousand) (, ,) (IP (-DFL- \+))) (CD twenty-five) (CD hundred)) (RS (-DFL- \])) (NN square) (NNS feet)))) (, ,) (NP-SBJ (PRP I)) (VP (VBP guess) (SBAR (-NONE- 0) (S (-NONE- *T*-1)))) (. .) (-DFL- E_S))","138",127.43125,132.696125,"# It # "," It/PRP  /:"
"93","sw04utt/sw_0474_2691.utt","2/sw2691",2691,92,"+","B",72,1,"# we ] had, # -/","[ we/PRP ] had/VBD ,/,","(S (EDITED (RM (-DFL- \[)) (NP-SBJ (PRP We)) (, ,) (IP (-DFL- \+))) (NP-SBJ (PRP we)) (RS (-DFL- \])) (VP-UNF (VBD had)) (, ,) (-DFL- N_S))","147",NA,NA,"# we  had, # "," we/PRP  had/VBD ,/,"
"94","sw04utt/sw_0474_2691.utt","2/sw2691",2691,93,"+","A",73,1,"-- has one wing built on that's a kitchen family room,  and then the big room on the back.  {F Uh, } /","--/: has/VBZ  [ one/CD wing/NN ] built/VBN on/RP  [ that/WDT ] 's/BES  [ a/DT kitchen/NN family/NN room/NN ] ,/, and/CC then/RB  [ the/DT big/JJ room/NN ] on/IN  [ the/DT back/NN ] ./.  [ Uh/UH ] ,/,","(S (NP-SBJ (PRP It)) (VP (VBZ has) (NP (NP (NP (CD one) (NN wing)) (VP (VBN built) (NP (-NONE- *)) (PRT (RP on))) (SBAR (WHNP-1 (WDT that)) (S (NP-SBJ (-NONE- *T*-1)) (VP (BES 's) (NP-PRD (DT a) (NN kitchen) (NN family) (NN room)))))) (, ,) (CONJP (CC and) (RB then)) (NP (DT the) (JJ big) (NN room)) (PP-LOC (IN on) (NP (DT the) (NN back))))) (. .))|||(INTJ (UH Uh) (, ,) (-DFL- E_S))","149|||150",NA,NA," has one wing built on that's a kitchen family room,  and then the big room on the back.   Uh,  ","/: has/VBZ   one/CD wing/NN  built/VBN on/RP   that/WDT  's/BES   a/DT kitchen/NN family/NN room/NN  ,/, and/CC then/RB   the/DT big/JJ room/NN  on/IN   the/DT back/NN  ./.   Uh/UH  ,/,"
"95","sw04utt/sw_0474_2691.utt","2/sw2691",2691,94,"b","B",74,1,"Yeah,  /","Yeah/UH ,/,","(INTJ (UH Yeah) (, ,) (-DFL- E_S))","154",132.308875,136.354,"Yeah,  ","Yeah/UH ,/,"
"96","sw04utt/sw_0474_2691.utt","2/sw2691",2691,95,"sd","B",74,2,"we had four bedrooms, two and a half baths, {F uh, } in the place we just left. /","[ we/PRP ] had/VBD  [ four/CD bedrooms/NNS ] ,/,  [ two/CD ] and/CC  [ a/DT half/JJ baths/NNS ] ,/,  [ uh/UH ] ,/, in/IN  [ the/DT place/NN ] [ we/PRP ] just/RB left/VBD ./.","(S (NP-SBJ (PRP we)) (VP (VBD had) (NP (NP (CD four) (NNS bedrooms)) (, ,) (NP (QP (CD two) (CC and) (DT a) (JJ half)) (NNS baths))) (, ,) (INTJ (UH uh)) (, ,) (PP-LOC (IN in) (NP (NP (DT the) (NN place)) (SBAR (WHNP-1 (-NONE- 0)) (S (NP-SBJ (PRP we)) (ADVP (RB just)) (VP (VBD left) (NP (-NONE- *T*-1)))))))) (. .) (-DFL- E_S))","155",132.308875,136.354,"we had four bedrooms, two and a half baths,  uh,  in the place we just left. "," we/PRP  had/VBD   four/CD bedrooms/NNS  ,/,   two/CD  and/CC   a/DT half/JJ baths/NNS  ,/,   uh/UH  ,/, in/IN   the/DT place/NN   we/PRP  just/RB left/VBD ./."
"97","sw04utt/sw_0474_2691.utt","2/sw2691",2691,96,"b","A",75,1,"Uh-huh. /","[ Uh-huh/UH ] ./.","(INTJ (UH Uh-huh) (. .) (-DFL- E_S))","133",136.790375,137.085875,"Uhhuh. "," Uhhuh/UH  ./."
"98","sw04utt/sw_0474_2691.utt","2/sw2691",2691,97,"sd","B",76,1,"{C So } [ down, + now we're down ] to, two and two. /","So/RB down/IN ,/, now/RB  [ we/PRP ] 're/VBP down/IN to/IN ,/,  [ two/CD ] and/CC  [ two/CD ] ./.","(S (RB So) (EDITED (RM (-DFL- \[)) (PP-UNF (IN down)) (, ,) (IP (-DFL- \+))) (ADVP-TMP (RB now)) (NP-SBJ (PRP we)) (VP (VBP 're) (PP-PRD (IN down) (RS (-DFL- \])) (PP (IN to) (, ,) (NP (CD two) (CC and) (CD two))))) (. .) (-DFL- E_S))","159",137.446625,140.357125," So   down,  now we're down  to, two and two. ","So/RB down/IN ,/, now/RB   we/PRP  're/VBP down/IN to/IN ,/,   two/CD  and/CC   two/CD  ./."
"99","sw04utt/sw_0474_2691.utt","2/sw2691",2691,98,"b^m","A",77,1,"Two and two,  /","[ Two/CD ] and/CC  [ two/CD ] ,/,","(NP (CD Two) (CC and) (CD two) (, ,) (-DFL- E_S))","161",140.5805,141.446375,"Two and two,  "," Two/CD  and/CC   two/CD  ,/,"
"100","sw04utt/sw_0474_2691.utt","2/sw2691",2691,99,"b","A",77,2,"uh-huh. /","[ uh-huh/UH ] ./.","(INTJ (UH uh-huh) (. .) (-DFL- E_S))","162",140.5805,141.446375,"uhhuh. "," uhhuh/UH  ./."
"101","sw04utt/sw_0474_2691.utt","2/sw2691",2691,100,"b^m","B",78,1,"Uh-huh.  /","[ Uh-huh/UH ] ./.","(INTJ (UH Uh-huh) (. .) (-DFL- E_S))","157",141.247125,148.27825,"Uhhuh.  "," Uhhuh/UH  ./."
"102","sw04utt/sw_0474_2691.utt","2/sw2691",2691,101,"sd","B",78,2,"{C So } it won't be terribly wonderful when the kids are home,  /","So/RB  [ it/PRP ] wo/MD n't/RB be/VB terribly/RB wonderful/JJ when/WRB  [ the/DT kids/NNS ] are/VBP  [ home/RB ] ,/,","(S (RB So) (NP-SBJ (PRP it)) (VP (MD wo) (RB n't) (VP (VB be) (ADJP-PRD (RB terribly) (JJ wonderful)) (SBAR-TMP (WHADVP-1 (WRB when)) (S (NP-SBJ (DT the) (NNS kids)) (VP (VBP are) (ADVP-LOC-PRD (RB home)) (ADVP-TMP (-NONE- *T*-1))))))) (, ,) (-DFL- E_S))","165",141.247125,148.27825," So  it won't be terribly wonderful when the kids are home,  ","So/RB   it/PRP  wo/MD n't/RB be/VB terribly/RB wonderful/JJ when/WRB   the/DT kids/NNS  are/VBP   home/RB  ,/,"
"103","sw04utt/sw_0474_2691.utt","2/sw2691",2691,102,"sd","B",78,3,"{C but } it won't be that long, because we, not [ for + ] sure, {D you know, } how long they're going to stay or whatever. /","but/CC  [ it/PRP ] wo/MD n't/RB be/VB that/RB long/JJ ,/, because/IN  [ we/PRP ] ,/, not/RB for/IN  [ sure/JJ ] ,/,  [ you/PRP ] know/VBP ,/, how/WRB  [ long/JJ they/PRP ] 're/VBP going/VBG to/TO stay/VB or/CC  [ whatever/WDT ] ./.","(S (CC but) (NP-SBJ (PRP it)) (VP (MD wo) (RB n't) (VP (VB be) (ADJP-PRD (RB that) (JJ long)) (, ,) (SBAR-PRP (IN because) (S (NP-SBJ (PRP we)) (, ,) (X (RB not) (EDITED (RM (-DFL- \[)) (PP-UNF (IN for))) (IP (-DFL- \+)) (RS (-DFL- \])) (ADJP-PRD (JJ sure)) (PRN (, ,) (S (NP-SBJ (PRP you)) (VP (VBP know))) (, ,) (SBAR (WHADVP-2 (WRB how) (JJ long)) (S (NP-SBJ-1 (PRP they)) (VP (VBP 're) (VP (VBG going) (S (NP-SBJ (-NONE- *-1)) (VP (TO to) (VP (VP (VB stay)) (CC or) (NP-ETC (WDT whatever))))) (ADVP (-NONE- *T*-2)))))))))))) (. .) (-DFL- E_S))","166",141.247125,148.27825," but  it won't be that long, because we, not  for   sure,  you know,  how long they're going to stay or whatever. ","but/CC   it/PRP  wo/MD n't/RB be/VB that/RB long/JJ ,/, because/IN   we/PRP  ,/, not/RB for/IN   sure/JJ  ,/,   you/PRP  know/VBP ,/, how/WRB   long/JJ they/PRP  're/VBP going/VBG to/TO stay/VB or/CC   whatever/WDT  ./."
"104","sw04utt/sw_0474_2691.utt","2/sw2691",2691,103,"b","A",79,1,"Right,  /","Right/UH ,/,","(INTJ (UH Right) (, ,) (-DFL- E_S))","168",148.391125,149.334125,"Right,  ","Right/UH ,/,"
"105","sw04utt/sw_0474_2691.utt","2/sw2691",2691,104,"b","A",79,2,"uh-huh. /","[ uh-huh/UH ] ./.","(INTJ (UH uh-huh) (. .) (-DFL- E_S))","162",148.391125,149.334125,"uhhuh. "," uhhuh/UH  ./."
"106","sw04utt/sw_0474_2691.utt","2/sw2691",2691,105,"%","B",80,1,"{D So, } -/","So/UH ,/,","(INTJ (UH So) (, ,) (-DFL- N_S))","171",148.27825,161.85375," So,  ","So/UH ,/,"
"107","sw04utt/sw_0474_2691.utt","2/sw2691",2691,106,"qy","A",81,1,"I was just reading an article, {F uh, } that there were nineteen thousand properties available in Texas, {F uh, } for sale by the [ Reso-, + Resolution Trust ] [ Com-, + Corporation? ] /","[ I/PRP ] was/VBD just/RB reading/VBG  [ an/DT article/NN ] ,/,  [ uh/UH ] ,/, that/IN  [ there/EX ] were/VBD  [ nineteen/CD thousand/CD properties/NNS ] available/JJ in/IN  [ Texas/NNP ] ,/,  [ uh/UH ] ,/, for/IN  [ sale/NN ] by/IN  [ the/DT Reso-/NNP ] ,/,  [ Resolution/NNP Trust/NNP Com-/NNP ] ,/,  [ Corporation/NNP ] ?/.","(S (NP-SBJ (PRP I)) (VP (VBD was) (ADVP (RB just)) (VP (VBG reading) (NP (DT an) (NN article)) (, ,) (INTJ (UH uh)) (, ,) (SBAR (IN that) (S (NP-SBJ (EX there)) (VP (VBD were) (NP-PRD (NP (QP (CD nineteen) (CD thousand)) (NNS properties)) (ADJP (JJ available) (PP-LOC (IN in) (NP (NNP Texas))) (, ,) (INTJ (UH uh)) (, ,) (PP (IN for) (NP (NN sale))) (PP (IN by) (NP (DT the) (EDITED (RM (-DFL- \[)) (NNP Reso-) (, ,) (IP (-DFL- \+))) (NNP Resolution) (NNP Trust) (RS (-DFL- \])) (EDITED (RM (-DFL- \[)) (NNP Com-) (, ,) (IP (-DFL- \+))) (NNP Corporation)))))))))) (. ?) (RS (-DFL- \])) (-DFL- E_S))","173",149.988375,161.99125,"I was just reading an article,  uh,  that there were nineteen thousand properties available in Texas,  uh,  for sale by the  Reso,  Resolution Trust   Com,  Corporation?  "," I/PRP  was/VBD just/RB reading/VBG   an/DT article/NN  ,/,   uh/UH  ,/, that/IN   there/EX  were/VBD   nineteen/CD thousand/CD properties/NNS  available/JJ in/IN   Texas/NNP  ,/,   uh/UH  ,/, for/IN   sale/NN  by/IN   the/DT Reso/NNP  ,/,   Resolution/NNP Trust/NNP Com/NNP  ,/,   Corporation/NNP  ?/."
"108","sw04utt/sw_0474_2691.utt","2/sw2691",2691,107,"ny","B",82,1,"{F Oh, } yes. /","Oh/UH ,/, yes/UH ./.","(INTJ (INTJ (UH Oh)) (, ,) (INTJ (UH yes)) (. .) (-DFL- E_S))","175",161.85375,162.462875," Oh,  yes. ","Oh/UH ,/, yes/UH ./."
"109","sw04utt/sw_0474_2691.utt","2/sw2691",2691,108,"sd","A",83,1,"Repossessed <laughter>. /","Repossessed/JJ ./.","(ADJP (JJ Repossessed) (. .) (-DFL- E_S))","177",162.41,163.112,"Repossessed laughter. ","Repossessed/JJ ./."
"110","sw04utt/sw_0474_2691.utt","2/sw2691",2691,109,"ny","B",84,1,"Yes,  /","Yes/UH ,/,","(INTJ (UH Yes) (, ,) (-DFL- E_S))","179",163.14075,168.723875,"Yes,  ","Yes/UH ,/,"
"111","sw04utt/sw_0474_2691.utt","2/sw2691",2691,110,"sv","B",84,2,"{C and } [ [ if you get in the, + if, ] + if you can find one in the ] right area you can really --","and/CC if/IN  [ you/PRP ] get/VBP in/IN  [ the/DT ] ,/, if/IN ,/, if/IN  [ you/PRP ] can/MD find/VB  [ one/CD ] in/IN  [ the/DT right/JJ area/NN ] [ you/PRP ] can/MD really/RB --/:","(S (CC and) (SBAR-ADV (EDITED (RM (-DFL- \[)) (EDITED (RM (-DFL- \[)) (SBAR-ADV (IN if) (S (NP-SBJ (PRP you)) (VP (VBP get) (PP (IN in) (NP-UNF (DT the)))))) (, ,) (IP (-DFL- \+))) (SBAR-ADV-UNF (IN if)) (, ,) (RS (-DFL- \])) (IP (-DFL- \+))) (IN if) (S (NP-SBJ (PRP you)) (VP (MD can) (VP (VB find) (NP (NP (CD one)) (PP-LOC (IN in) (NP (DT the) (RS (-DFL- \])) (JJ right) (NN area)))))))) (NP-SBJ (PRP you)) (VP (MD can) (ADVP (RB really)) (VP (VB pick) (PRT (RP up)) (NP (DT a) (NN steal)))) (. .) (-DFL- E_S))","180",163.14075,168.723875," and    if you get in the,  if,   if you can find one in the  right area you can really ","and/CC if/IN   you/PRP  get/VBP in/IN   the/DT  ,/, if/IN ,/, if/IN   you/PRP  can/MD find/VB   one/CD  in/IN   the/DT right/JJ area/NN   you/PRP  can/MD really/RB /:"
"112","sw04utt/sw_0474_2691.utt","2/sw2691",2691,111,"sd","A",85,1,"[ I, +","[ I/PRP ] ,/,","(S (EDITED (RM (-DFL- \[)) (NP-SBJ (PRP I)) (, ,) (IP (-DFL- \+))) (NP-SBJ (PRP I)) (RS (-DFL- \])) (VP (VBP guess) (ADVP (RB so))) (. .) (-DFL- E_S))","182",168.31425,169.55675," I, "," I/PRP  ,/,"
"113","sw04utt/sw_0474_2691.utt","2/sw2691",2691,112,"+","B",86,1,"-- # pick up a steal. # /","--/: pick/VB up/RP  [ a/DT steal/NN ] ./.","(S (CC and) (SBAR-ADV (EDITED (RM (-DFL- \[)) (EDITED (RM (-DFL- \[)) (SBAR-ADV (IN if) (S (NP-SBJ (PRP you)) (VP (VBP get) (PP (IN in) (NP-UNF (DT the)))))) (, ,) (IP (-DFL- \+))) (SBAR-ADV-UNF (IN if)) (, ,) (RS (-DFL- \])) (IP (-DFL- \+))) (IN if) (S (NP-SBJ (PRP you)) (VP (MD can) (VP (VB find) (NP (NP (CD one)) (PP-LOC (IN in) (NP (DT the) (RS (-DFL- \])) (JJ right) (NN area)))))))) (NP-SBJ (PRP you)) (VP (MD can) (ADVP (RB really)) (VP (VB pick) (PRT (RP up)) (NP (DT a) (NN steal)))) (. .) (-DFL- E_S))","180",NA,NA," # pick up a steal. # ","/: pick/VB up/RP   a/DT steal/NN  ./."
"114","sw04utt/sw_0474_2691.utt","2/sw2691",2691,113,"+","A",87,1,"# I ] guess so. # /","[ I/PRP ] guess/VBP so/RB ./.","(S (EDITED (RM (-DFL- \[)) (NP-SBJ (PRP I)) (, ,) (IP (-DFL- \+))) (NP-SBJ (PRP I)) (RS (-DFL- \])) (VP (VBP guess) (ADVP (RB so))) (. .) (-DFL- E_S))","182",NA,NA,"# I  guess so. # "," I/PRP  guess/VBP so/RB ./."
"115","sw04utt/sw_0474_2691.utt","2/sw2691",2691,114,"sd","B",88,1,"{F Uh, } [ we, + we ] really didn't go that route and didn't look.  /","[ Uh/UH ] ,/,  [ we/PRP ] ,/,  [ we/PRP ] really/RB did/VBD n't/RB go/VB  [ that/DT route/NN ] and/CC did/VBD n't/RB  [ look/VB ] ./.","(S (INTJ (UH Uh)) (, ,) (EDITED (RM (-DFL- \[)) (NP-SBJ (PRP we)) (, ,) (IP (-DFL- \+))) (NP-SBJ (PRP we)) (RS (-DFL- \])) (ADVP (RB really)) (VP (VP (VBD did) (RB n't) (VP (VB go) (NP (DT that) (NN route)))) (CC and) (VP (VBD did) (RB n't) (VP (VB look)))) (. .) (-DFL- E_S))","186",169.743375,183.3145," Uh,   we,  we  really didn't go that route and didn't look.  "," Uh/UH  ,/,   we/PRP  ,/,   we/PRP  really/RB did/VBD n't/RB go/VB   that/DT route/NN  and/CC did/VBD n't/RB   look/VB  ./."
"116","sw04utt/sw_0474_2691.utt","2/sw2691",2691,115,"%","B",88,2,"{F Uh, }  {C but, }  {F uh, } the planning of them - /","[ Uh/UH ] ,/, but/CC ,/,  [ uh/UH ] ,/,  [ the/DT planning/NN ] of/IN  [ them/PRP ]","(S-UNF (INTJ (UH Uh)) (, ,) (CC but) (, ,) (INTJ (UH uh)) (, ,) (NP-SBJ (NP (DT the) (NN planning)) (PP (IN of) (NP (PRP them)))) (-DFL- N_S))","187",169.743375,183.3145," Uh,    but,    uh,  the planning of them  "," Uh/UH  ,/, but/CC ,/,   uh/UH  ,/,   the/DT planning/NN  of/IN   them/PRP "
"117","sw04utt/sw_0474_2691.utt","2/sw2691",2691,116,"sv","B",88,3,"{C and } [ the, + the ] housing market probably still going to even go lower.  /","and/CC  [ the/DT ] ,/,  [ the/DT housing/NN market/NN ] probably/RB still/RB going/VBG to/TO even/RB go/VB  [ lower/RBR ] ./.","(S (CC and) (EDITED (RM (-DFL- \[)) (NP-SBJ-UNF (DT the)) (, ,) (IP (-DFL- \+))) (NP-SBJ-1 (DT the) (RS (-DFL- \])) (NN housing) (NN market)) (ADVP (RB probably)) (ADVP-TMP (RB still)) (VP (VBG going) (S (NP-SBJ (-NONE- *-1)) (VP (TO to) (ADVP (RB even)) (VP (VB go) (ADVP (RBR lower)))))) (. .) (-DFL- E_S))","188",169.743375,183.3145," and   the,  the  housing market probably still going to even go lower.  ","and/CC   the/DT  ,/,   the/DT housing/NN market/NN  probably/RB still/RB going/VBG to/TO even/RB go/VB   lower/RBR  ./."
"118","sw04utt/sw_0474_2691.utt","2/sw2691",2691,117,"sv","B",88,4,"There are [ many, + many ] houses [ ju-, + for sale just ] by the regular route. /","[ There/EX ] are/VBP many/JJ ,/,  [ many/JJ houses/NNS ju-/RB ] ,/, for/IN  [ sale/NN ] just/RB by/IN  [ the/DT regular/JJ route/NN ] ./.","(S (NP-SBJ (EX There)) (VP (VBP are) (EDITED (RM (-DFL- \[)) (NP-PRD-UNF (JJ many)) (, ,) (IP (-DFL- \+))) (NP-PRD (NP (JJ many) (RS (-DFL- \])) (NNS houses)) (EDITED (RM (-DFL- \[)) (ADVP-UNF (RB ju-)) (, ,) (IP (-DFL- \+))) (PP (IN for) (NP (NN sale)))) (PP (ADVP (RB just)) (RS (-DFL- \])) (IN by) (NP (DT the) (JJ regular) (NN route)))) (. .) (-DFL- E_S))","189",169.743375,183.3145,"There are  many,  many  houses  ju,  for sale just  by the regular route. "," There/EX  are/VBP many/JJ ,/,   many/JJ houses/NNS ju/RB  ,/, for/IN   sale/NN  just/RB by/IN   the/DT regular/JJ route/NN  ./."
"119","sw04utt/sw_0474_2691.utt","2/sw2691",2691,118,"b","A",89,1,"Uh-huh. /","[ Uh-huh/UH ] ./.","(INTJ (UH Uh-huh) (. .) (-DFL- E_S))","164",183.53725,183.99875,"Uhhuh. "," Uhhuh/UH  ./."
"120","sw04utt/sw_0474_2691.utt","2/sw2691",2691,119,"%","B",90,1,"{D So, } {F uh, } -/","So/UH ,/,  [ uh/UH ] ,/,","(INTJ (INTJ (UH So)) (, ,) (INTJ (UH uh)) (, ,) (-DFL- N_S))","193",184.281,184.998875," So,   uh,  ","So/UH ,/,   uh/UH  ,/,"
"121","sw04utt/sw_0474_2691.utt","2/sw2691",2691,120,"sv","A",91,1,"That's discouraging if you own property <laughter>. /","[ That/DT ] 's/BES discouraging/JJ if/IN  [ you/PRP ] own/VBP  [ property/NN ] ./.","(S (NP-SBJ (DT That)) (VP (BES 's) (ADJP-PRD (JJ discouraging)) (SBAR-ADV (IN if) (S (NP-SBJ (PRP you)) (VP (VBP own) (NP (NN property)))))) (. .) (-DFL- E_S))","195",185.2245,187.110625,"That's discouraging if you own property laughter. "," That/DT  's/BES discouraging/JJ if/IN   you/PRP  own/VBP   property/NN  ./."
"122","sw04utt/sw_0474_2691.utt","2/sw2691",2691,121,"aa","B",92,1,"Yeah.  /","Yeah/UH ./.","(INTJ (UH Yeah) (. .) (-DFL- E_S))","197",187.17025,197.99525,"Yeah.  ","Yeah/UH ./."
"123","sw04utt/sw_0474_2691.utt","2/sw2691",2691,122,"sd","B",92,2,"{C And } we just decided, {F uh, } {F uh, } sell.   /","And/CC  [ we/PRP ] just/RB decided/VBD ,/,  [ uh/UH ] ,/,  [ uh/UH ] ,/, sell/VB ./.","(S (CC And) (NP-SBJ-1 (PRP we)) (ADVP (RB just)) (VP (VBD decided) (, ,) (INTJ (UH uh)) (, ,) (INTJ (UH uh)) (, ,) (S (NP-SBJ (-NONE- *-1)) (VP (VB sell)))) (. .) (-DFL- E_S))","198",187.17025,197.99525," And  we just decided,  uh,   uh,  sell.   ","And/CC   we/PRP  just/RB decided/VBD ,/,   uh/UH  ,/,   uh/UH  ,/, sell/VB ./."
"124","sw04utt/sw_0474_2691.utt","2/sw2691",2691,123,"sd","B",92,3,"{C And } [ we got, + we got ] a pretty good price, {F uh, } [ for, + for ] what we had.  /","And/CC  [ we/PRP ] got/VBD ,/,  [ we/PRP ] got/VBD  [ a/DT pretty/RB good/JJ price/NN ] ,/,  [ uh/UH ] ,/, for/IN ,/, for/IN  [ what/WP ] [ we/PRP ] had/VBD ./.","(S (CC And) (EDITED (RM (-DFL- \[)) (S (NP-SBJ (PRP we)) (VP-UNF (VBD got))) (, ,) (IP (-DFL- \+))) (NP-SBJ (PRP we)) (VP (VBD got) (RS (-DFL- \])) (NP (DT a) (ADJP (RB pretty) (JJ good)) (NN price)) (, ,) (INTJ (UH uh)) (, ,) (EDITED (RM (-DFL- \[)) (PP-UNF (IN for)) (, ,) (IP (-DFL- \+))) (PP (IN for) (RS (-DFL- \])) (SBAR-NOM (WHNP-1 (WP what)) (S (NP-SBJ (PRP we)) (VP (VBD had) (NP (-NONE- *T*-1))))))) (. .) (-DFL- E_S))","199",187.17025,197.99525," And   we got,  we got  a pretty good price,  uh,   for,  for  what we had.  ","And/CC   we/PRP  got/VBD ,/,   we/PRP  got/VBD   a/DT pretty/RB good/JJ price/NN  ,/,   uh/UH  ,/, for/IN ,/, for/IN   what/WP   we/PRP  had/VBD ./."
"125","sw04utt/sw_0474_2691.utt","2/sw2691",2691,124,"sv","B",92,4,"{F Uh, } not as good as it would have been --","[ Uh/UH ] ,/, not/RB as/RB good/JJ as/IN  [ it/PRP ] would/MD have/VB been/VBN --/:","(FRAG (INTJ (UH Uh)) (, ,) (RB not) (ADJP (ADJP (RB as) (JJ good)) (SBAR (IN as) (S (NP-SBJ (PRP it)) (VP (MD would) (VP (VB have) (VP (VBN been) (NP-PRD (-NONE- *?*)) (INTJ (UH say)) (ADVP-TMP (NP (QP (CD three) (CC or) (CD four)) (NNS years)) (RB ago)))))))) (. .) (-DFL- E_S))","200",187.17025,197.99525," Uh,  not as good as it would have been "," Uh/UH  ,/, not/RB as/RB good/JJ as/IN   it/PRP  would/MD have/VB been/VBN /:"
"126","sw04utt/sw_0474_2691.utt","2/sw2691",2691,125,"^2","A",93,1,"Few years. -/","[ Few/JJ years/NNS ] ./.","(NP (JJ Few) (NNS years) (. .) (-DFL- N_S))","202",196.5455,196.9925,"Few years. "," Few/JJ years/NNS  ./."
"127","sw04utt/sw_0474_2691.utt","2/sw2691",2691,126,"+","B",94,1,"-- say three or four --","--/: say/UH  [ three/CD ] or/CC  [ four/CD ] --/:","(FRAG (INTJ (UH Uh)) (, ,) (RB not) (ADJP (ADJP (RB as) (JJ good)) (SBAR (IN as) (S (NP-SBJ (PRP it)) (VP (MD would) (VP (VB have) (VP (VBN been) (NP-PRD (-NONE- *?*)) (INTJ (UH say)) (ADVP-TMP (NP (QP (CD three) (CC or) (CD four)) (NNS years)) (RB ago)))))))) (. .) (-DFL- E_S))","200",NA,NA," say three or four ","/: say/UH   three/CD  or/CC   four/CD  /:"
"128","sw04utt/sw_0474_2691.utt","2/sw2691",2691,127,"b","A",95,1,"Uh-huh. /","[ Uh-huh/UH ] ./.","(INTJ (UH Uh-huh) (. .) (-DFL- E_S))","191",197.6635,198.023375,"Uhhuh. "," Uhhuh/UH  ./."
"129","sw04utt/sw_0474_2691.utt","2/sw2691",2691,128,"+","B",96,1,"-- years ago.  /","--/:  [ years/NNS ] ago/RB ./.","(FRAG (INTJ (UH Uh)) (, ,) (RB not) (ADJP (ADJP (RB as) (JJ good)) (SBAR (IN as) (S (NP-SBJ (PRP it)) (VP (MD would) (VP (VB have) (VP (VBN been) (NP-PRD (-NONE- *?*)) (INTJ (UH say)) (ADVP-TMP (NP (QP (CD three) (CC or) (CD four)) (NNS years)) (RB ago)))))))) (. .) (-DFL- E_S))","200",197.99525,202.218375," years ago.  ","/:   years/NNS  ago/RB ./."
"130","sw04utt/sw_0474_2691.utt","2/sw2691",2691,129,"sv","B",96,2,"{C But } [ that, + {F uh, }  that ] was just the timing. /","But/CC  [ that/DT ] ,/,  [ uh/UH ] ,/,  [ that/DT ] was/VBD just/RB  [ the/DT timing/NN ] ./.","(S (CC But) (EDITED (RM (-DFL- \[)) (NP-SBJ (DT that)) (, ,) (IP (-DFL- \+))) (INTJ (UH uh)) (, ,) (NP-SBJ (DT that)) (RS (-DFL- \])) (VP (VBD was) (ADVP (RB just)) (NP-PRD (DT the) (NN timing))) (. .) (-DFL- E_S))","207",197.99525,202.218375," But   that,   uh,   that  was just the timing. ","But/CC   that/DT  ,/,   uh/UH  ,/,   that/DT  was/VBD just/RB   the/DT timing/NN  ./."
"131","sw04utt/sw_0474_2691.utt","2/sw2691",2691,130,"aa","A",97,1,"Right.  /","[ Right/UH ] ./.","(INTJ (UH Right) (. .) (-DFL- E_S))","209",202.46675,214.342375,"Right.  "," Right/UH  ./."
"132","sw04utt/sw_0474_2691.utt","2/sw2691",2691,131,"sd","A",97,2,"{D Well } our daughter and son-in-law moved [ up, + back up ] here.   {A He's from Texas,  but course she's from here, }  {F uh, } about a year and a half ago,","Well/UH  [ our/PRP$ daughter/NN ] and/CC  [ son-in-law/NN ] moved/VBD up/IN ,/, back/RB up/IN here/RB ./.  [ He/PRP ] [ 's/BES ] from/IN  [ Texas/NNP ] ,/, but/CC  [ course/NN ] [ she/PRP ] 's/BES from/IN here/RB ,/,  [ uh/UH ] ,/, about/RB  [ a/DT year/NN ] and/CC  [ a/DT half/NN ] ago/RB ,/,","(S (INTJ (UH Well)) (NP-SBJ (NP (PRP$ our) (NN daughter)) (CC and) (NP (NN son-in-law))) (VP (VP (VBD moved) (EDITED (RM (-DFL- \[)) (PP-DIR-UNF (IN up)) (, ,) (IP (-DFL- \+))) (ADVP-DIR (RB back)) (PP-DIR (IN up) (RS (-DFL- \])) (ADVP (RB here))) (PRN (. .) (S (S (NP-SBJ (PRP He)) (VP (BES 's) (PP-PRD (IN from) (NP (NNP Texas))))) (, ,) (CC but) (S (NP-ADV (NN course)) (NP-SBJ (PRP she)) (VP (BES 's) (PP-PRD (IN from) (ADVP-LOC (RB here)))))) (, ,)) (INTJ (UH uh)) (, ,) (ADVP-TMP (NP (QP (RB about) (DT a)) (NN year) (QP (CC and) (DT a) (NN half))) (RB ago))) (, ,) (CC and) (VP (VBD had) (NP (PRP$ their) (NN house)) (PP (IN on) (NP (DT the) (NN market))) (PP-LOC (IN down) (ADVP (RB there))))) (, ,) (-DFL- E_S))","210",202.46675,214.342375," Well  our daughter and soninlaw moved  up,  back up  here.    He's from Texas,  but course she's from here,    uh,  about a year and a half ago,","Well/UH   our/PRP$ daughter/NN  and/CC   soninlaw/NN  moved/VBD up/IN ,/, back/RB up/IN here/RB ./.   He/PRP   's/BES  from/IN   Texas/NNP  ,/, but/CC   course/NN   she/PRP  's/BES from/IN here/RB ,/,   uh/UH  ,/, about/RB   a/DT year/NN  and/CC   a/DT half/NN  ago/RB ,/,"
"133","sw04utt/sw_0474_2691.utt","2/sw2691",2691,132,"b","B",98,1,"# Uh-huh.  # /","[ Uh-huh/UH ] ./.","(INTJ (UH Uh-huh) (. .) (-DFL- E_S))","191",211.874125,212.239125,"# Uhhuh.  # "," Uhhuh/UH  ./."
"134","sw04utt/sw_0474_2691.utt","2/sw2691",2691,133,"+","A",99,1,"# and # had their house on the market down there,  /","and/CC had/VBD  [ their/PRP$ house/NN ] on/IN  [ the/DT market/NN ] down/IN there/RB ,/,","(S (INTJ (UH Well)) (NP-SBJ (NP (PRP$ our) (NN daughter)) (CC and) (NP (NN son-in-law))) (VP (VP (VBD moved) (EDITED (RM (-DFL- \[)) (PP-DIR-UNF (IN up)) (, ,) (IP (-DFL- \+))) (ADVP-DIR (RB back)) (PP-DIR (IN up) (RS (-DFL- \])) (ADVP (RB here))) (PRN (. .) (S (S (NP-SBJ (PRP He)) (VP (BES 's) (PP-PRD (IN from) (NP (NNP Texas))))) (, ,) (CC but) (S (NP-ADV (NN course)) (NP-SBJ (PRP she)) (VP (BES 's) (PP-PRD (IN from) (ADVP-LOC (RB here)))))) (, ,)) (INTJ (UH uh)) (, ,) (ADVP-TMP (NP (QP (RB about) (DT a)) (NN year) (QP (CC and) (DT a) (NN half))) (RB ago))) (, ,) (CC and) (VP (VBD had) (NP (PRP$ their) (NN house)) (PP (IN on) (NP (DT the) (NN market))) (PP-LOC (IN down) (ADVP (RB there))))) (, ,) (-DFL- E_S))","210",214.342375,221.22275,"# and # had their house on the market down there,  ","and/CC had/VBD   their/PRP$ house/NN  on/IN   the/DT market/NN  down/IN there/RB ,/,"
"135","sw04utt/sw_0474_2691.utt","2/sw2691",2691,134,"sd","A",99,2,"{C and } they never did sell it.  /","and/CC  [ they/PRP ] never/RB did/VBD sell/VB  [ it/PRP ] ./.","(S (CC and) (NP-SBJ (PRP they)) (ADVP-TMP (RB never)) (VP (VBD did) (VP (VB sell) (NP (PRP it)))) (. .) (-DFL- E_S))","214",214.342375,221.22275," and  they never did sell it.  ","and/CC   they/PRP  never/RB did/VBD sell/VB   it/PRP  ./."
"136","sw04utt/sw_0474_2691.utt","2/sw2691",2691,135,"sd","A",99,3,"{C So } they stayed six months,  /","So/RB  [ they/PRP ] stayed/VBD  [ six/CD months/NNS ] ,/,","(S (RB So) (NP-SBJ (PRP they)) (VP (VBD stayed) (NP-TMP (CD six) (NNS months))) (, ,) (-DFL- E_S))","215",214.342375,221.22275," So  they stayed six months,  ","So/RB   they/PRP  stayed/VBD   six/CD months/NNS  ,/,"
"137","sw04utt/sw_0474_2691.utt","2/sw2691",2691,136,"sd","A",99,4,"{C and } she got her job back, {C and } --","and/CC  [ she/PRP ] got/VBD  [ her/PRP$ job/NN back/RB ] ,/, and/CC --/:","(S (CC and) (NP-SBJ (PRP she)) (VP (VBD got) (NP (PRP$ her) (NN job)) (ADVP (RB back))) (, ,))|||(S (CC and) (NP-SBJ (PRP he)) (VP (VBD got) (NP (DT a) (NN job)) (PP-LOC (IN down) (ADVP (RB there)))) (. .) (-DFL- E_S))","216|||217",214.342375,221.22275," and  she got her job back,  and  ","and/CC   she/PRP  got/VBD   her/PRP$ job/NN back/RB  ,/, and/CC /:"
"138","sw04utt/sw_0474_2691.utt","2/sw2691",2691,137,"b","B",100,1,"Oh. /","Oh/UH ./.","(INTJ (UH Oh) (. .) (-DFL- E_S))","219",219.58325,220.63275,"Oh. ","Oh/UH ./."
"139","sw04utt/sw_0474_2691.utt","2/sw2691",2691,138,"+","A",101,1,"-- he got a job down there.  /","--/:  [ he/PRP ] got/VBD  [ a/DT job/NN ] down/IN there/RB ./.","(S (CC and) (NP-SBJ (PRP he)) (VP (VBD got) (NP (DT a) (NN job)) (PP-LOC (IN down) (ADVP (RB there)))) (. .) (-DFL- E_S))","217",221.566375,221.785875," he got a job down there.  ","/:   he/PRP  got/VBD   a/DT job/NN  down/IN there/RB ./."
"140","sw04utt/sw_0474_2691.utt","2/sw2691",2691,139,"%","A",101,2,"{C Because, } -/","Because/IN ,/,","(SBAR-PRP-UNF (IN Because) (, ,) (-DFL- N_S))","221",221.566375,221.785875," Because,  ","Because/IN ,/,"
"141","sw04utt/sw_0474_2691.utt","2/sw2691",2691,140,"b","B",102,1,"Yeah,  /","Yeah/UH ,/,","(INTJ (UH Yeah) (, ,) (-DFL- E_S))","223",222.709625,224.156375,"Yeah,  ","Yeah/UH ,/,"
"142","sw04utt/sw_0474_2691.utt","2/sw2691",2691,141,"qy^d","B",102,2,"they're not moving very well. /","[ they/PRP ] 're/VBP not/RB moving/VBG very/RB well/RB ./.","(S (NP-SBJ (PRP they)) (VP (VBP 're) (RB not) (VP (VBG moving) (ADVP (RB very) (RB well)))) (. .) (-DFL- E_S))","224",222.709625,224.156375,"they're not moving very well. "," they/PRP  're/VBP not/RB moving/VBG very/RB well/RB ./."
"143","sw04utt/sw_0474_2691.utt","2/sw2691",2691,142,"nn","A",103,1,"Huh-uh. /","[ Huh-uh/UH ] ./.","(INTJ (UH Huh-uh) (. .) (-DFL- E_S))","226",224.14525,224.606125,"Huhuh. "," Huhuh/UH  ./."
"144","sw04utt/sw_0474_2691.utt","2/sw2691",2691,143,"ba","B",104,1,"For sure. /","For/IN sure/JJ ./.","(PP (IN For) (ADJP (JJ sure)) (. .) (-DFL- E_S))","228",224.661,225.231375,"For sure. ","For/IN sure/JJ ./."
"145","sw04utt/sw_0474_2691.utt","2/sw2691",2691,144,"nn","A",105,1,"Nope. /","[ Nope/UH ] ./.","(INTJ (UH Nope) (. .) (-DFL- E_S))","230",225.443,225.626875,"Nope. "," Nope/UH  ./."
"146","sw04utt/sw_0474_2691.utt","2/sw2691",2691,145,"sv","B",106,1,"{C And } that's a good, {F uh, } example of it. /","And/CC  [ that/DT ] 's/BES  [ a/DT good/JJ ] ,/,  [ uh/UH ] ,/,  [ example/NN ] of/IN  [ it/PRP ] ./.","(S (CC And) (NP-SBJ (DT that)) (VP (BES 's) (NP-PRD (NP (DT a) (JJ good) (, ,) (INTJ (UH uh)) (, ,) (NN example)) (PP (IN of) (NP (PRP it))))) (. .) (-DFL- E_S))","232",226.031875,230.145," And  that's a good,  uh,  example of it. ","And/CC   that/DT  's/BES   a/DT good/JJ  ,/,   uh/UH  ,/,   example/NN  of/IN   it/PRP  ./."
"147","sw04utt/sw_0474_2691.utt","2/sw2691",2691,146,"sd","A",107,1,"They live in Rowlett. /","[ They/PRP ] live/VBP in/IN  [ Rowlett/NNP ] ./.","(S (NP-SBJ (PRP They)) (VP (VBP live) (PP-LOC (IN in) (NP (NNP Rowlett)))) (. .) (-DFL- E_S))","234",230.366875,231.503125,"They live in Rowlett. "," They/PRP  live/VBP in/IN   Rowlett/NNP  ./."
"148","sw04utt/sw_0474_2691.utt","2/sw2691",2691,147,"b","B",108,1,"{F Oh, } yeah.  /","Oh/UH ,/, yeah/UH ./.","(INTJ (INTJ (UH Oh)) (, ,) (INTJ (UH yeah)) (. .) (-DFL- E_S))","236",231.528875,234.758375," Oh,  yeah.  ","Oh/UH ,/, yeah/UH ./."
"149","sw04utt/sw_0474_2691.utt","2/sw2691",2691,148,"sd","B",108,2,"I know where that is.  /","[ I/PRP ] know/VBP where/WRB  [ that/DT ] is/VBZ ./.","(S (NP-SBJ (PRP I)) (VP (VBP know) (SBAR (WHADVP-1 (WRB where)) (S (NP-SBJ (DT that)) (VP (VBZ is) (ADVP-LOC-PRD (-NONE- *T*-1)))))) (. .) (-DFL- E_S))","237",231.528875,234.758375,"I know where that is.  "," I/PRP  know/VBP where/WRB   that/DT  is/VBZ ./."
"150","sw04utt/sw_0474_2691.utt","2/sw2691",2691,149,"sd","B",108,3,"[ I've been, + we've been ] here for twenty-five years. /","[ I/PRP ] 've/VBP been/VBN ,/,  [ we/PRP ] 've/VBP been/VBN here/RB for/IN  [ twenty-five/CD years/NNS ] ./.","(S (EDITED (RM (-DFL- \[)) (S (NP-SBJ (PRP I)) (VP (VBP 've) (VP-UNF (VBN been)))) (, ,) (IP (-DFL- \+))) (NP-SBJ (PRP we)) (VP (VBP 've) (VP (VBN been) (RS (-DFL- \])) (ADVP-LOC-PRD (RB here)) (PP-TMP (IN for) (NP (CD twenty-five) (NNS years))))) (. .) (-DFL- E_S))","238",231.528875,234.758375," I've been,  we've been  here for twentyfive years. "," I/PRP  've/VBP been/VBN ,/,   we/PRP  've/VBP been/VBN here/RB for/IN   twentyfive/CD years/NNS  ./."
"151","sw04utt/sw_0474_2691.utt","2/sw2691",2691,150,"bh","A",109,1,"Have you? /","Have/VBP  [ you/PRP ] ?/.","(SQ (VBP Have) (NP-SBJ (PRP you)) (VP (-NONE- *?*)) (. ?) (-DFL- E_S))","240",234.94725,235.30125,"Have you? ","Have/VBP   you/PRP  ?/."
"152","sw04utt/sw_0474_2691.utt","2/sw2691",2691,151,"sd","B",110,1,"I'm from Missouri,  /","[ I/PRP ] 'm/VBP from/IN  [ Missouri/NNP ] ,/,","(S (NP-SBJ (PRP I)) (VP (VBP 'm) (PP-PRD (IN from) (NP (NNP Missouri)))) (, ,) (-DFL- E_S))","242",234.758375,239.331875,"I'm from Missouri,  "," I/PRP  'm/VBP from/IN   Missouri/NNP  ,/,"
"153","sw04utt/sw_0474_2691.utt","2/sw2691",2691,152,"sd","B",110,2,"{C and } my wife's from Kansas,  /","and/CC  [ my/PRP$ wife/NN ] 's/BES from/IN  [ Kansas/NNP ] ,/,","(S (CC and) (NP-SBJ (PRP$ my) (NN wife)) (VP (BES 's) (PP-PRD (IN from) (NP (NNP Kansas)))) (, ,) (-DFL- E_S))","243",234.758375,239.331875," and  my wife's from Kansas,  ","and/CC   my/PRP$ wife/NN  's/BES from/IN   Kansas/NNP  ,/,"
"154","sw04utt/sw_0474_2691.utt","2/sw2691",2691,153,"sd","B",110,3,"{C so } --","so/RB --/:","(S (RB so) (EDITED (RM (-DFL- \[)) (S (NP-SBJ (PRP I)) (VP-UNF (VBP te-))) (, ,) (IP (-DFL- \+))) (NP-SBJ (PRP I)) (VP (VBP teach) (RS (-DFL- \])) (PP (IN at) (NP (DT a) (NN college))) (ADVP-LOC (RB here))) (. .) (-DFL- E_S))","244",234.758375,239.331875," so  ","so/RB /:"
"155","sw04utt/sw_0474_2691.utt","2/sw2691",2691,154,"b","A",111,1,"Uh-huh. /","[ Uh-huh/UH ] ./.","(INTJ (UH Uh-huh) (. .) (-DFL- E_S))","246",236.96975,237.37725,"Uhhuh. "," Uhhuh/UH  ./."
"156","sw04utt/sw_0474_2691.utt","2/sw2691",2691,155,"+","B",112,1,"-- [ I te-, + I teach ] at a college here.   /","--/:  [ I/PRP te/VBP ] ,/,  [ I/PRP ] teach/VBP at/IN  [ a/DT college/NN ] here/RB ./.","(S (RB so) (EDITED (RM (-DFL- \[)) (S (NP-SBJ (PRP I)) (VP-UNF (VBP te-))) (, ,) (IP (-DFL- \+))) (NP-SBJ (PRP I)) (VP (VBP teach) (RS (-DFL- \])) (PP (IN at) (NP (DT a) (NN college))) (ADVP-LOC (RB here))) (. .) (-DFL- E_S))","244",239.331875,241.957,"  I te,  I teach  at a college here.   ","/:   I/PRP te/VBP  ,/,   I/PRP  teach/VBP at/IN   a/DT college/NN  here/RB ./."
"157","sw04utt/sw_0474_2691.utt","2/sw2691",2691,156,"sd","B",112,2,"{C So } [ it's, + {F uh, } it's ] sort of home now. /","So/RB  [ it/PRP ] 's/BES ,/,  [ uh/UH ] ,/,  [ it/PRP ] 's/BES  [ sort/RB ] of/RB  [ home/NN ] now/RB ./.","(S (RB So) (EDITED (RM (-DFL- \[)) (S (NP-SBJ (PRP it)) (VP-UNF (BES 's))) (, ,) (IP (-DFL- \+))) (INTJ (UH uh)) (, ,) (NP-SBJ (PRP it)) (VP (BES 's) (RS (-DFL- \])) (ADVP (RB sort) (RB of)) (NP-PRD (NN home)) (ADVP-TMP (RB now))) (. .) (-DFL- E_S))","248",239.331875,241.957," So   it's,   uh,  it's  sort of home now. ","So/RB   it/PRP  's/BES ,/,   uh/UH  ,/,   it/PRP  's/BES   sort/RB  of/RB   home/NN  now/RB ./."
"158","sw04utt/sw_0474_2691.utt","2/sw2691",2691,157,"b","A",113,1,"Uh-huh. /","[ Uh-huh/UH ] ./.","(INTJ (UH Uh-huh) (. .) (-DFL- E_S))","246",242.110625,242.415375,"Uhhuh. "," Uhhuh/UH  ./."
"159","sw04utt/sw_0474_2691.utt","2/sw2691",2691,158,"%","B",114,1,"{D So, } -/","So/RB ,/,","(INTJ (UH So) (, ,) (-DFL- N_S))","252",242.738125,243.22975," So,  ","So/RB ,/,"
"160","sw04utt/sw_0474_2691.utt","2/sw2691",2691,159,"qw","A",115,1,"What college are you teaching at? /","[ What/WDT college/NN ] are/VBP  [ you/PRP ] teaching/VBG at/IN ?/.","(SBARQ (WHNP-1 (WDT What) (NN college)) (SQ (VBP are) (NP-SBJ (PRP you)) (VP (VBG teaching) (PP (IN at) (NP (-NONE- *T*-1))))) (. ?) (-DFL- E_S))","254",243.34525,244.466875,"What college are you teaching at? "," What/WDT college/NN  are/VBP   you/PRP  teaching/VBG at/IN ?/."
"161","sw04utt/sw_0474_2691.utt","2/sw2691",2691,160,"sd","B",116,1,"I'm at, {F uh, } [ one of the Brook-, + {F uh, } it's called Brookhaven College. ]  /","[ I/PRP ] 'm/VBP at/IN ,/,  [ uh/UH ] ,/,  [ one/CD ] of/IN  [ the/DT Brook-/NNP ] ,/,  [ uh/UH ] ,/,  [ it/PRP ] 's/BES called/VBN  [ Brookhaven/NNP College/NNP ] ./.","(S (NP-SBJ (PRP I)) (VP (VBP 'm) (PP-PRD (IN at) (, ,) (INTJ (UH uh)) (, ,) (RM (-DFL- \[)) (NP (NP (CD one)) (PP (IN of) (NP-UNF (DT the) (NNP Brook-))))) (, ,) (IP (-DFL- \+)) (INTJ (UH uh))) (, ,))|||(S (NP-SBJ-1 (PRP it)) (VP (BES 's) (VP (VBN called) (S (NP-SBJ (-NONE- *-1)) (NP-PRD (NNP Brookhaven) (NNP College))))) (. .) (RS (-DFL- \])) (-DFL- E_S))","256|||257",244.367375,249.226,"I'm at,  uh,   one of the Brook,   uh,  it's called Brookhaven College.   "," I/PRP  'm/VBP at/IN ,/,   uh/UH  ,/,   one/CD  of/IN   the/DT Brook/NNP  ,/,   uh/UH  ,/,   it/PRP  's/BES called/VBN   Brookhaven/NNP College/NNP  ./."
"162","sw04utt/sw_0474_2691.utt","2/sw2691",2691,161,"sd","B",116,2,"It's one of the community colleges. /","[ It/PRP ] [ 's/BES ] [ one/CD ] of/IN  [ the/DT community/NN colleges/NNS ] ./.","(S (NP-SBJ (PRP It)) (VP (BES 's) (NP-PRD (NP (CD one)) (PP (IN of) (NP (DT the) (NN community) (NNS colleges))))) (. .) (-DFL- E_S))","258",244.367375,249.226,"It's one of the community colleges. "," It/PRP   's/BES   one/CD  of/IN   the/DT community/NN colleges/NNS  ./."
"163","sw04utt/sw_0474_2691.utt","2/sw2691",2691,162,"bk","A",117,1,"Oh. /","Oh/UH ./.","(INTJ (UH Oh) (. .) (-DFL- E_S))","260",249.33375,249.734625,"Oh. ","Oh/UH ./."
"164","sw04utt/sw_0474_2691.utt","2/sw2691",2691,163,"sd","B",118,1,"{C And } it's just about two miles to the west of --","And/CC  [ it/PRP ] 's/BES just/RB about/RB  [ two/CD miles/NNS ] to/IN  [ the/DT west/NN ] of/IN --/:","(S (CC And) (NP-SBJ (PRP it)) (VP (BES 's) (ADVP (RB just)) (PP-LOC-PRD (NP-ADV (QP (RB about) (CD two)) (NNS miles)) (IN to) (NP (NP (DT the) (NN west)) (PP (IN of) (SBAR-LOC (WHADVP-1 (WRB where)) (S (NP-SBJ (PRP I)) (VP (VBP 'm) (VP (VBG living) (ADVP-LOC (-NONE- *T*-1)))))))))) (. .) (-DFL- E_S))","262",249.986,252.383125," And  it's just about two miles to the west of ","And/CC   it/PRP  's/BES just/RB about/RB   two/CD miles/NNS  to/IN   the/DT west/NN  of/IN /:"
"165","sw04utt/sw_0474_2691.utt","2/sw2691",2691,164,"b","A",119,1,"Uh-huh. /","[ Uh-huh/UH ] ./.","(INTJ (UH Uh-huh) (. .) (-DFL- E_S))","246",251.914125,252.168625,"Uhhuh. "," Uhhuh/UH  ./."
"166","sw04utt/sw_0474_2691.utt","2/sw2691",2691,165,"+","B",120,1,"-- where I'm living.   /","--/: where/WRB  [ I/PRP ] 'm/VBP living/VBG ./.","(S (CC And) (NP-SBJ (PRP it)) (VP (BES 's) (ADVP (RB just)) (PP-LOC-PRD (NP-ADV (QP (RB about) (CD two)) (NNS miles)) (IN to) (NP (NP (DT the) (NN west)) (PP (IN of) (SBAR-LOC (WHADVP-1 (WRB where)) (S (NP-SBJ (PRP I)) (VP (VBP 'm) (VP (VBG living) (ADVP-LOC (-NONE- *T*-1)))))))))) (. .) (-DFL- E_S))","262",252.383125,254.171," where I'm living.   ","/: where/WRB   I/PRP  'm/VBP living/VBG ./."
"167","sw04utt/sw_0474_2691.utt","2/sw2691",2691,166,"sd","B",120,2,"{C So } it's very nice,","So/RB  [ it/PRP ] 's/BES very/RB nice/JJ ,/,","(S (RB So) (NP-SBJ (PRP it)) (VP (BES 's) (ADJP-PRD (ADJP (RB very) (JJ nice)) (, ,) (ADJP (RB very) (JJ convenient)))) (. .) (-DFL- E_S))","266",252.383125,254.171," So  it's very nice,","So/RB   it/PRP  's/BES very/RB nice/JJ ,/,"
"168","sw04utt/sw_0474_2691.utt","2/sw2691",2691,167,"sd","A",121,1,"# The only one I know # --","[ The/DT ] only/RB  [ one/NN ] [ I/PRP ] know/VBP --/:","(S (NP-SBJ (NP (DT The) (RB only) (NN one)) (SBAR (WHNP-1 (-NONE- 0)) (S (NP-SBJ (PRP I)) (VP (VBP know) (NP (-NONE- *T*-1)))))) (VP (VBZ is) (NP-PRD (NNP Richardson))) (. .) (-DFL- E_S))","268",252.168625,255.0175,"# The only one I know # "," The/DT  only/RB   one/NN   I/PRP  know/VBP /:"
"169","sw04utt/sw_0474_2691.utt","2/sw2691",2691,168,"+","B",122,1,"# very convenient.  # /","very/RB convenient/JJ ./.","(S (RB So) (NP-SBJ (PRP it)) (VP (BES 's) (ADJP-PRD (ADJP (RB very) (JJ nice)) (, ,) (ADJP (RB very) (JJ convenient)))) (. .) (-DFL- E_S))","266",NA,NA,"# very convenient.  # ","very/RB convenient/JJ ./."
"170","sw04utt/sw_0474_2691.utt","2/sw2691",2691,169,"+","A",123,1,"-- is Richardson <laughter>. /","--/: is/VBZ  [ Richardson/NNP ] ./.","(S (NP-SBJ (NP (DT The) (RB only) (NN one)) (SBAR (WHNP-1 (-NONE- 0)) (S (NP-SBJ (PRP I)) (VP (VBP know) (NP (-NONE- *T*-1)))))) (VP (VBZ is) (NP-PRD (NNP Richardson))) (. .) (-DFL- E_S))","268",NA,NA," is Richardson laughter. ","/: is/VBZ   Richardson/NNP  ./."
"171","sw04utt/sw_0474_2691.utt","2/sw2691",2691,170,"b","B",124,1,"Yeah.  /","Yeah/UH ./.","(INTJ (UH Yeah) (. .) (-DFL- E_S))","272",255.93975,260.24475,"Yeah.  ","Yeah/UH ./."
"172","sw04utt/sw_0474_2691.utt","2/sw2691",2691,171,"sd","B",124,2,"{D Now } Richland College [ is out, + ] it serves Richardson and, {F uh, } Garland. /","Now/UH  [ Richland/NNP College/NNP ] is/VBZ out/IN ,/,  [ it/PRP ] serves/VBZ  [ Richardson/NNP ] and/CC ,/,  [ uh/UH ] ,/,  [ Garland/NNP ] ./.","(S (INTJ (UH Now)) (NP-TPC (NNP Richland) (NNP College)) (EDITED (RM (-DFL- \[)) (VP (VBZ is) (PP-PRD-UNF (IN out))) (, ,) (IP (-DFL- \+)) (RS (-DFL- \]))) (NP-SBJ (PRP it)) (VP (VBZ serves) (NP (NP (NNP Richardson)) (CC and) (, ,) (INTJ (UH uh)) (, ,) (NP (NNP Garland)))) (. .) (-DFL- E_S))","273",255.93975,260.24475," Now  Richland College  is out,   it serves Richardson and,  uh,  Garland. ","Now/UH   Richland/NNP College/NNP  is/VBZ out/IN ,/,   it/PRP  serves/VBZ   Richardson/NNP  and/CC ,/,   uh/UH  ,/,   Garland/NNP  ./."
"173","sw04utt/sw_0474_2691.utt","2/sw2691",2691,172,"b^m","A",125,1,"Garland,  /","[ Garland/NNP ] ,/,","(NP (NNP Garland) (, ,) (-DFL- E_S))","275",260.023625,260.761625,"Garland,  "," Garland/NNP  ,/,"
"174","sw04utt/sw_0474_2691.utt","2/sw2691",2691,173,"b","A",125,2,"uh-huh. /","[ uh-huh/UH ] ./.","(INTJ (UH uh-huh) (. .) (-DFL- E_S))","276",260.023625,260.761625,"uhhuh. "," uhhuh/UH  ./."
"175","sw04utt/sw_0474_2691.utt","2/sw2691",2691,174,"sd","B",126,1,"{C And } that's about nine miles to the east --","And/CC  [ that/DT ] 's/BES about/RB  [ nine/CD miles/NNS ] to/IN  [ the/DT east/NN ] --/:","(S (CC And) (NP-SBJ (DT that)) (VP (BES 's) (PP-LOC-PRD (NP-ADV (QP (RB about) (CD nine)) (NNS miles)) (IN to) (NP (NP (DT the) (NN east)) (PP (IN of) (ADVP-LOC (RB here)))))) (. .) (-DFL- E_S))","278",260.467,262.793875," And  that's about nine miles to the east ","And/CC   that/DT  's/BES about/RB   nine/CD miles/NNS  to/IN   the/DT east/NN  /:"
"176","sw04utt/sw_0474_2691.utt","2/sw2691",2691,175,"b","A",127,1,"Yeah. /","Yeah/UH ./.","(INTJ (UH Yeah) (. .) (-DFL- E_S))","272",262.63175,262.898375,"Yeah. ","Yeah/UH ./."
"177","sw04utt/sw_0474_2691.utt","2/sw2691",2691,176,"+","B",128,1,"-- of here.   /","--/: of/IN here/RB ./.","(S (CC And) (NP-SBJ (DT that)) (VP (BES 's) (PP-LOC-PRD (NP-ADV (QP (RB about) (CD nine)) (NNS miles)) (IN to) (NP (NP (DT the) (NN east)) (PP (IN of) (ADVP-LOC (RB here)))))) (. .) (-DFL- E_S))","278",263.487875,266.751125," of here.   ","/: of/IN here/RB ./."
"178","sw04utt/sw_0474_2691.utt","2/sw2691",2691,177,"fc","B",128,2,"{C So, } {F uh, } {D anyway, } {D well, } it's good to hear from you. /","So/UH ,/,  [ uh/UH ] ,/, anyway/UH ,/, well/UH ,/,  [ it/PRP ] 's/BES good/JJ to/TO hear/VB from/IN  [ you/PRP ] ./.","(S (RB So) (, ,) (INTJ (UH uh)) (, ,) (INTJ (UH anyway)) (, ,) (INTJ (UH well)) (, ,) (NP-SBJ (NP (PRP it)) (S (-NONE- *EXP*-1))) (VP (BES 's) (ADJP-PRD (JJ good)) (S-1 (NP-SBJ (-NONE- *)) (VP (TO to) (VP (VB hear) (PP (IN from) (NP (PRP you))))))) (. .) (-DFL- E_S))","282",263.487875,266.751125," So,   uh,   anyway,   well,  it's good to hear from you. ","So/UH ,/,   uh/UH  ,/, anyway/UH ,/, well/UH ,/,   it/PRP  's/BES good/JJ to/TO hear/VB from/IN   you/PRP  ./."
"179","sw04utt/sw_0474_2691.utt","2/sw2691",2691,178,"fc","A",129,1,"{D Well } I enjoyed --","Well/UH  [ I/PRP ] enjoyed/VBD --/:","(S (INTJ (UH Well)) (NP-SBJ-1 (PRP I)) (VP (VBD enjoyed) (S (NP-SBJ (-NONE- *-1)) (VP (VBG talking) (PP (IN to) (NP (PRP you)))))) (. .) (-DFL- E_S))","284",266.87775,268.079375," Well  I enjoyed ","Well/UH   I/PRP  enjoyed/VBD /:"
"180","sw04utt/sw_0474_2691.utt","2/sw2691",2691,179,"fc","B",130,1,"{C And } I [ hope we, +","And/CC  [ I/PRP ] hope/VBP  [ we/PRP ] ,/,","(S (CC And) (NP-SBJ (PRP I)) (EDITED (RM (-DFL- \[)) (VP (VBP hope) (SBAR (-NONE- 0) (S-UNF (NP-SBJ (PRP we))))) (, ,) (IP (-DFL- \+))) (VP (VBP hope) (SBAR (-NONE- 0) (S (NP-SBJ (PRP we)) (RS (-DFL- \])) (VP (VBD did) (NP (PRP them)) (NP (DT some) (JJ good)) (, ,) (INTJ (UH uh)) (, ,) (PP (IN on) (NP (PRP$ their) (JJ little) (NN computer) (NN dealy))))))) (. .) (-DFL- E_S))","286",266.90175,272.172125," And  I  hope we, ","And/CC   I/PRP  hope/VBP   we/PRP  ,/,"
"181","sw04utt/sw_0474_2691.utt","2/sw2691",2691,180,"+","A",131,1,"-- # talking to you.  # /","--/: talking/VBG to/IN  [ you/PRP ] ./.","(S (INTJ (UH Well)) (NP-SBJ-1 (PRP I)) (VP (VBD enjoyed) (S (NP-SBJ (-NONE- *-1)) (VP (VBG talking) (PP (IN to) (NP (PRP you)))))) (. .) (-DFL- E_S))","284",NA,NA," # talking to you.  # ","/: talking/VBG to/IN   you/PRP  ./."
"182","sw04utt/sw_0474_2691.utt","2/sw2691",2691,181,"+","B",132,1,"# hope we ] did them # some --","hope/VBP  [ we/PRP ] did/VBD  [ them/PRP ] [ some/DT ] --/:","(S (CC And) (NP-SBJ (PRP I)) (EDITED (RM (-DFL- \[)) (VP (VBP hope) (SBAR (-NONE- 0) (S-UNF (NP-SBJ (PRP we))))) (, ,) (IP (-DFL- \+))) (VP (VBP hope) (SBAR (-NONE- 0) (S (NP-SBJ (PRP we)) (RS (-DFL- \])) (VP (VBD did) (NP (PRP them)) (NP (DT some) (JJ good)) (, ,) (INTJ (UH uh)) (, ,) (PP (IN on) (NP (PRP$ their) (JJ little) (NN computer) (NN dealy))))))) (. .) (-DFL- E_S))","286",NA,NA,"# hope we  did them # some ","hope/VBP   we/PRP  did/VBD   them/PRP   some/DT  /:"
"183","sw04utt/sw_0474_2691.utt","2/sw2691",2691,182,"fc","A",133,1,"I hope so <laughter>. /","[ I/PRP ] hope/VBP so/RB ./.","(S (NP-SBJ (PRP I)) (VP (VBP hope) (ADVP (RB so))) (. .) (-DFL- E_S))","290",269.61775,270.3075,"I hope so laughter. "," I/PRP  hope/VBP so/RB ./."
"184","sw04utt/sw_0474_2691.utt","2/sw2691",2691,183,"+","B",134,1,"-- good, {F uh, } on their little computer --","--/:  [ good/JJ ] ,/,  [ uh/UH ] ,/, on/IN  [ their/PRP$ little/JJ computer/NN ] --/:","(S (CC And) (NP-SBJ (PRP I)) (EDITED (RM (-DFL- \[)) (VP (VBP hope) (SBAR (-NONE- 0) (S-UNF (NP-SBJ (PRP we))))) (, ,) (IP (-DFL- \+))) (VP (VBP hope) (SBAR (-NONE- 0) (S (NP-SBJ (PRP we)) (RS (-DFL- \])) (VP (VBD did) (NP (PRP them)) (NP (DT some) (JJ good)) (, ,) (INTJ (UH uh)) (, ,) (PP (IN on) (NP (PRP$ their) (JJ little) (NN computer) (NN dealy))))))) (. .) (-DFL- E_S))","286",NA,NA," good,  uh,  on their little computer ","/:   good/JJ  ,/,   uh/UH  ,/, on/IN   their/PRP$ little/JJ computer/NN  /:"
"185","sw04utt/sw_0474_2691.utt","2/sw2691",2691,184,"b","A",135,1,"Right. /","[ Right/UH ] ./.","(INTJ (UH Right) (. .) (-DFL- E_S))","293",271.366125,271.811,"Right. "," Right/UH  ./."
"186","sw04utt/sw_0474_2691.utt","2/sw2691",2691,185,"+","B",136,1,"-- dealy.  /","--/: dealy/NN ./.","(S (CC And) (NP-SBJ (PRP I)) (EDITED (RM (-DFL- \[)) (VP (VBP hope) (SBAR (-NONE- 0) (S-UNF (NP-SBJ (PRP we))))) (, ,) (IP (-DFL- \+))) (VP (VBP hope) (SBAR (-NONE- 0) (S (NP-SBJ (PRP we)) (RS (-DFL- \])) (VP (VBD did) (NP (PRP them)) (NP (DT some) (JJ good)) (, ,) (INTJ (UH uh)) (, ,) (PP (IN on) (NP (PRP$ their) (JJ little) (NN computer) (NN dealy))))))) (. .) (-DFL- E_S))","286",272.172125,275.351625," dealy.  ","/: dealy/NN ./."
"187","sw04utt/sw_0474_2691.utt","2/sw2691",2691,186,"fc","B",136,2,"{C And, }  {F uh, } have a good life, the rest of it. /","And/CC ,/,  [ uh/UH ] ,/, have/VB  [ a/DT good/JJ life/NN ] ,/,  [ the/DT rest/NN ] of/IN  [ it/PRP ] ./.","(S (CC And) (, ,) (INTJ (UH uh)) (, ,) (NP-SBJ (-NONE- *)) (VP (VB have) (NP (NP (DT a) (JJ good) (NN life)) (, ,) (NP (NP (DT the) (NN rest)) (PP (IN of) (NP (PRP it)))))) (. .) (-DFL- E_S))","295",272.172125,275.351625," And,    uh,  have a good life, the rest of it. ","And/CC ,/,   uh/UH  ,/, have/VB   a/DT good/JJ life/NN  ,/,   the/DT rest/NN  of/IN   it/PRP  ./."
"188","sw04utt/sw_0474_2691.utt","2/sw2691",2691,187,"fc","A",137,1,"Okay,  /","Okay/UH ,/,","(INTJ (UH Okay) (, ,) (-DFL- E_S))","297",275.444,276.778125,"Okay,  ","Okay/UH ,/,"
"189","sw04utt/sw_0474_2691.utt","2/sw2691",2691,188,"fc","A",137,2,"thank you,  /","thank/VBP  [ you/PRP ] ,/,","(S-IMP (NP-SBJ (-NONE- *)) (VP (VBP thank) (NP (PRP you))) (, ,) (-DFL- E_S))","298",275.444,276.778125,"thank you,  ","thank/VBP   you/PRP  ,/,"
"190","sw04utt/sw_0474_2691.utt","2/sw2691",2691,189,"fc","A",137,3,"same to you. /","same/JJ to/IN  [ you/PRP ] ./.","(FRAG (NP (JJ same)) (PP (IN to) (NP (PRP you))) (. .) (-DFL- E_S))","299",275.444,276.778125,"same to you. ","same/JJ to/IN   you/PRP  ./."
"191","sw04utt/sw_0474_2691.utt","2/sw2691",2691,190,"fc","B",138,1,"Bye-bye. /","[ Bye-bye/UH ] ./.","(INTJ (UH Bye-bye) (. .) (-DFL- E_S))","301",276.381625,276.792,"Byebye. "," Byebye/UH  ./."
"192","sw04utt/sw_0474_2691.utt","2/sw2691",2691,191,"fc^m","A",139,1,"Bye-bye. /","[ Bye-bye/UH ] ./.","(INTJ (UH Bye-bye) (. .) (-DFL- E_S))","301",276.778125,277.18625,"Byebye. "," Byebye/UH  ./."
