"","swda_filename","ptb_basename","conversation_no","transcript_index","act_tag","caller","turn_index","subutterance_index","text","pos","trees","ptb_treenumbers","start_turn","end_turn","newtext","newpos"
"1","sw04utt/sw_0475_2761.utt","2/sw2761",2761,0,"o","A",1,1,"Okay,  /","Okay/UH ,/,","(INTJ (UH Okay) (, ,) (-DFL- E_S))","1",0.4,5.265,"Okay,  ","Okay/UH ,/,"
"2","sw04utt/sw_0475_2761.utt","2/sw2761",2761,1,"qw","A",1,2,"what are your suggestions in making a family reunion successful <laughter>. /","[ what/WDT ] are/VBP  [ your/PRP$ suggestions/NNS ] in/IN making/VBG  [ a/DT family/NN reunion/NN ] successful/JJ ./.","(SBARQ (WHNP-1 (WDT what)) (SQ (VBP are) (NP-SBJ (NP (PRP$ your) (NNS suggestions)) (PP (IN in) (S-NOM (NP-SBJ (-NONE- *)) (VP (VBG making) (S (NP-SBJ (DT a) (NN family) (NN reunion)) (ADJP-PRD (JJ successful))))))) (NP-PRD (-NONE- *T*-1))) (. .) (-DFL- E_S))","2",0.4,5.265,"what are your suggestions in making a family reunion successful laughter. "," what/WDT  are/VBP   your/PRP$ suggestions/NNS  in/IN making/VBG   a/DT family/NN reunion/NN  successful/JJ ./."
"3","sw04utt/sw_0475_2761.utt","2/sw2761",2761,2,"sv","B",2,1,"<Laughter>  Have a big family, I guess,  /","Have/VB  [ a/DT big/JJ family/NN ] ,/,  [ I/PRP ] guess/VBP ,/,","(S (FRAG-TPC-1 (VP (VB Have) (NP (DT a) (JJ big) (NN family)))) (, ,) (NP-SBJ (PRP I)) (VP (VBP guess) (FRAG (-NONE- *T*-1))) (, ,) (-DFL- E_S))","4",6.14025,8.393875,"Laughter  Have a big family, I guess,  ","Have/VB   a/DT big/JJ family/NN  ,/,   I/PRP  guess/VBP ,/,"
"4","sw04utt/sw_0475_2761.utt","2/sw2761",2761,3,"sv","B",2,2,"that's a start. /","[ that/DT ] 's/BES  [ a/DT start/NN ] ./.","(S (NP-SBJ (DT that)) (VP (BES 's) (NP-PRD (DT a) (NN start))) (. .) (-DFL- E_S))","5",6.14025,8.393875,"that's a start. "," that/DT  's/BES   a/DT start/NN  ./."
"5","sw04utt/sw_0475_2761.utt","2/sw2761",2761,4,"aa","A",3,1,"{D Well } I guess so. /","Well/UH  [ I/PRP ] guess/VBP so/RB ./.","(S (INTJ (UH Well)) (NP-SBJ (PRP I)) (VP (VBP guess) (ADVP (RB so))) (. .) (-DFL- E_S))","7",8.533125,9.436375," Well  I guess so. ","Well/UH   I/PRP  guess/VBP so/RB ./."
"6","sw04utt/sw_0475_2761.utt","2/sw2761.pos",2761,5,"x","B",4,1,"# <Laughter>.  #","./.","","",NA,NA,"# Laughter.  #","./."
"7","sw04utt/sw_0475_2761.utt","2/sw2761",2761,6,"qy","A",5,1,"# [ Have # you had any in the la-, + ha-, ] - /","Have/VBP  [ you/PRP ] had/VBN  [ any/DT ] in/IN  [ the/DT la/JJ ] ,/,  [ ha/VBP ] ,/,","(SQ-UNF (EDITED (RM (-DFL- \[)) (SQ (VBP Have) (NP-SBJ (PRP you)) (VP (VBN had) (NP (DT any)) (PP-TMP (IN in) (NP-UNF (DT the) (JJ la-))))) (, ,) (IP (-DFL- \+))) (VBP ha-) (, ,) (RS (-DFL- \])) (-DFL- N_S))","10",10.6725,13.5395,"#  Have # you had any in the la,  ha,   ","Have/VBP   you/PRP  had/VBN   any/DT  in/IN   the/DT la/JJ  ,/,   ha/VBP  ,/,"
"8","sw04utt/sw_0475_2761.utt","2/sw2761",2761,7,"qw","A",5,2,"{D well } how old are you? /","well/UH how/WRB  [ old/JJ ] are/VBP  [ you/PRP ] ?/.","(SBARQ (INTJ (UH well)) (WHADJP-1 (WRB how) (JJ old)) (SQ (VBP are) (NP-SBJ (PRP you)) (ADJP-PRD (-NONE- *T*-1))) (. ?) (-DFL- E_S))","11",10.6725,13.5395," well  how old are you? ","well/UH how/WRB   old/JJ  are/VBP   you/PRP  ?/."
"9","sw04utt/sw_0475_2761.utt","2/sw2761",2761,8,"sd","B",6,1,"Twenty-five,   /","[ Twenty-five/CD ] ,/,","(NP (CD Twenty-five) (, ,) (-DFL- E_S))","13",13.669375,15.551125,"Twentyfive,   "," Twentyfive/CD  ,/,"
"10","sw04utt/sw_0475_2761.utt","2/sw2761",2761,9,"%","B",6,2,"{C so, } -/","so/UH ,/,","(S-UNF (RB so) (, ,) (-DFL- N_S))","14",13.669375,15.551125," so,  ","so/UH ,/,"
"11","sw04utt/sw_0475_2761.utt","2/sw2761",2761,10,"bk","A",7,1,"# Okay  /","Okay/UH","(INTJ (UH Okay) (-DFL- E_S))","16",14.7015,20.2125,"# Okay  ","Okay/UH"
"12","sw04utt/sw_0475_2761.utt","2/sw2761",2761,11,"qy^d","A",7,2,"{C so } [ you ha-, # +","so/RB  [ you/PRP ] ha/VBP ,/,","(S (RB so) (EDITED (RM (-DFL- \[)) (S (NP-SBJ (PRP you)) (VP-UNF (VBP ha-))) (, ,) (IP (-DFL- \+))) (NP-SBJ (PRP you)) (VP (VBP have) (RS (-DFL- \])) (VP (VBN been) (PP-DIR-PRD (IN to) (NP (DT some) (NN family) (NNS reunions))) (, ,) (ADVP (RB perhaps)))) (. .) (-DFL- E_S))","17",14.7015,20.2125," so   you ha, # ","so/RB   you/PRP  ha/VBP ,/,"
"13","sw04utt/sw_0475_2761.utt","2/sw2761",2761,12,"sd","B",8,1,"# I just got married.  # /","[ I/PRP ] just/RB got/VBD married/VBN ./.","(S (NP-SBJ-1 (PRP I)) (ADVP (RB just)) (VP (VBD got) (VP (VBN married) (NP (-NONE- *-1)))) (. .) (-DFL- E_S))","19",16.334125,17.209375,"# I just got married.  # "," I/PRP  just/RB got/VBD married/VBN ./."
"14","sw04utt/sw_0475_2761.utt","2/sw2761",2761,13,"+","A",9,1,"you have ] been to some family reunions, perhaps. /","[ you/PRP ] have/VBP been/VBN to/IN  [ some/DT family/NN reunions/NNS ] ,/, perhaps/RB ./.","(S (RB so) (EDITED (RM (-DFL- \[)) (S (NP-SBJ (PRP you)) (VP-UNF (VBP ha-))) (, ,) (IP (-DFL- \+))) (NP-SBJ (PRP you)) (VP (VBP have) (RS (-DFL- \])) (VP (VBN been) (PP-DIR-PRD (IN to) (NP (DT some) (NN family) (NNS reunions))) (, ,) (ADVP (RB perhaps)))) (. .) (-DFL- E_S))","17",NA,NA,"you have  been to some family reunions, perhaps. "," you/PRP  have/VBP been/VBN to/IN   some/DT family/NN reunions/NNS  ,/, perhaps/RB ./."
"15","sw04utt/sw_0475_2761.utt","2/sw2761",2761,14,"na","B",10,1,"Right,  /","Right/UH ,/,","(INTJ (UH Right) (, ,) (-DFL- E_S))","22",19.720375,31.296125,"Right,  ","Right/UH ,/,"
"16","sw04utt/sw_0475_2761.utt","2/sw2761",2761,15,"sd","B",10,2,"every four years on one side of my family they plan on having, {F uh, } {D like } my [ p-, + grandparents ] and all their brothers and sisters and then all their kids and grandkids. /","[ every/DT four/CD years/NNS ] on/IN  [ one/CD side/NN ] of/IN  [ my/PRP$ family/NN ] [ they/PRP ] plan/VBP on/IN having/VBG ,/,  [ uh/UH ] ,/, like/UH  [ my/PRP$ p-/NNS ] ,/,  [ grandparents/NNS ] and/CC  [ all/DT their/PRP$ brothers/NNS ] and/CC  [ sisters/NNS ] and/CC then/RB  [ all/DT their/PRP$ kids/NNS ] and/CC  [ grandkids/NNS ] ./.","(S (NP-TMP (DT every) (CD four) (NNS years)) (PP (IN on) (NP (NP (CD one) (NN side)) (PP (IN of) (NP (PRP$ my) (NN family))))) (NP-SBJ-1 (PRP they)) (VP (VBP plan) (PP (IN on) (S-NOM (NP-SBJ (-NONE- *-1)) (VP (VBG having) (, ,) (INTJ (UH uh)) (, ,) (INTJ (UH like)) (NP (NP (PRP$ my) (EDITED (RM (-DFL- \[)) (NNS p-) (, ,) (IP (-DFL- \+))) (NNS grandparents)) (RS (-DFL- \])) (CC and) (NP (NP (DT all) (PRP$ their) (NNS brothers) (CC and) (NNS sisters)) (CONJP (CC and) (RB then)) (NP (DT all) (PRP$ their) (NNS kids) (CC and) (NNS grandkids)))))))) (. .) (-DFL- E_S))","23",19.720375,31.296125,"every four years on one side of my family they plan on having,  uh,   like  my  p,  grandparents  and all their brothers and sisters and then all their kids and grandkids. "," every/DT four/CD years/NNS  on/IN   one/CD side/NN  of/IN   my/PRP$ family/NN   they/PRP  plan/VBP on/IN having/VBG ,/,   uh/UH  ,/, like/UH   my/PRP$ p/NNS  ,/,   grandparents/NNS  and/CC   all/DT their/PRP$ brothers/NNS  and/CC   sisters/NNS  and/CC then/RB   all/DT their/PRP$ kids/NNS  and/CC   grandkids/NNS  ./."
"17","sw04utt/sw_0475_2761.utt","2/sw2761",2761,16,"qw","A",11,1,"{D Now } how long in advance do they, {F uh, } let them know? /","Now/RB how/WRB long/RB in/IN  [ advance/NN ] do/VBP  [ they/PRP ] ,/,  [ uh/UH ] ,/, let/VB  [ them/PRP ] know/VB ?/.","(SBARQ (INTJ (RB Now)) (WHADVP-1 (WHADVP (WRB how) (RB long)) (PP (IN in) (NP (NN advance)))) (SQ (VBP do) (NP-SBJ (PRP they)) (, ,) (INTJ (UH uh)) (, ,) (VP (VB let) (S (NP-SBJ (PRP them)) (VP (VB know) (ADVP (-NONE- *T*-1)))))) (. ?) (-DFL- E_S))","25",31.814,34.96675," Now  how long in advance do they,  uh,  let them know? ","Now/RB how/WRB long/RB in/IN   advance/NN  do/VBP   they/PRP  ,/,   uh/UH  ,/, let/VB   them/PRP  know/VB ?/."
"18","sw04utt/sw_0475_2761.utt","2/sw2761",2761,17,"nd","B",12,1,"{D Well, } we plan on it,  /","Well/UH ,/,  [ we/PRP ] plan/VBP on/IN  [ it/PRP ] ,/,","(S (INTJ (UH Well)) (, ,) (NP-SBJ (PRP we)) (VP (VBP plan) (PP (IN on) (NP (PRP it)))) (, ,) (-DFL- E_S))","27",35.604875,39.26375," Well,  we plan on it,  ","Well/UH ,/,   we/PRP  plan/VBP on/IN   it/PRP  ,/,"
"19","sw04utt/sw_0475_2761.utt","2/sw2761",2761,18,"sd","B",12,2,"it's {D like } the third weekend in August, /","[ it/PRP ] 's/BES like/IN  [ the/DT third/JJ weekend/NN ] in/IN  [ August/NNP ] ,/,","(S (NP-SBJ (PRP it)) (VP (BES 's) (INTJ (UH like)) (NP-PRD (NP (DT the) (JJ third) (NN weekend)) (PP-TMP (IN in) (NP (NNP August))))) (, ,) (-DFL- E_S))","28",35.604875,39.26375,"it's  like  the third weekend in August, "," it/PRP  's/BES like/IN   the/DT third/JJ weekend/NN  in/IN   August/NNP  ,/,"
"20","sw04utt/sw_0475_2761.utt","2/sw2761",2761,19,"bk","A",13,1,"# Uh-huh.  # /","[ Uh-huh/UH ] ./.","(INTJ (UH Uh-huh) (. .) (-DFL- E_S))","30",39.3075,39.635625,"# Uhhuh.  # "," Uhhuh/UH  ./."
"21","sw04utt/sw_0475_2761.utt","2/sw2761",2761,20,"sd","B",14,1,"# {C so } # it's every four years  /","so/RB  [ it/PRP ] 's/BES  [ every/DT four/CD years/NNS ]","(S (RB so) (NP-SBJ (PRP it)) (VP (BES 's) (NP-PRD (DT every) (CD four) (NNS years))) (-DFL- E_S))","32",39.455875,41.4465,"#  so  # it's every four years  ","so/RB   it/PRP  's/BES   every/DT four/CD years/NNS "
"22","sw04utt/sw_0475_2761.utt","2/sw2761",2761,21,"%","B",14,2,"{C and so, } -/","and/CC so/RB ,/,","(S-UNF (CONJP (CC and) (RB so)) (, ,) (-DFL- N_S))","33",39.455875,41.4465," and so,  ","and/CC so/RB ,/,"
"23","sw04utt/sw_0475_2761.utt","2/sw2761",2761,22,"bf","A",15,1,"{C So } they all know it. /","So/RB  [ they/PRP ] [ all/DT ] know/VBP  [ it/PRP ] ./.","(S (RB So) (NP-SBJ (NP (PRP they)) (NP (DT all))) (VP (VBP know) (NP (PRP it))) (. .) (-DFL- E_S))","35",41.120375,42.112625," So  they all know it. ","So/RB   they/PRP   all/DT  know/VBP   it/PRP  ./."
"24","sw04utt/sw_0475_2761.utt","2/sw2761",2761,23,"aa","B",16,1,"Yeah  /","Yeah/UH","(INTJ (UH Yeah) (-DFL- E_S))","37",42.20075,54.921875,"Yeah  ","Yeah/UH"
"25","sw04utt/sw_0475_2761.utt","2/sw2761",2761,24,"sd","B",16,2,"{C and then, } {D you know, } arrangements are made {D like } during the Summer for {D you know, } {F um, } food and [ who's, + who's ] staying where, because a lot of people  [ fro-, + are from ] down here, in Texas. /","and/CC then/RB ,/,  [ you/PRP ] know/VBP ,/,  [ arrangements/NNS ] are/VBP made/VBN like/UH during/IN  [ the/DT Summer/NNP ] for/IN  [ you/PRP ] know/VBP ,/, um/UH ,/,  [ food/NN ] and/CC  [ who/WP 's/BES ] ,/,   [ who/WP 's/BES ] staying/VBG where/WRB ,/, because/IN  [ a/DT lot/NN ] of/IN  [ people/NNS ] fro-/IN ,/, are/VBP from/IN down/IN here/RB ,/, in/IN  [ Texas/NNP ] ./.","(S (CONJP (CC and) (RB then)) (PRN (, ,) (S (NP-SBJ (PRP you)) (VP (VBP know))) (, ,)) (NP-SBJ-1 (NP (NNS arrangements)) (PP (-NONE- *ICH*-3))) (VP (VBP are) (VP (VBN made) (NP (-NONE- *-1)) (INTJ (UH like)) (PP-TMP (IN during) (NP (DT the) (NNP Summer))) (PP-3 (IN for) (PRN (S (NP-SBJ (PRP you)) (VP (VBP know))) (, ,)) (INTJ (UH um)) (, ,) (UCP (NP (NN food)) (CC and) (SBAR (EDITED (RM (-DFL- \[)) (SBAR (WHNP-4 (WP who)) (S (NP (-NONE- *T*-4)) (VP-UNF (BES 's)))) (, ,) (IP (-DFL- \+))) (WHNP-2 (WP who)) (S (NP-SBJ (-NONE- *T*-2)) (VP (BES 's) (RS (-DFL- \])) (VP (VBG staying) (ADVP-LOC (WRB where)))))))) (, ,) (SBAR-PRP (IN because) (S (NP-SBJ (NP (DT a) (NN lot)) (PP (IN of) (NP (NNS people)))) (EDITED (RM (-DFL- \[)) (PP-UNF (IN fro-)) (, ,) (IP (-DFL- \+))) (VP (VBP are) (PP-PRD (IN from) (RS (-DFL- \])) (PP-LOC (IN down) (ADVP (RB here) (, ,) (PP (IN in) (NP (NNP Texas))))))))))) (. .) (-DFL- E_S))","38",42.20075,54.921875," and then,   you know,  arrangements are made  like  during the Summer for  you know,   um,  food and  who's,  who's  staying where, because a lot of people   fro,  are from  down here, in Texas. ","and/CC then/RB ,/,   you/PRP  know/VBP ,/,   arrangements/NNS  are/VBP made/VBN like/UH during/IN   the/DT Summer/NNP  for/IN   you/PRP  know/VBP ,/, um/UH ,/,   food/NN  and/CC   who/WP 's/BES  ,/,    who/WP 's/BES  staying/VBG where/WRB ,/, because/IN   a/DT lot/NN  of/IN   people/NNS  fro/IN ,/, are/VBP from/IN down/IN here/RB ,/, in/IN   Texas/NNP  ./."
"26","sw04utt/sw_0475_2761.utt","2/sw2761",2761,25,"b","A",17,1,"Uh-huh,  /","[ Uh-huh/UH ] ,/,","(INTJ (UH Uh-huh) (, ,) (-DFL- E_S))","40",53.98375,55.228,"Uhhuh,  "," Uhhuh/UH  ,/,"
"27","sw04utt/sw_0475_2761.utt","2/sw2761",2761,26,"b^r","A",17,2,"uh-huh. /","[ uh-huh/UH ] ./.","(INTJ (UH uh-huh) (. .) (-DFL- E_S))","41",53.98375,55.228,"uhhuh. "," uhhuh/UH  ./."
"28","sw04utt/sw_0475_2761.utt","2/sw2761",2761,27,"sd","B",18,1,"{C And, }  {F uh, } a lot of my family is in Indiana.  /","And/CC ,/,  [ uh/UH ] ,/,  [ a/DT lot/NN ] of/IN  [ my/PRP$ family/NN ] is/VBZ in/IN  [ Indiana/NN ] ./.","(S (CC And) (, ,) (INTJ (UH uh)) (, ,) (NP-SBJ (NP (DT a) (NN lot)) (PP (IN of) (NP (PRP$ my) (NN family)))) (VP (VBZ is) (PP-LOC-PRD (IN in) (NP (NN Indiana)))) (. .) (-DFL- E_S))","43",55.095125,59.465," And,    uh,  a lot of my family is in Indiana.  ","And/CC ,/,   uh/UH  ,/,   a/DT lot/NN  of/IN   my/PRP$ family/NN  is/VBZ in/IN   Indiana/NN  ./."
"29","sw04utt/sw_0475_2761.utt","2/sw2761",2761,28,"sd","B",18,2,"That's where I'm originally from. /","[ That/DT ] 's/BES where/WRB  [ I/PRP ] 'm/VBP originally/RB from/IN ./.","(S (NP-SBJ (DT That)) (VP (BES 's) (SBAR-LOC-PRD (WHADVP-1 (WRB where)) (S (NP-SBJ (PRP I)) (VP (VBP 'm) (ADVP (RB originally)) (PP-PRD (IN from) (ADVP-LOC (-NONE- *T*-1))))))) (. .) (-DFL- E_S))","44",55.095125,59.465,"That's where I'm originally from. "," That/DT  's/BES where/WRB   I/PRP  'm/VBP originally/RB from/IN ./."
"30","sw04utt/sw_0475_2761.utt","2/sw2761",2761,29,"b","A",19,1,"Yes. /","Yes/UH ./.","(INTJ (UH Yes) (. .) (-DFL- E_S))","46",59.721625,60.21675,"Yes. ","Yes/UH ./."
"31","sw04utt/sw_0475_2761.utt","2/sw2761",2761,30,"sd","B",20,1,"{C So, } {F um, } we usually meet {D like } at my uncle's cottage [ in the, + {F um, } at the ] lake and, {F uh, } make a couple days of it. /","So/RB ,/, um/UH ,/,  [ we/PRP ] usually/RB meet/VBP like/UH at/IN  [ my/PRP$ uncle/NN 's/POS cottage/NN ] in/IN  [ the/DT ] ,/, um/UH ,/, at/IN  [ the/DT lake/NN ] and/CC ,/,  [ uh/UH ] ,/, make/VBP  [ a/DT couple/NN days/NNS ] of/IN  [ it/PRP ] ./.","(S (RB So) (, ,) (INTJ (UH um)) (, ,) (NP-SBJ (PRP we)) (ADVP-TMP (RB usually)) (VP (VP (VBP meet) (INTJ (UH like)) (PP (IN at) (NP (NP (NP (PRP$ my) (NN uncle) (POS 's)) (NN cottage)) (EDITED (RM (-DFL- \[)) (PP-LOC (IN in) (NP-UNF (DT the))) (, ,) (IP (-DFL- \+))) (INTJ (UH um)) (, ,) (PP-LOC (IN at) (NP (DT the) (RS (-DFL- \])) (NN lake)))))) (CC and) (, ,) (INTJ (UH uh)) (, ,) (VP (VBP make) (NP (NP (DT a) (NN couple) (NNS days)) (PP (IN of) (NP (PRP it)))))) (. .) (-DFL- E_S))","48",60.4575,70.516375," So,   um,  we usually meet  like  at my uncle's cottage  in the,   um,  at the  lake and,  uh,  make a couple days of it. ","So/RB ,/, um/UH ,/,   we/PRP  usually/RB meet/VBP like/UH at/IN   my/PRP$ uncle/NN 's/POS cottage/NN  in/IN   the/DT  ,/, um/UH ,/, at/IN   the/DT lake/NN  and/CC ,/,   uh/UH  ,/, make/VBP   a/DT couple/NN days/NNS  of/IN   it/PRP  ./."
"32","sw04utt/sw_0475_2761.utt","2/sw2761",2761,31,"ba","A",21,1,"{D Well } that sounds like fun,  /","Well/UH that/DT  [ sounds/VBZ ] like/IN  [ fun/NN ] ,/,","(S (INTJ (UH Well)) (NP-SBJ (DT that)) (VP (VBZ sounds) (PP (IN like) (NP (NN fun)))) (, ,) (-DFL- E_S))","50",70.655375,74.891625," Well  that sounds like fun,  ","Well/UH that/DT   sounds/VBZ  like/IN   fun/NN  ,/,"
"33","sw04utt/sw_0475_2761.utt","2/sw2761",2761,32,"qy","A",21,2,"do they all have the small children too, that come? /","do/VBP  [ they/PRP ] [ all/DT ] have/VB  [ the/DT small/JJ children/NNS ] too/RB ,/, that/WDT come/VBP ?/.","(SQ (VBP do) (NP-SBJ (NP (PRP they)) (NP (DT all))) (VP (VB have) (NP (NP (DT the) (JJ small) (NNS children)) (SBAR (-NONE- *ICH*-2))) (ADVP (RB too)) (, ,) (SBAR-2 (WHNP-1 (WDT that)) (S (NP-SBJ (-NONE- *T*-1)) (VP (VBP come))))) (. ?) (-DFL- E_S))","51",70.655375,74.891625,"do they all have the small children too, that come? ","do/VBP   they/PRP   all/DT  have/VB   the/DT small/JJ children/NNS  too/RB ,/, that/WDT come/VBP ?/."
"34","sw04utt/sw_0475_2761.utt","2/sw2761",2761,33,"ny","B",22,1,"Yeah,  /","Yeah/UH ,/,","(INTJ (UH Yeah) (, ,) (-DFL- E_S))","53",74.603125,76.52675,"Yeah,  ","Yeah/UH ,/,"
"35","sw04utt/sw_0475_2761.utt","2/sw2761",2761,34,"sd^e","B",22,2,"pretty much. /","pretty/RB much/JJ ./.","(ADVP (RB pretty) (JJ much) (. .) (-DFL- E_S))","54",74.603125,76.52675,"pretty much. ","pretty/RB much/JJ ./."
"36","sw04utt/sw_0475_2761.utt","2/sw2761",2761,35,"qy^d","A",23,1,"{C So } all ages. /","So/RB  [ all/DT ages/NNS ] ./.","(FRAG (RB So) (NP (DT all) (NNS ages)) (. .) (-DFL- E_S))","56",76.486,77.41625," So  all ages. ","So/RB   all/DT ages/NNS  ./."
"37","sw04utt/sw_0475_2761.utt","2/sw2761",2761,36,"ny","B",24,1,"Yeah  /","Yeah/UH","(INTJ (UH Yeah) (-DFL- E_S))","37",77.46575,86.540625,"Yeah  ","Yeah/UH"
"38","sw04utt/sw_0475_2761.utt","2/sw2761",2761,37,"sd^e","B",24,2,"{C and, }  {F uh, } <throat_clearing> {D you know, } there's some my age  /","and/CC ,/,  [ uh/UH ] ,/,  [ you/PRP ] know/VBP ,/,  [ there/EX ] 's/BES  [ some/DT my/PRP$ age/NN ]","(S (CC and) (, ,) (INTJ (UH uh)) (PRN (, ,) (S (NP-SBJ (PRP you)) (VP (VBP know))) (, ,)) (NP-SBJ (EX there)) (VP (BES 's) (NP-PRD (NP (DT some)) (NP (PRP$ my) (NN age)))) (-DFL- E_S))","59",77.46575,86.540625," and,    uh,  throat_clearing  you know,  there's some my age  ","and/CC ,/,   uh/UH  ,/,   you/PRP  know/VBP ,/,   there/EX  's/BES   some/DT my/PRP$ age/NN "
"39","sw04utt/sw_0475_2761.utt","2/sw2761",2761,38,"sd","B",24,3,"{C and then } there are some a lot younger, [ an, + ] about four generations, I guess. /","and/CC then/RB  [ there/EX ] are/VBP  [ some/DT ] [ a/DT lot/RB younger/JJR ] ,/,  [ an/DT ] ,/, about/RB  [ four/CD generations/NNS ] ,/,  [ I/PRP ] guess/VBP ./.","(S (S-TPC-1 (CONJP (CC and) (RB then)) (NP-SBJ (EX there)) (VP (VBP are) (NP-PRD (NP (NP (DT some)) (ADJP (NP-ADV (DT a) (RB lot)) (JJR younger))) (, ,) (EDITED (RM (-DFL- \[)) (NP-UNF (DT an)) (, ,) (IP (-DFL- \+)) (RS (-DFL- \]))) (NP (QP (RB about) (CD four)) (NNS generations))))) (, ,) (NP-SBJ (PRP I)) (VP (VBP guess) (SBAR (-NONE- 0) (S (-NONE- *T*-1)))) (. .) (-DFL- E_S))","60",77.46575,86.540625," and then  there are some a lot younger,  an,   about four generations, I guess. ","and/CC then/RB   there/EX  are/VBP   some/DT   a/DT lot/RB younger/JJR  ,/,   an/DT  ,/, about/RB   four/CD generations/NNS  ,/,   I/PRP  guess/VBP ./."
"40","sw04utt/sw_0475_2761.utt","2/sw2761",2761,39,"sd","A",25,1,"{D Well } my husband [ has, + {F uh, } on one side has ] an extended family, /","Well/UH  [ my/PRP$ husband/NN ] has/VBZ ,/,  [ uh/UH ] ,/, on/IN  [ one/CD side/NN ] has/VBZ  [ an/DT extended/JJ family/NN ] ,/,","(S (INTJ (UH Well)) (NP-SBJ (PRP$ my) (NN husband)) (EDITED (RM (-DFL- \[)) (VP-UNF (VBZ has)) (, ,) (IP (-DFL- \+))) (INTJ (UH uh)) (, ,) (PP (IN on) (NP (CD one) (NN side))) (VP (VBZ has) (RS (-DFL- \])) (NP (DT an) (JJ extended) (NN family))) (, ,) (-DFL- E_S))","62",87.58875,92.206625," Well  my husband  has,   uh,  on one side has  an extended family, ","Well/UH   my/PRP$ husband/NN  has/VBZ ,/,   uh/UH  ,/, on/IN   one/CD side/NN  has/VBZ   an/DT extended/JJ family/NN  ,/,"
"41","sw04utt/sw_0475_2761.utt","2/sw2761",2761,40,"b","B",26,1,"# Uh-huh.  # /","[ Uh-huh/UH ] ./.","(INTJ (UH Uh-huh) (. .) (-DFL- E_S))","64",92.3105,92.793375,"# Uhhuh.  # "," Uhhuh/UH  ./."
"42","sw04utt/sw_0475_2761.utt","2/sw2761",2761,41,"sd","A",27,1,"# {C and } # they don't ever plan it [ [ li-, + as, ] + like ] you do. /","and/CC  [ they/PRP ] do/VBP n't/RB ever/RB plan/VB  [ it/PRP li-/IN ] ,/, as/IN ,/, like/IN  [ you/PRP ] do/VBP ./.","(S (CC and) (NP-SBJ (PRP they)) (VP (VBP do) (RB n't) (ADVP-TMP (RB ever)) (VP (VB plan) (NP (PRP it)) (SBAR-ADV (EDITED (RM (-DFL- \[)) (EDITED (RM (-DFL- \[)) (SBAR-ADV-UNF (IN li-)) (, ,) (IP (-DFL- \+))) (SBAR-ADV-UNF (IN as)) (, ,) (RS (-DFL- \])) (IP (-DFL- \+))) (IN like) (RS (-DFL- \])) (S (NP-SBJ (PRP you)) (VP (VBP do)))))) (. .) (-DFL- E_S))","66",92.803,96.043,"#  and  # they don't ever plan it   li,  as,   like  you do. ","and/CC   they/PRP  do/VBP n't/RB ever/RB plan/VB   it/PRP li/IN  ,/, as/IN ,/, like/IN   you/PRP  do/VBP ./."
"43","sw04utt/sw_0475_2761.utt","2/sw2761",2761,42,"b","B",28,1,"# Uh-huh <breathing>.  # /","[ Uh-huh/UH ] ./.","(INTJ (UH Uh-huh) (. .) (-DFL- E_S))","64",96.1565,96.553375,"# Uhhuh breathing.  # "," Uhhuh/UH  ./."
"44","sw04utt/sw_0475_2761.utt","2/sw2761",2761,43,"sv","A",29,1,"# I think # if you can count on it every four years then people have it in mind  /","[ I/PRP ] think/VBP if/IN  [ you/PRP ] can/MD count/VB on/IN  [ it/PRP ] [ every/DT four/CD years/NNS ] then/RB  [ people/NNS ] have/VBP  [ it/PRP ] in/IN  [ mind/NN ]","(S (NP-SBJ (PRP I)) (VP (VBP think) (SBAR (-NONE- 0) (S (SBAR-ADV (IN if) (S (NP-SBJ (PRP you)) (VP (MD can) (VP (VB count) (PP (IN on) (NP (PRP it))) (NP-TMP (DT every) (CD four) (NNS years)))))) (ADVP (RB then)) (NP-SBJ (NNS people)) (VP (VBP have) (NP (PRP it)) (PP (IN in) (NP (NN mind))))))) (-DFL- E_S))","70",96.043,111.544,"# I think # if you can count on it every four years then people have it in mind  "," I/PRP  think/VBP if/IN   you/PRP  can/MD count/VB on/IN   it/PRP   every/DT four/CD years/NNS  then/RB   people/NNS  have/VBP   it/PRP  in/IN   mind/NN "
"45","sw04utt/sw_0475_2761.utt","2/sw2761",2761,44,"sd","A",29,2,"{C so } they have to start talking about it, or getting their act together about six months ahead to get in touch with everybody,","so/IN  [ they/PRP ] have/VBP to/TO start/VB talking/VBG about/IN  [ it/PRP ] ,/, or/CC getting/VBG  [ their/PRP$ act/NN ] together/RB about/RB  [ six/CD months/NNS ] ahead/RB to/TO get/VB in/IN  [ touch/NN ] with/IN  [ everybody/NN ] ,/,","(S (RB so) (NP-SBJ-1 (PRP they)) (VP (VBP have) (S (NP-SBJ-2 (-NONE- *-1)) (VP (TO to) (VP (VB start) (S (NP-SBJ (-NONE- *-2)) (VP (VP (VBG talking) (PP (IN about) (NP (PRP it)))) (, ,) (CC or) (VP (VBG getting) (NP (PRP$ their) (NN act)) (ADVP (RB together)) (NP-TMP (NP (QP (RB about) (CD six)) (NNS months)) (ADVP (RB ahead))) (S-PRP (NP-SBJ (-NONE- *)) (VP (TO to) (VP (VB get) (PP (IN in) (NP (NN touch))) (PP (IN with) (NP (NN everybody)))))) (, ,) (SBAR-PRP (IN because) (S (NP-SBJ (PRP they)) (VP (VBP 're) (ADVP (RB rather)) (ADJP-PRD (RB socially) (JJ active)) (ADVP (RB too)))))))))))) (. .) (-DFL- E_S))","71",96.043,111.544," so  they have to start talking about it, or getting their act together about six months ahead to get in touch with everybody,","so/IN   they/PRP  have/VBP to/TO start/VB talking/VBG about/IN   it/PRP  ,/, or/CC getting/VBG   their/PRP$ act/NN  together/RB about/RB   six/CD months/NNS  ahead/RB to/TO get/VB in/IN   touch/NN  with/IN   everybody/NN  ,/,"
"46","sw04utt/sw_0475_2761.utt","2/sw2761",2761,45,"b","B",30,1,"# Uh-huh.  # /","[ Uh-huh/UH ] ./.","(INTJ (UH Uh-huh) (. .) (-DFL- E_S))","64",106.68825,107.211375,"# Uhhuh.  # "," Uhhuh/UH  ./."
"47","sw04utt/sw_0475_2761.utt","2/sw2761",2761,46,"+","A",31,1,"# because # they're rather socially active too. /","because/IN  [ they/PRP ] 're/VBP rather/RB socially/RB active/JJ too/RB ./.","(S (RB so) (NP-SBJ-1 (PRP they)) (VP (VBP have) (S (NP-SBJ-2 (-NONE- *-1)) (VP (TO to) (VP (VB start) (S (NP-SBJ (-NONE- *-2)) (VP (VP (VBG talking) (PP (IN about) (NP (PRP it)))) (, ,) (CC or) (VP (VBG getting) (NP (PRP$ their) (NN act)) (ADVP (RB together)) (NP-TMP (NP (QP (RB about) (CD six)) (NNS months)) (ADVP (RB ahead))) (S-PRP (NP-SBJ (-NONE- *)) (VP (TO to) (VP (VB get) (PP (IN in) (NP (NN touch))) (PP (IN with) (NP (NN everybody)))))) (, ,) (SBAR-PRP (IN because) (S (NP-SBJ (PRP they)) (VP (VBP 're) (ADVP (RB rather)) (ADJP-PRD (RB socially) (JJ active)) (ADVP (RB too)))))))))))) (. .) (-DFL- E_S))","71",NA,NA,"# because # they're rather socially active too. ","because/IN   they/PRP  're/VBP rather/RB socially/RB active/JJ too/RB ./."
"48","sw04utt/sw_0475_2761.utt","2/sw2761",2761,47,"b","B",32,1,"# Yeah.  # /","Yeah/UH ./.","(INTJ (UH Yeah) (. .) (-DFL- E_S))","76",112.145375,112.605125,"# Yeah.  # ","Yeah/UH ./."
"49","sw04utt/sw_0475_2761.utt","2/sw2761",2761,48,"sd","A",33,1,"# {C And # so } [ it has, + it seems ] by doing it about six months ahead, they can pretty much get everybody there.  /","And/CC so/RB  [ it/PRP ] has/VBZ ,/,  [ it/PRP ] seems/VBZ by/IN doing/VBG  [ it/PRP ] about/RB  [ six/CD months/NNS ] ahead/RB ,/,  [ they/PRP ] can/MD pretty/RB much/RB get/VB  [ everybody/NN ] there/RB ./.","(S (CONJP (CC And) (RB so)) (EDITED (RM (-DFL- \[)) (S (NP-SBJ (PRP it)) (VP-UNF (VBZ has))) (, ,) (IP (-DFL- \+))) (NP-SBJ (PRP it)) (VP (VBZ seems) (RS (-DFL- \])) (SBAR (-NONE- 0) (S (PP (IN by) (S-NOM (NP-SBJ (-NONE- *)) (VP (VBG doing) (NP (PRP it)) (ADVP-TMP (NP (QP (RB about) (CD six)) (NNS months)) (RB ahead))))) (, ,) (NP-SBJ (PRP they)) (VP (MD can) (ADVP (RB pretty) (RB much)) (VP (VB get) (NP (NN everybody)) (ADVP-LOC (RB there))))))) (. .) (-DFL- E_S))","78",112.233125,134.634125,"#  And # so   it has,  it seems  by doing it about six months ahead, they can pretty much get everybody there.  ","And/CC so/RB   it/PRP  has/VBZ ,/,   it/PRP  seems/VBZ by/IN doing/VBG   it/PRP  about/RB   six/CD months/NNS  ahead/RB ,/,   they/PRP  can/MD pretty/RB much/RB get/VB   everybody/NN  there/RB ./."
"50","sw04utt/sw_0475_2761.utt","2/sw2761",2761,49,"sd(^q)","A",33,2,"If they don't, {D you know, } they'll say, {F oh } we're planning to [ go + [ so and so that, + ] go  ] [ to, + to  ] a certain place that weekend with somebody else  /","If/IN  [ they/PRP ] do/VBP n't/RB ,/,  [ you/PRP ] know/VBP ,/,  [ they/PRP ] 'll/MD say/VB ,/, oh/UH  [ we/PRP ] 're/VBP planning/VBG to/TO go/VB so/RB and/CC so/RB  [ that/IN ] ,/, go/VB to/IN ,/, to/IN  [ a/DT certain/JJ place/NN ] [ that/DT weekend/NN ] with/IN  [ somebody/NN ] else/RB","(S (SBAR-ADV (IN If) (S (NP-SBJ (PRP they)) (VP (VBP do) (RB n't)))) (PRN (, ,) (S (NP-SBJ (PRP you)) (VP (VBP know))) (, ,)) (NP-SBJ (PRP they)) (VP (MD 'll) (VP (VB say) (, ,) (S-SEZ (INTJ (UH oh)) (NP-SBJ-1 (PRP we)) (VP (VBP 're) (VP (VBG planning) (S (NP-SBJ (-NONE- *-1)) (VP (TO to) (EDITED (RM (-DFL- \[)) (VP-UNF (VB go)) (IP (-DFL- \+))) (EDITED (RM (-DFL- \[)) (NP (RB so) (CC and) (RB so)) (NP-TMP-UNF (IN that)) (, ,) (IP (-DFL- \+)) (RS (-DFL- \]))) (VP (VB go) (RS (-DFL- \])) (EDITED (RM (-DFL- \[)) (PP-UNF (IN to)) (, ,) (IP (-DFL- \+))) (PP-DIR (IN to) (RS (-DFL- \])) (NP (DT a) (JJ certain) (NN place))) (NP-TMP (DT that) (NN weekend)) (PP (IN with) (NP (NP (NN somebody)) (ADVP (RB else)))))))))))) (-DFL- E_S))","79",112.233125,134.634125,"If they don't,  you know,  they'll say,  oh  we're planning to  go   so and so that,   go    to,  to   a certain place that weekend with somebody else  ","If/IN   they/PRP  do/VBP n't/RB ,/,   you/PRP  know/VBP ,/,   they/PRP  'll/MD say/VB ,/, oh/UH   we/PRP  're/VBP planning/VBG to/TO go/VB so/RB and/CC so/RB   that/IN  ,/, go/VB to/IN ,/, to/IN   a/DT certain/JJ place/NN   that/DT weekend/NN  with/IN   somebody/NN  else/RB"
"51","sw04utt/sw_0475_2761.utt","2/sw2761",2761,50,"^q","A",33,3,"{C and } we're already locked in  /","and/CC  [ we/PRP ] 're/VBP already/RB locked/JJ in/RP","(S (CC and) (NP-SBJ (PRP we)) (VP (VBP 're) (ADVP-TMP (RB already)) (ADJP-PRD (JJ locked) (RP in))) (-DFL- E_S))","80",112.233125,134.634125," and  we're already locked in  ","and/CC   we/PRP  're/VBP already/RB locked/JJ in/RP"
"52","sw04utt/sw_0475_2761.utt","2/sw2761",2761,51,"sd","A",33,4,"{C but } six months ahead has seemed to be okay for them. /","but/CC  [ six/CD months/NNS ] ahead/RB has/VBZ seemed/VBN to/TO be/VB okay/JJ for/IN  [ them/PRP ] ./.","(S (CC but) (NP-SBJ-1 (NP (CD six) (NNS months)) (ADVP (RB ahead))) (VP (VBZ has) (VP (VBN seemed) (S (NP-SBJ (-NONE- *-1)) (VP (TO to) (VP (VB be) (ADJP-PRD (JJ okay)) (PP (IN for) (NP (PRP them)))))))) (. .) (-DFL- E_S))","81",112.233125,134.634125," but  six months ahead has seemed to be okay for them. ","but/CC   six/CD months/NNS  ahead/RB has/VBZ seemed/VBN to/TO be/VB okay/JJ for/IN   them/PRP  ./."
"53","sw04utt/sw_0475_2761.utt","2/sw2761",2761,52,"b","B",34,1,"Uh-huh. /","[ Uh-huh/UH ] ./.","(INTJ (UH Uh-huh) (. .) (-DFL- E_S))","64",133.496375,133.83575,"Uhhuh. "," Uhhuh/UH  ./."
"54","sw04utt/sw_0475_2761.utt","2/sw2761",2761,53,"sd","A",35,1,"[ My family, + {F uh, } my parents ] are the youngest of very large families. /","[ My/PRP$ family/NN ] ,/,  [ uh/UH ] ,/,  [ my/PRP$ parents/NNS ] are/VBP  [ the/DT youngest/JJS ] of/IN  [ very/RB large/JJ families/NNS ] ./.","(S (EDITED (RM (-DFL- \[)) (NP-SBJ (PRP$ My) (NN family)) (, ,) (IP (-DFL- \+))) (INTJ (UH uh)) (, ,) (NP-SBJ (PRP$ my) (NNS parents)) (RS (-DFL- \])) (VP (VBP are) (NP-PRD (NP (DT the) (JJS youngest)) (PP (IN of) (NP (ADJP (RB very) (JJ large)) (NNS families))))) (. .) (-DFL- E_S))","85",135.361125,142.152375," My family,   uh,  my parents  are the youngest of very large families. "," My/PRP$ family/NN  ,/,   uh/UH  ,/,   my/PRP$ parents/NNS  are/VBP   the/DT youngest/JJS  of/IN   very/RB large/JJ families/NNS  ./."
"55","sw04utt/sw_0475_2761.utt","2/sw2761",2761,54,"b","B",36,1,"Oh. /","Oh/UH ./.","(INTJ (UH Oh) (. .) (-DFL- E_S))","87",141.988125,142.474125,"Oh. ","Oh/UH ./."
"56","sw04utt/sw_0475_2761.utt","2/sw2761",2761,55,"sd","A",37,1,"Therefore, they don't have many people left. /","Therefore/RB ,/,  [ they/PRP ] do/VBP n't/RB have/VB  [ many/JJ people/NNS ] left/VBN ./.","(S (ADVP (RB Therefore)) (, ,) (NP-SBJ (PRP they)) (VP (VBP do) (RB n't) (VP (VB have) (NP (NP (JJ many) (NNS people)) (VP (VBN left) (NP (-NONE- *)))))) (. .) (-DFL- E_S))","89",142.899375,145.700375,"Therefore, they don't have many people left. ","Therefore/RB ,/,   they/PRP  do/VBP n't/RB have/VB   many/JJ people/NNS  left/VBN ./."
"57","sw04utt/sw_0475_2761.utt","2/sw2761",2761,56,"b","B",38,1,"Yeah. /","Yeah/UH ./.","(INTJ (UH Yeah) (. .) (-DFL- E_S))","76",145.877875,146.389125,"Yeah. ","Yeah/UH ./."
"58","sw04utt/sw_0475_2761.utt","2/sw2761",2761,57,"sd","A",39,1,"{C And, }  {F uh, } the few previous ones I've had, {F uh, } - /","And/CC ,/,  [ uh/UH ] ,/,  [ the/DT few/JJ previous/JJ ones/NNS I/PRP ] 've/VBP had/VBN ,/,  [ uh/UH ] ,/,","(S-UNF (CC And) (, ,) (INTJ (UH uh)) (, ,) (NP-SBJ (NP (DT the) (JJ few) (JJ previous) (NNS ones)) (SBAR (WHNP-1 (-NONE- 0)) (S (NP-SBJ (PRP I)) (VP (VBP 've) (VP (VBN had) (NP (-NONE- *T*-1))))))) (, ,) (INTJ (UH uh)) (, ,) (-DFL- N_S))","93",146.587375,165.2485," And,    uh,  the few previous ones I've had,  uh,   ","And/CC ,/,   uh/UH  ,/,   the/DT few/JJ previous/JJ ones/NNS I/PRP  've/VBP had/VBN ,/,   uh/UH  ,/,"
"59","sw04utt/sw_0475_2761.utt","2/sw2761",2761,58,"sd","A",39,2,"I haven't known many of those people,  /","[ I/PRP ] have/VBP n't/RB known/VBN  [ many/JJ ] of/IN  [ those/DT people/NNS ] ,/,","(S (NP-SBJ (PRP I)) (VP (VBP have) (RB n't) (VP (VBN known) (NP (NP (JJ many)) (PP (IN of) (NP (DT those) (NNS people)))))) (, ,) (-DFL- E_S))","94",146.587375,165.2485,"I haven't known many of those people,  "," I/PRP  have/VBP n't/RB known/VBN   many/JJ  of/IN   those/DT people/NNS  ,/,"
"60","sw04utt/sw_0475_2761.utt","2/sw2761",2761,59,"sd","A",39,3,"{C but, }  {F uh, } in the last few years it really has just been our immediate family  /","but/CC ,/,  [ uh/UH ] ,/, in/IN  [ the/DT last/JJ few/JJ years/NNS ] [ it/PRP ] really/RB has/VBZ just/RB been/VBN  [ our/PRP$ immediate/JJ family/NN ]","(S (CC but) (, ,) (INTJ (UH uh)) (, ,) (PP-TMP (IN in) (NP (DT the) (JJ last) (JJ few) (NNS years))) (NP-SBJ (PRP it)) (ADVP (RB really)) (VP (VBZ has) (ADVP (RB just)) (VP (VBN been) (NP-PRD (PRP$ our) (JJ immediate) (NN family)))) (-DFL- E_S))","95",146.587375,165.2485," but,    uh,  in the last few years it really has just been our immediate family  ","but/CC ,/,   uh/UH  ,/, in/IN   the/DT last/JJ few/JJ years/NNS   it/PRP  really/RB has/VBZ just/RB been/VBN   our/PRP$ immediate/JJ family/NN "
"61","sw04utt/sw_0475_2761.utt","2/sw2761",2761,60,"sd","A",39,4,"{C and } that's been very nice,  /","and/CC  [ that/WDT ] 's/HVS been/VBN very/RB nice/JJ ,/,","(S (CC and) (NP-SBJ (WDT that)) (VP (HVS 's) (VP (VBN been) (ADJP-PRD (RB very) (JJ nice)))) (, ,) (-DFL- E_S))","96",146.587375,165.2485," and  that's been very nice,  ","and/CC   that/WDT  's/HVS been/VBN very/RB nice/JJ ,/,"
"62","sw04utt/sw_0475_2761.utt","2/sw2761",2761,61,"%","A",39,5,"with, {F uh, } - /","with/IN ,/,  [ uh/UH ] ,/,","(PP-UNF (IN with) (, ,) (INTJ (UH uh)) (, ,) (-DFL- N_S))","97",146.587375,165.2485,"with,  uh,   ","with/IN ,/,   uh/UH  ,/,"
"63","sw04utt/sw_0475_2761.utt","2/sw2761",2761,62,"sd","A",39,6,"I have one sister,","[ I/PRP ] have/VBP  [ one/CD sister/NN ] ,/,","(S (NP-SBJ (PRP I)) (VP (VBP have) (NP (NP (CD one) (NN sister)) (, ,) (CC and) (NP (CD three) (NNS brothers)))) (-DFL- E_S))","98",146.587375,165.2485,"I have one sister,"," I/PRP  have/VBP   one/CD sister/NN  ,/,"
"64","sw04utt/sw_0475_2761.utt","2/sw2761",2761,63,"b","B",40,1,"# Uh-huh.  # /","[ Uh-huh/UH ] ./.","(INTJ (UH Uh-huh) (. .) (-DFL- E_S))","68",163.799125,164.165625,"# Uhhuh.  # "," Uhhuh/UH  ./."
"65","sw04utt/sw_0475_2761.utt","2/sw2761",2761,64,"+","A",41,1,"# and # three brothers  /","and/CC  [ three/CD brothers/NNS ]","(S (NP-SBJ (PRP I)) (VP (VBP have) (NP (NP (CD one) (NN sister)) (, ,) (CC and) (NP (CD three) (NNS brothers)))) (-DFL- E_S))","98",166.035375,169.875375,"# and # three brothers  ","and/CC   three/CD brothers/NNS "
"66","sw04utt/sw_0475_2761.utt","2/sw2761",2761,65,"sd","A",41,2,"{C and } they're only three out of five of us who have children. /","and/CC  [ they/PRP ] 're/VBP only/RB  [ three/CD ] out/IN of/IN  [ five/CD ] of/IN  [ us/PRP ] [ who/WP ] have/VBP  [ children/NNS ] ./.","(S (CC and) (NP-SBJ (PRP they)) (VP (VBP 're) (NP-PRD (NP (QP (RB only) (CD three))) (PP (IN out) (PP (IN of) (NP (NP (CD five)) (PP (IN of) (NP (PRP us)))))) (SBAR (WHNP-1 (WP who)) (S (NP-SBJ (-NONE- *T*-1)) (VP (VBP have) (NP (NNS children))))))) (. .) (-DFL- E_S))","102",166.035375,169.875375," and  they're only three out of five of us who have children. ","and/CC   they/PRP  're/VBP only/RB   three/CD  out/IN of/IN   five/CD  of/IN   us/PRP   who/WP  have/VBP   children/NNS  ./."
"67","sw04utt/sw_0475_2761.utt","2/sw2761",2761,66,"b","B",42,1,"Oh. /","Oh/UH ./.","(INTJ (UH Oh) (. .) (-DFL- E_S))","87",170.215,170.669125,"Oh. ","Oh/UH ./."
"68","sw04utt/sw_0475_2761.utt","2/sw2761",2761,67,"sd","A",43,1,"{C So, } {F uh, } we get to spend a lot of quality time with each other. /","So/RB ,/,  [ uh/UH ] ,/,  [ we/PRP ] get/VBP to/TO spend/VB  [ a/DT lot/NN ] of/IN  [ quality/NN time/NN ] with/IN  [ each/DT other/JJ ] ./.","(S (RB So) (, ,) (INTJ (UH uh)) (, ,) (NP-SBJ-1 (PRP we)) (VP (VBP get) (S (NP-SBJ (-NONE- *-1)) (VP (TO to) (VP (VB spend) (NP (NP (DT a) (NN lot)) (PP (IN of) (NP (NP (NN quality) (NN time)) (PP (IN with) (NP (DT each) (JJ other)))))))))) (. .) (-DFL- E_S))","106",170.668375,175.435625," So,   uh,  we get to spend a lot of quality time with each other. ","So/RB ,/,   uh/UH  ,/,   we/PRP  get/VBP to/TO spend/VB   a/DT lot/NN  of/IN   quality/NN time/NN  with/IN   each/DT other/JJ  ./."
"69","sw04utt/sw_0475_2761.utt","2/sw2761",2761,68,"b","B",44,1,"# Yeah.  # /","Yeah/UH ./.","(INTJ (UH Yeah) (. .) (-DFL- E_S))","76",174.57375,175.19725,"# Yeah.  # ","Yeah/UH ./."
"70","sw04utt/sw_0475_2761.utt","2/sw2761",2761,69,"sd","A",45,1,"# {C And } # that's kind of nice because my husband's family reunions are so  large, /","And/CC  [ that/DT ] 's/BES  [ kind/RB ] of/RB  [ nice/JJ ] because/IN  [ my/PRP$ husband/NN 's/POS family/NN reunions/NNS ] are/VBP so/RB large/JJ ,/,","(S (CC And) (NP-SBJ (DT that)) (VP (BES 's) (ADJP-PRD (ADVP (RB kind) (RB of)) (JJ nice)) (SBAR-PRP (IN because) (S (NP-SBJ (NP (PRP$ my) (NN husband) (POS 's)) (NN family) (NNS reunions)) (VP (VBP are) (ADJP-PRD (RB so) (JJ large)))))) (, ,) (-DFL- E_S))","110",175.913875,181.49075,"#  And  # that's kind of nice because my husband's family reunions are so  large, ","And/CC   that/DT  's/BES   kind/RB  of/RB   nice/JJ  because/IN   my/PRP$ husband/NN 's/POS family/NN reunions/NNS  are/VBP so/RB large/JJ ,/,"
"71","sw04utt/sw_0475_2761.utt","2/sw2761",2761,70,"b","B",46,1,"# Uh-huh.  # /","[ Uh-huh/UH ] ./.","(INTJ (UH Uh-huh) (. .) (-DFL- E_S))","83",181.278125,181.585625,"# Uhhuh.  # "," Uhhuh/UH  ./."
"72","sw04utt/sw_0475_2761.utt","2/sw2761",2761,71,"sd","A",47,1,"# {C and } # they don't see each other very often,  /","and/CC  [ they/PRP ] do/VBP n't/RB see/VB  [ each/DT other/JJ ] very/RB often/RB ,/,","(S (CC and) (NP-SBJ (PRP they)) (VP (VBP do) (RB n't) (VP (VB see) (NP (DT each) (JJ other)) (ADVP-TMP (RB very) (RB often)))) (, ,) (-DFL- E_S))","114",181.9265,185.662875,"#  and  # they don't see each other very often,  ","and/CC   they/PRP  do/VBP n't/RB see/VB   each/DT other/JJ  very/RB often/RB ,/,"
"73","sw04utt/sw_0475_2761.utt","2/sw2761",2761,72,"sd","A",47,2,"we don't really know many of them. /","[ we/PRP ] do/VBP n't/RB really/RB know/VB  [ many/JJ ] of/IN  [ them/PRP ] ./.","(S (NP-SBJ (PRP we)) (VP (VBP do) (RB n't) (ADVP (RB really)) (VP (VB know) (NP (NP (JJ many)) (PP (IN of) (NP (PRP them)))))) (. .) (-DFL- E_S))","115",181.9265,185.662875,"we don't really know many of them. "," we/PRP  do/VBP n't/RB really/RB know/VB   many/JJ  of/IN   them/PRP  ./."
"74","sw04utt/sw_0475_2761.utt","2/sw2761",2761,73,"b","B",48,1,"Yeah,  /","Yeah/UH ,/,","(INTJ (UH Yeah) (, ,) (-DFL- E_S))","117",185.985625,187.7195,"Yeah,  ","Yeah/UH ,/,"
"75","sw04utt/sw_0475_2761.utt","2/sw2761",2761,74,"ba","B",48,2,"that's kind of bad. /","[ that/DT ] 's/BES  [ kind/RB ] of/RB  [ bad/JJ ] ./.","(S (NP-SBJ (DT that)) (VP (BES 's) (ADJP-PRD (ADVP (RB kind) (RB of)) (JJ bad))) (. .) (-DFL- E_S))","118",185.985625,187.7195,"that's kind of bad. "," that/DT  's/BES   kind/RB  of/RB   bad/JJ  ./."
"76","sw04utt/sw_0475_2761.utt","2/sw2761",2761,75,"aa","A",49,1,"It really is,  /","[ It/PRP ] really/RB is/VBZ ,/,","(S (NP-SBJ (PRP It)) (ADVP (RB really)) (VP (VBZ is) (ADJP-PRD (-NONE- *?*))) (, ,) (-DFL- E_S))","120",187.75925,190.622125,"It really is,  "," It/PRP  really/RB is/VBZ ,/,"
"77","sw04utt/sw_0475_2761.utt","2/sw2761",2761,76,"sd","A",49,2,"they're fun,  /","[ they/PRP ] 're/VBP fun/JJ ,/,","(S (NP-SBJ (PRP they)) (VP (VBP 're) (NP-PRD (JJ fun))) (, ,) (-DFL- E_S))","121",187.75925,190.622125,"they're fun,  "," they/PRP  're/VBP fun/JJ ,/,"
"78","sw04utt/sw_0475_2761.utt","2/sw2761",2761,77,"sd^r","A",49,3,"they're a lot of fun, /","[ they/PRP ] 're/VBP  [ a/DT lot/NN ] of/IN  [ fun/NN ] ,/,","(S (NP-SBJ (PRP they)) (VP (VBP 're) (NP-PRD (NP (DT a) (NN lot)) (PP (IN of) (NP (NN fun))))) (, ,) (-DFL- E_S))","122",187.75925,190.622125,"they're a lot of fun, "," they/PRP  're/VBP   a/DT lot/NN  of/IN   fun/NN  ,/,"
"79","sw04utt/sw_0475_2761.utt","2/sw2761",2761,78,"b","B",50,1,"# Yeah.  # /","Yeah/UH ./.","(INTJ (UH Yeah) (. .) (-DFL- E_S))","91",190.3185,190.816875,"# Yeah.  # ","Yeah/UH ./."
"80","sw04utt/sw_0475_2761.utt","2/sw2761",2761,79,"sd","A",51,1,"# {C but, }  # {F uh, } still, {F uh, } they're not done on a regular basis  /","but/CC ,/,  [ uh/UH ] ,/, still/RB ,/,  [ uh/UH ] ,/,  [ they/PRP ] 're/VBP not/RB done/VBN on/IN  [ a/DT regular/JJ basis/NN ]","(S (CC but) (, ,) (INTJ (UH uh)) (, ,) (ADVP (RB still)) (, ,) (INTJ (UH uh)) (, ,) (NP-SBJ-1 (PRP they)) (VP (VBP 're) (RB not) (VP (VBN done) (NP (-NONE- *-1)) (PP-TMP (IN on) (NP (DT a) (JJ regular) (NN basis))))) (-DFL- E_S))","126",190.949875,201.58,"#  but,   #  uh,  still,  uh,  they're not done on a regular basis  ","but/CC ,/,   uh/UH  ,/, still/RB ,/,   uh/UH  ,/,   they/PRP  're/VBP not/RB done/VBN on/IN   a/DT regular/JJ basis/NN "
"81","sw04utt/sw_0475_2761.utt","2/sw2761",2761,80,"sv","A",51,2,"{C and, }  {F uh, } you kind of forget what happened, <laughter>  and who they were from the time before. /","and/CC ,/,  [ uh/UH ] ,/,  [ you/PRP ] [ kind/RB ] of/RB forget/VBP  [ what/WP ] happened/VBD ,/, and/CC  [ who/WP ] [ they/PRP ] were/VBD from/IN  [ the/DT time/NN ] before/RB ./.","(S (CC and) (, ,) (INTJ (UH uh)) (, ,) (NP-SBJ (PRP you)) (ADVP (RB kind) (RB of)) (VP (VBP forget) (SBAR-NOM (SBAR (WHNP-1 (WP what)) (S (NP-SBJ (-NONE- *T*-1)) (VP (VBD happened)))) (, ,) (CC and) (SBAR (WHNP-2 (WP who)) (S (NP-SBJ (PRP they)) (VP (VBD were) (NP-PRD (-NONE- *T*-2)) (PP (IN from) (NP-TMP (NP (DT the) (NN time)) (ADVP-TMP (RB before))))))))) (. .) (-DFL- E_S))","127",190.949875,201.58," and,    uh,  you kind of forget what happened, laughter  and who they were from the time before. ","and/CC ,/,   uh/UH  ,/,   you/PRP   kind/RB  of/RB forget/VBP   what/WP  happened/VBD ,/, and/CC   who/WP   they/PRP  were/VBD from/IN   the/DT time/NN  before/RB ./."
"82","sw04utt/sw_0475_2761.utt","2/sw2761",2761,81,"aa","B",52,1,"Yeah,  /","Yeah/UH ,/,","(INTJ (UH Yeah) (, ,) (-DFL- E_S))","117",199.759375,213.07675,"Yeah,  ","Yeah/UH ,/,"
"83","sw04utt/sw_0475_2761.utt","2/sw2761",2761,82,"sv","B",52,2,"[ it's, + it's ] fun getting together with immediate family.  /","[ it/PRP ] 's/BES ,/,  [ it/PRP ] 's/BES  [ fun/JJ ] getting/VBG together/RB with/IN  [ immediate/JJ family/NN ] ./.","(S (EDITED (RM (-DFL- \[)) (S (NP-SBJ (PRP it)) (VP-UNF (BES 's))) (, ,) (IP (-DFL- \+))) (NP-SBJ (NP (PRP it)) (S (-NONE- *EXP*-1))) (VP (BES 's) (RS (-DFL- \])) (NP-PRD (JJ fun)) (S-1 (NP-SBJ (-NONE- *)) (VP (VBG getting) (ADVP (RB together)) (PP (IN with) (NP (JJ immediate) (NN family)))))) (. .) (-DFL- E_S))","130",199.759375,213.07675," it's,  it's  fun getting together with immediate family.  "," it/PRP  's/BES ,/,   it/PRP  's/BES   fun/JJ  getting/VBG together/RB with/IN   immediate/JJ family/NN  ./."
"84","sw04utt/sw_0475_2761.utt","2/sw2761",2761,83,"sd","B",52,3,"A lot of my cousins are real close  /","[ A/DT lot/NN ] of/IN  [ my/PRP$ cousins/NNS ] are/VBP real/RB close/JJ","(S (NP-SBJ (NP (DT A) (NN lot)) (PP (IN of) (NP (PRP$ my) (NNS cousins)))) (VP (VBP are) (ADJP-PRD (RB real) (JJ close))) (-DFL- E_S))","131",199.759375,213.07675,"A lot of my cousins are real close  "," A/DT lot/NN  of/IN   my/PRP$ cousins/NNS  are/VBP real/RB close/JJ"
"85","sw04utt/sw_0475_2761.utt","2/sw2761",2761,84,"sd","B",52,4,"{C and } we always get together during holidays and weddings and stuff like that,  /","and/CC  [ we/PRP ] always/RB get/VBP together/RB during/IN  [ holidays/NNS ] and/CC  [ weddings/NNS ] and/CC stuff/NN like/IN  [ that/DT ] ,/,","(S (CC and) (NP-SBJ (PRP we)) (ADVP-TMP (RB always)) (VP (VBP get) (ADVP (RB together)) (PP-TMP (IN during) (NP (NP (NNS holidays) (CC and) (NNS weddings)) (CC and) (NP (NP (NN stuff)) (PP (IN like) (NP (DT that))))))) (, ,) (-DFL- E_S))","132",199.759375,213.07675," and  we always get together during holidays and weddings and stuff like that,  ","and/CC   we/PRP  always/RB get/VBP together/RB during/IN   holidays/NNS  and/CC   weddings/NNS  and/CC stuff/NN like/IN   that/DT  ,/,"
"86","sw04utt/sw_0475_2761.utt","2/sw2761",2761,85,"%","B",52,5,"{C so. } -/","so/RB ./.","(S-UNF (RB so) (. .) (-DFL- N_S))","133",199.759375,213.07675," so.  ","so/RB ./."
"87","sw04utt/sw_0475_2761.utt","2/sw2761",2761,86,"qy","A",53,1,"{F Uh, } those are the ones that are in Texas? /","[ Uh/UH ] ,/,  [ those/DT ] are/VBP  [ the/DT ones/NNS ] [ that/WDT ] are/VBP in/IN  [ Texas/NNP ] ?/.","(S (INTJ (UH Uh)) (, ,) (NP-SBJ (DT those)) (VP (VBP are) (NP-PRD (NP (DT the) (NNS ones)) (SBAR (WHNP-1 (WDT that)) (S (NP-SBJ (-NONE- *T*-1)) (VP (VBP are) (PP-LOC-PRD (IN in) (NP (NNP Texas)))))))) (. ?) (-DFL- E_S))","135",212.759375,215.598625," Uh,  those are the ones that are in Texas? "," Uh/UH  ,/,   those/DT  are/VBP   the/DT ones/NNS   that/WDT  are/VBP in/IN   Texas/NNP  ?/."
"88","sw04utt/sw_0475_2761.utt","2/sw2761",2761,87,"nn","B",54,1,"# {F Uh, } no, # /","[ Uh/UH ] ,/, no/UH ,/,","(INTJ (INTJ (UH Uh)) (, ,) (INTJ (UH no)) (, ,) (-DFL- E_S))","137",215.94725,216.936875,"#  Uh,  no, # "," Uh/UH  ,/, no/UH ,/,"
"89","sw04utt/sw_0475_2761.utt","2/sw2761",2761,88,"qrr","A",55,1,"# {C Or } you # go to Indiana on that? /","Or/CC  [ you/PRP ] go/VBP to/IN  [ Indiana/NNP ] on/IN  [ that/DT ] ?/.","(S (CC Or) (NP-SBJ (PRP you)) (VP (VBP go) (PP-DIR (IN to) (NP (NNP Indiana))) (X (PP (IN on) (NP (DT that))))) (. ?) (-DFL- E_S))","139",216.47,217.68,"#  Or  you # go to Indiana on that? ","Or/CC   you/PRP  go/VBP to/IN   Indiana/NNP  on/IN   that/DT  ?/."
"90","sw04utt/sw_0475_2761.utt","2/sw2761",2761,89,"na","B",56,1,"the ones in Indiana,  /","[ the/DT ones/NNS ] in/IN  [ Indiana/NNP ] ,/,","(NP (NP (DT the) (NNS ones)) (PP-LOC (IN in) (NP (NNP Indiana))) (, ,) (-DFL- E_S))","141",217.2985,218.76525,"the ones in Indiana,  "," the/DT ones/NNS  in/IN   Indiana/NNP  ,/,"
"91","sw04utt/sw_0475_2761.utt","2/sw2761",2761,90,"ny","B",56,2,"uh-huh. /","[ uh-huh/UH ] ./.","(INTJ (UH uh-huh) (. .) (-DFL- E_S))","142",217.2985,218.76525,"uhhuh. "," uhhuh/UH  ./."
"92","sw04utt/sw_0475_2761.utt","2/sw2761",2761,91,"b^m","A",57,1,"Uh-huh,  /","[ Uh-huh/UH ] ,/,","(INTJ (UH Uh-huh) (, ,) (-DFL- E_S))","144",218.454875,219.794875,"Uhhuh,  "," Uhhuh/UH  ,/,"
"93","sw04utt/sw_0475_2761.utt","2/sw2761",2761,92,"qw","A",57,2,"where in Indiana? /","where/WRB in/IN  [ Indiana/NNP ] ?/.","(FRAG (WHADVP (WRB where)) (PP-LOC (IN in) (NP (NNP Indiana))) (. ?) (-DFL- E_S))","145",218.454875,219.794875,"where in Indiana? ","where/WRB in/IN   Indiana/NNP  ?/."
"94","sw04utt/sw_0475_2761.utt","2/sw2761",2761,93,"sd","B",58,1,"Lafayette. /","[ Lafayette/NNP ] ./.","(NP (NNP Lafayette) (. .) (-DFL- E_S))","147",220.391875,221.15625,"Lafayette. "," Lafayette/NNP  ./."
"95","sw04utt/sw_0475_2761.utt","2/sw2761",2761,94,"qw^d","A",59,1,"Lafayette,  I don't know where,  /","[ Lafayette/NNP ] ,/,  [ I/PRP ] do/VBP n't/RB know/VB where/WRB ,/,","(NP (NNP Lafayette) (, ,))|||(S (NP-SBJ (PRP I)) (VP (VBP do) (RB n't) (VP (VB know) (ADVP (WRB where)))) (, ,) (-DFL- E_S))","149|||150",221.451375,224.236375,"Lafayette,  I don't know where,  "," Lafayette/NNP  ,/,   I/PRP  do/VBP n't/RB know/VB where/WRB ,/,"
"96","sw04utt/sw_0475_2761.utt","2/sw2761",2761,95,"sd","A",59,2,"I used to live in Indianapolis. /","[ I/PRP ] used/VBD to/TO live/VB in/IN  [ Indianapolis/NNP ] ./.","(S (NP-SBJ-1 (PRP I)) (VP (VBD used) (S (NP-SBJ (-NONE- *-1)) (VP (TO to) (VP (VB live) (PP-LOC (IN in) (NP (NNP Indianapolis))))))) (. .) (-DFL- E_S))","151",221.451375,224.236375,"I used to live in Indianapolis. "," I/PRP  used/VBD to/TO live/VB in/IN   Indianapolis/NNP  ./."
"97","sw04utt/sw_0475_2761.utt","2/sw2761",2761,96,"b","B",60,1,"Yeah,  /","Yeah/UH ,/,","(INTJ (UH Yeah) (, ,) (-DFL- E_S))","117",224.4715,227.02425,"Yeah,  ","Yeah/UH ,/,"
"98","sw04utt/sw_0475_2761.utt","2/sw2761",2761,97,"sd","B",60,2,"it's a little north of Indianapolis, about an hour. /","[ it/PRP ] 's/BES  [ a/DT little/JJ north/RB ] of/IN  [ Indianapolis/NNP ] ,/, about/RB  [ an/DT hour/NN ] ./.","(S (NP-SBJ (PRP it)) (VP (BES 's) (ADVP-PRD-LOC (NP (NP (DT a) (JJ little)) (NP (-NONE- *ICH*-1))) (RB north) (PP (IN of) (NP (NNP Indianapolis)))) (, ,) (NP-1 (QP (RB about) (DT an)) (NN hour))) (. .) (-DFL- E_S))","154",224.4715,227.02425,"it's a little north of Indianapolis, about an hour. "," it/PRP  's/BES   a/DT little/JJ north/RB  of/IN   Indianapolis/NNP  ,/, about/RB   an/DT hour/NN  ./."
"99","sw04utt/sw_0475_2761.utt","2/sw2761",2761,98,"b","A",61,1,"Yeah,  /","Yeah/UH ,/,","(INTJ (UH Yeah) (, ,) (-DFL- E_S))","129",227.19175,231.17175,"Yeah,  ","Yeah/UH ,/,"
"100","sw04utt/sw_0475_2761.utt","2/sw2761",2761,99,"b^r","A",61,2,"yeah,  /","yeah/UH ,/,","(INTJ (UH yeah) (, ,) (-DFL- E_S))","157",227.19175,231.17175,"yeah,  ","yeah/UH ,/,"
"101","sw04utt/sw_0475_2761.utt","2/sw2761",2761,100,"sv","A",61,3,"it's very pretty country in there I think,  /","[ it/PRP ] 's/BES  [ very/RB pretty/JJ country/NN ] in/IN there/RB  [ I/PRP ] think/VBP ,/,","(S (S-TPC-1 (NP-SBJ (PRP it)) (VP (BES 's) (NP-PRD (ADJP (RB very) (JJ pretty)) (NN country)) (PP-LOC (IN in) (ADVP (RB there))))) (NP-SBJ (PRP I)) (VP (VBP think) (SBAR (-NONE- 0) (S (-NONE- *T*-1)))) (, ,) (-DFL- E_S))","158",227.19175,231.17175,"it's very pretty country in there I think,  "," it/PRP  's/BES   very/RB pretty/JJ country/NN  in/IN there/RB   I/PRP  think/VBP ,/,"
"102","sw04utt/sw_0475_2761.utt","2/sw2761",2761,101,"sv","A",61,4,"it's gorgeous. /","[ it/PRP ] 's/BES gorgeous/JJ ./.","(S (NP-SBJ (PRP it)) (VP (BES 's) (ADJP-PRD (JJ gorgeous))) (. .) (-DFL- E_S))","159",227.19175,231.17175,"it's gorgeous. "," it/PRP  's/BES gorgeous/JJ ./."
"103","sw04utt/sw_0475_2761.utt","2/sw2761",2761,102,"aa","B",62,1,"Uh-huh,  /","[ Uh-huh/UH ] ,/,","(INTJ (UH Uh-huh) (, ,) (-DFL- E_S))","144",229.95325,232.3025,"Uhhuh,  "," Uhhuh/UH  ,/,"
"104","sw04utt/sw_0475_2761.utt","2/sw2761",2761,103,"%","B",62,2,"{C so. } -/","so/UH ./.","(S-UNF (RB so) (. .) (-DFL- N_S))","133",229.95325,232.3025," so.  ","so/UH ./."
"105","sw04utt/sw_0475_2761.utt","2/sw2761",2761,104,"%","A",63,1,"{D Well } I, - /","Well/UH  [ I/PRP ] ,/,","(S-UNF (INTJ (UH Well)) (NP-SBJ (PRP I)) (, ,) (-DFL- N_S))","164",231.869375,236.312875," Well  I,  ","Well/UH   I/PRP  ,/,"
"106","sw04utt/sw_0475_2761.utt","2/sw2761",2761,105,"qw","A",63,2,"{F uh, } when is your next one, {F uh, } scheduled now. /","[ uh/UH ] ,/, when/WRB is/VBZ your/PRP$ next/JJ  [ one/NN ] ,/,  [ uh/UH ] ,/, scheduled/VBN now/RB ./.","(SBARQ (INTJ (UH uh)) (, ,) (WHADVP-1 (WRB when)) (SQ (VBZ is) (NP-SBJ (PRP$ your) (JJ next) (NN one)) (, ,) (INTJ (UH uh)) (, ,) (VP (VBN scheduled) (ADVP-TMP (RB now)) (ADVP-TMP (-NONE- *T*-1)))) (. .) (-DFL- E_S))","165",231.869375,236.312875," uh,  when is your next one,  uh,  scheduled now. "," uh/UH  ,/, when/WRB is/VBZ your/PRP$ next/JJ   one/NN  ,/,   uh/UH  ,/, scheduled/VBN now/RB ./."
"107","sw04utt/sw_0475_2761.utt","2/sw2761",2761,106,"sd","B",64,1,"<Laughter> {D Well } it's like, the last one was my high school graduation  /","Well/UH  [ it/PRP ] 's/BES like/UH ,/,  [ the/DT last/JJ one/NN ] was/VBD  [ my/PRP$ high/JJ school/NN graduation/NN ]","(S (INTJ (UH Well)) (NP-SBJ (PRP it)) (VP (BES 's) (SBAR-PRD (UH like) (, ,) (S (NP-SBJ (DT the) (JJ last) (NN one)) (VP (VBD was) (NP-PRD (PRP$ my) (JJ high) (NN school) (NN graduation)))))) (-DFL- E_S))","167",236.992875,245.914375,"Laughter  Well  it's like, the last one was my high school graduation  ","Well/UH   it/PRP  's/BES like/UH ,/,   the/DT last/JJ one/NN  was/VBD   my/PRP$ high/JJ school/NN graduation/NN "
"108","sw04utt/sw_0475_2761.utt","2/sw2761",2761,107,"sd","B",64,2,"the next one was when I graduated from college,  /","[ the/DT next/JJ one/NN ] was/VBD when/WRB  [ I/PRP ] graduated/VBD from/IN  [ college/NN ] ,/,","(S (NP-SBJ (DT the) (JJ next) (NN one)) (VP (VBD was) (SBAR-TMP-PRD (WHADVP-1 (WRB when)) (S (NP-SBJ (PRP I)) (VP (VBD graduated) (PP (IN from) (NP (NN college))) (ADVP-TMP (-NONE- *T*-1)))))) (, ,) (-DFL- E_S))","168",236.992875,245.914375,"the next one was when I graduated from college,  "," the/DT next/JJ one/NN  was/VBD when/WRB   I/PRP  graduated/VBD from/IN   college/NN  ,/,"
"109","sw04utt/sw_0475_2761.utt","2/sw2761",2761,108,"sd","B",64,3,"{C so } I guess about two more years. /","so/RB  [ I/PRP ] guess/VBP about/RB  [ two/CD more/JJR years/NNS ] ./.","(S (RB so) (NP-SBJ (PRP I)) (VP (VBP guess) (FRAG (NP (ADJP (QP (RB about) (CD two)) (JJR more)) (NNS years)))) (. .) (-DFL- E_S))","169",236.992875,245.914375," so  I guess about two more years. ","so/RB   I/PRP  guess/VBP about/RB   two/CD more/JJR years/NNS  ./."
"110","sw04utt/sw_0475_2761.utt","2/sw2761",2761,109,"b","A",65,1,"Yes, {D well, }  /","Yes/UH ,/, well/UH ,/,","(INTJ (INTJ (UH Yes)) (, ,) (INTJ (UH well)) (, ,) (-DFL- E_S))","171",245.793875,249.557875,"Yes,  well,   ","Yes/UH ,/, well/UH ,/,"
"111","sw04utt/sw_0475_2761.utt","2/sw2761",2761,110,"qy","A",65,2,"{C and } do you think you'll have a baby to take back with you <laughter>. /","and/CC do/VBP  [ you/PRP ] think/VB  [ you/PRP ] 'll/MD have/VB  [ a/DT baby/NN ] to/TO take/VB back/RB with/IN  [ you/PRP ] ./.","(SQ (CC and) (VBP do) (NP-SBJ (PRP you)) (VP (VB think) (SBAR (-NONE- 0) (S (NP-SBJ (PRP you)) (VP (MD 'll) (VP (VB have) (NP (NP (DT a) (NN baby)) (SBAR (WHNP-1 (-NONE- 0)) (S (NP-SBJ (-NONE- *)) (VP (TO to) (VP (VB take) (NP (-NONE- *T*-1)) (ADVP-DIR (RB back)) (PP (IN with) (NP (PRP you))))))))))))) (. .) (-DFL- E_S))","172",245.793875,249.557875," and  do you think you'll have a baby to take back with you laughter. ","and/CC do/VBP   you/PRP  think/VB   you/PRP  'll/MD have/VB   a/DT baby/NN  to/TO take/VB back/RB with/IN   you/PRP  ./."
"112","sw04utt/sw_0475_2761.utt","2/sw2761",2761,111,"no","B",66,1,"<Laughter>  {F Uh, } maybe,  /","[ Uh/UH ] ,/, maybe/RB ,/,","(FRAG (INTJ (UH Uh)) (, ,) (ADVP (RB maybe)) (, ,) (-DFL- E_S))","174",250.702125,253.04325,"Laughter   Uh,  maybe,  "," Uh/UH  ,/, maybe/RB ,/,"
"113","sw04utt/sw_0475_2761.utt","2/sw2761",2761,112,"no","B",66,2,"I don't know, /","[ I/PRP ] do/VBP n't/RB know/VB ,/,","(S (NP-SBJ (PRP I)) (VP (VBP do) (RB n't) (VP (VB know))) (, ,) (-DFL- E_S))","175",250.702125,253.04325,"I don't know, "," I/PRP  do/VBP n't/RB know/VB ,/,"
"114","sw04utt/sw_0475_2761.utt","2/sw2761",2761,113,"b^m","A",67,1,"# Maybe <laughter>.  # /","Maybe/RB ./.","(ADVP (RB Maybe) (. .) (-DFL- E_S))","177",252.339,252.976625,"# Maybe laughter.  # ","Maybe/RB ./."
"115","sw04utt/sw_0475_2761.utt","2/sw2761",2761,114,"sd","B",68,1,"# two more # years,  /","[ two/CD more/JJR years/NNS ] ,/,","(NP (ADJP (CD two) (JJR more)) (NNS years) (, ,) (-DFL- E_S))","179",253.284375,255.25125,"# two more # years,  "," two/CD more/JJR years/NNS  ,/,"
"116","sw04utt/sw_0475_2761.utt","2/sw2761",2761,115,"no","B",68,2,"I don't know,  /","[ I/PRP ] do/VBP n't/RB know/VB ,/,","(S (NP-SBJ (PRP I)) (VP (VBP do) (RB n't) (VP (VB know))) (, ,) (-DFL- E_S))","175",253.284375,255.25125,"I don't know,  "," I/PRP  do/VBP n't/RB know/VB ,/,"
"117","sw04utt/sw_0475_2761.utt","2/sw2761",2761,116,"na","B",68,3,"probably. /","probably/RB ./.","(ADVP (RB probably) (. .) (-DFL- E_S))","181",253.284375,255.25125,"probably. ","probably/RB ./."
"118","sw04utt/sw_0475_2761.utt","2/sw2761",2761,117,"sv","A",69,1,"{E I mean } you need another milestone, {D you know. } /","[ I/PRP ] mean/VBP  [ you/PRP ] need/VBP  [ another/DT milestone/NN ] ,/,  [ you/PRP ] know/VBP ./.","(S (PRN (S (NP-SBJ (PRP I)) (VP (VBP mean)))) (NP-SBJ (PRP you)) (VP (VBP need) (NP (DT another) (NN milestone)) (PRN (, ,) (S (NP-SBJ (PRP you)) (VP (VBP know))))) (. .) (-DFL- E_S))","183",255.4745,257.494875," I mean  you need another milestone,  you know.  "," I/PRP  mean/VBP   you/PRP  need/VBP   another/DT milestone/NN  ,/,   you/PRP  know/VBP ./."
"119","sw04utt/sw_0475_2761.utt","2/sw2761",2761,118,"aa","B",70,1,"Yeah,  /","[ Yeah/UH ] ,/,","(INTJ (UH Yeah) (, ,) (-DFL- E_S))","153",257.53425,265.342625,"Yeah,  "," Yeah/UH  ,/,"
"120","sw04utt/sw_0475_2761.utt","2/sw2761",2761,119,"%","B",70,2,"I guess [ that's, + that's ] what, - /","[ I/PRP ] guess/VBP  [ that/DT ] 's/BES ,/,  [ that/DT ] 's/BES  [ what/WP ] ,/,","(S (NP-SBJ (PRP I)) (VP (VBP guess) (SBAR (-NONE- 0) (S (EDITED (RM (-DFL- \[)) (S (NP-SBJ (DT that)) (VP-UNF (BES 's))) (, ,) (IP (-DFL- \+))) (NP-SBJ (DT that)) (VP (BES 's) (RS (-DFL- \])) (SBAR-NOM-PRD-UNF (WHNP (WP what))))))) (, ,) (-DFL- N_S))","186",257.53425,265.342625,"I guess  that's,  that's  what,  "," I/PRP  guess/VBP   that/DT  's/BES ,/,   that/DT  's/BES   what/WP  ,/,"
"121","sw04utt/sw_0475_2761.utt","2/sw2761",2761,120,"sd","B",70,3,"{E I mean } I've been married now for about nine months  /","[ I/PRP ] mean/VBP  [ I/PRP ] 've/VBP been/VBN married/JJ now/RB for/IN about/RB  [ nine/CD months/NNS ]","(S (PRN (S (NP-SBJ (PRP I)) (VP (VBP mean)))) (NP-SBJ (PRP I)) (VP (VBP 've) (VP (VBN been) (ADJP-PRD (JJ married)) (ADVP-TMP (RB now)) (PP-TMP (IN for) (NP (QP (RB about) (CD nine)) (NNS months))))) (-DFL- E_S))","187",257.53425,265.342625," I mean  I've been married now for about nine months  "," I/PRP  mean/VBP   I/PRP  've/VBP been/VBN married/JJ now/RB for/IN about/RB   nine/CD months/NNS "
"122","sw04utt/sw_0475_2761.utt","2/sw2761",2761,121,"sv","B",70,4,"{C so } that was another milestone, I guess <throat_clearing>. /","so/IN  [ that/DT ] was/VBD  [ another/DT milestone/NN ] ,/,  [ I/PRP ] guess/VBP ./.","(S (S-TPC-1 (RB so) (NP-SBJ (DT that)) (VP (VBD was) (NP-PRD (DT another) (NN milestone)))) (, ,) (NP-SBJ (PRP I)) (VP (VBP guess) (SBAR (-NONE- 0) (S (-NONE- *T*-1)))) (. .) (-DFL- E_S))","188",257.53425,265.342625," so  that was another milestone, I guess throat_clearing. ","so/IN   that/DT  was/VBD   another/DT milestone/NN  ,/,   I/PRP  guess/VBP ./."
"123","sw04utt/sw_0475_2761.utt","2/sw2761",2761,122,"aa","A",71,1,"Yes,  /","Yes/UH ,/,","(INTJ (UH Yes) (, ,) (-DFL- E_S))","190",265.32725,270.8585,"Yes,  ","Yes/UH ,/,"
"124","sw04utt/sw_0475_2761.utt","2/sw2761",2761,123,"aa","A",71,2,"{D well } I'm sure,  /","well/UH  [ I/PRP ] 'm/VBP sure/JJ ,/,","(S (INTJ (UH well)) (NP-SBJ (PRP I)) (VP (VBP 'm) (ADJP-PRD (JJ sure))) (, ,) (-DFL- E_S))","191",265.32725,270.8585," well  I'm sure,  ","well/UH   I/PRP  'm/VBP sure/JJ ,/,"
"125","sw04utt/sw_0475_2761.utt","2/sw2761",2761,124,"qy^d","A",71,3,"{C and } [ ha-, + then all of your family probably has ] not met your husband. /","and/CC  [ ha/VBZ ] ,/, then/RB  [ all/DT ] of/IN  [ your/PRP$ family/NN ] probably/RB has/VBZ not/RB met/VBN  [ your/PRP$ husband/NN ] ./.","(S (CC and) (EDITED (RM (-DFL- \[)) (VP-UNF (VBZ ha-)) (, ,) (IP (-DFL- \+))) (ADVP (RB then)) (NP-SBJ (NP (DT all)) (PP (IN of) (NP (PRP$ your) (NN family)))) (ADVP (RB probably)) (VP (VBZ has) (RS (-DFL- \])) (RB not) (VP (VBN met) (NP (PRP$ your) (NN husband)))) (. .) (-DFL- E_S))","192",265.32725,270.8585," and   ha,  then all of your family probably has  not met your husband. ","and/CC   ha/VBZ  ,/, then/RB   all/DT  of/IN   your/PRP$ family/NN  probably/RB has/VBZ not/RB met/VBN   your/PRP$ husband/NN  ./."
"126","sw04utt/sw_0475_2761.utt","2/sw2761",2761,125,"b","B",72,1,"{F Um, } yeah,  /","Um/UH ,/, yeah/UH ,/,","(INTJ (INTJ (UH Um)) (, ,) (INTJ (UH yeah)) (, ,) (-DFL- E_S))","194",271.650875,273.988375," Um,  yeah,  ","Um/UH ,/, yeah/UH ,/,"
"127","sw04utt/sw_0475_2761.utt","2/sw2761",2761,126,"^h","B",72,2,"he's from Indiana, /","[ he/PRP ] 's/BES from/IN  [ Indiana/NNP ] ,/,","(S (NP-SBJ (PRP he)) (VP (BES 's) (PP-PRD (IN from) (NP (NNP Indiana)))) (, ,) (-DFL- E_S))","195",271.650875,273.988375,"he's from Indiana, "," he/PRP  's/BES from/IN   Indiana/NNP  ,/,"
"128","sw04utt/sw_0475_2761.utt","2/sw2761",2761,127,"bh","A",73,1,"# {F Oh, } is he?  # /","Oh/UH ,/, is/VBZ  [ he/PRP ] ?/.","(SQ (INTJ (UH Oh)) (, ,) (VBZ is) (NP-SBJ (PRP he)) (PP-PRD (-NONE- *?*)) (. ?) (-DFL- E_S))","197",273.97425,274.44425,"#  Oh,  is he?  # ","Oh/UH ,/, is/VBZ   he/PRP  ?/."
"129","sw04utt/sw_0475_2761.utt","2/sw2761",2761,128,"sd","B",74,1,"# {C so } they all # met,  /","so/RB  [ they/PRP ] [ all/DT ] met/VBD ,/,","(S (RB so) (NP-SBJ (NP (PRP they)) (NP (DT all))) (VP (VBD met)) (, ,) (-DFL- E_S))","199",274.252,276.46175,"#  so  they all # met,  ","so/RB   they/PRP   all/DT  met/VBD ,/,"
"130","sw04utt/sw_0475_2761.utt","2/sw2761",2761,129,"%","B",74,2,"yeah. /","yeah/UH ./.","(INTJ (UH yeah) (. .) (-DFL- E_S))","200",274.252,276.46175,"yeah. ","yeah/UH ./."
"131","sw04utt/sw_0475_2761.utt","2/sw2761",2761,130,"qy^d","A",75,1,"[ {C And, } + {C and } ] [ he's living, + your both living ] in Sherman. /","And/CC ,/, and/CC  [ he/PRP ] 's/BES living/VBG ,/,  [ you/PRP 're/VBP ] [ both/DT ] living/VBG in/IN  [ Sherman/NNP ] ./.","(S (EDITED (RM (-DFL- \[)) (CC And) (, ,) (IP (-DFL- \+))) (CC and) (RS (-DFL- \])) (EDITED (RM (-DFL- \[)) (S (NP-SBJ (PRP he)) (VP (BES 's) (VP-UNF (VBG living)))) (, ,) (IP (-DFL- \+))) (NP-SBJ (PRP you)) (VP (VBP 're) (DT both) (VP (VBG living) (RS (-DFL- \])) (PP-LOC (IN in) (NP (NNP Sherman))))) (. .) (-DFL- E_S))","202",276.187125,278.850875,"  And,    and    he's living,  your both living  in Sherman. ","And/CC ,/, and/CC   he/PRP  's/BES living/VBG ,/,   you/PRP 're/VBP   both/DT  living/VBG in/IN   Sherman/NNP  ./."
"132","sw04utt/sw_0475_2761.utt","2/sw2761",2761,131,"ny","B",76,1,"Yeah. /","Yeah/UH ./.","(INTJ (UH Yeah) (. .) (-DFL- E_S))","204",279.11275,279.4625,"Yeah. ","Yeah/UH ./."
"133","sw04utt/sw_0475_2761.utt","2/sw2761",2761,132,"qy","A",77,1,"Do you work to T I? /","Do/VBP  [ you/PRP ] work/VB to/IN  [ T/NNP I/NNP ] ?/.","(SQ (VBP Do) (NP-SBJ (PRP you)) (VP (VB work) (PP (IN to) (NP (NNP T) (NNP I)))) (. ?) (-DFL- E_S))","206",279.54,280.969,"Do you work to T I? ","Do/VBP   you/PRP  work/VB to/IN   T/NNP I/NNP  ?/."
"134","sw04utt/sw_0475_2761.utt","2/sw2761",2761,133,"ny","B",78,1,"Uh-huh. /","[ Uh-huh/UH ] ./.","(INTJ (UH Uh-huh) (. .) (-DFL- E_S))","208",280.95975,281.26975,"Uhhuh. "," Uhhuh/UH  ./."
"135","sw04utt/sw_0475_2761.utt","2/sw2761",2761,134,"b^m","A",79,1,"Uh-huh,  /","[ Uh-huh/UH ] ,/,","(INTJ (UH Uh-huh) (, ,) (-DFL- E_S))","210",281.36825,282.245125,"Uhhuh,  "," Uhhuh/UH  ,/,"
"136","sw04utt/sw_0475_2761.utt","2/sw2761",2761,135,"qy","A",79,2,"{C and } does he? /","and/CC does/VBZ  [ he/PRP ] ?/.","(SQ (CC and) (VBZ does) (NP-SBJ (PRP he)) (VP (-NONE- *?*)) (. ?) (-DFL- E_S))","211",281.36825,282.245125," and  does he? ","and/CC does/VBZ   he/PRP  ?/."
"137","sw04utt/sw_0475_2761.utt","2/sw2761",2761,136,"nn","B",80,1,"No,  /","No/UH ,/,","(INTJ (UH No) (, ,) (-DFL- E_S))","213",282.7875,286.623375,"No,  ","No/UH ,/,"
"138","sw04utt/sw_0475_2761.utt","2/sw2761",2761,137,"sd^e","B",80,2,"he's trying to get in med school,  /","[ he/PRP ] 's/BES trying/VBG to/TO get/VB in/IN  [ med/NN school/NN ] ,/,","(S (NP-SBJ-1 (PRP he)) (VP (BES 's) (VP (VBG trying) (S (NP-SBJ (-NONE- *-1)) (VP (TO to) (VP (VB get) (PP (IN in) (NP (NN med) (NN school)))))))) (, ,) (-DFL- E_S))","214",282.7875,286.623375,"he's trying to get in med school,  "," he/PRP  's/BES trying/VBG to/TO get/VB in/IN   med/NN school/NN  ,/,"
"139","sw04utt/sw_0475_2761.utt","2/sw2761",2761,138,"%","B",80,3,"{C so. } -/","so/RB ./.","(S-UNF (RB so) (. .) (-DFL- N_S))","215",282.7875,286.623375," so.  ","so/RB ./."
"140","sw04utt/sw_0475_2761.utt","2/sw2761",2761,139,"b","A",81,1,"Uh-huh,  /","[ Uh-huh/UH ] ,/,","(INTJ (UH Uh-huh) (, ,) (-DFL- E_S))","210",284.906375,292.08425,"Uhhuh,  "," Uhhuh/UH  ,/,"
"141","sw04utt/sw_0475_2761.utt","2/sw2761",2761,140,"sd","A",81,2,"{D well, } we don't either,  /","well/UH ,/,  [ we/PRP ] do/VBP n't/RB either/RB ,/,","(S (INTJ (UH well)) (, ,) (NP-SBJ (PRP we)) (VP (VBP do) (RB n't) (ADVP (RB either))) (, ,) (-DFL- E_S))","218",284.906375,292.08425," well,  we don't either,  ","well/UH ,/,   we/PRP  do/VBP n't/RB either/RB ,/,"
"142","sw04utt/sw_0475_2761.utt","2/sw2761",2761,141,"sd","A",81,3,"{C but, }  {F uh, } I have a friend who, {F uh, } is working on this project. /","but/CC ,/,  [ uh/UH ] ,/,  [ I/PRP ] have/VBP  [ a/DT friend/NN ] [ who/WP ] ,/,  [ uh/UH ] ,/, is/VBZ working/VBG on/IN  [ this/DT project/NN ] ./.","(S (CC but) (, ,) (INTJ (UH uh)) (, ,) (NP-SBJ (PRP I)) (VP (VBP have) (NP (NP (DT a) (NN friend)) (SBAR (WHNP-1 (WP who)) (, ,) (INTJ (UH uh)) (, ,) (S (NP-SBJ (-NONE- *T*-1)) (VP (VBZ is) (VP (VBG working) (PP (IN on) (NP (DT this) (NN project))))))))) (. .) (-DFL- E_S))","219",284.906375,292.08425," but,    uh,  I have a friend who,  uh,  is working on this project. ","but/CC ,/,   uh/UH  ,/,   I/PRP  have/VBP   a/DT friend/NN   who/WP  ,/,   uh/UH  ,/, is/VBZ working/VBG on/IN   this/DT project/NN  ./."
"143","sw04utt/sw_0475_2761.utt","2/sw2761",2761,142,"bh","B",82,1,"{F Oh, } really. /","Oh/UH ,/, really/UH ./.","(INTJ (INTJ (UH Oh)) (, ,) (INTJ (UH really)) (. .) (-DFL- E_S))","221",292.273375,292.9505," Oh,  really. ","Oh/UH ,/, really/UH ./."
"144","sw04utt/sw_0475_2761.utt","2/sw2761",2761,143,"ny","A",83,1,"Yes,  /","Yes/UH ,/,","(INTJ (UH Yes) (, ,) (-DFL- E_S))","190",293.082625,294.172375,"Yes,  ","Yes/UH ,/,"
"145","sw04utt/sw_0475_2761.utt","2/sw2761",2761,144,"%","A",83,2,"{C and, } -/","and/CC ,/,","(S-UNF (CC and) (, ,) (-DFL- N_S))","224",293.082625,294.172375," and,  ","and/CC ,/,"
"146","sw04utt/sw_0475_2761.utt","2/sw2761",2761,145,"qy","B",84,1,"Are they getting all the data they need? /","[ Are/VBP they/PRP ] getting/VBG  [ all/PDT the/DT data/NNS they/PRP ] need/VBP ?/.","(SQ (VBP Are) (NP-SBJ (PRP they)) (VP (VBG getting) (NP (NP (PDT all) (DT the) (NNS data)) (SBAR (WHNP-1 (-NONE- 0)) (S (NP-SBJ (PRP they)) (VP (VBP need) (NP (-NONE- *T*-1))))))) (. ?) (-DFL- E_S))","226",293.83825,295.293625,"Are they getting all the data they need? "," Are/VBP they/PRP  getting/VBG   all/PDT the/DT data/NNS they/PRP  need/VBP ?/."
"147","sw04utt/sw_0475_2761.utt","2/sw2761",2761,146,"no","A",85,1,"{D Well, } I don't know, {F uh, }  /","Well/UH ,/,  [ I/PRP ] do/VBP n't/RB know/VB ,/, uh/UH ,/,","(S (INTJ (UH Well)) (, ,) (NP-SBJ (PRP I)) (VP (VBP do) (RB n't) (VP (VB know) (, ,) (INTJ (UH uh)))) (, ,) (-DFL- E_S))","228",295.936625,301.65325," Well,  I don't know,  uh,   ","Well/UH ,/,   I/PRP  do/VBP n't/RB know/VB ,/, uh/UH ,/,"
"148","sw04utt/sw_0475_2761.utt","2/sw2761",2761,147,"sd","A",85,2,"[ I, + I ] have a hard time getting, {F uh, } people on the telephone. /","[ I/PRP ] ,/,  [ I/PRP ] have/VBP  [ a/DT hard/JJ time/NN ] getting/VBG ,/,  [ uh/UH ] ,/,  [ people/NNS ] on/IN  [ the/DT telephone/NN ] ./.","(S (EDITED (RM (-DFL- \[)) (NP-SBJ (PRP I)) (, ,) (IP (-DFL- \+))) (NP-SBJ (PRP I)) (RS (-DFL- \])) (VP (VBP have) (NP (NP (DT a) (JJ hard) (NN time)) (VP (VBG getting) (, ,) (INTJ (UH uh)) (, ,) (NP (NNS people)) (PP (IN on) (NP (DT the) (NN telephone)))))) (. .) (-DFL- E_S))","229",295.936625,301.65325," I,  I  have a hard time getting,  uh,  people on the telephone. "," I/PRP  ,/,   I/PRP  have/VBP   a/DT hard/JJ time/NN  getting/VBG ,/,   uh/UH  ,/,   people/NNS  on/IN   the/DT telephone/NN  ./."
"149","sw04utt/sw_0475_2761.utt","2/sw2761",2761,148,"bh","B",86,1,"{F Oh } really. /","Oh/UH really/UH ./.","(INTJ (INTJ (UH Oh)) (INTJ (UH really)) (. .) (-DFL- E_S))","231",301.771375,302.469125," Oh  really. ","Oh/UH really/UH ./."
"150","sw04utt/sw_0475_2761.utt","2/sw2761",2761,149,"sd","A",87,1,"{D Uh-huh, }  getting through to anybody.  /","[ Uh-huh/UH ] ,/, getting/VBG through/IN to/IN  [ anybody/NN ] ./.","(S (INTJ (UH Uh-huh)) (, ,) (NP-SBJ (-NONE- *)) (VP (VBG getting) (PRT (IN through)) (PP (IN to) (NP (NN anybody)))) (. .) (-DFL- E_S))","233",302.330625,306.076125," Uhhuh,   getting through to anybody.  "," Uhhuh/UH  ,/, getting/VBG through/IN to/IN   anybody/NN  ./."
"151","sw04utt/sw_0475_2761.utt","2/sw2761",2761,150,"sd","A",87,2,"Sometimes I call off and on all day, /","Sometimes/RB  [ I/PRP ] call/VBP off/RB and/CC on/RB  [ all/RB day/NN ] ,/,","(S (ADVP-TMP (RB Sometimes)) (NP-SBJ (PRP I)) (VP (VBP call) (ADVP (RB off) (CC and) (RB on)) (NP-TMP (RB all) (NN day))) (, ,) (-DFL- E_S))","234",302.330625,306.076125,"Sometimes I call off and on all day, ","Sometimes/RB   I/PRP  call/VBP off/RB and/CC on/RB   all/RB day/NN  ,/,"
"152","sw04utt/sw_0475_2761.utt","2/sw2761",2761,151,"b","B",88,1,"# {F Huh. }  # /","Huh/UH ./.","(INTJ (UH Huh) (. .) (-DFL- E_S))","236",306.876125,307.223125,"#  Huh.   # ","Huh/UH ./."
"153","sw04utt/sw_0475_2761.utt","2/sw2761",2761,152,"qy^g^t","A",89,1,"# {C but } # anyway, {F uh, } I guess we're supposed to be talking about family reunions aren't we <laughter>. /","but/CC anyway/RB ,/,  [ uh/UH ] ,/,  [ I/PRP ] guess/VBP  [ we/PRP ] 're/VBP supposed/VBN to/TO be/VB talking/VBG about/IN  [ family/NN reunions/NNS ] are/VBP n't/RB  [ we/PRP ] ./.","(SQ (S (CC but) (ADVP (RB anyway)) (, ,) (INTJ (UH uh)) (, ,) (NP-SBJ (PRP I)) (VP (VBP guess) (SBAR (-NONE- 0) (S (NP-SBJ-2 (PRP we)) (VP (VBP 're) (VP (VBN supposed) (S (NP-SBJ-1 (-NONE- *-2)) (VP (TO to) (VP (VB be) (S (NP-SBJ (-NONE- *-1)) (VP (VBG talking) (PP (IN about) (NP (NN family) (NNS reunions)))))))))))))) (SQ (VBP are) (RB n't) (NP-SBJ (PRP we)) (VP (-NONE- *?*))) (. .) (-DFL- E_S))","238",307.213875,311.69675,"#  but  # anyway,  uh,  I guess we're supposed to be talking about family reunions aren't we laughter. ","but/CC anyway/RB ,/,   uh/UH  ,/,   I/PRP  guess/VBP   we/PRP  're/VBP supposed/VBN to/TO be/VB talking/VBG about/IN   family/NN reunions/NNS  are/VBP n't/RB   we/PRP  ./."
"154","sw04utt/sw_0475_2761.utt","2/sw2761.pos",2761,153,"x","B",90,1,"<Laughter>.","./.","","",NA,NA,"Laughter.","./."
"155","sw04utt/sw_0475_2761.utt","2/sw2761",2761,154,"sd","A",91,1,"{C But } I got off that. /","But/CC  [ I/PRP ] got/VBD off/IN  [ that/DT ] ./.","(S (CC But) (NP-SBJ (PRP I)) (VP (VBD got) (PP (IN off) (NP (DT that)))) (. .) (-DFL- E_S))","241",312.457625,313.41025," But  I got off that. ","But/CC   I/PRP  got/VBD off/IN   that/DT  ./."
"156","sw04utt/sw_0475_2761.utt","2/sw2761",2761,155,"fc","B",92,1,"<Laughter>  {D Well } we've kind of exhausted everything I guess. /","Well/UH  [ we/PRP ] 've/VBP  [ kind/RB ] of/RB exhausted/VBN  [ everything/NN ] [ I/PRP ] guess/VBP ./.","(S (S-TPC-1 (INTJ (UH Well)) (NP-SBJ (PRP we)) (VP (VBP 've) (VP (ADVP (RB kind) (RB of)) (VBN exhausted) (NP (NN everything))))) (NP-SBJ (PRP I)) (VP (VBP guess) (SBAR (-NONE- 0) (S (-NONE- *T*-1)))) (. .) (-DFL- E_S))","243",313.831125,316.418125,"Laughter   Well  we've kind of exhausted everything I guess. ","Well/UH   we/PRP  've/VBP   kind/RB  of/RB exhausted/VBN   everything/NN   I/PRP  guess/VBP ./."
"157","sw04utt/sw_0475_2761.utt","2/sw2761",2761,156,"fc","A",93,1,"Yes,  /","Yes/UH ,/,","(INTJ (UH Yes) (, ,) (-DFL- E_S))","223",315.884875,321.380375,"Yes,  ","Yes/UH ,/,"
"158","sw04utt/sw_0475_2761.utt","2/sw2761",2761,157,"fc","A",93,2,"{D well, } {F um, } I think we have been talking probably about four and a half minutes. /","well/UH ,/, um/UH ,/,  [ I/PRP ] think/VBP  [ we/PRP ] have/VBP been/VBN talking/VBG probably/RB about/RB  [ four/CD ] and/CC  [ a/DT half/JJ minutes/NNS ] ./.","(S (INTJ (UH well)) (, ,) (INTJ (UH um)) (, ,) (NP-SBJ (PRP I)) (VP (VBP think) (SBAR (-NONE- 0) (S (NP-SBJ (PRP we)) (VP (VBP have) (VP (VBN been) (VP (VBG talking) (ADVP (RB probably)) (NP (QP (RB about) (CD four) (CC and) (DT a) (JJ half)) (NNS minutes)))))))) (. .) (-DFL- E_S))","246",315.884875,321.380375," well,   um,  I think we have been talking probably about four and a half minutes. ","well/UH ,/, um/UH ,/,   I/PRP  think/VBP   we/PRP  have/VBP been/VBN talking/VBG probably/RB about/RB   four/CD  and/CC   a/DT half/JJ minutes/NNS  ./."
"159","sw04utt/sw_0475_2761.utt","2/sw2761",2761,158,"fc","B",94,1,"{F Oh, } okay. /","Oh/UH ,/, okay/UH ./.","(INTJ (INTJ (UH Oh)) (, ,) (INTJ (UH okay)) (. .) (-DFL- E_S))","248",321.284875,321.96475," Oh,  okay. ","Oh/UH ,/, okay/UH ./."
"160","sw04utt/sw_0475_2761.utt","2/sw2761",2761,159,"fc","A",95,1,"{C And, }  {F uh, } {F uh, } we both look forward to going to our next reunions, I'm sure. /","And/CC ,/,  [ uh/UH ] ,/,  [ uh/UH ] ,/,  [ we/PRP ] [ both/DT ] look/VBP forward/RB to/TO going/VBG to/IN  [ our/PRP$ next/JJ reunions/NNS ] ,/,  [ I/PRP ] 'm/VBP sure/JJ ./.","(S (S-TPC-1 (CC And) (, ,) (INTJ (UH uh)) (, ,) (INTJ (UH uh)) (, ,) (NP-SBJ (NP (PRP we)) (NP (DT both))) (VP (VBP look) (ADVP (RB forward)) (PP (TO to) (S-NOM (NP-SBJ (-NONE- *)) (VP (VBG going) (PP-DIR (IN to) (NP (PRP$ our) (JJ next) (NNS reunions)))))))) (, ,) (NP-SBJ (PRP I)) (VP (VBP 'm) (ADJP-PRD (JJ sure) (SBAR (-NONE- 0) (S (-NONE- *T*-1))))) (. .) (-DFL- E_S))","250",322.04525,328.45725," And,    uh,   uh,  we both look forward to going to our next reunions, I'm sure. ","And/CC ,/,   uh/UH  ,/,   uh/UH  ,/,   we/PRP   both/DT  look/VBP forward/RB to/TO going/VBG to/IN   our/PRP$ next/JJ reunions/NNS  ,/,   I/PRP  'm/VBP sure/JJ ./."
"161","sw04utt/sw_0475_2761.utt","2/sw2761",2761,160,"fc","B",96,1,"{F Oh } yeah. /","Oh/UH yeah/UH ./.","(INTJ (INTJ (UH Oh)) (INTJ (UH yeah)) (. .) (-DFL- E_S))","252",328.8275,329.50775," Oh  yeah. ","Oh/UH yeah/UH ./."
"162","sw04utt/sw_0475_2761.utt","2/sw2761",2761,161,"fc","A",97,1,"<Laughter> {C But } it has been fun talking to you. /","But/CC  [ it/PRP ] has/VBZ been/VBN  [ fun/JJ ] talking/VBG to/IN  [ you/PRP ] ./.","(S (CC But) (NP-SBJ (NP (PRP it)) (S (-NONE- *EXP*-1))) (VP (VBZ has) (VP (VBN been) (ADJP-PRD (JJ fun)) (S-1 (NP-SBJ (-NONE- *)) (VP (VBG talking) (PP (IN to) (NP (PRP you))))))) (. .) (-DFL- E_S))","254",331.086125,332.963,"Laughter  But  it has been fun talking to you. ","But/CC   it/PRP  has/VBZ been/VBN   fun/JJ  talking/VBG to/IN   you/PRP  ./."
"163","sw04utt/sw_0475_2761.utt","2/sw2761",2761,162,"fc","B",98,1,"{D Well } you too. /","Well/UH  [ you/PRP ] too/RB ./.","(FRAG (INTJ (UH Well)) (NP (PRP you)) (ADVP (RB too)) (. .) (-DFL- E_S))","256",332.545375,333.424," Well  you too. ","Well/UH   you/PRP  too/RB ./."
"164","sw04utt/sw_0475_2761.utt","2/sw2761",2761,163,"fc","A",99,1,"Thank you. /","Thank/VB  [ you/PRP ] ./.","(S (NP-SBJ (-NONE- *)) (VP (VB Thank) (NP (PRP you))) (. .) (-DFL- E_S))","258",333.760625,334.335625,"Thank you. ","Thank/VB   you/PRP  ./."
"165","sw04utt/sw_0475_2761.utt","2/sw2761",2761,164,"fc","B",100,1,"{C And } maybe I'll talk to you again. /","And/CC maybe/RB  [ I/PRP ] 'll/MD talk/VB to/IN  [ you/PRP ] again/RB ./.","(S (CC And) (ADVP (RB maybe)) (NP-SBJ (PRP I)) (VP (MD 'll) (VP (VB talk) (PP (IN to) (NP (PRP you))) (ADVP (RB again)))) (. .) (-DFL- E_S))","260",333.811875,335.8105," And  maybe I'll talk to you again. ","And/CC maybe/RB   I/PRP  'll/MD talk/VB to/IN   you/PRP  again/RB ./."
"166","sw04utt/sw_0475_2761.utt","2/sw2761",2761,165,"fc","A",101,1,"Okay,  /","[ Okay/UH ] ,/,","(INTJ (UH Okay) (, ,) (-DFL- E_S))","262",335.78825,337.19125,"Okay,  "," Okay/UH  ,/,"
"167","sw04utt/sw_0475_2761.utt","2/sw2761",2761,166,"fc","A",101,2,"good. /","[ good/UH ] ./.","(INTJ (UH good) (. .) (-DFL- E_S))","263",335.78825,337.19125,"good. "," good/UH  ./."
"168","sw04utt/sw_0475_2761.utt","2/sw2761",2761,167,"fc","B",102,1,"# Okay,  /","[ Okay/UH ] ,/,","(INTJ (UH Okay) (, ,) (-DFL- E_S))","262",336.19475,337.46825,"# Okay,  "," Okay/UH  ,/,"
"169","sw04utt/sw_0475_2761.utt","2/sw2761",2761,168,"fc","B",102,2,"bye-bye. # /","[ bye-bye/UH ] ./.","(INTJ (UH bye-bye) (. .) (-DFL- E_S))","266",336.19475,337.46825,"byebye. # "," byebye/UH  ./."
"170","sw04utt/sw_0475_2761.utt","2/sw2761",2761,169,"fc^m","A",103,1,"# Bye-bye. # /","[ Bye-bye/UH ] ./.","(INTJ (UH Bye-bye) (. .) (-DFL- E_S))","268",337.3645,337.845125,"# Byebye. # "," Byebye/UH  ./."
