"","swda_filename","ptb_basename","conversation_no","transcript_index","act_tag","caller","turn_index","subutterance_index","text","pos","trees","ptb_treenumbers","start_turn","end_turn","newtext","newpos"
"1","sw06utt/sw_0600_2883.utt","2/sw2883",2883,0,"qw","A",1,1,"<TV> {D Well, } what are your, - /","Well/UH ,/, what/WP are/VBP your/PRP$ ,/,","(SBARQ (INTJ (UH Well)) (, ,) (WHNP (WP what)) (SQ (VBP are) (NP-SBJ-UNF (PRP$ your))) (, ,) (-DFL- N_S))","1",1.3375,4.525125,"TV  Well,  what are your,  ","Well/UH ,/, what/WP are/VBP your/PRP$ ,/,"
"2","sw06utt/sw_0600_2883.utt","2/sw2883",2883,1,"qy","A",1,2,"[ did you like, +  do you use ] credit cards? /","did/VBD you/PRP like/VB ,/, do/VBP you/PRP use/VB credit/NN cards/NNS ?/.","(SQ (EDITED (RM (-DFL- \[)) (SQ (VBD did) (NP-SBJ (PRP you)) (VP-UNF (VB like))) (, ,) (IP (-DFL- \+))) (VBP do) (NP-SBJ (PRP you)) (VP (VB use) (RS (-DFL- \])) (NP (NN credit) (NNS cards))) (. ?) (-DFL- E_S))","2",1.3375,4.525125," did you like,   do you use  credit cards? ","did/VBD you/PRP like/VB ,/, do/VBP you/PRP use/VB credit/NN cards/NNS ?/."
"3","sw06utt/sw_0600_2883.utt","2/sw2883",2883,2,"ng","B",2,1,"{F Uh, } not very often.  /","Uh/UH ,/, not/RB very/RB often/RB ./.","(FRAG (INTJ (UH Uh)) (, ,) (ADVP-TMP (RB not) (RB very) (RB often)) (. .) (-DFL- E_S))","4",4.33775,11.739375," Uh,  not very often.  ","Uh/UH ,/, not/RB very/RB often/RB ./."
"4","sw06utt/sw_0600_2883.utt","2/sw2883",2883,3,"sd","B",2,2,"I usually, {F uh, } - /","I/PRP usually/RB ,/, uh/UH ,/,","(S-UNF (NP-SBJ (PRP I)) (ADVP-TMP (RB usually)) (, ,) (INTJ (UH uh)) (, ,) (-DFL- N_S))","5",4.33775,11.739375,"I usually,  uh,   ","I/PRP usually/RB ,/, uh/UH ,/,"
"5","sw06utt/sw_0600_2883.utt","2/sw2883",2883,4,"sd","B",2,3,"the ones we use is  {D like } Visa  /","the/DT ones/NNS we/PRP use/VBP is/VBZ like/IN Visa/NNP","(S (NP-SBJ (NP (DT the) (NNS ones)) (SBAR (WHNP-1 (-NONE- 0)) (S (NP-SBJ (PRP we)) (VP (VBP use) (NP (-NONE- *T*-1)))))) (VP (VBZ is) (INTJ (UH like)) (NP-PRD (NNP Visa))) (-DFL- E_S))","6",4.33775,11.739375,"the ones we use is   like  Visa  ","the/DT ones/NNS we/PRP use/VBP is/VBZ like/IN Visa/NNP"
"6","sw06utt/sw_0600_2883.utt","2/sw2883",2883,5,"sd","B",2,4,"{C and } we always try to pay it back at the end of the month. /","and/CC we/PRP always/RB try/VBP to/TO pay/VB it/PRP back/RB at/IN the/DT end/NN of/IN the/DT month/NN ./.","(S (CC and) (NP-SBJ-1 (PRP we)) (ADVP-TMP (RB always)) (VP (VBP try) (S (NP-SBJ (-NONE- *-1)) (VP (TO to) (VP (VB pay) (NP (PRP it)) (ADVP (RB back)) (PP-TMP (IN at) (NP (NP (DT the) (NN end)) (PP (IN of) (NP (DT the) (NN month))))))))) (. .) (-DFL- E_S))","7",4.33775,11.739375," and  we always try to pay it back at the end of the month. ","and/CC we/PRP always/RB try/VBP to/TO pay/VB it/PRP back/RB at/IN the/DT end/NN of/IN the/DT month/NN ./."
"7","sw06utt/sw_0600_2883.utt","2/sw2883",2883,6,"b","A",3,1,"Huh-uh. /","Huh-uh/UH ./.","(INTJ (UH Huh-uh) (. .) (-DFL- E_S))","9",11.803375,13.45925,"Huhuh. ","Huhuh/UH ./."
"8","sw06utt/sw_0600_2883.utt","2/sw2883",2883,7,"%","B",4,1,"(( I have, {F uh, } {F uh, } )) . -/","I/PRP have/VBP ,/, uh/UH ,/, uh/UH ,/, ./.","(S (NP-SBJ (PRP I)) (VP-UNF (VBP have) (, ,) (INTJ (UH uh)) (, ,) (INTJ (UH uh))) (, ,) (. .) (-DFL- N_S))","11",12.65225,13.59875," I have,  uh,   uh,   . ","I/PRP have/VBP ,/, uh/UH ,/, uh/UH ,/, ./."
"9","sw06utt/sw_0600_2883.utt","2/sw2883",2883,8,"bf","A",5,1,"So it doesn't  (( get )) ,  {F uh, } {F uh, } the credit, {F uh, } /","So/RB it/PRP does/VBZ n't/RB get/VB ,/, uh/UH ,/, uh/UH ,/, the/DT credit/NN ,/, uh/UH ,/,","(S (RB So) (NP-SBJ (PRP it)) (VP (VBZ does) (RB n't) (VP (VB get) (, ,) (INTJ (UH uh)) (, ,) (INTJ (UH uh)) (, ,) (NP (DT the) (NN credit)) (, ,) (INTJ (UH uh)))) (, ,) (-DFL- E_S))","13",13.45925,16.31375,"So it doesn't   get  ,   uh,   uh,  the credit,  uh,  ","So/RB it/PRP does/VBZ n't/RB get/VB ,/, uh/UH ,/, uh/UH ,/, the/DT credit/NN ,/, uh/UH ,/,"
"10","sw06utt/sw_0600_2883.utt","2/sw2883",2883,9,"aa","B",6,1,"Right. /","Right/UH ./.","(INTJ (UH Right) (. .) (-DFL- E_S))","15",15.856875,16.700875,"Right. ","Right/UH ./."
"11","sw06utt/sw_0600_2883.utt","2/sw2883",2883,10,"sv","A",7,1,"the interest rate is so  high that you're really, - /","the/DT interest/NN rate/NN is/VBZ so/RB high/JJ that/IN you/PRP 're/VBP really/RB ,/,","(S (NP-SBJ (DT the) (NN interest) (NN rate)) (VP (VBZ is) (ADJP-PRD (RB so) (JJ high) (SBAR (IN that) (S (NP-SBJ (PRP you)) (VP-UNF (VBP 're) (ADVP (RB really))))))) (, ,) (-DFL- N_S))","17",16.775,24.115,"the interest rate is so  high that you're really,  ","the/DT interest/NN rate/NN is/VBZ so/RB high/JJ that/IN you/PRP 're/VBP really/RB ,/,"
"12","sw06utt/sw_0600_2883.utt","2/sw2883",2883,11,"qy^g","A",7,2,"if you're going to use credit cards you need to use that policy,  I think, don't you?   <Ringing>. /","if/IN you/PRP 're/VBP going/VBG to/TO use/VB credit/NN cards/NNS you/PRP need/VBP to/TO use/VB that/DT policy/NN ,/, I/PRP think/VBP ,/, do/VBP n't/RB you/PRP ?/. ./.","(SQ (S-TPC-3 (SBAR-ADV (IN if) (S (NP-SBJ-1 (PRP you)) (VP (VBP 're) (VP (VBG going) (S (NP-SBJ (-NONE- *-1)) (VP (TO to) (VP (VB use) (NP (NN credit) (NNS cards))))))))) (NP-SBJ-2 (PRP you)) (VP (VBP need) (S (NP-SBJ (-NONE- *-2)) (VP (TO to) (VP (VB use) (NP (DT that) (NN policy))))))) (PRN (, ,) (S (NP-SBJ (PRP I)) (VP (VBP think) (SBAR (-NONE- 0) (S (-NONE- *T*-3))))) (, ,)) (SQ (VBP do) (RB n't) (NP-SBJ (PRP you))) (. ?) (. .) (-DFL- E_S))","18",16.775,24.115,"if you're going to use credit cards you need to use that policy,  I think, don't you?   Ringing. ","if/IN you/PRP 're/VBP going/VBG to/TO use/VB credit/NN cards/NNS you/PRP need/VBP to/TO use/VB that/DT policy/NN ,/, I/PRP think/VBP ,/, do/VBP n't/RB you/PRP ?/. ./."
"13","sw06utt/sw_0600_2883.utt","2/sw2883",2883,12,"ny","B",8,1,"<Laughter> Yeah. /","Yeah/UH ./.","(INTJ (UH Yeah) (. .) (-DFL- E_S))","20",24.830875,24.830875,"Laughter Yeah. ","Yeah/UH ./."
"14","sw06utt/sw_0600_2883.utt","2/sw2883",2883,13,"sv","A",9,1,"Otherwise, you end up paying so  much more for your merchandise that [ it's hardly, +","Otherwise/RB ,/, you/PRP end/VBP up/RP paying/VBG so/RB much/RB more/RBR for/IN your/PRP$ merchandise/NN that/IN it/PRP 's/BES hardly/RB ,/,","(S (ADVP (RB Otherwise)) (, ,) (NP-SBJ-1 (PRP you)) (VP (VBP end) (PRT (RP up)) (S (NP-SBJ (-NONE- *-1)) (VP (VBG paying) (ADVP (NP (ADJP (RB so) (RB much))) (RBR more)) (PP (IN for) (NP (PRP$ your) (NN merchandise))) (SBAR (IN that) (S (EDITED (RM (-DFL- \[)) (S (NP-SBJ (PRP it)) (VP-UNF (BES 's) (ADVP (RB hardly)))) (, ,) (IP (-DFL- \+))) (INTJ (UH uh)) (, ,) (NP-SBJ (PRP it)) (VP (BES 's) (RB not) (RS (-DFL- \])) (NP-PRD (DT a) (ADJP (RB very) (JJ good)) (NN idea)))))))) (. .) (-DFL- E_S))","22",24.859125,33.06375,"Otherwise, you end up paying so  much more for your merchandise that  it's hardly, ","Otherwise/RB ,/, you/PRP end/VBP up/RP paying/VBG so/RB much/RB more/RBR for/IN your/PRP$ merchandise/NN that/IN it/PRP 's/BES hardly/RB ,/,"
"15","sw06utt/sw_0600_2883.utt","2/sw2883",2883,14,"aa","B",10,1,"That's right. /","That/DT 's/BES right/JJ ./.","(S (NP-SBJ (DT That)) (VP (BES 's) (ADJP-PRD (JJ right))) (. .) (-DFL- E_S))","24",30.49,31.171125,"That's right. ","That/DT 's/BES right/JJ ./."
"16","sw06utt/sw_0600_2883.utt","2/sw2883",2883,15,"+","A",11,1,"{F uh, } it's not ] a very good idea. /","uh/UH ,/, it/PRP 's/BES not/RB a/DT very/RB good/JJ idea/NN ./.","(S (ADVP (RB Otherwise)) (, ,) (NP-SBJ-1 (PRP you)) (VP (VBP end) (PRT (RP up)) (S (NP-SBJ (-NONE- *-1)) (VP (VBG paying) (ADVP (NP (ADJP (RB so) (RB much))) (RBR more)) (PP (IN for) (NP (PRP$ your) (NN merchandise))) (SBAR (IN that) (S (EDITED (RM (-DFL- \[)) (S (NP-SBJ (PRP it)) (VP-UNF (BES 's) (ADVP (RB hardly)))) (, ,) (IP (-DFL- \+))) (INTJ (UH uh)) (, ,) (NP-SBJ (PRP it)) (VP (BES 's) (RB not) (RS (-DFL- \])) (NP-PRD (DT a) (ADJP (RB very) (JJ good)) (NN idea)))))))) (. .) (-DFL- E_S))","22",NA,NA," uh,  it's not  a very good idea. ","uh/UH ,/, it/PRP 's/BES not/RB a/DT very/RB good/JJ idea/NN ./."
"17","sw06utt/sw_0600_2883.utt","2/sw2883",2883,16,"qy","B",12,1,"Do you have a lot of credit cards? /","Do/VBP you/PRP have/VB a/DT lot/NN of/IN credit/NN cards/NNS ?/.","(SQ (VBP Do) (NP-SBJ (PRP you)) (VP (VB have) (NP (NP (DT a) (NN lot)) (PP (IN of) (NP (NN credit) (NNS cards))))) (. ?) (-DFL- E_S))","27",33.856375,35.163625,"Do you have a lot of credit cards? ","Do/VBP you/PRP have/VB a/DT lot/NN of/IN credit/NN cards/NNS ?/."
"18","sw06utt/sw_0600_2883.utt","2/sw2883",2883,17,"na","A",13,1,"{D Well, } I have a lot of them  /","Well/UH ,/, I/PRP have/VBP a/DT lot/NN of/IN them/PRP","(S (INTJ (UH Well)) (, ,) (NP-SBJ (PRP I)) (VP (VBP have) (NP (NP (DT a) (NN lot)) (PP (IN of) (NP (PRP them))))) (-DFL- E_S))","29",34.868125,37.662875," Well,  I have a lot of them  ","Well/UH ,/, I/PRP have/VBP a/DT lot/NN of/IN them/PRP"
"19","sw06utt/sw_0600_2883.utt","2/sw2883",2883,18,"sd^e","A",13,2,"{C but } I don't use them very much, though. /","but/CC I/PRP do/VBP n't/RB use/VB them/PRP very/RB much/RB ,/, though/RB ./.","(S (CC but) (NP-SBJ (PRP I)) (VP (VBP do) (RB n't) (VP (VB use) (NP (PRP them)) (NP-ADV (ADJP (RB very) (RB much))) (, ,) (ADVP (RB though)))) (. .) (-DFL- E_S))","30",34.868125,37.662875," but  I don't use them very much, though. ","but/CC I/PRP do/VBP n't/RB use/VB them/PRP very/RB much/RB ,/, though/RB ./."
"20","sw06utt/sw_0600_2883.utt","2/sw2883",2883,19,"b","B",14,1,"Right. /","Right/UH ./.","(INTJ (UH Right) (. .) (-DFL- E_S))","15",37.41425,38.142875,"Right. ","Right/UH ./."
"21","sw06utt/sw_0600_2883.utt","2/sw2883",2883,20,"sd","A",15,1,"<Laughter> I use them mostly for big things,  like maybe, sometimes, {F uh, } tuition [ if it's, + {D you know, } if I'm ]  short, to go ahead and get it and then try to get it saved back as quick as I can.  /","I/PRP use/VBP them/PRP mostly/RB for/IN big/JJ things/NNS ,/, like/IN maybe/RB ,/, sometimes/RB ,/, uh/UH ,/, tuition/NN if/IN it/PRP 's/BES ,/, you/PRP know/VBP ,/, if/IN I/PRP 'm/VBP short/JJ ,/, to/TO go/VB ahead/RB and/CC get/VB it/PRP and/CC then/RB try/VB to/TO get/VB it/PRP saved/VBD back/RB as/RB quick/RB as/IN I/PRP can/MD ./.","(S (NP-SBJ-2 (PRP I)) (VP (VBP use) (NP (PRP them)) (PP-PRP (ADVP (RB mostly)) (IN for) (NP (NP (JJ big) (NNS things)) (, ,) (PP (IN like) (ADVP (RB maybe)) (, ,) (ADVP-TMP (RB sometimes)) (, ,) (INTJ (UH uh)) (, ,) (NP (NN tuition))))) (SBAR-ADV (EDITED (RM (-DFL- \[)) (SBAR-ADV (IN if) (S (NP-SBJ (PRP it)) (VP-UNF (BES 's)))) (, ,) (IP (-DFL- \+))) (PRN (S (NP-SBJ (PRP you)) (VP (VBP know))) (, ,)) (IN if) (S (NP-SBJ (PRP I)) (VP (VBP 'm) (RS (-DFL- \])) (ADJP-PRD (JJ short))))) (, ,) (S-PRP (NP-SBJ-1 (-NONE- *-2)) (VP (TO to) (VP (VP (VB go) (ADVP (RB ahead))) (CC and) (VP (VB get) (NP (PRP it))) (CONJP (CC and) (RB then)) (VP (VB try) (S (NP-SBJ (-NONE- *-1)) (VP (TO to) (VP (VB get) (S (NP-SBJ-3 (PRP it)) (VP (VBD saved) (NP (-NONE- *-3)) (ADVP (RB back)) (ADVP (ADVP (RB as) (RB quick)) (SBAR (IN as) (S (NP-SBJ (PRP I)) (VP (MD can) (VP (-NONE- *?*)))))))))))))))) (. .) (-DFL- E_S))","34",38.677875,63.173125,"Laughter I use them mostly for big things,  like maybe, sometimes,  uh,  tuition  if it's,   you know,  if I'm   short, to go ahead and get it and then try to get it saved back as quick as I can.  ","I/PRP use/VBP them/PRP mostly/RB for/IN big/JJ things/NNS ,/, like/IN maybe/RB ,/, sometimes/RB ,/, uh/UH ,/, tuition/NN if/IN it/PRP 's/BES ,/, you/PRP know/VBP ,/, if/IN I/PRP 'm/VBP short/JJ ,/, to/TO go/VB ahead/RB and/CC get/VB it/PRP and/CC then/RB try/VB to/TO get/VB it/PRP saved/VBD back/RB as/RB quick/RB as/IN I/PRP can/MD ./."
"22","sw06utt/sw_0600_2883.utt","2/sw2883",2883,21,"sv","A",15,2,"The other thing, [ I, +  I ] think if you do get overextended a little bit, you need to  be sure and pay it off, {F uh, } more than one at a time, because   I think you could run forever paying what they require. /","The/DT other/JJ thing/NN ,/, I/PRP ,/, I/PRP think/VBP if/IN you/PRP do/VBP get/VB overextended/VBN a/DT little/JJ bit/NN ,/, you/PRP need/VBP to/TO be/VB sure/JJ and/CC pay/VB it/PRP off/RP ,/, uh/UH ,/, more/RBR than/IN one/CD at/IN a/DT time/NN ,/, because/IN I/PRP think/VBP you/PRP could/MD run/VB forever/RB paying/VBG what/WP they/PRP require/VBP ./.","(S (NP-ADV (NP (DT The) (JJ other) (NN thing)) (, ,) (SBAR (WHNP-5 (-NONE- 0)) (S (EDITED (RM (-DFL- \[)) (NP-SBJ (PRP I)) (, ,) (IP (-DFL- \+))) (NP-SBJ (PRP I)) (RS (-DFL- \])) (VP (VBP think) (NP (-NONE- *T*-5)))))) (SBAR-ADV (IN if) (S (NP-SBJ-1 (PRP you)) (VP (VBP do) (VP (VB get) (VP (VBN overextended) (NP (-NONE- *-1)) (NP-ADV (DT a) (JJ little) (NN bit))))))) (, ,) (NP-SBJ-2 (PRP you)) (VP (VBP need) (S (NP-SBJ (-NONE- *-2)) (VP (TO to) (VP (VP (VB be) (ADJP-PRD (JJ sure))) (CC and) (VP (VB pay) (NP (PRP it)) (PRT (RP off)) (, ,) (INTJ (UH uh)) (, ,) (ADVP (ADVP (RBR more)) (PP (IN than) (NP (NP (CD one)) (PP-TMP (IN at) (NP (DT a) (NN time)))))) (, ,) (SBAR-PRP (IN because) (S (NP-SBJ (PRP I)) (VP (VBP think) (SBAR (-NONE- 0) (S (NP-SBJ-3 (PRP you)) (VP (MD could) (VP (VB run) (ADVP-TMP (RB forever)) (S (NP-SBJ (-NONE- *-3)) (VP (VBG paying) (SBAR-NOM (WHNP-4 (WP what)) (S (NP-SBJ (PRP they)) (VP (VBP require) (NP (-NONE- *T*-4))))))))))))))))))) (. .) (-DFL- E_S))","35",38.677875,63.173125,"The other thing,  I,   I  think if you do get overextended a little bit, you need to  be sure and pay it off,  uh,  more than one at a time, because   I think you could run forever paying what they require. ","The/DT other/JJ thing/NN ,/, I/PRP ,/, I/PRP think/VBP if/IN you/PRP do/VBP get/VB overextended/VBN a/DT little/JJ bit/NN ,/, you/PRP need/VBP to/TO be/VB sure/JJ and/CC pay/VB it/PRP off/RP ,/, uh/UH ,/, more/RBR than/IN one/CD at/IN a/DT time/NN ,/, because/IN I/PRP think/VBP you/PRP could/MD run/VB forever/RB paying/VBG what/WP they/PRP require/VBP ./."
"23","sw06utt/sw_0600_2883.utt","2/sw2883",2883,22,"b","B",16,1,"{F Oh, } yeah. /","Oh/UH ,/, yeah/UH ./.","(INTJ (INTJ (UH Oh)) (, ,) (INTJ (UH yeah)) (. .) (-DFL- E_S))","37",62.93,63.830875," Oh,  yeah. ","Oh/UH ,/, yeah/UH ./."
"24","sw06utt/sw_0600_2883.utt","2/sw2883",2883,23,"sv","A",17,1,"Just goes on and on. /","Just/RB goes/VBZ on/RP and/CC on/RP ./.","(S (NP-SBJ (-NONE- *)) (ADVP (RB Just)) (VP (VBZ goes) (ADVP (RP on) (CC and) (RP on))) (. .) (-DFL- E_S))","39",63.90375,65.1375,"Just goes on and on. ","Just/RB goes/VBZ on/RP and/CC on/RP ./."
"25","sw06utt/sw_0600_2883.utt","2/sw2883",2883,24,"sv","B",18,1,"Which is what they want. /","Which/WDT is/VBZ what/WP they/PRP want/VBP ./.","(SBAR-NOM (WHNP-1 (WDT Which)) (S (NP-SBJ (-NONE- *T*-1)) (VP (VBZ is) (SBAR-NOM-PRD (WHNP-2 (WP what)) (S (NP-SBJ (PRP they)) (VP (VBP want) (NP (-NONE- *T*-2))))))) (. .) (-DFL- E_S))","41",64.78375,66.204375,"Which is what they want. ","Which/WDT is/VBZ what/WP they/PRP want/VBP ./."
"26","sw06utt/sw_0600_2883.utt","2/sw2883",2883,25,"b","A",19,1,"Yeah. /","Yeah/UH ./.","(INTJ (UH Yeah) (. .) (-DFL- E_S))","20",65.95125,66.444625,"Yeah. ","Yeah/UH ./."
"27","sw06utt/sw_0600_2883.utt","2/sw2883",2883,26,"sd(^q)","B",20,1,"I think a lot of people go in debt  because they think, {F oh, } {D you know, } I can just charge it,  /","I/PRP think/VBP a/DT lot/NN of/IN people/NNS go/VBP in/IN debt/NN because/IN they/PRP think/VBP ,/, oh/UH ,/, you/PRP know/VBP ,/, I/PRP can/MD just/RB charge/VB it/PRP ,/,","(S (NP-SBJ (PRP I)) (VP (VBP think) (SBAR (-NONE- 0) (S (NP-SBJ (NP (DT a) (NN lot)) (PP (IN of) (NP (NNS people)))) (VP (VBP go) (PP (IN in) (NP (NN debt))) (SBAR-PRP (IN because) (S (NP-SBJ (PRP they)) (VP (VBP think) (, ,) (S-SEZ (INTJ (UH oh)) (PRN (, ,) (S (NP-SBJ (PRP you)) (VP (VBP know))) (, ,)) (NP-SBJ (PRP I)) (VP (MD can) (ADVP (RB just)) (VP (VB charge) (NP (PRP it)))))))))))) (, ,) (-DFL- E_S))","45",67.06725,75.16725,"I think a lot of people go in debt  because they think,  oh,   you know,  I can just charge it,  ","I/PRP think/VBP a/DT lot/NN of/IN people/NNS go/VBP in/IN debt/NN because/IN they/PRP think/VBP ,/, oh/UH ,/, you/PRP know/VBP ,/, I/PRP can/MD just/RB charge/VB it/PRP ,/,"
"28","sw06utt/sw_0600_2883.utt","2/sw2883",2883,27,"sv","B",20,2,"{C but } really,  {E I mean, } if they don't have the money then, they aren't going to have it in a month,  /","but/CC really/RB ,/, I/PRP mean/VBP ,/, if/IN they/PRP do/VBP n't/RB have/VB the/DT money/NN then/RB ,/, they/PRP are/VBP n't/RB going/VBG to/TO have/VB it/PRP in/IN a/DT month/NN ,/,","(S (CC but) (ADVP (RB really)) (PRN (, ,) (S (NP-SBJ (PRP I)) (VP (VBP mean))) (, ,)) (SBAR-ADV (IN if) (S (NP-SBJ (PRP they)) (VP (VBP do) (RB n't) (VP (VB have) (NP (DT the) (NN money)) (ADVP-TMP (RB then)))))) (, ,) (NP-SBJ-1 (PRP they)) (VP (VBP are) (RB n't) (VP (VBG going) (S (NP-SBJ (-NONE- *-1)) (VP (TO to) (VP (VB have) (NP (PRP it)) (PP-TMP (IN in) (NP (DT a) (NN month)))))))) (, ,) (-DFL- E_S))","46",67.06725,75.16725," but  really,   I mean,  if they don't have the money then, they aren't going to have it in a month,  ","but/CC really/RB ,/, I/PRP mean/VBP ,/, if/IN they/PRP do/VBP n't/RB have/VB the/DT money/NN then/RB ,/, they/PRP are/VBP n't/RB going/VBG to/TO have/VB it/PRP in/IN a/DT month/NN ,/,"
"29","sw06utt/sw_0600_2883.utt","2/sw2883",2883,28,"%","B",20,3,"{C so, } -/","so/RB ,/,","(S-UNF (RB so) (, ,) (-DFL- N_S))","47",67.06725,75.16725," so,  ","so/RB ,/,"
"30","sw06utt/sw_0600_2883.utt","2/sw2883",2883,29,"aa","A",21,1,"Yeah,  /","Yeah/UH ,/,","(INTJ (UH Yeah) (, ,) (-DFL- E_S))","49",75.30475,76.271,"Yeah,  ","Yeah/UH ,/,"
"31","sw06utt/sw_0600_2883.utt","2/sw2883",2883,30,"aa","A",21,2,"that's true. /","that/DT 's/BES true/JJ ./.","(S (NP-SBJ (DT that)) (VP (BES 's) (ADJP-PRD (JJ true))) (. .) (-DFL- E_S))","50",75.30475,76.271,"that's true. ","that/DT 's/BES true/JJ ./."
"32","sw06utt/sw_0600_2883.utt","2/sw2883",2883,31,"sv","B",22,1,"they, {F uh, } make the mistake of,","they/PRP ,/, uh/UH ,/, make/VBP the/DT mistake/NN of/IN ,/,","(S (NP-SBJ-1 (PRP they)) (, ,) (INTJ (UH uh)) (, ,) (VP (VBP make) (NP (NP (DT the) (NN mistake)) (PP (IN of) (, ,) (S-NOM (NP-SBJ (-NONE- *-1)) (VP (VBG pushing) (NP (DT all) (PRP$ their) (NNS cards))))))) (. .) (-DFL- E_S))","52",75.828875,79.027,"they,  uh,  make the mistake of,","they/PRP ,/, uh/UH ,/, make/VBP the/DT mistake/NN of/IN ,/,"
"33","sw06utt/sw_0600_2883.utt","2/sw2883",2883,32,"sv","A",23,1,"# There are times, #","There/EX are/VBP times/NNS ,/,","(S (NP-SBJ (EX There)) (VP (VBP are) (NP-PRD (NP (NNS times)) (, ,) (SBAR-TMP (EDITED (RM (-DFL- \[)) (SBAR (WHADVP (WRB when)) (S (NP-SBJ (PRP it)) (VP-UNF (BES 's)))) (, ,) (IP (-DFL- \+))) (WHADVP-1 (WRB when)) (S (NP-SBJ (PRP it)) (VP (BES 's) (RS (-DFL- \])) (ADJP-PRD (RB very) (JJ useful)) (ADVP-TMP (-NONE- *T*-1))))) (, ,) (PP (IN like) (, ,) (INTJ (UH uh)) (, ,) (NP (NP (NN emergency) (NN trip)) (, ,) (CC or) (NP (NN something)))))) (. .) (-DFL- E_S))","54",77.790125,83.305,"# There are times, #","There/EX are/VBP times/NNS ,/,"
"34","sw06utt/sw_0600_2883.utt","2/sw2883",2883,33,"+","B",24,1,"#  (( pushing all their cards )) . # /","pushing/VBG all/DT their/PRP$ cards/NNS ./.","(S (NP-SBJ-1 (PRP they)) (, ,) (INTJ (UH uh)) (, ,) (VP (VBP make) (NP (NP (DT the) (NN mistake)) (PP (IN of) (, ,) (S-NOM (NP-SBJ (-NONE- *-1)) (VP (VBG pushing) (NP (DT all) (PRP$ their) (NNS cards))))))) (. .) (-DFL- E_S))","52",NA,NA,"#   pushing all their cards  . # ","pushing/VBG all/DT their/PRP$ cards/NNS ./."
"35","sw06utt/sw_0600_2883.utt","2/sw2883",2883,34,"+","A",25,1,"[ when it's, + when it's ] very useful,","when/WRB it/PRP 's/BES ,/, when/WRB it/PRP 's/BES very/RB useful/JJ ,/,","(S (NP-SBJ (EX There)) (VP (VBP are) (NP-PRD (NP (NNS times)) (, ,) (SBAR-TMP (EDITED (RM (-DFL- \[)) (SBAR (WHADVP (WRB when)) (S (NP-SBJ (PRP it)) (VP-UNF (BES 's)))) (, ,) (IP (-DFL- \+))) (WHADVP-1 (WRB when)) (S (NP-SBJ (PRP it)) (VP (BES 's) (RS (-DFL- \])) (ADJP-PRD (RB very) (JJ useful)) (ADVP-TMP (-NONE- *T*-1))))) (, ,) (PP (IN like) (, ,) (INTJ (UH uh)) (, ,) (NP (NP (NN emergency) (NN trip)) (, ,) (CC or) (NP (NN something)))))) (. .) (-DFL- E_S))","54",NA,NA," when it's,  when it's  very useful,","when/WRB it/PRP 's/BES ,/, when/WRB it/PRP 's/BES very/RB useful/JJ ,/,"
"36","sw06utt/sw_0600_2883.utt","2/sw2883",2883,35,"b","B",26,1,"# Yeah. # /","Yeah/UH ./.","(INTJ (UH Yeah) (. .) (-DFL- E_S))","43",80.521,81.106125,"# Yeah. # ","Yeah/UH ./."
"37","sw06utt/sw_0600_2883.utt","2/sw2883",2883,36,"+","A",27,1,"# like, # {F uh, } emergency trip,","like/IN ,/, uh/UH ,/, emergency/NN trip/NN ,/,","(S (NP-SBJ (EX There)) (VP (VBP are) (NP-PRD (NP (NNS times)) (, ,) (SBAR-TMP (EDITED (RM (-DFL- \[)) (SBAR (WHADVP (WRB when)) (S (NP-SBJ (PRP it)) (VP-UNF (BES 's)))) (, ,) (IP (-DFL- \+))) (WHADVP-1 (WRB when)) (S (NP-SBJ (PRP it)) (VP (BES 's) (RS (-DFL- \])) (ADJP-PRD (RB very) (JJ useful)) (ADVP-TMP (-NONE- *T*-1))))) (, ,) (PP (IN like) (, ,) (INTJ (UH uh)) (, ,) (NP (NP (NN emergency) (NN trip)) (, ,) (CC or) (NP (NN something)))))) (. .) (-DFL- E_S))","54",NA,NA,"# like, #  uh,  emergency trip,","like/IN ,/, uh/UH ,/, emergency/NN trip/NN ,/,"
"38","sw06utt/sw_0600_2883.utt","2/sw2883",2883,37,"b","B",28,1,"Yeah. /","Yeah/UH ./.","(INTJ (UH Yeah) (. .) (-DFL- E_S))","43",82.22825,83.361,"Yeah. ","Yeah/UH ./."
"39","sw06utt/sw_0600_2883.utt","2/sw2883",2883,38,"+","A",29,1,"or something.  /","or/CC something/NN ./.","(S (NP-SBJ (EX There)) (VP (VBP are) (NP-PRD (NP (NNS times)) (, ,) (SBAR-TMP (EDITED (RM (-DFL- \[)) (SBAR (WHADVP (WRB when)) (S (NP-SBJ (PRP it)) (VP-UNF (BES 's)))) (, ,) (IP (-DFL- \+))) (WHADVP-1 (WRB when)) (S (NP-SBJ (PRP it)) (VP (BES 's) (RS (-DFL- \])) (ADJP-PRD (RB very) (JJ useful)) (ADVP-TMP (-NONE- *T*-1))))) (, ,) (PP (IN like) (, ,) (INTJ (UH uh)) (, ,) (NP (NP (NN emergency) (NN trip)) (, ,) (CC or) (NP (NN something)))))) (. .) (-DFL- E_S))","54",83.305,97.770375,"or something.  ","or/CC something/NN ./."
"40","sw06utt/sw_0600_2883.utt","2/sw2883",2883,39,"%","A",29,2,"Sometimes [ when you, +   when you, ] - /","Sometimes/RB when/WRB you/PRP ,/, when/WRB you/PRP ,/,","(FRAG (ADVP-TMP (RB Sometimes)) (SBAR-TMP (EDITED (RM (-DFL- \[)) (SBAR-TMP (WHADVP (WRB when)) (S-UNF (NP-SBJ (PRP you)))) (, ,) (IP (-DFL- \+))) (WHADVP (WRB when)) (S-UNF (NP-SBJ (PRP you)))) (, ,) (RS (-DFL- \])) (-DFL- N_S))","63",83.305,97.770375,"Sometimes  when you,    when you,   ","Sometimes/RB when/WRB you/PRP ,/, when/WRB you/PRP ,/,"
"41","sw06utt/sw_0600_2883.utt","2/sw2883",2883,40,"sd","A",29,3,"the money will be available,  /","the/DT money/NN will/MD be/VB available/JJ ,/,","(S (NP-SBJ (DT the) (NN money)) (VP (MD will) (VP (VB be) (ADJP-PRD (JJ available)))) (, ,) (-DFL- E_S))","64",83.305,97.770375,"the money will be available,  ","the/DT money/NN will/MD be/VB available/JJ ,/,"
"42","sw06utt/sw_0600_2883.utt","2/sw2883",2883,41,"sd","A",29,4,"{C but } it's, {D you know, } not immediately handy.  /","but/CC it/PRP 's/BES ,/, you/PRP know/VBP ,/, not/RB immediately/RB handy/JJ ./.","(S (CC but) (NP-SBJ (PRP it)) (VP (BES 's) (PRN (, ,) (S (NP-SBJ (PRP you)) (VP (VBP know))) (, ,)) (RB not) (ADVP-TMP (RB immediately)) (ADJP-PRD (JJ handy))) (. .) (-DFL- E_S))","65",83.305,97.770375," but  it's,  you know,  not immediately handy.  ","but/CC it/PRP 's/BES ,/, you/PRP know/VBP ,/, not/RB immediately/RB handy/JJ ./."
"43","sw06utt/sw_0600_2883.utt","2/sw2883",2883,42,"sv","A",29,5,"I think, {F uh, } they're very helpful,  plus the fact that it's helpful not to  have to carry a lot of money sometimes. /","I/PRP think/VBP ,/, uh/UH ,/, they/PRP 're/VBP very/RB helpful/JJ ,/, plus/CC the/DT fact/NN that/IN it/PRP 's/BES helpful/JJ not/RB to/TO have/VB to/TO carry/VB a/DT lot/NN of/IN money/NN sometimes/RB ./.","(S (NP-SBJ (PRP I)) (VP (VBP think) (, ,) (INTJ (UH uh)) (, ,) (SBAR (-NONE- 0) (S (NP-SBJ (PRP they)) (VP (VBP 're) (ADJP-PRD (RB very) (JJ helpful)))))) (, ,))|||(FRAG (CC plus) (NP (DT the) (NN fact) (SBAR (IN that) (S (NP-SBJ (NP (PRP it)) (S (-NONE- *EXP*-1))) (VP (BES 's) (ADJP-PRD (JJ helpful)) (S-1 (NP-SBJ-2 (-NONE- *)) (VP (RB not) (TO to) (VP (VB have) (S (NP-SBJ (-NONE- *-2)) (VP (TO to) (VP (VB carry) (NP (NP (DT a) (NN lot)) (PP (IN of) (NP (NN money))))))) (ADVP-TMP (RB sometimes))))))))) (. .) (-DFL- E_S))","66|||67",83.305,97.770375,"I think,  uh,  they're very helpful,  plus the fact that it's helpful not to  have to carry a lot of money sometimes. ","I/PRP think/VBP ,/, uh/UH ,/, they/PRP 're/VBP very/RB helpful/JJ ,/, plus/CC the/DT fact/NN that/IN it/PRP 's/BES helpful/JJ not/RB to/TO have/VB to/TO carry/VB a/DT lot/NN of/IN money/NN sometimes/RB ./."
"44","sw06utt/sw_0600_2883.utt","2/sw2883",2883,43,"b","B",30,1,"Right. /","Right/UH ./.","(INTJ (UH Right) (. .) (-DFL- E_S))","69",97.447125,98.037875,"Right. ","Right/UH ./."
"45","sw06utt/sw_0600_2883.utt","2/sw2883",2883,44,"sv","A",31,1,"{C But, } {F uh, } [ I, +  you ]  really do need to be very, {F um, } {F oh, }  responsible about it  /","But/CC ,/, uh/UH ,/, I/PRP ,/, you/PRP really/RB do/VBP need/VB to/TO be/VB very/RB ,/, um/UH ,/, oh/UH ,/, responsible/JJ about/IN it/PRP","(S (CC But) (, ,) (INTJ (UH uh)) (, ,) (EDITED (RM (-DFL- \[)) (NP-SBJ (PRP I)) (, ,) (IP (-DFL- \+))) (NP-SBJ-1 (PRP you)) (RS (-DFL- \])) (ADVP (RB really)) (VP (VBP do) (VP (VB need) (S (NP-SBJ (-NONE- *-1)) (VP (TO to) (VP (VB be) (ADJP-PRD (RB very) (, ,) (INTJ (UH um)) (, ,) (INTJ (UH oh)) (, ,) (JJ responsible) (PP (IN about) (NP (PRP it))))))))) (-DFL- E_S))","71",98.399,108.725625," But,   uh,   I,   you   really do need to be very,  um,   oh,   responsible about it  ","But/CC ,/, uh/UH ,/, I/PRP ,/, you/PRP really/RB do/VBP need/VB to/TO be/VB very/RB ,/, um/UH ,/, oh/UH ,/, responsible/JJ about/IN it/PRP"
"46","sw06utt/sw_0600_2883.utt","2/sw2883",2883,45,"sv","A",31,2,"{C or } you end up in deep trouble. /","or/CC you/PRP end/VBP up/RP in/IN deep/JJ trouble/NN ./.","(S (CC or) (NP-SBJ (PRP you)) (VP (VBP end) (PRT (RP up)) (PP (IN in) (NP (JJ deep) (NN trouble)))) (. .) (-DFL- E_S))","72",98.399,108.725625," or  you end up in deep trouble. ","or/CC you/PRP end/VBP up/RP in/IN deep/JJ trouble/NN ./."
"47","sw06utt/sw_0600_2883.utt","2/sw2883",2883,46,"b","B",32,1,"<Throat_clearing> Yeah.  /","Yeah/UH ./.","(INTJ (UH Yeah) (. .) (-DFL- E_S))","58",109.01675,114.774375,"Throat_clearing Yeah.  ","Yeah/UH ./."
"48","sw06utt/sw_0600_2883.utt","2/sw2883",2883,47,"sd","B",32,2,"I made  that mistake when I first got a job  /","I/PRP made/VBD that/DT mistake/NN when/WRB I/PRP first/RB got/VBD a/DT job/NN","(S (NP-SBJ (PRP I)) (VP (VBD made) (NP (DT that) (NN mistake)) (SBAR-TMP (WHADVP-1 (WRB when)) (S (NP-SBJ (PRP I)) (ADVP (RB first)) (VP (VBD got) (NP (DT a) (NN job)) (ADVP-TMP (-NONE- *T*-1)))))) (-DFL- E_S))","75",109.01675,114.774375,"I made  that mistake when I first got a job  ","I/PRP made/VBD that/DT mistake/NN when/WRB I/PRP first/RB got/VBD a/DT job/NN"
"49","sw06utt/sw_0600_2883.utt","2/sw2883",2883,48,"%","B",32,3,"{C and } that's kind of like, - /","and/CC that/DT 's/BES kind/RB of/RB like/IN ,/,","(S (CC and) (NP-SBJ (DT that)) (VP-UNF (BES 's) (ADVP (RB kind) (RB of)) (INTJ (IN like))) (, ,) (-DFL- N_S))","76",109.01675,114.774375," and  that's kind of like,  ","and/CC that/DT 's/BES kind/RB of/RB like/IN ,/,"
"50","sw06utt/sw_0600_2883.utt","2/sw2883",2883,49,"sd","B",32,4,"it took me quite a while to pay them off, /","it/PRP took/VBD me/PRP quite/PDT a/DT while/NN to/TO pay/VB them/PRP off/RP ,/,","(S (NP-SBJ (NP (PRP it)) (S (-NONE- *EXP*-1))) (VP (VBD took) (NP (PRP me)) (NP-TMP (PDT quite) (DT a) (NN while)) (S-1 (NP-SBJ (-NONE- *)) (VP (TO to) (VP (VB pay) (NP (PRP them)) (PRT (RP off)))))) (, ,) (-DFL- E_S))","77",109.01675,114.774375,"it took me quite a while to pay them off, ","it/PRP took/VBD me/PRP quite/PDT a/DT while/NN to/TO pay/VB them/PRP off/RP ,/,"
"51","sw06utt/sw_0600_2883.utt","2/sw2883",2883,50,"b","A",33,1,"Uh-huh. /","Uh-huh/UH ./.","(INTJ (UH Uh-huh) (. .) (-DFL- E_S))","79",114.940125,115.547125,"Uhhuh. ","Uhhuh/UH ./."
"52","sw06utt/sw_0600_2883.utt","2/sw2883",2883,51,"sd","B",34,1,"{C so } [ af-, +  after ] that I decided,  {D well, } I'm not going to use them at all, and  just try to pay cash for everything  /","so/RB af-/IN ,/, after/IN that/DT I/PRP decided/VBD ,/, well/UH ,/, I/PRP 'm/VBP not/RB going/VBG to/TO use/VB them/PRP at/IN all/DT ,/, and/CC just/RB try/VB to/TO pay/VB cash/NN for/IN everything/NN","(S (RB so) (EDITED (RM (-DFL- \[)) (PP-TMP-UNF (IN af-)) (, ,) (IP (-DFL- \+))) (PP-TMP (IN after) (RS (-DFL- \])) (NP (DT that))) (NP-SBJ (PRP I)) (VP (VBD decided) (, ,) (S-SEZ (INTJ (UH well)) (, ,) (NP-SBJ-1 (PRP I)) (VP (VBP 'm) (RB not) (VP (VBG going) (S (NP-SBJ-2 (-NONE- *-1)) (VP (TO to) (VP (VP (VB use) (NP (PRP them)) (ADVP (IN at) (DT all))) (, ,) (CC and) (VP (ADVP (RB just)) (VB try) (S (NP-SBJ (-NONE- *-2)) (VP (TO to) (VP (VB pay) (NP (NN cash)) (PP (IN for) (NP (NN everything)))))))))))))) (-DFL- E_S))","81",115.3805,129.08325," so   af,   after  that I decided,   well,  I'm not going to use them at all, and  just try to pay cash for everything  ","so/RB af/IN ,/, after/IN that/DT I/PRP decided/VBD ,/, well/UH ,/, I/PRP 'm/VBP not/RB going/VBG to/TO use/VB them/PRP at/IN all/DT ,/, and/CC just/RB try/VB to/TO pay/VB cash/NN for/IN everything/NN"
"53","sw06utt/sw_0600_2883.utt","2/sw2883",2883,52,"sd","B",34,2,"{C and } that worked for a while  /","and/CC that/DT worked/VBD for/IN a/DT while/NN","(S (CC and) (NP-SBJ (DT that)) (VP (VBD worked) (PP-TMP (IN for) (NP (DT a) (NN while)))) (-DFL- E_S))","82",115.3805,129.08325," and  that worked for a while  ","and/CC that/DT worked/VBD for/IN a/DT while/NN"
"54","sw06utt/sw_0600_2883.utt","2/sw2883",2883,53,"sd","B",34,3,"{C and then } we got married  /","and/CC then/RB we/PRP got/VBD married/VBN","(S (CONJP (CC and) (RB then)) (NP-SBJ (PRP we)) (VP (VBD got) (VP (VBN married))) (-DFL- E_S))","83",115.3805,129.08325," and then  we got married  ","and/CC then/RB we/PRP got/VBD married/VBN"
"55","sw06utt/sw_0600_2883.utt","2/sw2883",2883,54,"sd","B",34,4,"{C so } we decided [ to, +   {D you know, } if ] we used them we would pay them off as we go. /","so/RB we/PRP decided/VBD to/TO ,/, you/PRP know/VBP ,/, if/IN we/PRP used/VBD them/PRP we/PRP would/MD pay/VB them/PRP off/RP as/IN we/PRP go/VBP ./.","(S (RB so) (NP-SBJ (PRP we)) (VP (VBD decided) (SBAR (-NONE- 0) (S (EDITED (RM (-DFL- \[)) (VP-UNF (TO to)) (, ,) (IP (-DFL- \+))) (PRN (S (NP-SBJ (PRP you)) (VP (VBP know))) (, ,)) (SBAR-ADV (IN if) (RS (-DFL- \])) (S (NP-SBJ (PRP we)) (VP (VBD used) (NP (PRP them))))) (NP-SBJ (PRP we)) (VP (MD would) (VP (VB pay) (NP (PRP them)) (PRT (RP off)) (SBAR-TMP (IN as) (S (NP-SBJ (PRP we)) (VP (VBP go))))))))) (. .) (-DFL- E_S))","84",115.3805,129.08325," so  we decided  to,     you know,  if  we used them we would pay them off as we go. ","so/RB we/PRP decided/VBD to/TO ,/, you/PRP know/VBP ,/, if/IN we/PRP used/VBD them/PRP we/PRP would/MD pay/VB them/PRP off/RP as/IN we/PRP go/VBP ./."
"56","sw06utt/sw_0600_2883.utt","2/sw2883",2883,55,"b","A",35,1,"Right. /","Right/UH ./.","(INTJ (UH Right) (. .) (-DFL- E_S))","69",128.94575,129.71725,"Right. ","Right/UH ./."
"57","sw06utt/sw_0600_2883.utt","2/sw2883",2883,56,"%","B",36,1,"{D So, } -/","So/UH ,/,","(INTJ (UH So) (, ,) (-DFL- N_S))","88",129.08325,129.6525," So,  ","So/UH ,/,"
"58","sw06utt/sw_0600_2883.utt","2/sw2883",2883,57,"b^r","A",37,1,"Right.  /","Right/UH ./.","(INTJ (UH Right) (. .) (-DFL- E_S))","69",130.1655,154.79725,"Right.  ","Right/UH ./."
"59","sw06utt/sw_0600_2883.utt","2/sw2883",2883,58,"sv","A",37,2,"That can be very handy under  those kind of circumstances.  /","That/DT can/MD be/VB very/RB handy/JJ under/IN those/DT kind/NN of/IN circumstances/NNS ./.","(S (NP-SBJ (DT That)) (VP (MD can) (VP (VB be) (ADJP-PRD (RB very) (JJ handy)) (PP (IN under) (NP (NP (DT those) (NN kind)) (PP (IN of) (NP (NNS circumstances))))))) (. .) (-DFL- E_S))","91",130.1655,154.79725,"That can be very handy under  those kind of circumstances.  ","That/DT can/MD be/VB very/RB handy/JJ under/IN those/DT kind/NN of/IN circumstances/NNS ./."
"60","sw06utt/sw_0600_2883.utt","2/sw2883",2883,59,"sv","A",37,3,"The other thing about them is too, [ if you really don't, +  you really need ] to get some and use them because if you have never  used them [ and developed, +  and  haven't developed ] a credit thing.   It stops you from doing a lot of things.  /","The/DT other/JJ thing/NN about/IN them/PRP is/VBZ too/RB ,/, if/IN you/PRP really/RB do/VBP n't/RB ,/, you/PRP really/RB need/VBP to/TO get/VB some/DT and/CC use/VB them/PRP because/IN if/IN you/PRP have/VBP never/RB used/VBN them/PRP and/CC developed/VBN ,/, and/CC have/VBP n't/RB developed/VBN a/DT credit/NN thing/NN ./. It/PRP stops/VBZ you/PRP from/IN doing/VBG a/DT lot/NN of/IN things/NNS ./.","(S (NP-SBJ (NP (DT The) (JJ other) (NN thing)) (PP (IN about) (NP (PRP them)))) (VP (VBZ is) (ADVP (RB too)) (, ,) (SBAR-PRD (-NONE- 0) (S (EDITED (RM (-DFL- \[)) (SBAR-ADV (IN if) (S (NP-SBJ (PRP you)) (ADVP (RB really)) (VP-UNF (VBP do) (RB n't)))) (, ,) (IP (-DFL- \+))) (NP-SBJ-1 (PRP you)) (ADVP (RB really)) (VP (VBP need) (RS (-DFL- \])) (S (NP-SBJ (-NONE- *-1)) (VP (TO to) (VP (VP (VB get) (NP (DT some))) (CC and) (VP (VB use) (NP (PRP them))) (SBAR-PRP (IN because) (S (SBAR-ADV (IN if) (S (NP-SBJ (PRP you)) (VP (VP (VBP have) (ADVP-TMP (RB never)) (VP (VBN used) (NP (PRP them)))) (EDITED (RM (-DFL- \[)) (CC and) (VP (VBN developed))) (, ,) (IP (-DFL- \+)) (CC and) (VP (VBP have) (RB n't) (VP (VBN developed) (RS (-DFL- \])) (NP (DT a) (NN credit) (NN thing))))))) (. .) (NP-SBJ (PRP It)) (VP (VBZ stops) (NP-2 (PRP you)) (PP (IN from) (S-NOM (NP-SBJ (-NONE- *-2)) (VP (VBG doing) (NP (NP (DT a) (NN lot)) (PP (IN of) (NP (NNS things))))))))))))))))) (. .) (-DFL- E_S))","92",130.1655,154.79725,"The other thing about them is too,  if you really don't,   you really need  to get some and use them because if you have never  used them  and developed,   and  haven't developed  a credit thing.   It stops you from doing a lot of things.  ","The/DT other/JJ thing/NN about/IN them/PRP is/VBZ too/RB ,/, if/IN you/PRP really/RB do/VBP n't/RB ,/, you/PRP really/RB need/VBP to/TO get/VB some/DT and/CC use/VB them/PRP because/IN if/IN you/PRP have/VBP never/RB used/VBN them/PRP and/CC developed/VBN ,/, and/CC have/VBP n't/RB developed/VBN a/DT credit/NN thing/NN ./. It/PRP stops/VBZ you/PRP from/IN doing/VBG a/DT lot/NN of/IN things/NNS ./."
"61","sw06utt/sw_0600_2883.utt","2/sw2883",2883,60,"sd","A",37,4,"[ If you, +","If/IN you/PRP ,/,","(S (SBAR-ADV (EDITED (RM (-DFL- \[)) (SBAR-ADV (IN If) (S-UNF (NP-SBJ (PRP you)))) (, ,) (IP (-DFL- \+))) (IN if) (S (NP-SBJ (PRP you)) (RS (-DFL- \])) (VP (VBP pay) (PP (IN for) (NP (NN everything))) (PP (IN by) (NP (NN cash)))))) (, ,) (INTJ (UH uh)) (, ,) (NP-SBJ (EX there)) (VP (VBZ is) (NP-PRD (NP (DT a) (NN lot)) (PP (IN of) (NP (NNS things))) (SBAR (WHNP (WDT that)) (S-UNF (NP-SBJ (NP (DT a) (NN lot)) (PP (IN of) (NP (NP (NNS people)) (SBAR (WHNP-2 (WP who)) (S (NP-SBJ (-NONE- *T*-2)) (VP (MD will) (RB not) (VP (VB give) (NP (PRP you)) (NP (NN credit)) (SBAR-TMP (WHADVP-1 (WRB when)) (S (NP-SBJ (PRP you)) (VP (VBP need) (NP (NP (NN something)) (PP (IN like) (NP (NP (DT a) (NN house)) (CC or) (, ,) (NP (DT a) (NN car))))) (ADVP-TMP (-NONE- *T*-1)))))))))))))))) (. .) (-DFL- E_S))","93",130.1655,154.79725," If you, ","If/IN you/PRP ,/,"
"62","sw06utt/sw_0600_2883.utt","2/sw2883",2883,61,"b","B",38,1,"Right. /","Right/UH ./.","(INTJ (UH Right) (. .) (-DFL- E_S))","69",145.23375,145.77375,"Right. ","Right/UH ./."
"63","sw06utt/sw_0600_2883.utt","2/sw2883",2883,62,"+","A",39,1,"if you ] pay for everything by cash,  {F uh, } there is a lot of things that a lot of people who will not give you credit  when you need something like a house or,","if/IN you/PRP pay/VBP for/IN everything/NN by/IN cash/NN ,/, uh/UH ,/, there/EX is/VBZ a/DT lot/NN of/IN things/NNS that/WDT a/DT lot/NN of/IN people/NNS who/WP will/MD not/RB give/VB you/PRP credit/NN when/WRB you/PRP need/VBP something/NN like/IN a/DT house/NN or/CC ,/,","(S (SBAR-ADV (EDITED (RM (-DFL- \[)) (SBAR-ADV (IN If) (S-UNF (NP-SBJ (PRP you)))) (, ,) (IP (-DFL- \+))) (IN if) (S (NP-SBJ (PRP you)) (RS (-DFL- \])) (VP (VBP pay) (PP (IN for) (NP (NN everything))) (PP (IN by) (NP (NN cash)))))) (, ,) (INTJ (UH uh)) (, ,) (NP-SBJ (EX there)) (VP (VBZ is) (NP-PRD (NP (DT a) (NN lot)) (PP (IN of) (NP (NNS things))) (SBAR (WHNP (WDT that)) (S-UNF (NP-SBJ (NP (DT a) (NN lot)) (PP (IN of) (NP (NP (NNS people)) (SBAR (WHNP-2 (WP who)) (S (NP-SBJ (-NONE- *T*-2)) (VP (MD will) (RB not) (VP (VB give) (NP (PRP you)) (NP (NN credit)) (SBAR-TMP (WHADVP-1 (WRB when)) (S (NP-SBJ (PRP you)) (VP (VBP need) (NP (NP (NN something)) (PP (IN like) (NP (NP (DT a) (NN house)) (CC or) (, ,) (NP (DT a) (NN car))))) (ADVP-TMP (-NONE- *T*-1)))))))))))))))) (. .) (-DFL- E_S))","93",NA,NA,"if you  pay for everything by cash,   uh,  there is a lot of things that a lot of people who will not give you credit  when you need something like a house or,","if/IN you/PRP pay/VBP for/IN everything/NN by/IN cash/NN ,/, uh/UH ,/, there/EX is/VBZ a/DT lot/NN of/IN things/NNS that/WDT a/DT lot/NN of/IN people/NNS who/WP will/MD not/RB give/VB you/PRP credit/NN when/WRB you/PRP need/VBP something/NN like/IN a/DT house/NN or/CC ,/,"
"64","sw06utt/sw_0600_2883.utt","2/sw2883",2883,63,"aa","B",40,1,"That's true,  /","That/DT 's/BES true/JJ ,/,","(S (NP-SBJ (DT That)) (VP (BES 's) (ADJP-PRD (JJ true))) (, ,) (-DFL- E_S))","98",153.63325,154.75325,"That's true,  ","That/DT 's/BES true/JJ ,/,"
"65","sw06utt/sw_0600_2883.utt","2/sw2883",2883,64,"aa","B",40,2,"yeah. /","yeah/UH ./.","(INTJ (UH yeah) (. .) (-DFL- E_S))","99",153.63325,154.75325,"yeah. ","yeah/UH ./."
"66","sw06utt/sw_0600_2883.utt","2/sw2883",2883,65,"+","A",41,1,"a car.  /","a/DT car/NN ./.","(S (SBAR-ADV (EDITED (RM (-DFL- \[)) (SBAR-ADV (IN If) (S-UNF (NP-SBJ (PRP you)))) (, ,) (IP (-DFL- \+))) (IN if) (S (NP-SBJ (PRP you)) (RS (-DFL- \])) (VP (VBP pay) (PP (IN for) (NP (NN everything))) (PP (IN by) (NP (NN cash)))))) (, ,) (INTJ (UH uh)) (, ,) (NP-SBJ (EX there)) (VP (VBZ is) (NP-PRD (NP (DT a) (NN lot)) (PP (IN of) (NP (NNS things))) (SBAR (WHNP (WDT that)) (S-UNF (NP-SBJ (NP (DT a) (NN lot)) (PP (IN of) (NP (NP (NNS people)) (SBAR (WHNP-2 (WP who)) (S (NP-SBJ (-NONE- *T*-2)) (VP (MD will) (RB not) (VP (VB give) (NP (PRP you)) (NP (NN credit)) (SBAR-TMP (WHADVP-1 (WRB when)) (S (NP-SBJ (PRP you)) (VP (VBP need) (NP (NP (NN something)) (PP (IN like) (NP (NP (DT a) (NN house)) (CC or) (, ,) (NP (DT a) (NN car))))) (ADVP-TMP (-NONE- *T*-1)))))))))))))))) (. .) (-DFL- E_S))","93",154.79725,163.523125,"a car.  ","a/DT car/NN ./."
"67","sw06utt/sw_0600_2883.utt","2/sw2883",2883,66,"sv","A",41,2,"[ {C So, } + {C so } ] [ they, +   they ] have become a very vital part [ of our, +  of our ] monetary system <laughter>,","So/RB ,/, so/RB they/PRP ,/, they/PRP have/VBP become/VBN a/DT very/RB vital/JJ part/NN of/IN our/PRP$ ,/, of/IN our/PRP$ monetary/JJ system/NN ,/,","(S (EDITED (RM (-DFL- \[)) (RB So) (, ,) (IP (-DFL- \+))) (RB so) (RS (-DFL- \])) (EDITED (RM (-DFL- \[)) (NP-SBJ (PRP they)) (, ,) (IP (-DFL- \+))) (NP-SBJ (PRP they)) (RS (-DFL- \])) (VP (VBP have) (VP (VBN become) (NP-PRD (NP (DT a) (ADJP (RB very) (JJ vital)) (NN part)) (EDITED (RM (-DFL- \[)) (PP (IN of) (NP-UNF (PRP$ our))) (, ,) (IP (-DFL- \+))) (PP (IN of) (NP (PRP$ our) (RS (-DFL- \])) (JJ monetary) (NN system)))) (, ,) (PP-TMP (IN over) (NP (DT the) (JJ last) (JJ few) (NNS years))))) (. .) (-DFL- E_S))","101",154.79725,163.523125,"  So,    so    they,    they  have become a very vital part  of our,   of our  monetary system laughter,","So/RB ,/, so/RB they/PRP ,/, they/PRP have/VBP become/VBN a/DT very/RB vital/JJ part/NN of/IN our/PRP$ ,/, of/IN our/PRP$ monetary/JJ system/NN ,/,"
"68","sw06utt/sw_0600_2883.utt","2/sw2883",2883,67,"b","B",42,1,"# Uh-huh. # /","Uh-huh/UH ./.","(INTJ (UH Uh-huh) (. .) (-DFL- E_S))","79",161.8245,162.366,"# Uhhuh. # ","Uhhuh/UH ./."
"69","sw06utt/sw_0600_2883.utt","2/sw2883",2883,68,"+","A",43,1,"# over the # last few years.  /","over/IN the/DT last/JJ few/JJ years/NNS ./.","(S (EDITED (RM (-DFL- \[)) (RB So) (, ,) (IP (-DFL- \+))) (RB so) (RS (-DFL- \])) (EDITED (RM (-DFL- \[)) (NP-SBJ (PRP they)) (, ,) (IP (-DFL- \+))) (NP-SBJ (PRP they)) (RS (-DFL- \])) (VP (VBP have) (VP (VBN become) (NP-PRD (NP (DT a) (ADJP (RB very) (JJ vital)) (NN part)) (EDITED (RM (-DFL- \[)) (PP (IN of) (NP-UNF (PRP$ our))) (, ,) (IP (-DFL- \+))) (PP (IN of) (NP (PRP$ our) (RS (-DFL- \])) (JJ monetary) (NN system)))) (, ,) (PP-TMP (IN over) (NP (DT the) (JJ last) (JJ few) (NNS years))))) (. .) (-DFL- E_S))","101",164.223875,174.034,"# over the # last few years.  ","over/IN the/DT last/JJ few/JJ years/NNS ./."
"70","sw06utt/sw_0600_2883.utt","2/sw2883",2883,69,"sv","A",43,2,"{C But, } {F uh, } it's true,  /","But/CC ,/, uh/UH ,/, it/PRP 's/BES true/JJ ,/,","(S (CC But) (, ,) (INTJ (UH uh)) (, ,) (NP-SBJ (PRP it)) (VP (BES 's) (ADJP-PRD (JJ true))) (, ,) (-DFL- E_S))","105",164.223875,174.034," But,   uh,  it's true,  ","But/CC ,/, uh/UH ,/, it/PRP 's/BES true/JJ ,/,"
"71","sw06utt/sw_0600_2883.utt","2/sw2883",2883,70,"sv","A",43,3,"you have to be very careful or you end up, {F uh, } going in the deep end  /","you/PRP have/VBP to/TO be/VB very/RB careful/JJ or/CC you/PRP end/VBP up/RP ,/, uh/UH ,/, going/VBG in/IN the/DT deep/JJ end/NN","(S (NP-SBJ-1 (PRP you)) (VP (VBP have) (S (NP-SBJ (-NONE- *-1)) (VP (TO to) (VP (VB be) (ADJP-PRD (RB very) (JJ careful)))))))|||(S (CC or) (NP-SBJ-2 (PRP you)) (VP (VBP end) (PRT (RP up)) (, ,) (INTJ (UH uh)) (, ,) (S (NP-SBJ (-NONE- *-2)) (VP (VBG going) (PP (IN in) (NP (DT the) (JJ deep) (NN end)))))) (-DFL- E_S))","106|||107",164.223875,174.034,"you have to be very careful or you end up,  uh,  going in the deep end  ","you/PRP have/VBP to/TO be/VB very/RB careful/JJ or/CC you/PRP end/VBP up/RP ,/, uh/UH ,/, going/VBG in/IN the/DT deep/JJ end/NN"
"72","sw06utt/sw_0600_2883.utt","2/sw2883",2883,71,"sv","A",43,4,"[ {C and, } + {F uh, } {C and } ] an awful lot of people are in trouble. /","and/CC ,/, uh/UH ,/, and/CC an/DT awful/JJ lot/NN of/IN people/NNS are/VBP in/IN trouble/NN ./.","(S (EDITED (RM (-DFL- \[)) (CC and) (, ,) (IP (-DFL- \+))) (INTJ (UH uh)) (, ,) (CC and) (RS (-DFL- \])) (NP-SBJ (NP (DT an) (JJ awful) (NN lot)) (PP (IN of) (NP (NNS people)))) (VP (VBP are) (PP-PRD (IN in) (NP (NN trouble)))) (. .) (-DFL- E_S))","108",164.223875,174.034,"  and,    uh,   and   an awful lot of people are in trouble. ","and/CC ,/, uh/UH ,/, and/CC an/DT awful/JJ lot/NN of/IN people/NNS are/VBP in/IN trouble/NN ./."
"73","sw06utt/sw_0600_2883.utt","2/sw2883",2883,72,"b^r","B",44,1,"Uh-huh. /","Uh-huh/UH ./.","(INTJ (UH Uh-huh) (. .) (-DFL- E_S))","79",174.093375,174.96775,"Uhhuh. ","Uhhuh/UH ./."
"74","sw06utt/sw_0600_2883.utt","2/sw2883",2883,73,"sd","A",45,1,"We have a boy living with us who works  for a credit card, {F uh, } company that, - /","We/PRP have/VBP a/DT boy/NN living/VBG with/IN us/PRP who/WP works/VBZ for/IN a/DT credit/NN card/NN ,/, uh/UH ,/, company/NN that/WDT ,/,","(S (NP-SBJ (PRP We)) (VP (VBP have) (NP (NP (DT a) (NN boy)) (VP (VBG living) (PP (IN with) (NP (PRP us)))) (SBAR (WHNP-1 (WP who)) (S (NP-SBJ (-NONE- *T*-1)) (VP (VBZ works) (PP (IN for) (NP (NP (DT a) (NN credit) (NN card) (, ,) (INTJ (UH uh)) (, ,) (NN company)) (SBAR-UNF (WHNP (WDT that)))))))))) (, ,) (-DFL- N_S))","112",174.372375,186.594375,"We have a boy living with us who works  for a credit card,  uh,  company that,  ","We/PRP have/VBP a/DT boy/NN living/VBG with/IN us/PRP who/WP works/VBZ for/IN a/DT credit/NN card/NN ,/, uh/UH ,/, company/NN that/WDT ,/,"
"75","sw06utt/sw_0600_2883.utt","2/sw2883",2883,74,"sd","A",45,2,"{C and } he makes calls to people who have problems,  {D you know, } credit problems,","and/CC he/PRP makes/VBZ calls/NNS to/IN people/NNS who/WP have/VBP problems/NNS ,/, you/PRP know/VBP ,/, credit/NN problems/NNS ,/,","(S (CC and) (NP-SBJ (PRP he)) (VP (VBZ makes) (NP (NNS calls)) (PP (IN to) (NP (NP (NNS people)) (SBAR (WHNP-1 (WP who)) (S (NP-SBJ (-NONE- *T*-1)) (VP (VBP have) (NP (NP (NP (NNS problems)) (PRN (, ,) (S (NP-SBJ (PRP you)) (VP (VBP know))) (, ,)) (NP (NN credit) (NNS problems))) (, ,) (SBAR (WHNP-2 (WDT that)) (S (NP-SBJ-3 (-NONE- *T*-2)) (VP (VBP are) (VP (VBG trying) (S (NP-SBJ (-NONE- *-3)) (VP (TO to) (VP (VB work) (PRT (RP out)))))))))))))))) (-DFL- E_S))","113",174.372375,186.594375," and  he makes calls to people who have problems,   you know,  credit problems,","and/CC he/PRP makes/VBZ calls/NNS to/IN people/NNS who/WP have/VBP problems/NNS ,/, you/PRP know/VBP ,/, credit/NN problems/NNS ,/,"
"76","sw06utt/sw_0600_2883.utt","2/sw2883",2883,75,"b","B",46,1,"Huh-uh. /","Huh-uh/UH ./.","(INTJ (UH Huh-uh) (. .) (-DFL- E_S))","115",185.115375,185.700875,"Huhuh. ","Huhuh/UH ./."
"77","sw06utt/sw_0600_2883.utt","2/sw2883",2883,76,"+","A",47,1,"that are trying to work out  /","that/WDT are/VBP trying/VBG to/TO work/VB out/RP","(S (CC and) (NP-SBJ (PRP he)) (VP (VBZ makes) (NP (NNS calls)) (PP (IN to) (NP (NP (NNS people)) (SBAR (WHNP-1 (WP who)) (S (NP-SBJ (-NONE- *T*-1)) (VP (VBP have) (NP (NP (NP (NNS problems)) (PRN (, ,) (S (NP-SBJ (PRP you)) (VP (VBP know))) (, ,)) (NP (NN credit) (NNS problems))) (, ,) (SBAR (WHNP-2 (WDT that)) (S (NP-SBJ-3 (-NONE- *T*-2)) (VP (VBP are) (VP (VBG trying) (S (NP-SBJ (-NONE- *-3)) (VP (TO to) (VP (VB work) (PRT (RP out)))))))))))))))) (-DFL- E_S))","113",187.347125,194.3235,"that are trying to work out  ","that/WDT are/VBP trying/VBG to/TO work/VB out/RP"
"78","sw06utt/sw_0600_2883.utt","2/sw2883",2883,77,"sd","A",47,2,"{C and, } {F uh, } <laughter>. Poor thing he comes home very depressed every night <laughter>,","and/CC ,/, uh/UH ,/, ./. Poor/JJ thing/NN he/PRP comes/VBZ home/RB very/RB depressed/JJ every/DT night/NN ,/,","(S (CC and) (, ,) (INTJ (UH uh)) (, ,) (. .) (NP-TPC (JJ Poor) (NN thing)) (NP-SBJ (PRP he)) (VP (VBZ comes) (ADVP-DIR (RB home)) (S-ADV (NP-SBJ (-NONE- *)) (ADJP-PRD (RB very) (JJ depressed)) (NP-TMP (DT every) (NN night)) (, ,) (SBAR-PRP (IN because) (S (NP-SBJ (DT the) (NN world)) (VP (VBZ has) (NP (NP (ADJP (RB so) (JJ many)) (NNS problems)) (PP (IN of) (NP (DT that) (NN sort))))))))) (, ,) (-DFL- E_S))","117",187.347125,194.3235," and,   uh,  laughter. Poor thing he comes home very depressed every night laughter,","and/CC ,/, uh/UH ,/, ./. Poor/JJ thing/NN he/PRP comes/VBZ home/RB very/RB depressed/JJ every/DT night/NN ,/,"
"79","sw06utt/sw_0600_2883.utt","2/sw2883",2883,78,"b","B",48,1,"Oh. /","Oh/UH ./.","(INTJ (UH Oh) (. .) (-DFL- E_S))","119",191.584375,192.2345,"Oh. ","Oh/UH ./."
"80","sw06utt/sw_0600_2883.utt","2/sw2883",2883,79,"+","A",49,1,"because the world has so  many problems of that sort,  /","because/IN the/DT world/NN has/VBZ so/RB many/JJ problems/NNS of/IN that/DT sort/NN ,/,","(S (CC and) (, ,) (INTJ (UH uh)) (, ,) (. .) (NP-TPC (JJ Poor) (NN thing)) (NP-SBJ (PRP he)) (VP (VBZ comes) (ADVP-DIR (RB home)) (S-ADV (NP-SBJ (-NONE- *)) (ADJP-PRD (RB very) (JJ depressed)) (NP-TMP (DT every) (NN night)) (, ,) (SBAR-PRP (IN because) (S (NP-SBJ (DT the) (NN world)) (VP (VBZ has) (NP (NP (ADJP (RB so) (JJ many)) (NNS problems)) (PP (IN of) (NP (DT that) (NN sort))))))))) (, ,) (-DFL- E_S))","117",194.3235,204.18375,"because the world has so  many problems of that sort,  ","because/IN the/DT world/NN has/VBZ so/RB many/JJ problems/NNS of/IN that/DT sort/NN ,/,"
"81","sw06utt/sw_0600_2883.utt","2/sw2883",2883,80,"sv","A",49,2,"{D so } [ [ [ it's, +","so/UH it/PRP 's/BES ,/,","(S (INTJ (UH so)) (EDITED (RM (-DFL- \[)) (EDITED (RM (-DFL- \[)) (EDITED (RM (-DFL- \[)) (S (NP-SBJ (PRP it)) (VP-UNF (BES 's))) (, ,) (IP (-DFL- \+))) (S (NP-SBJ (PRP it)) (VP-UNF (BES 's))) (, ,) (RS (-DFL- \])) (IP (-DFL- \+))) (S (INTJ (UH uh)) (, ,) (NP-SBJ (PRP it)) (VP-UNF (BES 's))) (, ,) (RS (-DFL- \])) (IP (-DFL- \+))) (INTJ (UH uh)) (, ,) (NP-SBJ (PRP it)) (VP (VP (BES 's) (RS (-DFL- \])) (NP-PRD (DT a) (ADJP (RB really) (JJ big)) (NN problem))) (PRN (S (NP-SBJ (PRP I)) (VP (VBP think))) (, ,)) (CC and) (, ,) (INTJ (UH um)) (, ,) (VP (VBZ takes) (NP-1 (JJ mature) (NNS people)) (S-PRP (NP-SBJ (-NONE- *-1)) (EDITED (RM (-DFL- \[)) (VP-UNF (TO to)) (, ,) (IP (-DFL- \+))) (VP (TO to) (RS (-DFL- \])) (VP (VB treat) (NP (PRP it)))))) (, ,) (INTJ (UH uh))) (, ,) (-DFL- E_S))","121",194.3235,204.18375," so     it's, ","so/UH it/PRP 's/BES ,/,"
"82","sw06utt/sw_0600_2883.utt","2/sw2883",2883,81,"b","B",50,1,"Yeah. /","Yeah/UH ./.","(INTJ (UH Yeah) (. .) (-DFL- E_S))","123",194.65375,195.188125,"Yeah. ","Yeah/UH ./."
"83","sw06utt/sw_0600_2883.utt","2/sw2883",2883,82,"+","A",51,1,"it's, ] +  {F uh, } it's, ] +  {F uh, } it's ]  a really big problem I think, and, {F um, } takes mature people [ to, +  to ]  treat it, {F uh, }  /","it/PRP 's/BES ,/, uh/UH ,/, it/PRP 's/BES ,/, uh/UH ,/, it/PRP 's/BES a/DT really/RB big/JJ problem/NN I/PRP think/VBP ,/, and/CC ,/, um/UH ,/, takes/VBZ mature/JJ people/NNS to/TO ,/, to/TO treat/VB it/PRP ,/, uh/UH ,/,","(S (INTJ (UH so)) (EDITED (RM (-DFL- \[)) (EDITED (RM (-DFL- \[)) (EDITED (RM (-DFL- \[)) (S (NP-SBJ (PRP it)) (VP-UNF (BES 's))) (, ,) (IP (-DFL- \+))) (S (NP-SBJ (PRP it)) (VP-UNF (BES 's))) (, ,) (RS (-DFL- \])) (IP (-DFL- \+))) (S (INTJ (UH uh)) (, ,) (NP-SBJ (PRP it)) (VP-UNF (BES 's))) (, ,) (RS (-DFL- \])) (IP (-DFL- \+))) (INTJ (UH uh)) (, ,) (NP-SBJ (PRP it)) (VP (VP (BES 's) (RS (-DFL- \])) (NP-PRD (DT a) (ADJP (RB really) (JJ big)) (NN problem))) (PRN (S (NP-SBJ (PRP I)) (VP (VBP think))) (, ,)) (CC and) (, ,) (INTJ (UH um)) (, ,) (VP (VBZ takes) (NP-1 (JJ mature) (NNS people)) (S-PRP (NP-SBJ (-NONE- *-1)) (EDITED (RM (-DFL- \[)) (VP-UNF (TO to)) (, ,) (IP (-DFL- \+))) (VP (TO to) (RS (-DFL- \])) (VP (VB treat) (NP (PRP it)))))) (, ,) (INTJ (UH uh))) (, ,) (-DFL- E_S))","121",204.18375,208.69225,"it's,     uh,  it's,     uh,  it's   a really big problem I think, and,  um,  takes mature people  to,   to   treat it,  uh,   ","it/PRP 's/BES ,/, uh/UH ,/, it/PRP 's/BES ,/, uh/UH ,/, it/PRP 's/BES a/DT really/RB big/JJ problem/NN I/PRP think/VBP ,/, and/CC ,/, um/UH ,/, takes/VBZ mature/JJ people/NNS to/TO ,/, to/TO treat/VB it/PRP ,/, uh/UH ,/,"
"84","sw06utt/sw_0600_2883.utt","2/sw2883",2883,83,"sv","A",51,2,"[ so that it's, +  so that it's ] a real advantage to you, instead of a disadvantage. /","so/IN that/IN it/PRP 's/BES ,/, so/IN that/IN it/PRP 's/BES a/DT real/JJ advantage/NN to/IN you/PRP ,/, instead/IN of/IN a/DT disadvantage/NN ./.","(SBAR (EDITED (RM (-DFL- \[)) (SBAR (IN so) (IN that) (S (NP-SBJ (PRP it)) (VP-UNF (BES 's)))) (, ,) (IP (-DFL- \+))) (IN so) (IN that) (S (NP-SBJ (PRP it)) (VP (BES 's) (RS (-DFL- \])) (NP-PRD (NP (NP (DT a) (JJ real) (NN advantage)) (PP (IN to) (NP (PRP you)))) (, ,) (CONJP (IN instead) (IN of)) (NP (DT a) (NN disadvantage))))) (. .) (-DFL- E_S))","125",204.18375,208.69225," so that it's,   so that it's  a real advantage to you, instead of a disadvantage. ","so/IN that/IN it/PRP 's/BES ,/, so/IN that/IN it/PRP 's/BES a/DT real/JJ advantage/NN to/IN you/PRP ,/, instead/IN of/IN a/DT disadvantage/NN ./."
"85","sw06utt/sw_0600_2883.utt","2/sw2883",2883,84,"b","B",52,1,"Right.  /","Right/UH ./.","(INTJ (UH Right) (. .) (-DFL- E_S))","127",208.442125,216.023,"Right.  ","Right/UH ./."
"86","sw06utt/sw_0600_2883.utt","2/sw2883",2883,85,"sv","B",52,2,"I think, {F um, } the way the tax  system was, they encouraged people to use credit cards, {D you know, } with a big  write off at the end of the year. /","I/PRP think/VBP ,/, um/UH ,/, the/DT way/NN the/DT tax/NN system/NN was/VBD ,/, they/PRP encouraged/VBD people/NNS to/TO use/VB credit/NN cards/NNS ,/, you/PRP know/VBP ,/, with/IN a/DT big/JJ write/GW off/^NN at/IN the/DT end/NN of/IN the/DT year/NN ./.","(S (NP-SBJ (PRP I)) (VP (VBP think) (, ,) (INTJ (UH um)) (, ,) (SBAR (-NONE- 0) (S (NP-ADV (NP (DT the) (NN way)) (SBAR (WHADVP-1 (-NONE- 0)) (S (NP-SBJ (DT the) (NN tax) (NN system)) (VP (VBD was) (ADVP-PRD-MNR (-NONE- *T*-1)))))) (, ,) (NP-SBJ (PRP they)) (VP (VBD encouraged) (S (NP-SBJ (NNS people)) (VP (TO to) (VP (VB use) (NP (NN credit) (NNS cards)) (PRN (, ,) (S (NP-SBJ (PRP you)) (VP (VBP know))) (, ,)) (PP (IN with) (NP (NP (DT a) (JJ big) (GW write) (^NN off)) (PP-TMP (IN at) (NP (NP (DT the) (NN end)) (PP (IN of) (NP (DT the) (NN year)))))))))))))) (. .) (-DFL- E_S))","128",208.442125,216.023,"I think,  um,  the way the tax  system was, they encouraged people to use credit cards,  you know,  with a big  write off at the end of the year. ","I/PRP think/VBP ,/, um/UH ,/, the/DT way/NN the/DT tax/NN system/NN was/VBD ,/, they/PRP encouraged/VBD people/NNS to/TO use/VB credit/NN cards/NNS ,/, you/PRP know/VBP ,/, with/IN a/DT big/JJ write/GW off/^NN at/IN the/DT end/NN of/IN the/DT year/NN ./."
"87","sw06utt/sw_0600_2883.utt","2/sw2883",2883,86,"b","A",53,1,"Yeah. /","Yeah/UH ./.","(INTJ (UH Yeah) (. .) (-DFL- E_S))","123",216.2475,216.7455,"Yeah. ","Yeah/UH ./."
"88","sw06utt/sw_0600_2883.utt","2/sw2883",2883,87,"sd","B",54,1,"{C But } now, [ it's {D like, } + it's ]   punch money, because <laughter> -- -/","But/CC now/RB ,/, it/PRP 's/BES like/IN ,/, it/PRP 's/BES punch/NN money/NN ,/, because/IN --/:","(S (CC But) (ADVP-TMP (RB now)) (, ,) (EDITED (RM (-DFL- \[)) (S (NP-SBJ (PRP it)) (VP-UNF (BES 's) (INTJ (UH like)))) (, ,) (IP (-DFL- \+))) (NP-SBJ (PRP it)) (VP (BES 's) (RS (-DFL- \])) (NP-PRD (NN punch) (NN money)) (, ,) (SBAR-PRP-UNF (IN because))) (-DFL- N_S))","132",216.528625,218.900875," But  now,  it's  like,   it's    punch money, because laughter  ","But/CC now/RB ,/, it/PRP 's/BES like/IN ,/, it/PRP 's/BES punch/NN money/NN ,/, because/IN /:"
"89","sw06utt/sw_0600_2883.utt","2/sw2883",2883,88,"b","A",55,1,"Right.  /","Right/UH ./.","(INTJ (UH Right) (. .) (-DFL- E_S))","127",218.961625,221.149125,"Right.  ","Right/UH ./."
"90","sw06utt/sw_0600_2883.utt","2/sw2883",2883,89,"bf^g","A",55,2,"It didn't do you any good now, does it? /","It/PRP did/VBD n't/RB do/VB you/PRP any/DT good/JJ now/RB ,/, does/VBZ it/PRP ?/.","(SQ (S (NP-SBJ (PRP It)) (VP (VBD did) (RB n't) (VP (VB do) (NP (PRP you)) (NP (DT any) (JJ good)) (ADVP-TMP (RB now))))) (, ,) (SQ (VBZ does) (NP (PRP it))) (. ?) (-DFL- E_S))","135",218.961625,221.149125,"It didn't do you any good now, does it? ","It/PRP did/VBD n't/RB do/VB you/PRP any/DT good/JJ now/RB ,/, does/VBZ it/PRP ?/."
"91","sw06utt/sw_0600_2883.utt","2/sw2883",2883,90,"%","B",56,1,"-- you cannot, - /","--/: you/PRP can/MD not/RB ,/,","(S (NP-SBJ (PRP you)) (VP-UNF (MD can) (RB not)) (, ,) (-DFL- N_S))","137",219.501,223.210125," you cannot,  ","/: you/PRP can/MD not/RB ,/,"
"92","sw06utt/sw_0600_2883.utt","2/sw2883",2883,91,"na","B",56,2,"right.  /","right/UH ./.","(INTJ (UH right) (. .) (-DFL- E_S))","138",219.501,223.210125,"right.  ","right/UH ./."
"93","sw06utt/sw_0600_2883.utt","2/sw2883",2883,92,"sd","B",56,3,"You cannot write off your interest. /","You/PRP can/MD not/RB write/VB off/RP your/PRP$ interest/NN ./.","(S (NP-SBJ (PRP You)) (VP (MD can) (RB not) (VP (VB write) (PRT (RP off)) (NP (PRP$ your) (NN interest)))) (. .) (-DFL- E_S))","139",219.501,223.210125,"You cannot write off your interest. ","You/PRP can/MD not/RB write/VB off/RP your/PRP$ interest/NN ./."
"94","sw06utt/sw_0600_2883.utt","2/sw2883",2883,93,"sv","A",57,1,"Even before it probably wasn't, though, because [ you didn't get anywhere near as much as what it, +","Even/RB before/IN it/PRP probably/RB was/VBD n't/RB ,/, though/RB ,/, because/IN you/PRP did/VBD n't/RB get/VB anywhere/RB near/RB as/RB much/JJ as/IN what/WP it/PRP ,/,","(S (ADVP-TMP (ADVP (RB Even)) (IN before)) (NP-SBJ (PRP it)) (ADVP (RB probably)) (VP (VBD was) (RB n't) (ADJP-PRD (-NONE- *?*)) (, ,) (ADVP (RB though)) (, ,) (SBAR-PRP (IN because) (S (EDITED (RM (-DFL- \[)) (S (NP-SBJ (PRP you)) (VP (VBD did) (RB n't) (VP (VB get) (NP (NP (ADJP (ADVP (RB anywhere) (RB near)) (RB as) (JJ much))) (SBAR (IN as) (SBAR-NOM (WHNP (WP what)) (S-UNF (NP-SBJ (PRP it))))))))) (, ,) (IP (-DFL- \+))) (NP-SBJ-3 (PRP you)) (VP (VBD did) (RB n't) (VP (VB get) (S (NP-SBJ (-NONE- *-3)) (VP (TO to) (VP (VB claim) (SBAR-NOM (ADVP (RB anywhere) (RB near)) (WHNP-1 (WP what)) (S (NP-SBJ-2 (PRP you)) (RS (-DFL- \])) (VP (VBD ended) (PRT (RP up)) (S (NP-SBJ (-NONE- *-2)) (VP (VBG paying) (NP (-NONE- *T*-1))))))))))))))) (. .) (-DFL- E_S))","141",222.823125,230.64125,"Even before it probably wasn't, though, because  you didn't get anywhere near as much as what it, ","Even/RB before/IN it/PRP probably/RB was/VBD n't/RB ,/, though/RB ,/, because/IN you/PRP did/VBD n't/RB get/VB anywhere/RB near/RB as/RB much/JJ as/IN what/WP it/PRP ,/,"
"95","sw06utt/sw_0600_2883.utt","2/sw2883",2883,94,"b","B",58,1,"Yeah. /","Yeah/UH ./.","(INTJ (UH Yeah) (. .) (-DFL- E_S))","123",227.74875,228.294375,"Yeah. ","Yeah/UH ./."
"96","sw06utt/sw_0600_2883.utt","2/sw2883",2883,95,"+","A",59,1,"you didn't get to claim anywhere  near what you ] ended up paying.  /","you/PRP did/VBD n't/RB get/VB to/TO claim/VB anywhere/RB near/RB what/WP you/PRP ended/VBD up/RP paying/VBG ./.","(S (ADVP-TMP (ADVP (RB Even)) (IN before)) (NP-SBJ (PRP it)) (ADVP (RB probably)) (VP (VBD was) (RB n't) (ADJP-PRD (-NONE- *?*)) (, ,) (ADVP (RB though)) (, ,) (SBAR-PRP (IN because) (S (EDITED (RM (-DFL- \[)) (S (NP-SBJ (PRP you)) (VP (VBD did) (RB n't) (VP (VB get) (NP (NP (ADJP (ADVP (RB anywhere) (RB near)) (RB as) (JJ much))) (SBAR (IN as) (SBAR-NOM (WHNP (WP what)) (S-UNF (NP-SBJ (PRP it))))))))) (, ,) (IP (-DFL- \+))) (NP-SBJ-3 (PRP you)) (VP (VBD did) (RB n't) (VP (VB get) (S (NP-SBJ (-NONE- *-3)) (VP (TO to) (VP (VB claim) (SBAR-NOM (ADVP (RB anywhere) (RB near)) (WHNP-1 (WP what)) (S (NP-SBJ-2 (PRP you)) (RS (-DFL- \])) (VP (VBD ended) (PRT (RP up)) (S (NP-SBJ (-NONE- *-2)) (VP (VBG paying) (NP (-NONE- *T*-1))))))))))))))) (. .) (-DFL- E_S))","141",231.453375,237.56175,"you didn't get to claim anywhere  near what you  ended up paying.  ","you/PRP did/VBD n't/RB get/VB to/TO claim/VB anywhere/RB near/RB what/WP you/PRP ended/VBD up/RP paying/VBG ./."
"97","sw06utt/sw_0600_2883.utt","2/sw2883",2883,96,"sd","A",59,2,"{D So, } {D well, } I'm not, - /","So/UH ,/, well/UH ,/, I/PRP 'm/VBP not/RB ,/,","(S (INTJ (UH So)) (, ,) (INTJ (UH well)) (, ,) (NP-SBJ (PRP I)) (VP-UNF (VBP 'm) (RB not)) (, ,) (-DFL- N_S))","145",231.453375,237.56175," So,   well,  I'm not,  ","So/UH ,/, well/UH ,/, I/PRP 'm/VBP not/RB ,/,"
"98","sw06utt/sw_0600_2883.utt","2/sw2883",2883,97,"sd","A",59,3,"other than that, I don't have too much on credit cards  /","other/JJ than/IN that/DT ,/, I/PRP do/VBP n't/RB have/VB too/RB much/JJ on/IN credit/NN cards/NNS","(S (ADJP (JJ other) (PP (IN than) (NP (DT that)))) (, ,) (NP-SBJ (PRP I)) (VP (VBP do) (RB n't) (VP (VB have) (NP (NP (ADJP (RB too) (JJ much))) (PP (IN on) (NP (NN credit) (NNS cards)))))) (-DFL- E_S))","146",231.453375,237.56175,"other than that, I don't have too much on credit cards  ","other/JJ than/IN that/DT ,/, I/PRP do/VBP n't/RB have/VB too/RB much/JJ on/IN credit/NN cards/NNS"
"99","sw06utt/sw_0600_2883.utt","2/sw2883",2883,98,"%","A",59,4,"{C but, } -/","but/CC ,/,","(S-UNF (CC but) (, ,) (-DFL- N_S))","147",231.453375,237.56175," but,  ","but/CC ,/,"
"100","sw06utt/sw_0600_2883.utt","2/sw2883",2883,99,"x","B",60,1,"<Laughter>.","","(INTJ (UH Oh) (. .) (-DFL- E_S))","119",NA,NA,"Laughter.",""
"101","sw06utt/sw_0600_2883.utt","2/sw2883",2883,100,"fc","A",61,1,"It's good to talk to you. /","It/PRP 's/BES good/JJ to/TO talk/VB to/IN you/PRP ./.","(S (NP-SBJ (NP (PRP It)) (S (-NONE- *EXP*-1))) (VP (BES 's) (ADJP-PRD (JJ good)) (S-1 (NP-SBJ (-NONE- *)) (VP (TO to) (VP (VB talk) (PP (IN to) (NP (PRP you))))))) (. .) (-DFL- E_S))","150",238.3585,239.64125,"It's good to talk to you. ","It/PRP 's/BES good/JJ to/TO talk/VB to/IN you/PRP ./."
"102","sw06utt/sw_0600_2883.utt","2/sw2883",2883,101,"fc","B",62,1,"Yeah.  /","Yeah/UH ./.","(INTJ (UH Yeah) (. .) (-DFL- E_S))","123",239.44075,240.845625,"Yeah.  ","Yeah/UH ./."
"103","sw06utt/sw_0600_2883.utt","2/sw2883",2883,102,"fc","B",62,2,"You, too.   /","You/PRP ,/, too/RB ./.","(FRAG (NP (PRP You)) (, ,) (ADVP (RB too)) (. .) (-DFL- E_S))","153",239.44075,240.845625,"You, too.   ","You/PRP ,/, too/RB ./."
"104","sw06utt/sw_0600_2883.utt","2/sw2883",2883,103,"fc","B",62,3,"Thanks for calling. /","Thanks/UH for/IN calling/VBG ./.","(FRAG (INTJ (UH Thanks)) (PP (IN for) (S-NOM (NP-SBJ (-NONE- *)) (VP (VBG calling)))) (. .) (-DFL- E_S))","154",239.44075,240.845625,"Thanks for calling. ","Thanks/UH for/IN calling/VBG ./."
"105","sw06utt/sw_0600_2883.utt","2/sw2883",2883,104,"fc","A",63,1,"Uh-huh,  /","Uh-huh/UH ,/,","(INTJ (UH Uh-huh) (, ,) (-DFL- E_S))","156",240.478125,241.329125,"Uhhuh,  ","Uhhuh/UH ,/,"
"106","sw06utt/sw_0600_2883.utt","2/sw2883",2883,105,"fc","A",63,2,"bye now </TV>. /","bye/UH now/RB ./.","(FRAG (INTJ (UH bye)) (ADVP-TMP (RB now)) (. .) (-DFL- E_S))","157",240.478125,241.329125,"bye now TV. ","bye/UH now/RB ./."
"107","sw06utt/sw_0600_2883.utt","2/sw2883",2883,106,"fc","B",64,1,"Bye. /","Bye/UH ./.","(INTJ (UH Bye) (. .) (-DFL- E_S))","159",240.845625,241.4425,"Bye. ","Bye/UH ./."
