"","swda_filename","ptb_basename","conversation_no","transcript_index","act_tag","caller","turn_index","subutterance_index","text","pos","trees","ptb_treenumbers","start_turn","end_turn","newtext","newpos"
"1","sw01utt/sw_0185_3174.utt","3/sw3174",3174,0,"sd","A",1,1,"{F Uh, } I work at T I  /","[ Uh/UH ] ,/,  [ I/PRP ] work/VBP at/IN  [ T/NNP I/NNP ]","(S (INTJ (UH Uh)) (, ,) (NP-SBJ (PRP I)) (VP (VBP work) (PP-LOC (IN at) (NP (NNP T) (NNP I)))) (-DFL- E_S))",1,0.18,22.43375," Uh,  I work at T I  "," Uh/UH  ,/,   I/PRP  work/VBP at/IN   T/NNP I/NNP "
"2","sw01utt/sw_0185_3174.utt","3/sw3174",3174,1,"sd","A",1,2,"{C and } we have, {F uh, } of course, started [ drug testing, +  {F uh, } <lipsmack> random drug testing ] here  /","and/CC  [ we/PRP ] have/VBP ,/,  [ uh/UH ] ,/, of/IN  [ course/NN ] ,/, started/VBN  [ drug/NN testing/NN ] ,/,  [ uh/UH ] ,/,  [ random/JJ drug/NN ] testing/NN here/RB","(S (CC and) (NP-SBJ (PRP we)) (VP (VBP have) (, ,) (INTJ (UH uh)) (, ,) (PP (IN of) (NP (NN course))) (, ,) (VP (VBN started) (EDITED (RM (-DFL- \[)) (NP (NN drug) (NN testing)) (, ,) (IP (-DFL- \+))) (INTJ (UH uh)) (, ,) (NP (JJ random) (NN drug) (NN testing)) (RS (-DFL- \])) (ADVP-LOC (RB here)))) (-DFL- E_S))",2,0.18,22.43375," and  we have,  uh,  of course, started  drug testing,    uh,  lipsmack random drug testing  here  ","and/CC   we/PRP  have/VBP ,/,   uh/UH  ,/, of/IN   course/NN  ,/, started/VBN   drug/NN testing/NN  ,/,   uh/UH  ,/,   random/JJ drug/NN  testing/NN here/RB"
"3","sw01utt/sw_0185_3174.utt","3/sw3174",3174,2,"sd","A",1,3,"{C and, }  {F uh, } I haven't gotten called yet,  /","and/CC ,/,  [ uh/UH ] ,/,  [ I/PRP ] have/VBP n't/RB gotten/VBN called/VBN yet/RB ,/,","(S (CC and) (, ,) (INTJ (UH uh)) (, ,) (NP-SBJ-1 (PRP I)) (VP (VBP have) (RB n't) (VP (VBN gotten) (VP (VBN called) (NP (-NONE- *-1)) (ADVP-TMP (RB yet))))) (, ,) (-DFL- E_S))",3,0.18,22.43375," and,    uh,  I haven't gotten called yet,  ","and/CC ,/,   uh/UH  ,/,   I/PRP  have/VBP n't/RB gotten/VBN called/VBN yet/RB ,/,"
"4","sw01utt/sw_0185_3174.utt","3/sw3174",3174,3,"sv","A",1,4,"{C but, } {F uh, } I feel that [ it's probably pre-, + it's pretty ]  good [ if, + if ] they feel like there is a vast majority of the people at the company doing drugs. /","but/CC ,/,  [ uh/UH ] ,/,  [ I/PRP ] feel/VBP that/IN  [ it/PRP ] 's/BES probably/RB  [ pre-/RB ] ,/,  [ it/PRP ] 's/BES pretty/RB good/JJ if/IN ,/, if/IN  [ they/PRP ] feel/VBP like/IN  [ there/EX ] is/VBZ  [ a/DT vast/JJ majority/NN ] of/IN  [ the/DT people/NNS ] at/IN  [ the/DT company/NN ] doing/VBG  [ drugs/NNS ] ./.","(S (CC but) (, ,) (INTJ (UH uh)) (, ,) (NP-SBJ (PRP I)) (VP (VBP feel) (SBAR (IN that) (S (EDITED (RM (-DFL- \[)) (S (NP-SBJ (PRP it)) (VP (BES 's) (ADVP (RB probably)) (ADJP-PRD-UNF (RB pre-)))) (, ,) (IP (-DFL- \+))) (NP-SBJ (PRP it)) (VP (BES 's) (ADJP-PRD (RB pretty) (RS (-DFL- \])) (JJ good)) (SBAR-ADV (EDITED (RM (-DFL- \[)) (SBAR-ADV-UNF (IN if)) (, ,) (IP (-DFL- \+))) (IN if) (RS (-DFL- \])) (S (NP-SBJ (PRP they)) (VP (VBP feel) (SBAR (IN like) (S (NP-SBJ (EX there)) (VP (VBZ is) (NP-PRD (NP (DT a) (JJ vast) (NN majority)) (PP (IN of) (NP (NP (DT the) (NNS people)) (PP-LOC (IN at) (NP (DT the) (NN company))))) (VP (VBG doing) (NP (NNS drugs)))))))))))))) (. .) (-DFL- E_S))",4,0.18,22.43375," but,   uh,  I feel that  it's probably pre,  it's pretty   good  if,  if  they feel like there is a vast majority of the people at the company doing drugs. ","but/CC ,/,   uh/UH  ,/,   I/PRP  feel/VBP that/IN   it/PRP  's/BES probably/RB   pre/RB  ,/,   it/PRP  's/BES pretty/RB good/JJ if/IN ,/, if/IN   they/PRP  feel/VBP like/IN   there/EX  is/VBZ   a/DT vast/JJ majority/NN  of/IN   the/DT people/NNS  at/IN   the/DT company/NN  doing/VBG   drugs/NNS  ./."
"5","sw01utt/sw_0185_3174.utt","3/sw3174",3174,4,"qy","B",2,1,"Do they feel that way? /","Do/VBP  [ they/PRP ] feel/VB  [ that/DT way/NN ] ?/.","(SQ (VBP Do) (NP-SBJ (PRP they)) (VP (VB feel) (NP-MNR (DT that) (NN way))) (. ?) (-DFL- E_S))",6,23.433375,24.483375,"Do they feel that way? ","Do/VBP   they/PRP  feel/VB   that/DT way/NN  ?/."
"6","sw01utt/sw_0185_3174.utt","3/sw3174",3174,5,"sd","A",3,1,"{F Uh, } I think that they thought that there was a lot of drug usage here at T I,  /","[ Uh/UH ] ,/,  [ I/PRP ] think/VBP that/IN  [ they/PRP ] thought/VBD that/IN  [ there/EX ] was/VBD  [ a/DT lot/NN ] of/IN  [ drug/NN usage/NN ] here/RB at/IN  [ T/NNP I/NNP ] ,/,","(S (INTJ (UH Uh)) (, ,) (NP-SBJ (PRP I)) (VP (VBP think) (SBAR (IN that) (S (NP-SBJ (PRP they)) (VP (VBD thought) (SBAR (IN that) (S (NP-SBJ (EX there)) (VP (VBD was) (NP-PRD (NP (DT a) (NN lot)) (PP (IN of) (NP (NN drug) (NN usage)))) (ADVP-LOC (RB here) (PP (IN at) (NP (NNP T) (NNP I))))))))))) (, ,) (-DFL- E_S))",8,24.86725,40.611," Uh,  I think that they thought that there was a lot of drug usage here at T I,  "," Uh/UH  ,/,   I/PRP  think/VBP that/IN   they/PRP  thought/VBD that/IN   there/EX  was/VBD   a/DT lot/NN  of/IN   drug/NN usage/NN  here/RB at/IN   T/NNP I/NNP  ,/,"
"7","sw01utt/sw_0185_3174.utt","3/sw3174",3174,6,"sd","A",3,2,"{C but } I think our latest [ sat-, + statistic ] said something like ninety-nine point nine eight percent were, {F uh, } testing negative [ on all the dru-, -- +","but/CC  [ I/PRP ] think/VBP  [ our/PRP$ latest/JJS sat-/NN ] ,/,  [ statistic/NN ] said/VBD  [ something/NN ] like/IN  [ ninety-nine/CD ] point/NN  [ nine/CD eight/CD percent/NN ] were/VBD ,/,  [ uh/UH ] ,/, testing/VBG  [ negative/JJ ] on/IN  [ all/PDT the/DT dru-/NN ] ,/, --/:","(S (CC but) (NP-SBJ (PRP I)) (VP (VBP think) (SBAR (-NONE- 0) (S (NP-SBJ (PRP$ our) (JJS latest) (EDITED (RM (-DFL- \[)) (NN sat-) (, ,) (IP (-DFL- \+))) (NN statistic) (RS (-DFL- \]))) (VP (VBD said) (SBAR (-NONE- 0) (S (NP-SBJ (NP (NN something)) (PP (IN like) (NP (CD ninety-nine) (NN point) (CD nine) (CD eight) (NN percent)))) (VP (VBD were) (, ,) (INTJ (UH uh)) (, ,) (VP (VBG testing) (ADJP-PRD (JJ negative)) (EDITED (RM (-DFL- \[)) (PP (IN on) (NP-UNF (PDT all) (DT the) (NN dru-))) (, ,) (IP (-DFL- \+))) (EDITED (RM (-DFL- \[)) (PP-UNF (IN on)) (, ,) (IP (-DFL- \+))) (PP (IN on) (RS (-DFL- \])) (NP (PDT all) (DT the) (NN testing))))))))))) (. .) (RS (-DFL- \])) (-DFL- E_S))",9,24.86725,40.611," but  I think our latest  sat,  statistic  said something like ninetynine point nine eight percent were,  uh,  testing negative  on all the dru,  ","but/CC   I/PRP  think/VBP   our/PRP$ latest/JJS sat/NN  ,/,   statistic/NN  said/VBD   something/NN  like/IN   ninetynine/CD  point/NN   nine/CD eight/CD percent/NN  were/VBD ,/,   uh/UH  ,/, testing/VBG   negative/JJ  on/IN   all/PDT the/DT dru/NN  ,/, /:"
"8","sw01utt/sw_0185_3174.utt","3/sw3174",3174,7,"b","B",4,1,"Uh-huh. /","[ Uh-huh/UH ] ./.","(INTJ (UH Uh-huh) (. .) (-DFL- E_S))",11,39.348,39.738,"Uhhuh. "," Uhhuh/UH  ./."
"9","sw01utt/sw_0185_3174.utt","3/sw3174",3174,8,"+","A",5,1,"-- [ on, +  on ] all the testing. ] /","--/: on/IN ,/, on/IN  [ all/PDT the/DT testing/NN ] ./.","(S (CC but) (NP-SBJ (PRP I)) (VP (VBP think) (SBAR (-NONE- 0) (S (NP-SBJ (PRP$ our) (JJS latest) (EDITED (RM (-DFL- \[)) (NN sat-) (, ,) (IP (-DFL- \+))) (NN statistic) (RS (-DFL- \]))) (VP (VBD said) (SBAR (-NONE- 0) (S (NP-SBJ (NP (NN something)) (PP (IN like) (NP (CD ninety-nine) (NN point) (CD nine) (CD eight) (NN percent)))) (VP (VBD were) (, ,) (INTJ (UH uh)) (, ,) (VP (VBG testing) (ADJP-PRD (JJ negative)) (EDITED (RM (-DFL- \[)) (PP (IN on) (NP-UNF (PDT all) (DT the) (NN dru-))) (, ,) (IP (-DFL- \+))) (EDITED (RM (-DFL- \[)) (PP-UNF (IN on)) (, ,) (IP (-DFL- \+))) (PP (IN on) (RS (-DFL- \])) (NP (PDT all) (DT the) (NN testing))))))))))) (. .) (RS (-DFL- \])) (-DFL- E_S))",9,NA,NA,"  on,   on  all the testing.  ","/: on/IN ,/, on/IN   all/PDT the/DT testing/NN  ./."
"10","sw01utt/sw_0185_3174.utt","3/sw3174",3174,9,"sv","B",6,1,"<Lipsmack>  {D Well, } [ I, +  I ] think it's a good idea just because I'm opposed to --","Well/UH ,/,  [ I/PRP ] ,/,  [ I/PRP ] think/VBP  [ it/PRP ] 's/BES  [ a/DT good/JJ idea/NN ] just/RB because/IN  [ I/PRP ] 'm/VBP opposed/JJ to/IN --/:","(S (INTJ (UH Well)) (, ,) (EDITED (RM (-DFL- \[)) (NP-SBJ (PRP I)) (, ,) (IP (-DFL- \+))) (NP-SBJ (PRP I)) (RS (-DFL- \])) (VP (VBP think) (SBAR (-NONE- 0) (S (NP-SBJ (PRP it)) (VP (BES 's) (NP-PRD (DT a) (JJ good) (NN idea))))) (SBAR-PRP (RB just) (IN because) (S (NP-SBJ (PRP I)) (VP (VBP 'm) (ADJP-PRD (JJ opposed) (EDITED (PP-UNF (IN to))) (PP (IN to) (NP (DT the) (NNS drugs)))))))) (. .) (-DFL- E_S))",14,41.213625,45.493625,"Lipsmack   Well,   I,   I  think it's a good idea just because I'm opposed to ","Well/UH ,/,   I/PRP  ,/,   I/PRP  think/VBP   it/PRP  's/BES   a/DT good/JJ idea/NN  just/RB because/IN   I/PRP  'm/VBP opposed/JJ to/IN /:"
"11","sw01utt/sw_0185_3174.utt","3/sw3174",3174,10,"b","A",7,1,"Uh-huh. /","[ Uh-huh/UH ] ./.","(INTJ (UH Uh-huh) (. .) (-DFL- E_S))",11,44.873875,45.183875,"Uhhuh. "," Uhhuh/UH  ./."
"12","sw01utt/sw_0185_3174.utt","3/sw3174",3174,11,"+","B",8,1,"-- to the drugs.  /","--/: to/IN  [ the/DT drugs/NNS ] ./.","(S (INTJ (UH Well)) (, ,) (EDITED (RM (-DFL- \[)) (NP-SBJ (PRP I)) (, ,) (IP (-DFL- \+))) (NP-SBJ (PRP I)) (RS (-DFL- \])) (VP (VBP think) (SBAR (-NONE- 0) (S (NP-SBJ (PRP it)) (VP (BES 's) (NP-PRD (DT a) (JJ good) (NN idea))))) (SBAR-PRP (RB just) (IN because) (S (NP-SBJ (PRP I)) (VP (VBP 'm) (ADJP-PRD (JJ opposed) (EDITED (PP-UNF (IN to))) (PP (IN to) (NP (DT the) (NNS drugs)))))))) (. .) (-DFL- E_S))",14,45.493625,48.733625," to the drugs.  ","/: to/IN   the/DT drugs/NNS  ./."
"13","sw01utt/sw_0185_3174.utt","3/sw3174",3174,12,"sv","B",8,2,"I think it can cause  a lot of problems even though they think they can handle it. /","[ I/PRP ] think/VBP  [ it/PRP ] can/MD cause/VB  [ a/DT lot/NN ] of/IN  [ problems/NNS ] even/RB though/IN  [ they/PRP ] think/VBP  [ they/PRP ] can/MD handle/VB  [ it/PRP ] ./.","(S (NP-SBJ (PRP I)) (VP (VBP think) (SBAR (-NONE- 0) (S (NP-SBJ (PRP it)) (VP (MD can) (VP (VB cause) (NP (NP (DT a) (NN lot)) (PP (IN of) (NP (NNS problems)))) (SBAR-ADV (RB even) (IN though) (S (NP-SBJ (PRP they)) (VP (VBP think) (SBAR (-NONE- 0) (S (NP-SBJ (PRP they)) (VP (MD can) (VP (VB handle) (NP (PRP it)))))))))))))) (. .) (-DFL- E_S))",18,45.493625,48.733625,"I think it can cause  a lot of problems even though they think they can handle it. "," I/PRP  think/VBP   it/PRP  can/MD cause/VB   a/DT lot/NN  of/IN   problems/NNS  even/RB though/IN   they/PRP  think/VBP   they/PRP  can/MD handle/VB   it/PRP  ./."
"14","sw01utt/sw_0185_3174.utt","3/sw3174",3174,13,"b","A",9,1,"Uh-huh. /","[ Uh-huh/UH ] ./.","(INTJ (UH Uh-huh) (. .) (-DFL- E_S))",11,48.693,48.993,"Uhhuh. "," Uhhuh/UH  ./."
"15","sw01utt/sw_0185_3174.utt","3/sw3174",3174,14,"%","B",10,1,"It's, {F uh, } - /","[ It/PRP ] [ 's/BES ] ,/,  [ uh/UH ] ,/,","(S (NP-SBJ (PRP It)) (VP-UNF (BES 's) (, ,) (INTJ (UH uh))) (, ,) (-DFL- N_S))",22,48.763625,55.936375,"It's,  uh,   "," It/PRP   's/BES  ,/,   uh/UH  ,/,"
"16","sw01utt/sw_0185_3174.utt","3/sw3174",3174,15,"h","B",10,2,"I don't know,  /","[ I/PRP ] do/VBP n't/RB know/VB ,/,","(S (NP-SBJ (PRP I)) (VP (VBP do) (RB n't) (VP (VB know))) (, ,) (-DFL- E_S))",23,48.763625,55.936375,"I don't know,  "," I/PRP  do/VBP n't/RB know/VB ,/,"
"17","sw01utt/sw_0185_3174.utt","3/sw3174",3174,16,"sd","B",10,3,"I don't really liken it to alcohol  /","[ I/PRP ] do/VBP n't/RB really/RB liken/VB  [ it/PRP ] to/IN  [ alcohol/NN ]","(S (NP-SBJ (PRP I)) (VP (VBP do) (RB n't) (ADVP (RB really)) (VP (VB liken) (NP (PRP it)) (PP (IN to) (NP (NN alcohol))))) (-DFL- E_S))",24,48.763625,55.936375,"I don't really liken it to alcohol  "," I/PRP  do/VBP n't/RB really/RB liken/VB   it/PRP  to/IN   alcohol/NN "
"18","sw01utt/sw_0185_3174.utt","3/sw3174",3174,17,"sv","B",10,4,"{C but, }  yet that can be carried to an extreme, too. /","but/CC ,/, yet/RB that/DT can/MD be/VB carried/VBN to/IN  [ an/DT extreme/NN ] ,/, too/RB ./.","(S (CC but) (, ,) (ADVP (RB yet)) (NP-SBJ-1 (DT that)) (VP (MD can) (VP (VB be) (VP (VBN carried) (NP (-NONE- *-1)) (PP (IN to) (NP (DT an) (NN extreme))) (, ,) (ADVP (RB too))))) (. .) (-DFL- E_S))",25,48.763625,55.936375," but,   yet that can be carried to an extreme, too. ","but/CC ,/, yet/RB that/DT can/MD be/VB carried/VBN to/IN   an/DT extreme/NN  ,/, too/RB ./."
"19","sw01utt/sw_0185_3174.utt","3/sw3174",3174,18,"b","A",11,1,"Uh-huh. /","[ Uh-huh/UH ] ./.","(INTJ (UH Uh-huh) (. .) (-DFL- E_S))",11,56.0335,56.3735,"Uhhuh. "," Uhhuh/UH  ./."
"20","sw01utt/sw_0185_3174.utt","3/sw3174",3174,19,"sv","B",12,1,"{C So } I think it's a good idea  /","So/RB  [ I/PRP ] think/VBP  [ it/PRP ] 's/BES  [ a/DT good/JJ idea/NN ]","(S (RB So) (NP-SBJ (PRP I)) (VP (VBP think) (SBAR (-NONE- 0) (S (NP-SBJ (PRP it)) (VP (BES 's) (NP-PRD (DT a) (JJ good) (NN idea)))))) (-DFL- E_S))",29,56.056375,63.776375," So  I think it's a good idea  ","So/RB   I/PRP  think/VBP   it/PRP  's/BES   a/DT good/JJ idea/NN "
"21","sw01utt/sw_0185_3174.utt","3/sw3174",3174,20,"sv","B",12,2,"{C and } I think just the idea [ that + {D you know } that  ] you may be tested --","and/CC  [ I/PRP ] think/VBP just/RB  [ the/DT idea/NN ] that/IN  [ you/PRP ] know/VBP that/IN  [ you/PRP ] may/MD be/VB tested/VBN --/:","(S (CC and) (NP-SBJ (PRP I)) (VP (VBP think) (SBAR (-NONE- 0) (S (NP-SBJ (RB just) (DT the) (NN idea) (SBAR (EDITED (RM (-DFL- \[)) (SBAR-UNF (IN that)) (IP (-DFL- \+))) (PRN (S (NP-SBJ (PRP you)) (VP (VBP know)))) (IN that) (RS (-DFL- \])) (S (NP-SBJ-1 (PRP you)) (VP (MD may) (VP (VB be) (VP (VBN tested) (NP (-NONE- *-1)))))))) (VP (MD might) (VP (VP (VB keep) (NP (PRP you)) (PP (RP off) (PP (IN of) (NP (PRP them))))) (CC or) (VP (VB get) (NP (PRP you)) (PP (IN off) (PP (IN of) (NP (PRP them))))) (SBAR-PRP (IN because) (S (NP-SBJ (PRP you)) (VP-UNF (VBP 're))))))))) (, ,) (-DFL- N_S))",30,56.056375,63.776375," and  I think just the idea  that   you know  that   you may be tested ","and/CC   I/PRP  think/VBP just/RB   the/DT idea/NN  that/IN   you/PRP  know/VBP that/IN   you/PRP  may/MD be/VB tested/VBN /:"
"22","sw01utt/sw_0185_3174.utt","3/sw3174",3174,21,"b","A",13,1,"Right. /","[ Right/UH ] ./.","(INTJ (UH Right) (. .) (-DFL- E_S))",32,60.2225,60.7325,"Right. "," Right/UH  ./."
"23","sw01utt/sw_0185_3174.utt","3/sw3174",3174,22,"+","B",14,1,"-- might keep you off of them  or get you off of them  because you're, - /","--/: might/MD keep/VB  [ you/PRP ] off/RP of/IN  [ them/PRP ] or/CC get/VB  [ you/PRP ] off/IN of/IN  [ them/PRP ] because/IN  [ you/PRP ] 're/VBP ,/,","(S (CC and) (NP-SBJ (PRP I)) (VP (VBP think) (SBAR (-NONE- 0) (S (NP-SBJ (RB just) (DT the) (NN idea) (SBAR (EDITED (RM (-DFL- \[)) (SBAR-UNF (IN that)) (IP (-DFL- \+))) (PRN (S (NP-SBJ (PRP you)) (VP (VBP know)))) (IN that) (RS (-DFL- \])) (S (NP-SBJ-1 (PRP you)) (VP (MD may) (VP (VB be) (VP (VBN tested) (NP (-NONE- *-1)))))))) (VP (MD might) (VP (VP (VB keep) (NP (PRP you)) (PP (RP off) (PP (IN of) (NP (PRP them))))) (CC or) (VP (VB get) (NP (PRP you)) (PP (IN off) (PP (IN of) (NP (PRP them))))) (SBAR-PRP (IN because) (S (NP-SBJ (PRP you)) (VP-UNF (VBP 're))))))))) (, ,) (-DFL- N_S))",30,64.209125,73.03," might keep you off of them  or get you off of them  because you're,  ","/: might/MD keep/VB   you/PRP  off/RP of/IN   them/PRP  or/CC get/VB   you/PRP  off/IN of/IN   them/PRP  because/IN   you/PRP  're/VBP ,/,"
"24","sw01utt/sw_0185_3174.utt","3/sw3174",3174,23,"sd","B",14,2,"I don't know that their job would be at risk,  /","[ I/PRP ] do/VBP n't/RB know/VB  [ that/IN their/PRP$ job/NN ] would/MD be/VB at/IN  [ risk/NN ] ,/,","(S (NP-SBJ (PRP I)) (VP (VBP do) (RB n't) (VP (VB know) (SBAR (IN that) (S (NP-SBJ (PRP$ their) (NN job)) (VP (MD would) (VP (VB be) (PP-PRD (IN at) (NP (NN risk))))))))) (, ,) (-DFL- E_S))",34,64.209125,73.03,"I don't know that their job would be at risk,  "," I/PRP  do/VBP n't/RB know/VB   that/IN their/PRP$ job/NN  would/MD be/VB at/IN   risk/NN  ,/,"
"25","sw01utt/sw_0185_3174.utt","3/sw3174",3174,24,"sd","B",14,3,"{C because } I think they may put <beep> them into some sort of a program to get them off of drugs. /","because/IN  [ I/PRP ] think/VBP  [ they/PRP ] may/MD put/VB  [ them/PRP ] into/IN  [ some/DT sort/NN ] of/IN  [ a/DT program/NN ] to/TO get/VB  [ them/PRP ] off/IN of/IN  [ drugs/NNS ] ./.","(SBAR-PRP (IN because) (S (NP-SBJ (PRP I)) (VP (VBP think) (SBAR (-NONE- 0) (S (NP-SBJ (PRP they)) (VP (MD may) (VP (VB put) (NP (PRP them)) (PP-PUT (IN into) (NP (NP (DT some) (NN sort)) (PP (IN of) (NP (NP (DT a) (NN program)) (SBAR (WHNP-1 (-NONE- 0)) (S (NP-SBJ (-NONE- *T*-1)) (VP (TO to) (VP (VB get) (NP (PRP them)) (PP (IN off) (PP (IN of) (NP (NNS drugs)))))))))))))))))) (. .) (-DFL- E_S))",35,64.209125,73.03," because  I think they may put beep them into some sort of a program to get them off of drugs. ","because/IN   I/PRP  think/VBP   they/PRP  may/MD put/VB   them/PRP  into/IN   some/DT sort/NN  of/IN   a/DT program/NN  to/TO get/VB   them/PRP  off/IN of/IN   drugs/NNS  ./."
"26","sw01utt/sw_0185_3174.utt","3/sw3174",3174,25,"b","A",15,1,"Right. /","[ Right/UH ] ./.","(INTJ (UH Right) (. .) (-DFL- E_S))",32,73.138375,73.888375,"Right. "," Right/UH  ./."
"27","sw01utt/sw_0185_3174.utt","3/sw3174",3174,26,"sv","B",16,1,"I would think  that, - /","[ I/PRP ] would/MD think/VB that/IN ,/,","(S (NP-SBJ (PRP I)) (VP (MD would) (VP (VB think) (NP (IN that)))) (, ,) (-DFL- N_S))",39,73.03,75.77,"I would think  that,  "," I/PRP  would/MD think/VB that/IN ,/,"
"28","sw01utt/sw_0185_3174.utt","3/sw3174",3174,27,"qy","B",16,2,"is that  how they do it at T I maybe.  /","is/VBZ that/DT how/WRB  [ they/PRP ] do/VBP  [ it/PRP ] at/IN  [ T/NNP I/NNP ] maybe/RB ./.","(SQ (VBZ is) (NP-SBJ (DT that)) (SBAR-PRD (WHADVP-1 (WRB how)) (S (NP-SBJ (PRP they)) (VP (VBP do) (NP (PRP it)) (PP-LOC (IN at) (NP (NNP T) (NNP I))) (ADVP-MNR (-NONE- *T*-1)) (ADVP (RB maybe))))) (. .) (-DFL- E_S))",40,73.03,75.77,"is that  how they do it at T I maybe.  ","is/VBZ that/DT how/WRB   they/PRP  do/VBP   it/PRP  at/IN   T/NNP I/NNP  maybe/RB ./."
"29","sw01utt/sw_0185_3174.utt","3/sw3174",3174,28,"%","B",16,3,"# That, # -/","[ That/DT ] ,/,","(S-UNF (NP-SBJ (DT That)) (, ,) (-DFL- N_S))",41,73.03,75.77,"# That, # "," That/DT  ,/,"
"30","sw01utt/sw_0185_3174.utt","3/sw3174",3174,29,"na","A",17,1,"# Right,  /","[ Right/UH ] ,/,","(INTJ (UH Right) (, ,) (-DFL- E_S))",43,75.361,92.102,"# Right,  "," Right/UH  ,/,"
"31","sw01utt/sw_0185_3174.utt","3/sw3174",3174,30,"%","A",17,2,"# I - /","[ I/PRP ]","(S-UNF (NP-SBJ (PRP I)) (-DFL- N_S))",44,75.361,92.102,"# I  "," I/PRP "
"32","sw01utt/sw_0185_3174.utt","3/sw3174",3174,31,"sd","A",17,3,"at T I,  if you get called in  and you test positive for drugs, then you're put on a program  /","at/IN  [ T/NNP I/NNP ] ,/, if/IN  [ you/PRP ] get/VBP called/VBN in/RP and/CC  [ you/PRP ] test/VBP  [ positive/JJ ] for/IN  [ drugs/NNS ] ,/, then/RB  [ you/PRP ] 're/VBP put/VBN on/IN  [ a/DT program/NN ]","(S (PP-LOC (IN at) (NP (NNP T) (NNP I))) (, ,) (SBAR-ADV (IN if) (S (S (NP-SBJ-1 (PRP you)) (VP (VBP get) (VP (VBN called) (NP (-NONE- *-1)) (PRT (RP in))))) (CC and) (S (NP-SBJ (PRP you)) (VP (VBP test) (ADJP-PRD (JJ positive) (PP (IN for) (NP (NNS drugs)))))))) (, ,) (ADVP (RB then)) (NP-SBJ-2 (PRP you)) (VP (VBP 're) (VP (VBN put) (NP (-NONE- *-2)) (PP-PUT (IN on) (NP (DT a) (NN program))))) (-DFL- E_S))",45,75.361,92.102,"at T I,  if you get called in  and you test positive for drugs, then you're put on a program  ","at/IN   T/NNP I/NNP  ,/, if/IN   you/PRP  get/VBP called/VBN in/RP and/CC   you/PRP  test/VBP   positive/JJ  for/IN   drugs/NNS  ,/, then/RB   you/PRP  're/VBP put/VBN on/IN   a/DT program/NN "
"33","sw01utt/sw_0185_3174.utt","3/sw3174",3174,32,"sd","A",17,4,"{C and, }  {F uh, } {D you know, } you go through the program  /","and/CC ,/,  [ uh/UH ] ,/,  [ you/PRP ] know/VBP ,/,  [ you/PRP ] go/VBP through/IN  [ the/DT program/NN ]","(S (CC and) (, ,) (INTJ (UH uh)) (PRN (, ,) (S (NP-SBJ (PRP you)) (VP (VBP know))) (, ,)) (NP-SBJ (PRP you)) (VP (VBP go) (PP (IN through) (NP (DT the) (NN program)))) (-DFL- E_S))",46,75.361,92.102," and,    uh,   you know,  you go through the program  ","and/CC ,/,   uh/UH  ,/,   you/PRP  know/VBP ,/,   you/PRP  go/VBP through/IN   the/DT program/NN "
"34","sw01utt/sw_0185_3174.utt","3/sw3174",3174,33,"sd","A",17,5,"{C and  then } <beep> you're called like six months after   you complete the [ pro-, +  program ] -- /","and/CC then/RB  [ you/PRP ] 're/VBP called/VBN like/UH  [ six/CD months/NNS ] after/IN  [ you/PRP ] complete/VBP  [ the/DT pro-/NN ] ,/,  [ program/NN ] --/:","(S (CONJP (CC and) (RB then)) (NP-SBJ-1 (PRP you)) (VP (VBP 're) (VP (VBN called) (NP (-NONE- *-1)) (INTJ (UH like)) (SBAR-TMP (NP (CD six) (NNS months)) (IN after) (S (NP-SBJ (PRP you)) (VP (VBP complete) (NP (DT the) (EDITED (RM (-DFL- \[)) (NN pro-) (, ,) (IP (-DFL- \+))) (NN program) (RS (-DFL- \])))))))) (-DFL- E_S))",47,75.361,92.102," and  then  beep you're called like six months after   you complete the  pro,   program   ","and/CC then/RB   you/PRP  're/VBP called/VBN like/UH   six/CD months/NNS  after/IN   you/PRP  complete/VBP   the/DT pro/NN  ,/,   program/NN  /:"
"35","sw01utt/sw_0185_3174.utt","3/sw3174",3174,34,"b","B",18,1,"Uh-huh. /","[ Uh-huh/UH ] ./.","(INTJ (UH Uh-huh) (. .) (-DFL- E_S))",16,91.93825,92.44825,"Uhhuh. "," Uhhuh/UH  ./."
"36","sw01utt/sw_0185_3174.utt","3/sw3174",3174,35,"sd","A",19,1,"-- {C and } if you test positive, then you're terminated. /","--/: and/CC if/IN  [ you/PRP ] test/VBP  [ positive/JJ ] ,/, then/RB  [ you/PRP ] 're/VBP terminated/VBN ./.","(S (CC and) (SBAR-ADV (IN if) (S (NP-SBJ (PRP you)) (VP (VBP test) (ADJP-PRD (JJ positive))))) (, ,) (ADVP (RB then)) (NP-SBJ-1 (PRP you)) (VP (VBP 're) (VP (VBN terminated) (NP (-NONE- *-1)))) (. .) (-DFL- E_S))",51,92.182,96.752,"  and  if you test positive, then you're terminated. ","/: and/CC if/IN   you/PRP  test/VBP   positive/JJ  ,/, then/RB   you/PRP  're/VBP terminated/VBN ./."
"37","sw01utt/sw_0185_3174.utt","3/sw3174",3174,36,"sd","B",20,1,"{D Well, } <noise> <lipsmack>, I guess  [ I, +  I ] draw a hard line <laughter>,  /","Well/UH ,/, ,/,  [ I/PRP ] guess/VBP  [ I/PRP ] ,/,  [ I/PRP ] draw/VBP  [ a/DT hard/JJ line/NN ] ,/,","(S (INTJ (UH Well)) (, ,) (, ,) (NP-SBJ (PRP I)) (VP (VBP guess) (SBAR (-NONE- 0) (S (EDITED (RM (-DFL- \[)) (NP-SBJ (PRP I)) (, ,) (IP (-DFL- \+))) (NP-SBJ (PRP I)) (RS (-DFL- \])) (VP (VBP draw) (NP (DT a) (JJ hard) (NN line)))))) (, ,) (-DFL- E_S))",53,97.33475,111.571375," Well,  noise lipsmack, I guess   I,   I  draw a hard line laughter,  ","Well/UH ,/, ,/,   I/PRP  guess/VBP   I/PRP  ,/,   I/PRP  draw/VBP   a/DT hard/JJ line/NN  ,/,"
"38","sw01utt/sw_0185_3174.utt","3/sw3174",3174,37,"sd","B",20,2,"{C but, } {D you know, } [ [ I would, +  I'm, ] + I'm ]  in favor [ of, + of ] that type of thing.","but/CC ,/,  [ you/PRP ] know/VBP ,/,  [ I/PRP ] would/MD ,/,  [ I/PRP ] 'm/VBP ,/,  [ I/PRP ] 'm/VBP in/IN  [ favor/NN ] of/IN ,/, of/IN  [ that/DT type/NN ] of/IN  [ thing/NN ] ./.","(S (CC but) (PRN (, ,) (S (NP-SBJ (PRP you)) (VP (VBP know))) (, ,)) (EDITED (RM (-DFL- \[)) (EDITED (RM (-DFL- \[)) (S (NP-SBJ (PRP I)) (VP-UNF (MD would))) (, ,) (IP (-DFL- \+))) (S (NP-SBJ (PRP I)) (VP-UNF (VBP 'm))) (, ,) (RS (-DFL- \])) (IP (-DFL- \+))) (NP-SBJ (PRP I)) (VP (VBP 'm) (RS (-DFL- \])) (PP-PRD (IN in) (NP (NP (NN favor)) (EDITED (RM (-DFL- \[)) (PP-UNF (IN of)) (, ,) (IP (-DFL- \+))) (PP (IN of) (RS (-DFL- \])) (NP (NP (DT that) (NN type)) (PP (IN of) (NP (NN thing)))))))) (. .))",54,97.33475,111.571375," but,   you know,    I would,   I'm,   I'm   in favor  of,  of  that type of thing.","but/CC ,/,   you/PRP  know/VBP ,/,   I/PRP  would/MD ,/,   I/PRP  'm/VBP ,/,   I/PRP  'm/VBP in/IN   favor/NN  of/IN ,/, of/IN   that/DT type/NN  of/IN   thing/NN  ./."
"39","sw01utt/sw_0185_3174.utt","3/sw3174",3174,38,"b","A",21,1,"Yeah, #  /","Yeah/UH ,/,","(INTJ (UH Yeah) (, ,) (-DFL- E_S))",57,105.534,106.384,"Yeah, #  ","Yeah/UH ,/,"
"40","sw01utt/sw_0185_3174.utt","3/sw3174",3174,39,"b","A",21,2,"uh-huh. # /","[ uh-huh/UH ] ./.","(INTJ (UH uh-huh) (. .) (-DFL- E_S))",58,105.534,106.384,"uhhuh. # "," uhhuh/UH  ./."
"41","sw01utt/sw_0185_3174.utt","3/sw3174",3174,40,"+","B",22,1,"# That,  # {F uh, }  [ you, + <laughter> you ]  have people out there that  are responsible for certain things -- /","[ That/DT ] ,/,  [ uh/UH ] ,/,  [ you/PRP ] ,/,  [ you/PRP ] have/VBP  [ people/NNS ] out/IN  [ there/RB ] [ that/WDT ] are/VBP responsible/JJ for/IN  [ certain/JJ things/NNS ] --/:","(SBAR (DT That) (, ,) (INTJ (UH uh)) (, ,) (S (EDITED (RM (-DFL- \[)) (NP-SBJ (PRP you)) (, ,) (IP (-DFL- \+))) (NP-SBJ (PRP you)) (RS (-DFL- \])) (VP (VBP have) (NP (NP (NNS people)) (PP-LOC (IN out) (ADVP (RB there))) (SBAR (WHNP-1 (WDT that)) (S (NP-SBJ (-NONE- *T*-1)) (VP (VBP are) (ADJP-PRD (JJ responsible) (PP (IN for) (NP (JJ certain) (NNS things)))))))))) (-DFL- E_S))",55,NA,NA,"# That,  #  uh,    you,  laughter you   have people out there that  are responsible for certain things  "," That/DT  ,/,   uh/UH  ,/,   you/PRP  ,/,   you/PRP  have/VBP   people/NNS  out/IN   there/RB   that/WDT  are/VBP responsible/JJ for/IN   certain/JJ things/NNS  /:"
"42","sw01utt/sw_0185_3174.utt","3/sw3174",3174,41,"b","A",23,1,"Uh-huh. /","[ Uh-huh/UH ] ./.","(INTJ (UH Uh-huh) (. .) (-DFL- E_S))",27,111.571625,111.891625,"Uhhuh. "," Uhhuh/UH  ./."
"43","sw01utt/sw_0185_3174.utt","3/sw3174",3174,42,"sd","B",24,1,"-- {C and } you expect them to do their job  /","--/: and/CC  [ you/PRP ] expect/VBP  [ them/PRP ] to/TO do/VB  [ their/PRP$ job/NN ]","(S (CC and) (NP-SBJ (PRP you)) (VP (VBP expect) (S (NP-SBJ (PRP them)) (VP (TO to) (VP (VB do) (NP (PRP$ their) (NN job)))))) (-DFL- E_S))",63,111.571375,121.511375,"  and  you expect them to do their job  ","/: and/CC   you/PRP  expect/VBP   them/PRP  to/TO do/VB   their/PRP$ job/NN "
"44","sw01utt/sw_0185_3174.utt","3/sw3174",3174,43,"sd","B",24,2,"{C and } --","and/CC --/:","(S (CC and) (NP-SBJ (PRP I)) (VP (VBP think) (SBAR (-NONE- 0) (S (NP-SBJ (RB just) (DT the) (NN idea) (SBAR (EDITED (RM (-DFL- \[)) (SBAR-UNF (IN that)) (IP (-DFL- \+))) (PRN (S (NP-SBJ (PRP you)) (VP (VBP know)))) (IN that) (RS (-DFL- \])) (S (NP-SBJ-1 (PRP you)) (VP (MD may) (VP (VB be) (VP (VBN tested) (NP (-NONE- *-1)))))))) (VP (MD might) (VP (VP (VB keep) (NP (PRP you)) (PP (RP off) (PP (IN of) (NP (PRP them))))) (CC or) (VP (VB get) (NP (PRP you)) (PP (IN off) (PP (IN of) (NP (PRP them))))) (SBAR-PRP (IN because) (S (NP-SBJ (PRP you)) (VP-UNF (VBP 're))))))))) (, ,) (-DFL- N_S))",30,111.571375,121.511375," and  ","and/CC /:"
"45","sw01utt/sw_0185_3174.utt","3/sw3174",3174,44,"aa","A",25,1,"That's right. /","[ That/DT ] 's/BES right/JJ ./.","(S (NP-SBJ (DT That)) (VP (BES 's) (ADJP-PRD (JJ right))) (. .) (-DFL- E_S))",66,113.228875,114.168875,"That's right. "," That/DT  's/BES right/JJ ./."
"46","sw01utt/sw_0185_3174.utt","3/sw3174",3174,45,"+","B",26,1,"-- [ it, +  it ] is possible [ that, +   {D you know, } that ] they can't do as good a job, {F uh, } as they might do. /","--/:  [ it/PRP ] ,/,  [ it/PRP ] is/VBZ possible/JJ that/IN ,/,  [ you/PRP ] know/VBP ,/, that/IN  [ they/PRP ] ca/MD n't/RB do/VB as/RB good/JJ  [ a/DT job/NN ] ,/,  [ uh/UH ] ,/, as/IN  [ they/PRP ] might/MD do/VB ./.","(S (CC and) (EDITED (RM (-DFL- \[)) (NP-SBJ (PRP it)) (, ,) (IP (-DFL- \+))) (NP-SBJ (NP (PRP it)) (SBAR (-NONE- *EXP*-1))) (RS (-DFL- \])) (VP (VBZ is) (ADJP-PRD (JJ possible)) (SBAR-1 (EDITED (RM (-DFL- \[)) (SBAR-UNF (IN that)) (, ,) (IP (-DFL- \+))) (PRN (S (NP-SBJ (PRP you)) (VP (VBP know))) (, ,)) (IN that) (RS (-DFL- \])) (S (NP-SBJ (PRP they)) (VP (MD ca) (RB n't) (VP (VB do) (NP (NP (ADJP (RB as) (JJ good)) (DT a) (NN job)) (, ,) (INTJ (UH uh)) (, ,) (SBAR (IN as) (S (NP-SBJ (PRP they)) (VP (MD might) (VP (VB do))))))))))) (. .) (-DFL- E_S))",64,NA,NA,"  it,   it  is possible  that,     you know,  that  they can't do as good a job,  uh,  as they might do. ","/:   it/PRP  ,/,   it/PRP  is/VBZ possible/JJ that/IN ,/,   you/PRP  know/VBP ,/, that/IN   they/PRP  ca/MD n't/RB do/VB as/RB good/JJ   a/DT job/NN  ,/,   uh/UH  ,/, as/IN   they/PRP  might/MD do/VB ./."
"47","sw01utt/sw_0185_3174.utt","3/sw3174",3174,46,"b","A",27,1,"Uh-huh.  /","[ Uh-huh/UH ] ./.","(INTJ (UH Uh-huh) (. .) (-DFL- E_S))",49,122.12075,125.19075,"Uhhuh.  "," Uhhuh/UH  ./."
"48","sw01utt/sw_0185_3174.utt","3/sw3174",3174,47,"sd","A",27,2,"{F Oh, } {C and, }  of course  they can also cause injury to other people. /","Oh/UH ,/, and/CC ,/, of/IN  [ course/NN ] [ they/PRP ] can/MD also/RB cause/VB  [ injury/NN ] to/IN  [ other/JJ people/NNS ] ./.","(S (INTJ (UH Oh)) (, ,) (CC and) (, ,) (PP (IN of) (NP (NN course))) (NP-SBJ (PRP they)) (VP (MD can) (ADVP (RB also)) (VP (VB cause) (NP (NP (NN injury)) (PP (IN to) (NP (JJ other) (NNS people)))))) (. .) (-DFL- E_S))",70,122.12075,125.19075," Oh,   and,   of course  they can also cause injury to other people. ","Oh/UH ,/, and/CC ,/, of/IN   course/NN   they/PRP  can/MD also/RB cause/VB   injury/NN  to/IN   other/JJ people/NNS  ./."
"49","sw01utt/sw_0185_3174.utt","3/sw3174",3174,48,"b","B",28,1,"Uh-huh. /","[ Uh-huh/UH ] ./.","(INTJ (UH Uh-huh) (. .) (-DFL- E_S))",49,125.3075,125.6475,"Uhhuh. "," Uhhuh/UH  ./."
"50","sw01utt/sw_0185_3174.utt","3/sw3174",3174,49,"sd","A",29,1,"[ If they're, + if they're ]  not, {F uh, } {D you know, } fully functional mentally while they're doing their job.  They could cause --","If/IN  [ they/PRP ] 're/VBP ,/, if/IN  [ they/PRP ] 're/VBP not/RB ,/,  [ uh/UH ] ,/,  [ you/PRP ] know/VBP ,/, fully/RB functional/JJ mentally/RB while/IN  [ they/PRP ] 're/VBP doing/VBG  [ their/PRP$ job/NN ] ./.  [ They/PRP ] could/MD cause/VB --/:","(S (SBAR-ADV (EDITED (RM (-DFL- \[)) (SBAR-ADV (IN If) (S (NP-SBJ (PRP they)) (VP-UNF (VBP 're)))) (, ,) (IP (-DFL- \+))) (IN if) (S (NP-SBJ (PRP they)) (VP (VBP 're) (RS (-DFL- \])) (RB not) (, ,) (INTJ (UH uh)) (PRN (, ,) (S (NP-SBJ (PRP you)) (VP (VBP know))) (, ,)) (ADJP-PRD (RB fully) (JJ functional)) (ADVP (RB mentally)) (SBAR-TMP (IN while) (S (NP-SBJ (PRP they)) (VP (VBP 're) (VP (VBG doing) (NP (PRP$ their) (NN job))))))))) (. .) (NP-SBJ (PRP They)) (VP (MD could) (VP (VB cause) (PRN (S (NP-SBJ (PRP you)) (VP (VBP know))) (, ,)) (NP (NP (JJ serious) (NN injury)) (PP (IN to) (EDITED (RM (-DFL- \[)) (NP-UNF (DT oth-)) (, ,) (IP (-DFL- \+))) (NP (DT another) (RS (-DFL- \])) (NNS people)))))) (. .) (-DFL- E_S))",74,125.98075,136.028875," If they're,  if they're   not,  uh,   you know,  fully functional mentally while they're doing their job.  They could cause ","If/IN   they/PRP  're/VBP ,/, if/IN   they/PRP  're/VBP not/RB ,/,   uh/UH  ,/,   you/PRP  know/VBP ,/, fully/RB functional/JJ mentally/RB while/IN   they/PRP  're/VBP doing/VBG   their/PRP$ job/NN  ./.   They/PRP  could/MD cause/VB /:"
"51","sw01utt/sw_0185_3174.utt","3/sw3174",3174,50,"aa","B",30,1,"Right, #  /","Right/UH ,/,","(INTJ (UH Right) (, ,) (-DFL- E_S))",76,133.442125,134.422125,"Right, #  ","Right/UH ,/,"
"52","sw01utt/sw_0185_3174.utt","3/sw3174",3174,51,"o","B",30,2,"{C and } you never know # -- /","and/CC  [ you/PRP ] never/RB know/VBP --/:","(S (CC and) (NP-SBJ (PRP you)) (ADVP-TMP (RB never)) (VP (VBP know)) (-DFL- E_S))",77,133.442125,134.422125," and  you never know #  ","and/CC   you/PRP  never/RB know/VBP /:"
"53","sw01utt/sw_0185_3174.utt","3/sw3174",3174,52,"+","A",31,1,"-- # {D you know, } serious injury to # --","--/:  [ you/PRP ] know/VBP ,/,  [ serious/JJ injury/NN ] to/IN --/:","(S (SBAR-ADV (EDITED (RM (-DFL- \[)) (SBAR-ADV (IN If) (S (NP-SBJ (PRP they)) (VP-UNF (VBP 're)))) (, ,) (IP (-DFL- \+))) (IN if) (S (NP-SBJ (PRP they)) (VP (VBP 're) (RS (-DFL- \])) (RB not) (, ,) (INTJ (UH uh)) (PRN (, ,) (S (NP-SBJ (PRP you)) (VP (VBP know))) (, ,)) (ADJP-PRD (RB fully) (JJ functional)) (ADVP (RB mentally)) (SBAR-TMP (IN while) (S (NP-SBJ (PRP they)) (VP (VBP 're) (VP (VBG doing) (NP (PRP$ their) (NN job))))))))) (. .) (NP-SBJ (PRP They)) (VP (MD could) (VP (VB cause) (PRN (S (NP-SBJ (PRP you)) (VP (VBP know))) (, ,)) (NP (NP (JJ serious) (NN injury)) (PP (IN to) (EDITED (RM (-DFL- \[)) (NP-UNF (DT oth-)) (, ,) (IP (-DFL- \+))) (NP (DT another) (RS (-DFL- \])) (NNS people)))))) (. .) (-DFL- E_S))",74,NA,NA," #  you know,  serious injury to # ","/:   you/PRP  know/VBP ,/,   serious/JJ injury/NN  to/IN /:"
"54","sw01utt/sw_0185_3174.utt","3/sw3174",3174,53,"sv","B",32,1,"-- # they could just go off the deep end # --","--/:  [ they/PRP ] could/MD just/RB go/VB off/IN  [ the/DT deep/JJ end/NN ] --/:","(S (NP-SBJ (PRP they)) (VP (MD could) (ADVP (RB just)) (VP (VB go) (PP (IN off) (NP (DT the) (JJ deep) (NN end))) (EDITED (RM (-DFL- \[)) (EDITED (RM (-DFL- \[)) (PP-UNF (IN on)) (, ,) (IP (-DFL- \+))) (PP (IN on) (NP-UNF (DT a))) (, ,) (RS (-DFL- \])) (IP (-DFL- \+))) (PP (IN on) (NP (NP (NN something)) (RS (-DFL- \])) (INTJ (UH uh)) (, ,) (SBAR (EDITED (WHNP (IN that))) (WHNP-1 (WP whatever)) (S (NP-SBJ (PRP they)) (VP (VBP 're) (VP (VBG taking) (NP (-NONE- *T*-1)) (PP-TMP (IN at) (NP (DT the) (NN time))))))))))) (-DFL- N_S))",80,134.422125,140.052125," # they could just go off the deep end # ","/:   they/PRP  could/MD just/RB go/VB off/IN   the/DT deep/JJ end/NN  /:"
"55","sw01utt/sw_0185_3174.utt","3/sw3174",3174,54,"+","A",33,1,"-- # [ oth-, +  another ] people. # /","--/:  [ oth-/DT ] ,/,  [ another/DT people/NNS ] ./.","(S (SBAR-ADV (EDITED (RM (-DFL- \[)) (SBAR-ADV (IN If) (S (NP-SBJ (PRP they)) (VP-UNF (VBP 're)))) (, ,) (IP (-DFL- \+))) (IN if) (S (NP-SBJ (PRP they)) (VP (VBP 're) (RS (-DFL- \])) (RB not) (, ,) (INTJ (UH uh)) (PRN (, ,) (S (NP-SBJ (PRP you)) (VP (VBP know))) (, ,)) (ADJP-PRD (RB fully) (JJ functional)) (ADVP (RB mentally)) (SBAR-TMP (IN while) (S (NP-SBJ (PRP they)) (VP (VBP 're) (VP (VBG doing) (NP (PRP$ their) (NN job))))))))) (. .) (NP-SBJ (PRP They)) (VP (MD could) (VP (VB cause) (PRN (S (NP-SBJ (PRP you)) (VP (VBP know))) (, ,)) (NP (NP (JJ serious) (NN injury)) (PP (IN to) (EDITED (RM (-DFL- \[)) (NP-UNF (DT oth-)) (, ,) (IP (-DFL- \+))) (NP (DT another) (RS (-DFL- \])) (NNS people)))))) (. .) (-DFL- E_S))",74,NA,NA," #  oth,   another  people. # ","/:   oth/DT  ,/,   another/DT people/NNS  ./."
"56","sw01utt/sw_0185_3174.utt","3/sw3174",3174,55,"+","B",34,1,"-- # [ [ on, +  on a, ] +  on something # ] --","--/: on/IN ,/, on/IN  [ a/DT ] ,/, on/IN  [ something/NN ] --/:","(S (NP-SBJ (PRP they)) (VP (MD could) (ADVP (RB just)) (VP (VB go) (PP (IN off) (NP (DT the) (JJ deep) (NN end))) (EDITED (RM (-DFL- \[)) (EDITED (RM (-DFL- \[)) (PP-UNF (IN on)) (, ,) (IP (-DFL- \+))) (PP (IN on) (NP-UNF (DT a))) (, ,) (RS (-DFL- \])) (IP (-DFL- \+))) (PP (IN on) (NP (NP (NN something)) (RS (-DFL- \])) (INTJ (UH uh)) (, ,) (SBAR (EDITED (WHNP (IN that))) (WHNP-1 (WP whatever)) (S (NP-SBJ (PRP they)) (VP (VBP 're) (VP (VBG taking) (NP (-NONE- *T*-1)) (PP-TMP (IN at) (NP (DT the) (NN time))))))))))) (-DFL- N_S))",80,NA,NA," #   on,   on a,    on something #  ","/: on/IN ,/, on/IN   a/DT  ,/, on/IN   something/NN  /:"
"57","sw01utt/sw_0185_3174.utt","3/sw3174",3174,56,"b","A",35,1,"# Uh-huh. # /","[ Uh-huh/UH ] ./.","(INTJ (UH Uh-huh) (. .) (-DFL- E_S))",61,136.028875,136.228875,"# Uhhuh. # "," Uhhuh/UH  ./."
"58","sw01utt/sw_0185_3174.utt","3/sw3174",3174,57,"+","B",36,1,"-- {F uh, } that <laughter> whatever --","--/:  [ uh/UH ] ,/, that/IN  [ whatever/WP ] --/:","(S (NP-SBJ (PRP they)) (VP (MD could) (ADVP (RB just)) (VP (VB go) (PP (IN off) (NP (DT the) (JJ deep) (NN end))) (EDITED (RM (-DFL- \[)) (EDITED (RM (-DFL- \[)) (PP-UNF (IN on)) (, ,) (IP (-DFL- \+))) (PP (IN on) (NP-UNF (DT a))) (, ,) (RS (-DFL- \])) (IP (-DFL- \+))) (PP (IN on) (NP (NP (NN something)) (RS (-DFL- \])) (INTJ (UH uh)) (, ,) (SBAR (EDITED (WHNP (IN that))) (WHNP-1 (WP whatever)) (S (NP-SBJ (PRP they)) (VP (VBP 're) (VP (VBG taking) (NP (-NONE- *T*-1)) (PP-TMP (IN at) (NP (DT the) (NN time))))))))))) (-DFL- N_S))",80,NA,NA,"  uh,  that laughter whatever ","/:   uh/UH  ,/, that/IN   whatever/WP  /:"
"59","sw01utt/sw_0185_3174.utt","3/sw3174",3174,58,"b","A",37,1,"# Uh-huh. # /","[ Uh-huh/UH ] ./.","(INTJ (UH Uh-huh) (. .) (-DFL- E_S))",69,138.70025,139.07025,"# Uhhuh. # "," Uhhuh/UH  ./."
"60","sw01utt/sw_0185_3174.utt","3/sw3174",3174,59,"+","B",38,1,"-- # they're # taking at the time - /","--/:  [ they/PRP ] 're/VBP taking/VBG at/IN  [ the/DT time/NN ]","(S (NP-SBJ (PRP they)) (VP (MD could) (ADVP (RB just)) (VP (VB go) (PP (IN off) (NP (DT the) (JJ deep) (NN end))) (EDITED (RM (-DFL- \[)) (EDITED (RM (-DFL- \[)) (PP-UNF (IN on)) (, ,) (IP (-DFL- \+))) (PP (IN on) (NP-UNF (DT a))) (, ,) (RS (-DFL- \])) (IP (-DFL- \+))) (PP (IN on) (NP (NP (NN something)) (RS (-DFL- \])) (INTJ (UH uh)) (, ,) (SBAR (EDITED (WHNP (IN that))) (WHNP-1 (WP whatever)) (S (NP-SBJ (PRP they)) (VP (VBP 're) (VP (VBG taking) (NP (-NONE- *T*-1)) (PP-TMP (IN at) (NP (DT the) (NN time))))))))))) (-DFL- N_S))",80,140.052125,143.389125," # they're # taking at the time  ","/:   they/PRP  're/VBP taking/VBG at/IN   the/DT time/NN "
"61","sw01utt/sw_0185_3174.utt","3/sw3174",3174,60,"sv","B",38,2,"[ {C and, } + {C and } ] it would be, {F uh, } {D you know, } out of the question. /","and/CC ,/, and/CC  [ it/PRP ] would/MD be/VB ,/,  [ uh/UH ] ,/,  [ you/PRP ] know/VBP ,/, out/IN of/IN  [ the/DT question/NN ] ./.","(S (EDITED (RM (-DFL- \[)) (CC and) (, ,) (IP (-DFL- \+))) (CC and) (RS (-DFL- \])) (NP-SBJ (PRP it)) (VP (MD would) (VP (VB be) (, ,) (INTJ (UH uh)) (PRN (, ,) (S (NP-SBJ (PRP you)) (VP (VBP know))) (, ,)) (PP-PRD (IN out) (PP (IN of) (NP (DT the) (NN question)))))) (. .) (-DFL- E_S))",89,140.052125,143.389125,"  and,    and   it would be,  uh,   you know,  out of the question. ","and/CC ,/, and/CC   it/PRP  would/MD be/VB ,/,   uh/UH  ,/,   you/PRP  know/VBP ,/, out/IN of/IN   the/DT question/NN  ./."
"62","sw01utt/sw_0185_3174.utt","3/sw3174",3174,61,"b","A",39,1,"Uh-huh. /","[ Uh-huh/UH ] ./.","(INTJ (UH Uh-huh) (. .) (-DFL- E_S))",69,143.30925,143.64925,"Uhhuh. "," Uhhuh/UH  ./."
"63","sw01utt/sw_0185_3174.utt","3/sw3174",3174,62,"sv","B",40,1,"{C Also, } I guess you can, {D you know, } get  the wrong kind of stuff and kill yourself --","Also/RB ,/,  [ I/PRP ] guess/VBP  [ you/PRP ] can/MD ,/,  [ you/PRP ] know/VBP ,/, get/VB  [ the/DT wrong/JJ kind/NN ] of/IN  [ stuff/NN ] and/CC kill/VB  [ yourself/PRP ] --/:","(S (ADVP (RB Also)) (, ,) (NP-SBJ (PRP I)) (VP (VBP guess) (SBAR (-NONE- 0) (S (NP-SBJ-1 (PRP you)) (VP (MD can) (PRN (, ,) (S (NP-SBJ (PRP you)) (VP (VBP know))) (, ,)) (VP (VP (VB get) (NP (NP (DT the) (JJ wrong) (NN kind)) (PP (IN of) (NP (NN stuff))))) (CC and) (VP (VB kill) (NP (PRP yourself)) (PP (ADVP (RB just)) (IN by) (S-NOM (NP-SBJ (-NONE- *-1)) (VP (VBG having) (NP (NP (NP (DT a) (JJ wrong) (NN mix)) (PP-UNF (IN of))) (CC or) (NP-UNF (ADJP (VBD watered) (RP down))) (EDITED (RM (-DFL- \[)) (CC or) (IP (-DFL- \+))) (CC or) (RS (-DFL- \])) (NP (WDT whatever)) (, ,) (NP (DT all) (NNS kinds)))))))))))) (. .) (-DFL- E_S))",93,143.389125,150.349125," Also,  I guess you can,  you know,  get  the wrong kind of stuff and kill yourself ","Also/RB ,/,   I/PRP  guess/VBP   you/PRP  can/MD ,/,   you/PRP  know/VBP ,/, get/VB   the/DT wrong/JJ kind/NN  of/IN   stuff/NN  and/CC kill/VB   yourself/PRP  /:"
"64","sw01utt/sw_0185_3174.utt","3/sw3174",3174,63,"aa","A",41,1,"That's right. /","[ That/DT ] 's/BES right/JJ ./.","(S (NP-SBJ (DT That)) (VP (BES 's) (ADJP-PRD (JJ right))) (. .) (-DFL- E_S))",95,146.315,147.115,"That's right. "," That/DT  's/BES right/JJ ./."
"65","sw01utt/sw_0185_3174.utt","3/sw3174",3174,64,"+","B",42,1,"-- just by having a wrong mix of or watered down [ or +  --","--/: just/RB by/IN having/VBG  [ a/DT wrong/JJ mix/NN ] of/IN or/CC watered/VBD down/RP or/CC --/:","(S (ADVP (RB Also)) (, ,) (NP-SBJ (PRP I)) (VP (VBP guess) (SBAR (-NONE- 0) (S (NP-SBJ-1 (PRP you)) (VP (MD can) (PRN (, ,) (S (NP-SBJ (PRP you)) (VP (VBP know))) (, ,)) (VP (VP (VB get) (NP (NP (DT the) (JJ wrong) (NN kind)) (PP (IN of) (NP (NN stuff))))) (CC and) (VP (VB kill) (NP (PRP yourself)) (PP (ADVP (RB just)) (IN by) (S-NOM (NP-SBJ (-NONE- *-1)) (VP (VBG having) (NP (NP (NP (DT a) (JJ wrong) (NN mix)) (PP-UNF (IN of))) (CC or) (NP-UNF (ADJP (VBD watered) (RP down))) (EDITED (RM (-DFL- \[)) (CC or) (IP (-DFL- \+))) (CC or) (RS (-DFL- \])) (NP (WDT whatever)) (, ,) (NP (DT all) (NNS kinds)))))))))))) (. .) (-DFL- E_S))",93,NA,NA," just by having a wrong mix of or watered down  or   ","/: just/RB by/IN having/VBG   a/DT wrong/JJ mix/NN  of/IN or/CC watered/VBD down/RP or/CC /:"
"66","sw01utt/sw_0185_3174.utt","3/sw3174",3174,65,"b","A",43,1,"{F Oh } yeah. /","Oh/UH yeah/UH ./.","(INTJ (INTJ (UH Oh)) (INTJ (UH yeah)) (. .) (-DFL- E_S))",98,148.757125,149.417125," Oh  yeah. ","Oh/UH yeah/UH ./."
"67","sw01utt/sw_0185_3174.utt","3/sw3174",3174,66,"+","B",44,1,"-- or ] whatever, all kinds.  /","--/: or/CC  [ whatever/WDT ] ,/,  [ all/DT kinds/NNS ] ./.","(S (ADVP (RB Also)) (, ,) (NP-SBJ (PRP I)) (VP (VBP guess) (SBAR (-NONE- 0) (S (NP-SBJ-1 (PRP you)) (VP (MD can) (PRN (, ,) (S (NP-SBJ (PRP you)) (VP (VBP know))) (, ,)) (VP (VP (VB get) (NP (NP (DT the) (JJ wrong) (NN kind)) (PP (IN of) (NP (NN stuff))))) (CC and) (VP (VB kill) (NP (PRP yourself)) (PP (ADVP (RB just)) (IN by) (S-NOM (NP-SBJ (-NONE- *-1)) (VP (VBG having) (NP (NP (NP (DT a) (JJ wrong) (NN mix)) (PP-UNF (IN of))) (CC or) (NP-UNF (ADJP (VBD watered) (RP down))) (EDITED (RM (-DFL- \[)) (CC or) (IP (-DFL- \+))) (CC or) (RS (-DFL- \])) (NP (WDT whatever)) (, ,) (NP (DT all) (NNS kinds)))))))))))) (. .) (-DFL- E_S))",93,150.659125,152.339125," or  whatever, all kinds.  ","/: or/CC   whatever/WDT  ,/,   all/DT kinds/NNS  ./."
"68","sw01utt/sw_0185_3174.utt","3/sw3174",3174,67,"sd","B",44,2,"I sub in the schools <laughter> -- /","[ I/PRP ] sub/VBP in/IN  [ the/DT schools/NNS ] --/:","(S (NP-SBJ (PRP I)) (VP (VBP sub) (PP-LOC (IN in) (NP (DT the) (NNS schools)))) (-DFL- E_S))",100,150.659125,152.339125,"I sub in the schools laughter  "," I/PRP  sub/VBP in/IN   the/DT schools/NNS  /:"
"69","sw01utt/sw_0185_3174.utt","3/sw3174",3174,68,"b","A",45,1,"Uh-huh. /","[ Uh-huh/UH ] ./.","(INTJ (UH Uh-huh) (. .) (-DFL- E_S))",84,152.679625,152.969625,"Uhhuh. "," Uhhuh/UH  ./."
"70","sw01utt/sw_0185_3174.utt","3/sw3174",3174,69,"sd","B",46,1,"-- {C so } I've, {D you know, } had a, - /","--/: so/RB  [ I/PRP ] 've/VBP ,/,  [ you/PRP ] know/VBP ,/, had/VBN  [ a/DT ] ,/,","(S (RB so) (NP-SBJ (PRP I)) (VP (VBP 've) (PRN (, ,) (S (NP-SBJ (PRP you)) (VP (VBP know))) (, ,)) (VP (VBN had) (NP-UNF (DT a)))) (, ,) (-DFL- N_S))",104,153.019125,156.6675,"  so  I've,  you know,  had a,  ","/: so/RB   I/PRP  've/VBP ,/,   you/PRP  know/VBP ,/, had/VBN   a/DT  ,/,"
"71","sw01utt/sw_0185_3174.utt","3/sw3174",3174,70,"sd","B",46,2,"[ they -- +","[ they/PRP ] --/:","(S (EDITED (RM (-DFL- \[)) (NP-SBJ (PRP they)) (IP (-DFL- \+))) (NP-SBJ (PRP they)) (RS (-DFL- \])) (VP (VBP talk) (NP-ADV (DT a) (NN lot)) (PP (IN about) (NP (NNS drugs))) (ADVP-LOC (RB there))) (-DFL- E_S))",105,153.019125,156.6675," they  "," they/PRP  /:"
"72","sw01utt/sw_0185_3174.utt","3/sw3174",3174,71,"%","A",47,1,"{D So, } -/","So/UH ,/,","(INTJ (UH So) (, ,) (-DFL- N_S))",107,154.768875,154.958875," So,  ","So/UH ,/,"
"73","sw01utt/sw_0185_3174.utt","3/sw3174",3174,72,"+","B",48,1,"-- they ] talk a lot about --","--/:  [ they/PRP ] talk/VBP  [ a/DT lot/NN ] about/IN --/:","(S (EDITED (RM (-DFL- \[)) (NP-SBJ (PRP they)) (IP (-DFL- \+))) (NP-SBJ (PRP they)) (RS (-DFL- \])) (VP (VBP talk) (NP-ADV (DT a) (NN lot)) (PP (IN about) (NP (NNS drugs))) (ADVP-LOC (RB there))) (-DFL- E_S))",105,NA,NA," they  talk a lot about ","/:   they/PRP  talk/VBP   a/DT lot/NN  about/IN /:"
"74","sw01utt/sw_0185_3174.utt","3/sw3174",3174,73,"b","A",49,1,"# Right. # /","[ Right/UH ] ./.","(INTJ (UH Right) (. .) (-DFL- E_S))",110,155.878875,156.508875,"# Right. # "," Right/UH  ./."
"75","sw01utt/sw_0185_3174.utt","3/sw3174",3174,74,"+","B",50,1,"-- # drugs # there  /","--/:  [ drugs/NNS ] there/RB","(S (EDITED (RM (-DFL- \[)) (NP-SBJ (PRP they)) (IP (-DFL- \+))) (NP-SBJ (PRP they)) (RS (-DFL- \])) (VP (VBP talk) (NP-ADV (DT a) (NN lot)) (PP (IN about) (NP (NNS drugs))) (ADVP-LOC (RB there))) (-DFL- E_S))",105,156.6675,160.3075," # drugs # there  ","/:   drugs/NNS  there/RB"
"76","sw01utt/sw_0185_3174.utt","3/sw3174",3174,75,"sd","B",50,2,"{C and } I think it's good that they're trying to start some programs down in the elementary schools. /","and/CC  [ I/PRP ] think/VBP  [ it/PRP ] 's/BES good/JJ that/IN  [ they/PRP ] 're/VBP trying/VBG to/TO start/VB  [ some/DT programs/NNS ] down/IN in/IN  [ the/DT elementary/JJ schools/NNS ] ./.","(S (CC and) (NP-SBJ (PRP I)) (VP (VBP think) (SBAR (-NONE- 0) (S (NP-SBJ (NP (PRP it)) (SBAR (-NONE- *EXP*-2))) (VP (BES 's) (ADJP-PRD (JJ good)) (SBAR-2 (IN that) (S (NP-SBJ-1 (PRP they)) (VP (VBP 're) (VP (VBG trying) (S (NP-SBJ (-NONE- *-1)) (VP (TO to) (VP (VB start) (NP (DT some) (NNS programs))))) (PP-LOC (IN down) (PP (IN in) (NP (DT the) (JJ elementary) (NNS schools)))))))))))) (. .) (-DFL- E_S))",112,156.6675,160.3075," and  I think it's good that they're trying to start some programs down in the elementary schools. ","and/CC   I/PRP  think/VBP   it/PRP  's/BES good/JJ that/IN   they/PRP  're/VBP trying/VBG to/TO start/VB   some/DT programs/NNS  down/IN in/IN   the/DT elementary/JJ schools/NNS  ./."
"77","sw01utt/sw_0185_3174.utt","3/sw3174",3174,76,"b","A",51,1,"Right. /","[ Right/UH ] ./.","(INTJ (UH Right) (. .) (-DFL- E_S))",110,160.876,161.356,"Right. "," Right/UH  ./."
"78","sw01utt/sw_0185_3174.utt","3/sw3174",3174,77,"sv","B",52,1,"{C But, } {D you know, } I think they  can test all they want for drugs <laughter> {D you know, }  /","But/CC ,/,  [ you/PRP ] know/VBP ,/,  [ I/PRP ] think/VBP  [ they/PRP ] can/MD test/VB  [ all/DT ] [ they/PRP ] want/VBP for/IN  [ drugs/NNS you/PRP ] know/VBP ,/,","(S (CC But) (PRN (, ,) (S (NP-SBJ (PRP you)) (VP (VBP know))) (, ,)) (NP-SBJ (PRP I)) (VP (VBP think) (SBAR (-NONE- 0) (S (NP-SBJ (PRP they)) (VP (MD can) (VP (VB test) (ADVP (ADVP (DT all)) (SBAR (-NONE- 0) (S (NP-SBJ (PRP they)) (VP (VBP want) (S (-NONE- *?*)))))) (PP (IN for) (NP (NNS drugs))))))) (PRN (S (NP-SBJ (PRP you)) (VP (VBP know))))) (, ,) (-DFL- E_S))",116,161.057875,169.21825," But,   you know,  I think they  can test all they want for drugs laughter  you know,   ","But/CC ,/,   you/PRP  know/VBP ,/,   I/PRP  think/VBP   they/PRP  can/MD test/VB   all/DT   they/PRP  want/VBP for/IN   drugs/NNS you/PRP  know/VBP ,/,"
"79","sw01utt/sw_0185_3174.utt","3/sw3174",3174,78,"sv","B",52,2,"{C and } --","and/CC --/:","(S (ADVP (RB Also)) (, ,) (NP-SBJ (PRP I)) (VP (VBP guess) (SBAR (-NONE- 0) (S (NP-SBJ-1 (PRP you)) (VP (MD can) (PRN (, ,) (S (NP-SBJ (PRP you)) (VP (VBP know))) (, ,)) (VP (VP (VB get) (NP (NP (DT the) (JJ wrong) (NN kind)) (PP (IN of) (NP (NN stuff))))) (CC and) (VP (VB kill) (NP (PRP yourself)) (PP (ADVP (RB just)) (IN by) (S-NOM (NP-SBJ (-NONE- *-1)) (VP (VBG having) (NP (NP (NP (DT a) (JJ wrong) (NN mix)) (PP-UNF (IN of))) (CC or) (NP-UNF (ADJP (VBD watered) (RP down))) (EDITED (RM (-DFL- \[)) (CC or) (IP (-DFL- \+))) (CC or) (RS (-DFL- \])) (NP (WDT whatever)) (, ,) (NP (DT all) (NNS kinds)))))))))))) (. .) (-DFL- E_S))",93,161.057875,169.21825," and  ","and/CC /:"
"80","sw01utt/sw_0185_3174.utt","3/sw3174",3174,79,"b","A",53,1,"Uh-huh. /","[ Uh-huh/UH ] ./.","(INTJ (UH Uh-huh) (. .) (-DFL- E_S))",102,165.248375,165.538375,"Uhhuh. "," Uhhuh/UH  ./."
"81","sw01utt/sw_0185_3174.utt","3/sw3174",3174,80,"+","B",54,1,"-- if they need to do that as a condition  for employment - /","--/: if/IN  [ they/PRP ] need/VBP to/TO do/VB that/DT as/IN  [ a/DT condition/NN ] for/IN  [ employment/NN ]","(S-UNF (CC and) (SBAR-ADV (IN if) (S (NP-SBJ-1 (PRP they)) (VP (VBP need) (S (NP-SBJ (-NONE- *-1)) (VP (TO to) (VP (VB do) (NP (DT that))))) (PP (IN as) (NP (NP (DT a) (NN condition)) (PP (IN for) (NP (NN employment)))))))) (-DFL- N_S))",117,169.21825,173.56825," if they need to do that as a condition  for employment  ","/: if/IN   they/PRP  need/VBP to/TO do/VB that/DT as/IN   a/DT condition/NN  for/IN   employment/NN "
"82","sw01utt/sw_0185_3174.utt","3/sw3174",3174,81,"sd","B",54,2,"{C and } I know many of them are doing it.  /","and/CC  [ I/PRP ] know/VBP  [ many/JJ ] of/IN  [ them/PRP ] are/VBP doing/VBG  [ it/PRP ] ./.","(S (CC and) (NP-SBJ (PRP I)) (VP (VBP know) (SBAR (-NONE- 0) (S (NP-SBJ (NP (JJ many)) (PP (IN of) (NP (PRP them)))) (VP (VBP are) (VP (VBG doing) (NP (PRP it))))))) (. .) (-DFL- E_S))",121,169.21825,173.56825," and  I know many of them are doing it.  ","and/CC   I/PRP  know/VBP   many/JJ  of/IN   them/PRP  are/VBP doing/VBG   it/PRP  ./."
"83","sw01utt/sw_0185_3174.utt","3/sw3174",3174,82,"sd","B",54,3,"I know my son has had to  do it for both Sam's and Wal-Mart -- /","[ I/PRP ] know/VBP  [ my/PRP$ son/NN ] has/VBZ had/VBN to/TO do/VB  [ it/PRP ] for/IN  [ both/DT Sam/NNP 's/POS ] and/CC  [ Wal-Mart/NNP ] --/:","(S (NP-SBJ (PRP I)) (VP (VBP know) (SBAR (-NONE- 0) (S (NP-SBJ-1 (PRP$ my) (NN son)) (VP (VBZ has) (VP (VBN had) (S (NP-SBJ (-NONE- *-1)) (VP (TO to) (VP (VB do) (NP (PRP it))))) (PP (IN for) (NP (DT both) (NNP Sam) (POS 's) (CC and) (NNP Wal-Mart)))))))) (-DFL- E_S))",122,169.21825,173.56825,"I know my son has had to  do it for both Sam's and WalMart  "," I/PRP  know/VBP   my/PRP$ son/NN  has/VBZ had/VBN to/TO do/VB   it/PRP  for/IN   both/DT Sam/NNP 's/POS  and/CC   WalMart/NNP  /:"
"84","sw01utt/sw_0185_3174.utt","3/sw3174",3174,83,"b","A",55,1,"Uh-huh. /","[ Uh-huh/UH ] ./.","(INTJ (UH Uh-huh) (. .) (-DFL- E_S))",102,169.49425,170.18425,"Uhhuh. "," Uhhuh/UH  ./."
"85","sw01utt/sw_0185_3174.utt","3/sw3174",3174,84,"sd","B",56,1,"-- {C and } I don't know how many  others are doing that  /","--/: and/CC  [ I/PRP ] do/VBP n't/RB know/VB how/WRB  [ many/JJ others/NNS ] are/VBP doing/VBG  [ that/DT ]","(S (CC and) (NP-SBJ (PRP I)) (VP (VBP do) (RB n't) (VP (VB know) (SBAR (WHNP-1 (WHADJP (WRB how) (JJ many)) (NNS others)) (S (NP-SBJ (-NONE- *T*-1)) (VP (VBP are) (VP (VBG doing) (NP (DT that)))))))) (-DFL- E_S))",126,173.56825,186.82075,"  and  I don't know how many  others are doing that  ","/: and/CC   I/PRP  do/VBP n't/RB know/VB how/WRB   many/JJ others/NNS  are/VBP doing/VBG   that/DT "
"86","sw01utt/sw_0185_3174.utt","3/sw3174",3174,85,"sv","B",56,2,"[ {C and, } + {C and } ] I think # that's good # --","and/CC ,/, and/CC  [ I/PRP ] think/VBP  [ that/DT ] 's/BES good/JJ --/:","(S (EDITED (RM (-DFL- \[)) (CC and) (, ,) (IP (-DFL- \+))) (CC and) (RS (-DFL- \])) (NP-SBJ (PRP I)) (VP (VBP think) (SBAR (-NONE- 0) (S (NP-SBJ (DT that)) (VP (BES 's) (ADJP-PRD (JJ good)) (SBAR-PRP (RB because) (S (NP-SBJ (NP (ADJP (RB so) (JJ many))) (PP (IN of) (NP (NP (DT the) (NNS kids)) (SBAR (WHNP-4 (WDT that)) (S (NP-SBJ (-NONE- *T*-4)) (VP (VBP are) (PP-PRD (IN on) (NP (PRP them))))))))) (VP (VBP are) (ADVP (RB sort) (RB of)) (NP-PRD (NP (NNS bums)) (SBAR (WHNP-3 (WDT that)) (S (NP-SBJ-1 (NP (-NONE- *T*-3)) (NP (PRP they))) (VP (VBP need) (S (NP-SBJ (-NONE- *-1)) (VP (TO to) (VP (VB get) (S (NP-SBJ-2 (PRP$ their) (NN life)) (VP (VBN straightened) (NP (-NONE- *-2)) (PRT (RP up))))))) (PP-TMP (IN at) (NP (DT an) (JJ early) (NN age)))))))))))))) (-DFL- E_S))",127,173.56825,186.82075,"  and,    and   I think # that's good # ","and/CC ,/, and/CC   I/PRP  think/VBP   that/DT  's/BES good/JJ /:"
"87","sw01utt/sw_0185_3174.utt","3/sw3174",3174,86,"aa","A",57,1,"# {F Oh, } yes. # /","Oh/UH ,/, yes/UH ./.","(INTJ (INTJ (UH Oh)) (, ,) (INTJ (UH yes)) (. .) (-DFL- E_S))",129,176.886375,177.656375,"#  Oh,  yes. # ","Oh/UH ,/, yes/UH ./."
"88","sw01utt/sw_0185_3174.utt","3/sw3174",3174,87,"+","B",58,1,"-- because --","--/: because/RB --/:","(S (EDITED (RM (-DFL- \[)) (CC and) (, ,) (IP (-DFL- \+))) (CC and) (RS (-DFL- \])) (NP-SBJ (PRP I)) (VP (VBP think) (SBAR (-NONE- 0) (S (NP-SBJ (DT that)) (VP (BES 's) (ADJP-PRD (JJ good)) (SBAR-PRP (RB because) (S (NP-SBJ (NP (ADJP (RB so) (JJ many))) (PP (IN of) (NP (NP (DT the) (NNS kids)) (SBAR (WHNP-4 (WDT that)) (S (NP-SBJ (-NONE- *T*-4)) (VP (VBP are) (PP-PRD (IN on) (NP (PRP them))))))))) (VP (VBP are) (ADVP (RB sort) (RB of)) (NP-PRD (NP (NNS bums)) (SBAR (WHNP-3 (WDT that)) (S (NP-SBJ-1 (NP (-NONE- *T*-3)) (NP (PRP they))) (VP (VBP need) (S (NP-SBJ (-NONE- *-1)) (VP (TO to) (VP (VB get) (S (NP-SBJ-2 (PRP$ their) (NN life)) (VP (VBN straightened) (NP (-NONE- *-2)) (PRT (RP up))))))) (PP-TMP (IN at) (NP (DT an) (JJ early) (NN age)))))))))))))) (-DFL- E_S))",127,NA,NA," because ","/: because/RB /:"
"89","sw01utt/sw_0185_3174.utt","3/sw3174",3174,88,"b","A",59,1,"Uh-huh. /","[ Uh-huh/UH ] ./.","(INTJ (UH Uh-huh) (. .) (-DFL- E_S))",119,177.656375,177.806375,"Uhhuh. "," Uhhuh/UH  ./."
"90","sw01utt/sw_0185_3174.utt","3/sw3174",3174,89,"+","B",60,1,"-- <Laughter> so many of the kids  that are on them are sort of bums that they need to get their <laughter> life straightened up at --","--/: so/RB many/JJ of/IN  [ the/DT kids/NNS ] [ that/WDT ] are/VBP on/IN  [ them/PRP ] are/VBP  [ sort/RB ] of/RB  [ bums/NNS ] that/WDT  [ they/PRP ] need/VBP to/TO get/VB  [ their/PRP$ life/NN ] straightened/VBN up/RP at/IN --/:","(S (EDITED (RM (-DFL- \[)) (CC and) (, ,) (IP (-DFL- \+))) (CC and) (RS (-DFL- \])) (NP-SBJ (PRP I)) (VP (VBP think) (SBAR (-NONE- 0) (S (NP-SBJ (DT that)) (VP (BES 's) (ADJP-PRD (JJ good)) (SBAR-PRP (RB because) (S (NP-SBJ (NP (ADJP (RB so) (JJ many))) (PP (IN of) (NP (NP (DT the) (NNS kids)) (SBAR (WHNP-4 (WDT that)) (S (NP-SBJ (-NONE- *T*-4)) (VP (VBP are) (PP-PRD (IN on) (NP (PRP them))))))))) (VP (VBP are) (ADVP (RB sort) (RB of)) (NP-PRD (NP (NNS bums)) (SBAR (WHNP-3 (WDT that)) (S (NP-SBJ-1 (NP (-NONE- *T*-3)) (NP (PRP they))) (VP (VBP need) (S (NP-SBJ (-NONE- *-1)) (VP (TO to) (VP (VB get) (S (NP-SBJ-2 (PRP$ their) (NN life)) (VP (VBN straightened) (NP (-NONE- *-2)) (PRT (RP up))))))) (PP-TMP (IN at) (NP (DT an) (JJ early) (NN age)))))))))))))) (-DFL- E_S))",127,NA,NA," Laughter so many of the kids  that are on them are sort of bums that they need to get their laughter life straightened up at ","/: so/RB many/JJ of/IN   the/DT kids/NNS   that/WDT  are/VBP on/IN   them/PRP  are/VBP   sort/RB  of/RB   bums/NNS  that/WDT   they/PRP  need/VBP to/TO get/VB   their/PRP$ life/NN  straightened/VBN up/RP at/IN /:"
"91","sw01utt/sw_0185_3174.utt","3/sw3174",3174,90,"aa","A",61,1,"# That's right. # /","[ That/DT ] 's/BES right/JJ ./.","(S (NP-SBJ (DT That)) (VP (BES 's) (ADJP-PRD (JJ right))) (. .) (-DFL- E_S))",135,185.8725,186.8025,"# That's right. # "," That/DT  's/BES right/JJ ./."
"92","sw01utt/sw_0185_3174.utt","3/sw3174",3174,91,"+","B",62,1,"-- # an early age #  /","--/:  [ an/DT early/JJ age/NN ]","(S (EDITED (RM (-DFL- \[)) (CC and) (, ,) (IP (-DFL- \+))) (CC and) (RS (-DFL- \])) (NP-SBJ (PRP I)) (VP (VBP think) (SBAR (-NONE- 0) (S (NP-SBJ (DT that)) (VP (BES 's) (ADJP-PRD (JJ good)) (SBAR-PRP (RB because) (S (NP-SBJ (NP (ADJP (RB so) (JJ many))) (PP (IN of) (NP (NP (DT the) (NNS kids)) (SBAR (WHNP-4 (WDT that)) (S (NP-SBJ (-NONE- *T*-4)) (VP (VBP are) (PP-PRD (IN on) (NP (PRP them))))))))) (VP (VBP are) (ADVP (RB sort) (RB of)) (NP-PRD (NP (NNS bums)) (SBAR (WHNP-3 (WDT that)) (S (NP-SBJ-1 (NP (-NONE- *T*-3)) (NP (PRP they))) (VP (VBP need) (S (NP-SBJ (-NONE- *-1)) (VP (TO to) (VP (VB get) (S (NP-SBJ-2 (PRP$ their) (NN life)) (VP (VBN straightened) (NP (-NONE- *-2)) (PRT (RP up))))))) (PP-TMP (IN at) (NP (DT an) (JJ early) (NN age)))))))))))))) (-DFL- E_S))",127,186.82075,192.539375," # an early age #  ","/:   an/DT early/JJ age/NN "
"93","sw01utt/sw_0185_3174.utt","3/sw3174",3174,92,"h","B",62,2,"{C and, }  {F uh, } <lipsmack> <breathing>, I don't know,  /","and/CC ,/,  [ uh/UH ] ,/, ,/,  [ I/PRP ] do/VBP n't/RB know/VB ,/,","(S (CC and) (, ,) (INTJ (UH uh)) (, ,) (, ,) (NP-SBJ (PRP I)) (VP (VBP do) (RB n't) (VP (VB know))) (, ,) (-DFL- E_S))",137,186.82075,192.539375," and,    uh,  lipsmack breathing, I don't know,  ","and/CC ,/,   uh/UH  ,/, ,/,   I/PRP  do/VBP n't/RB know/VB ,/,"
"94","sw01utt/sw_0185_3174.utt","3/sw3174",3174,93,"sv","B",62,3,"it's just a problem that [ p-, + ] no one is sure just how to handle --","[ it/PRP ] 's/BES just/RB  [ a/DT problem/NN ] [ that/DT p-/XX ] ,/,  [ no/DT one/NN ] is/VBZ sure/JJ just/RB how/WRB to/TO handle/VB --/:","(S (S-TPC-3 (NP-SBJ (PRP it)) (VP (BES 's) (ADVP (RB just)) (NP-PRD (NP (DT a) (NN problem)) (SBAR (WHNP-2 (DT that)) (EDITED (RM (-DFL- \[)) (X (XX p-)) (, ,) (IP (-DFL- \+)) (RS (-DFL- \]))) (S (NP-SBJ (DT no) (NN one)) (VP (VBZ is) (ADJP-PRD (JJ sure) (SBAR (WHADVP-1 (RB just) (WRB how)) (S (NP-SBJ (-NONE- *)) (VP (TO to) (VP (VB handle) (NP (-NONE- *T*-2)) (ADVP-MNR (-NONE- *T*-1))))))))))))) (NP-SBJ (PRP I)) (VP (VBP think) (SBAR (-NONE- 0) (S (-NONE- *T*-3)))) (. .) (-DFL- E_S))",138,186.82075,192.539375,"it's just a problem that  p,   no one is sure just how to handle "," it/PRP  's/BES just/RB   a/DT problem/NN   that/DT p/XX  ,/,   no/DT one/NN  is/VBZ sure/JJ just/RB how/WRB to/TO handle/VB /:"
"95","sw01utt/sw_0185_3174.utt","3/sw3174",3174,94,"b","A",63,1,"Uh-huh. /","[ Uh-huh/UH ] ./.","(INTJ (UH Uh-huh) (. .) (-DFL- E_S))",119,191.729125,192.409125,"Uhhuh. "," Uhhuh/UH  ./."
"96","sw01utt/sw_0185_3174.utt","3/sw3174",3174,95,"+","B",64,1,"-- I think. /","--/:  [ I/PRP ] think/VBP ./.","(S (S-TPC-3 (NP-SBJ (PRP it)) (VP (BES 's) (ADVP (RB just)) (NP-PRD (NP (DT a) (NN problem)) (SBAR (WHNP-2 (DT that)) (EDITED (RM (-DFL- \[)) (X (XX p-)) (, ,) (IP (-DFL- \+)) (RS (-DFL- \]))) (S (NP-SBJ (DT no) (NN one)) (VP (VBZ is) (ADJP-PRD (JJ sure) (SBAR (WHADVP-1 (RB just) (WRB how)) (S (NP-SBJ (-NONE- *)) (VP (TO to) (VP (VB handle) (NP (-NONE- *T*-2)) (ADVP-MNR (-NONE- *T*-1))))))))))))) (NP-SBJ (PRP I)) (VP (VBP think) (SBAR (-NONE- 0) (S (-NONE- *T*-3)))) (. .) (-DFL- E_S))",138,NA,NA," I think. ","/:   I/PRP  think/VBP ./."
"97","sw01utt/sw_0185_3174.utt","3/sw3174",3174,96,"sd","A",65,1,"{D You know, } I think personally I'm for it.  /","[ You/PRP ] know/VBP ,/,  [ I/PRP ] think/VBP personally/RB  [ I/PRP ] 'm/VBP for/IN  [ it/PRP ] ./.","(S (PRN (S (NP-SBJ (PRP You)) (VP (VBP know))) (, ,)) (NP-SBJ (PRP I)) (VP (VBP think) (SBAR (-NONE- 0) (S (ADVP (RB personally)) (NP-SBJ (PRP I)) (VP (VBP 'm) (PP-PRD (IN for) (NP (PRP it))))))) (. .) (-DFL- E_S))",143,193.179375,209.308625," You know,  I think personally I'm for it.  "," You/PRP  know/VBP ,/,   I/PRP  think/VBP personally/RB   I/PRP  'm/VBP for/IN   it/PRP  ./."
"98","sw01utt/sw_0185_3174.utt","3/sw3174",3174,97,"sd","A",65,2,"There's several reason why [ I, + I ] could think of right now why we shouldn't  have it such as drug testing,  /","[ There/EX ] [ 's/BES several/JJ reason/NN ] why/WRB  [ I/PRP ] ,/,  [ I/PRP ] could/MD think/VB of/IN right/RB now/RB why/WRB  [ we/PRP ] should/MD n't/RB have/VB  [ it/PRP ] such/IN as/IN  [ drug/NN testing/NN ] ,/,","(S (NP-SBJ (EX There)) (VP (BES 's) (NP-PRD (NP (JJ several) (NN reason)) (SBAR (WHADVP-1 (WRB why)) (S (EDITED (RM (-DFL- \[)) (NP-SBJ (PRP I)) (, ,) (IP (-DFL- \+))) (NP-SBJ (PRP I)) (RS (-DFL- \])) (VP (MD could) (VP (VB think) (PP (IN of) (ADVP (-NONE- *T*-1))) (ADVP-TMP (RB right) (RB now)))))) (SBAR (WHADVP-2 (WRB why)) (S (NP-SBJ (PRP we)) (VP (MD should) (RB n't) (VP (VB have) (NP (PRP it)) (ADVP-PRP (-NONE- *T*-2)))))) (SBAR (IN such) (IN as) (S (NP-SBJ (NN drug) (NN testing)) (PRN (, ,) (-DFL- E_S) (S (NP-SBJ (PRP they)) (VP (VBP say))) (, ,)) (VP (VBZ runs) (NP (NP (QP (RB approximately) (DT a) (CD thousand)) (NNS dollars)) (NP-ADV (DT a) (NN person))) (NP-TMP (NP (DT every) (NN time)) (SBAR (WHADVP-1 (-NONE- 0)) (S (NP-SBJ (PRP you)) (VP (VBP do) (NP (PRP it)) (ADVP-TMP (-NONE- *T*-1))))))))))) (. .) (-DFL- E_S))",144,193.179375,209.308625,"There's several reason why  I,  I  could think of right now why we shouldn't  have it such as drug testing,  "," There/EX   's/BES several/JJ reason/NN  why/WRB   I/PRP  ,/,   I/PRP  could/MD think/VB of/IN right/RB now/RB why/WRB   we/PRP  should/MD n't/RB have/VB   it/PRP  such/IN as/IN   drug/NN testing/NN  ,/,"
"99","sw01utt/sw_0185_3174.utt","3/sw3174",3174,98,"sd","A",65,3,"they say, runs approximately a thousand dollars a person every time you do it. /","[ they/PRP ] say/VBP ,/, runs/VBZ approximately/RB  [ a/DT thousand/CD dollars/NNS ] [ a/DT person/NN ] [ every/DT time/NN ] [ you/PRP ] do/VBP  [ it/PRP ] ./.","(S (NP-SBJ (EX There)) (VP (BES 's) (NP-PRD (NP (JJ several) (NN reason)) (SBAR (WHADVP-1 (WRB why)) (S (EDITED (RM (-DFL- \[)) (NP-SBJ (PRP I)) (, ,) (IP (-DFL- \+))) (NP-SBJ (PRP I)) (RS (-DFL- \])) (VP (MD could) (VP (VB think) (PP (IN of) (ADVP (-NONE- *T*-1))) (ADVP-TMP (RB right) (RB now)))))) (SBAR (WHADVP-2 (WRB why)) (S (NP-SBJ (PRP we)) (VP (MD should) (RB n't) (VP (VB have) (NP (PRP it)) (ADVP-PRP (-NONE- *T*-2)))))) (SBAR (IN such) (IN as) (S (NP-SBJ (NN drug) (NN testing)) (PRN (, ,) (-DFL- E_S) (S (NP-SBJ (PRP they)) (VP (VBP say))) (, ,)) (VP (VBZ runs) (NP (NP (QP (RB approximately) (DT a) (CD thousand)) (NNS dollars)) (NP-ADV (DT a) (NN person))) (NP-TMP (NP (DT every) (NN time)) (SBAR (WHADVP-1 (-NONE- 0)) (S (NP-SBJ (PRP you)) (VP (VBP do) (NP (PRP it)) (ADVP-TMP (-NONE- *T*-1))))))))))) (. .) (-DFL- E_S))",144,193.179375,209.308625,"they say, runs approximately a thousand dollars a person every time you do it. "," they/PRP  say/VBP ,/, runs/VBZ approximately/RB   a/DT thousand/CD dollars/NNS   a/DT person/NN   every/DT time/NN   you/PRP  do/VBP   it/PRP  ./."
"100","sw01utt/sw_0185_3174.utt","3/sw3174",3174,99,"bh","B",66,1,"Really? /","Really/UH ?/.","(INTJ (UH Really) (. ?) (-DFL- E_S))",146,209.521125,209.871125,"Really? ","Really/UH ?/."
"101","sw01utt/sw_0185_3174.utt","3/sw3174",3174,100,"%","A",67,1,"{C And, } -/","And/CC ,/,","(S-UNF (CC And) (, ,) (-DFL- N_S))",148,209.989125,210.639125," And,  ","And/CC ,/,"
"102","sw01utt/sw_0185_3174.utt","3/sw3174",3174,101,"qy","B",68,1,"It's that high? /","[ It/PRP ] [ 's/BES ] that/RB  [ high/JJ ] ?/.","(S (NP-SBJ (PRP It)) (VP (BES 's) (ADJP-PRD (RB that) (JJ high))) (. ?) (-DFL- E_S))",150,209.871125,210.631125,"It's that high? "," It/PRP   's/BES  that/RB   high/JJ  ?/."
"103","sw01utt/sw_0185_3174.utt","3/sw3174",3174,102,"ny","A",69,1,"Yes.  /","Yes/UH ./.","(INTJ (UH Yes) (. .) (-DFL- E_S))",152,210.859125,212.879125,"Yes.  ","Yes/UH ./."
"104","sw01utt/sw_0185_3174.utt","3/sw3174",3174,103,"ny","A",69,2,"{C And, }  {F oh, } yeah,  /","And/CC ,/, oh/UH ,/, yeah/UH ,/,","(FRAG (CC And) (, ,) (INTJ (UH oh)) (, ,) (INTJ (UH yeah)) (, ,) (-DFL- E_S))",153,210.859125,212.879125," And,    oh,  yeah,  ","And/CC ,/, oh/UH ,/, yeah/UH ,/,"
"105","sw01utt/sw_0185_3174.utt","3/sw3174",3174,104,"sd^e","A",69,3,"it's very expensive. /","[ it/PRP ] 's/BES very/RB expensive/JJ ./.","(S (NP-SBJ (PRP it)) (VP (BES 's) (ADJP-PRD (RB very) (JJ expensive))) (. .) (-DFL- E_S))",154,210.859125,212.879125,"it's very expensive. "," it/PRP  's/BES very/RB expensive/JJ ./."
"106","sw01utt/sw_0185_3174.utt","3/sw3174",3174,105,"b","B",70,1,"Oh. /","Oh/UH ./.","(INTJ (UH Oh) (. .) (-DFL- E_S))",156,213.195875,213.485875,"Oh. ","Oh/UH ./."
"107","sw01utt/sw_0185_3174.utt","3/sw3174",3174,106,"%","A",71,1,"{C And, }  {F uh, } -/","And/CC ,/,  [ uh/UH ] ,/,","(S-UNF (CC And) (, ,) (INTJ (UH uh)) (, ,) (-DFL- N_S))",158,213.399125,214.279125," And,    uh,  ","And/CC ,/,   uh/UH  ,/,"
"108","sw01utt/sw_0185_3174.utt","3/sw3174",3174,107,"sd","B",72,1,"<Laughter> I didn't realize --","[ I/PRP ] did/VBD n't/RB realize/VB --/:","(S (NP-SBJ (PRP I)) (VP (VBD did) (RB n't) (VP (VB realize) (SBAR (-NONE- 0) (S (NP-SBJ (PRP it)) (VP (VBD was) (ADJP-PRD (RB that) (JJ expensive))))))) (. .) (-DFL- E_S))",160,214.076625,216.036625,"Laughter I didn't realize "," I/PRP  did/VBD n't/RB realize/VB /:"
"109","sw01utt/sw_0185_3174.utt","3/sw3174",3174,108,"b","A",73,1,"Uh-huh. /","[ Uh-huh/UH ] ./.","(INTJ (UH Uh-huh) (. .) (-DFL- E_S))",140,215.029125,215.329125,"Uhhuh. "," Uhhuh/UH  ./."
"110","sw01utt/sw_0185_3174.utt","3/sw3174",3174,109,"+","B",74,1,"-- it was that expensive. /","--/:  [ it/PRP ] was/VBD that/RB expensive/JJ ./.","(S (NP-SBJ (PRP I)) (VP (VBD did) (RB n't) (VP (VB realize) (SBAR (-NONE- 0) (S (NP-SBJ (PRP it)) (VP (VBD was) (ADJP-PRD (RB that) (JJ expensive))))))) (. .) (-DFL- E_S))",160,NA,NA," it was that expensive. ","/:   it/PRP  was/VBD that/RB expensive/JJ ./."
"111","sw01utt/sw_0185_3174.utt","3/sw3174",3174,110,"sd","A",75,1,"It's not like a normal urinalysis -- /","[ It/PRP ] 's/BES not/RB like/IN  [ a/DT normal/JJ urinalysis/NN ] --/:","(S (NP-SBJ (PRP It)) (VP (BES 's) (RB not) (PP-PRD (IN like) (NP (DT a) (JJ normal) (NN urinalysis)))) (-DFL- E_S))",165,216.209125,218.299125,"It's not like a normal urinalysis  "," It/PRP  's/BES not/RB like/IN   a/DT normal/JJ urinalysis/NN  /:"
"112","sw01utt/sw_0185_3174.utt","3/sw3174",3174,111,"b","B",76,1,"Uh-huh. /","[ Uh-huh/UH ] ./.","(INTJ (UH Uh-huh) (. .) (-DFL- E_S))",162,218.159375,218.559375,"Uhhuh. "," Uhhuh/UH  ./."
"113","sw01utt/sw_0185_3174.utt","3/sw3174",3174,112,"sd^r","A",77,1,"-- it's very expensive to run them.  /","--/:  [ it/PRP ] 's/BES very/RB expensive/JJ to/TO run/VB  [ them/PRP ] ./.","(S (NP-SBJ (NP (PRP it)) (S (-NONE- *EXP*-1))) (VP (BES 's) (ADJP-PRD (RB very) (JJ expensive)) (S-1 (NP-SBJ (-NONE- *)) (VP (TO to) (VP (VB run) (NP (PRP them)))))) (. .) (-DFL- E_S))",169,218.299125,226.339125," it's very expensive to run them.  ","/:   it/PRP  's/BES very/RB expensive/JJ to/TO run/VB   them/PRP  ./."
"114","sw01utt/sw_0185_3174.utt","3/sw3174",3174,113,"sd","A",77,2,"{C And, }  {F uh, } I didn't get a raise this year,  /","And/CC ,/,  [ uh/UH ] ,/,  [ I/PRP ] did/VBD n't/RB get/VB  [ a/DT raise/NN ] [ this/DT year/NN ] ,/,","(S (CC And) (, ,) (INTJ (UH uh)) (, ,) (NP-SBJ (PRP I)) (VP (VBD did) (RB n't) (VP (VB get) (NP (DT a) (NN raise)) (NP-TMP (DT this) (NN year)))) (, ,) (-DFL- E_S))",170,218.299125,226.339125," And,    uh,  I didn't get a raise this year,  ","And/CC ,/,   uh/UH  ,/,   I/PRP  did/VBD n't/RB get/VB   a/DT raise/NN   this/DT year/NN  ,/,"
"115","sw01utt/sw_0185_3174.utt","3/sw3174",3174,114,"sd","A",77,3,"{C because, } nobody in our company got a raise. /","because/RB ,/,  [ nobody/NN ] in/IN  [ our/PRP$ company/NN ] got/VBD  [ a/DT raise/NN ] ./.","(SBAR-PRP (RB because) (, ,) (S (NP-SBJ (NP (NN nobody)) (PP (IN in) (NP (PRP$ our) (NN company)))) (VP (VBD got) (NP (DT a) (NN raise)))) (. .) (-DFL- E_S))",171,218.299125,226.339125," because,  nobody in our company got a raise. ","because/RB ,/,   nobody/NN  in/IN   our/PRP$ company/NN  got/VBD   a/DT raise/NN  ./."
"116","sw01utt/sw_0185_3174.utt","3/sw3174",3174,115,"b","B",78,1,"Uh-huh. /","[ Uh-huh/UH ] ./.","(INTJ (UH Uh-huh) (. .) (-DFL- E_S))",162,226.203875,226.583875,"Uhhuh. "," Uhhuh/UH  ./."
"117","sw01utt/sw_0185_3174.utt","3/sw3174",3174,116,"sd","A",79,1,"{C But, }  yet --","But/CC ,/, yet/RB --/:","(S (CC But) (, ,) (ADVP (RB yet)) (NP-SBJ (PRP they)) (VP (VBP spend) (NP (PDT all) (DT the) (NN money)) (PP (IN on) (NP (NN drug) (NN testing)))) (-DFL- E_S))",175,226.899875,229.409875," But,   yet ","But/CC ,/, yet/RB /:"
"118","sw01utt/sw_0185_3174.utt","3/sw3174",3174,117,"bf","B",80,1,"# Just lucky to have jobs. # /","Just/RB lucky/JJ to/TO have/VB  [ jobs/NNS ] ./.","(FRAG (ADVP (RB Just)) (ADJP-PRD (JJ lucky) (S (NP-SBJ (-NONE- *)) (VP (TO to) (VP (VB have) (NP (NNS jobs)))))) (. .) (-DFL- E_S))",177,227.193875,228.293875,"# Just lucky to have jobs. # ","Just/RB lucky/JJ to/TO have/VB   jobs/NNS  ./."
"119","sw01utt/sw_0185_3174.utt","3/sw3174",3174,118,"+","A",81,1,"-- # they spend all the money #  on drug testing  /","--/:  [ they/PRP ] spend/VBP  [ all/PDT the/DT money/NN ] on/IN  [ drug/NN testing/NN ]","(S (CC But) (, ,) (ADVP (RB yet)) (NP-SBJ (PRP they)) (VP (VBP spend) (NP (PDT all) (DT the) (NN money)) (PP (IN on) (NP (NN drug) (NN testing)))) (-DFL- E_S))",175,229.409875,244.09775," # they spend all the money #  on drug testing  ","/:   they/PRP  spend/VBP   all/PDT the/DT money/NN  on/IN   drug/NN testing/NN "
"120","sw01utt/sw_0185_3174.utt","3/sw3174",3174,119,"sd","A",81,2,"{C and } if they weren't spending all the money on drug testing, people could have got a raise.  /","and/CC if/IN  [ they/PRP ] were/VBD n't/RB spending/VBG  [ all/PDT the/DT money/NN ] on/IN  [ drug/NN testing/NN ] ,/,  [ people/NNS ] could/MD have/VB got/VBN  [ a/DT raise/NN ] ./.","(S (CC and) (SBAR-ADV (IN if) (S (NP-SBJ (PRP they)) (VP (VBD were) (RB n't) (VP (VBG spending) (NP (PDT all) (DT the) (NN money)) (PP (IN on) (NP (NN drug) (NN testing))))))) (, ,) (NP-SBJ (NNS people)) (VP (MD could) (VP (VB have) (VP (VBN got) (NP (DT a) (NN raise))))) (. .) (-DFL- E_S))",179,229.409875,244.09775," and  if they weren't spending all the money on drug testing, people could have got a raise.  ","and/CC if/IN   they/PRP  were/VBD n't/RB spending/VBG   all/PDT the/DT money/NN  on/IN   drug/NN testing/NN  ,/,   people/NNS  could/MD have/VB got/VBN   a/DT raise/NN  ./."
"121","sw01utt/sw_0185_3174.utt","3/sw3174",3174,120,"sd","A",81,3,"{C  So, }  {D see, } [ there, +  {D you know, } there's ] different, - /","So/UH ,/, see/UH ,/, there/RB ,/,  [ you/PRP ] know/VBP ,/,  [ there/EX ] 's/BES different/JJ ,/,","(S (RB So) (, ,) (INTJ (UH see)) (, ,) (EDITED (RM (-DFL- \[)) (NP-SBJ (RB there)) (, ,) (IP (-DFL- \+))) (PRN (S (NP-SBJ (PRP you)) (VP (VBP know))) (, ,)) (NP-SBJ (EX there)) (VP-UNF (BES 's) (RS (-DFL- \])) (X (JJ different))) (, ,) (-DFL- N_S))",180,229.409875,244.09775,"  So,    see,   there,    you know,  there's  different,  ","So/UH ,/, see/UH ,/, there/RB ,/,   you/PRP  know/VBP ,/,   there/EX  's/BES different/JJ ,/,"
"122","sw01utt/sw_0185_3174.utt","3/sw3174",3174,121,"sd","A",81,4,"[ I don't think  that [ that's,  + that,  ] + I think that's ] more of a personal view of mine --","[ I/PRP ] do/VBP n't/RB think/VB that/IN  [ that/DT ] 's/BES ,/, that/IN ,/,  [ I/PRP ] think/VBP  [ that/DT ] 's/BES more/JJR of/IN  [ a/DT personal/NN view/NN ] of/IN  [ mine/NN ] --/:","(S (EDITED (RM (-DFL- \[)) (S (NP-SBJ (PRP I)) (VP (VBP do) (RB n't) (VP (VB think) (SBAR-UNF (IN that) (S-UNF (EDITED (RM (-DFL- \[)) (S (NP-SBJ (DT that)) (VP-UNF (BES 's))) (, ,) (IP (-DFL- \+))) (NP-SBJ (IN that))))))) (, ,) (RS (-DFL- \])) (IP (-DFL- \+))) (NP-SBJ (PRP I)) (VP (VBP think) (SBAR (-NONE- 0) (S (NP-SBJ (DT that)) (VP (BES 's) (RS (-DFL- \])) (NP-PRD (NP (JJR more)) (PP (IN of) (NP (NP (DT a) (NN personal) (NN view)) (PP (IN of) (NP (NN mine)))))) (ADVP (JJ other) (PP (IN than) (EDITED (RM (-DFL- \[)) (NP-UNF (DT a)) (, ,) (IP (-DFL- \+))) (NP (DT a) (RS (-DFL- \])) (S-SEZ (INTJ (INTJ (UH yes)) (, ,) (INTJ (UH sir))) (, ,) (NP-SBJ (PRP we)) (VP (MD should) (VP (VB have) (NP (NN drug) (NN testing)) (SBAR-PRP (IN because) (S (NP-SBJ (EX there)) (VP (BES 's) (ADVP (RB really)) (NP-PRD (DT a) (NN problem))))))))))))))) (-DFL- E_S))",181,229.409875,244.09775," I don't think  that  that's,   that,    I think that's  more of a personal view of mine "," I/PRP  do/VBP n't/RB think/VB that/IN   that/DT  's/BES ,/, that/IN ,/,   I/PRP  think/VBP   that/DT  's/BES more/JJR of/IN   a/DT personal/NN view/NN  of/IN   mine/NN  /:"
"123","sw01utt/sw_0185_3174.utt","3/sw3174",3174,122,"b","B",82,1,"Uh-huh. /","[ Uh-huh/UH ] ./.","(INTJ (UH Uh-huh) (. .) (-DFL- E_S))",162,239.99425,240.40425,"Uhhuh. "," Uhhuh/UH  ./."
"124","sw01utt/sw_0185_3174.utt","3/sw3174",3174,123,"+","A",83,1,"-- other than [ a, +  a ] yes, sir,  we should have drug testing because there's really a problem  /","--/: other/JJ than/IN  [ a/DT ] ,/,  [ a/DT ] yes/UH ,/, sir/UH ,/,  [ we/PRP ] should/MD have/VB  [ drug/NN ] testing/NN because/IN  [ there/EX ] 's/BES really/RB  [ a/DT problem/NN ]","(S (EDITED (RM (-DFL- \[)) (S (NP-SBJ (PRP I)) (VP (VBP do) (RB n't) (VP (VB think) (SBAR-UNF (IN that) (S-UNF (EDITED (RM (-DFL- \[)) (S (NP-SBJ (DT that)) (VP-UNF (BES 's))) (, ,) (IP (-DFL- \+))) (NP-SBJ (IN that))))))) (, ,) (RS (-DFL- \])) (IP (-DFL- \+))) (NP-SBJ (PRP I)) (VP (VBP think) (SBAR (-NONE- 0) (S (NP-SBJ (DT that)) (VP (BES 's) (RS (-DFL- \])) (NP-PRD (NP (JJR more)) (PP (IN of) (NP (NP (DT a) (NN personal) (NN view)) (PP (IN of) (NP (NN mine)))))) (ADVP (JJ other) (PP (IN than) (EDITED (RM (-DFL- \[)) (NP-UNF (DT a)) (, ,) (IP (-DFL- \+))) (NP (DT a) (RS (-DFL- \])) (S-SEZ (INTJ (INTJ (UH yes)) (, ,) (INTJ (UH sir))) (, ,) (NP-SBJ (PRP we)) (VP (MD should) (VP (VB have) (NP (NN drug) (NN testing)) (SBAR-PRP (IN because) (S (NP-SBJ (EX there)) (VP (BES 's) (ADVP (RB really)) (NP-PRD (DT a) (NN problem))))))))))))))) (-DFL- E_S))",181,244.09775,247.97775," other than  a,   a  yes, sir,  we should have drug testing because there's really a problem  ","/: other/JJ than/IN   a/DT  ,/,   a/DT  yes/UH ,/, sir/UH ,/,   we/PRP  should/MD have/VB   drug/NN  testing/NN because/IN   there/EX  's/BES really/RB   a/DT problem/NN "
"125","sw01utt/sw_0185_3174.utt","3/sw3174",3174,124,"sd","A",83,2,"{C and } I know that.  /","and/CC  [ I/PRP ] know/VBP  [ that/DT ] ./.","(S (CC and) (NP-SBJ (PRP I)) (VP (VBP know) (NP (DT that))) (. .) (-DFL- E_S))",185,244.09775,247.97775," and  I know that.  ","and/CC   I/PRP  know/VBP   that/DT  ./."
"126","sw01utt/sw_0185_3174.utt","3/sw3174",3174,125,"sd","A",83,3,"{C But then, } I have other views to it. /","But/CC then/RB ,/,  [ I/PRP ] have/VBP  [ other/JJ views/NNS ] to/IN  [ it/PRP ] ./.","(S (CONJP (CC But) (RB then)) (, ,) (NP-SBJ (PRP I)) (VP (VBP have) (NP (NP (JJ other) (NNS views)) (PP (IN to) (NP (PRP it))))) (. .) (-DFL- E_S))",186,244.09775,247.97775," But then,  I have other views to it. ","But/CC then/RB ,/,   I/PRP  have/VBP   other/JJ views/NNS  to/IN   it/PRP  ./."
"127","sw01utt/sw_0185_3174.utt","3/sw3174",3174,126,"sd","B",84,1,"[ I just, +  I ] didn't think it was  that expensive because my son was in probably a week and a half period -- /","[ I/PRP ] just/RB ,/,  [ I/PRP ] did/VBD n't/RB think/VB  [ it/PRP ] was/VBD that/RB expensive/JJ because/IN  [ my/PRP$ son/NN ] was/VBD in/IN probably/RB  [ a/DT week/NN ] and/CC  [ a/DT half/NN period/NN ] --/:","(S (EDITED (RM (-DFL- \[)) (S-UNF (NP-SBJ (PRP I)) (ADVP (RB just))) (, ,) (IP (-DFL- \+))) (NP-SBJ (PRP I)) (RS (-DFL- \])) (VP (VBD did) (RB n't) (VP (VB think) (SBAR (-NONE- 0) (S (NP-SBJ (PRP it)) (VP (VBD was) (ADJP-PRD (RB that) (JJ expensive))))) (SBAR-PRP (IN because) (S (NP-SBJ (PRP$ my) (NN son)) (VP-UNF (VBD was) (PP-TMP (IN in) (ADVP (RB probably)) (NP (DT a) (NN week) (QP (CC and) (DT a) (NN half)) (NN period)))))))) (-DFL- E_S))",188,248.312875,252.682875," I just,   I  didn't think it was  that expensive because my son was in probably a week and a half period  "," I/PRP  just/RB ,/,   I/PRP  did/VBD n't/RB think/VB   it/PRP  was/VBD that/RB expensive/JJ because/IN   my/PRP$ son/NN  was/VBD in/IN probably/RB   a/DT week/NN  and/CC   a/DT half/NN period/NN  /:"
"128","sw01utt/sw_0185_3174.utt","3/sw3174",3174,127,"b","A",85,1,"Uh-huh. /","[ Uh-huh/UH ] ./.","(INTJ (UH Uh-huh) (. .) (-DFL- E_S))",162,252.721875,252.991875,"Uhhuh. "," Uhhuh/UH  ./."
"129","sw01utt/sw_0185_3174.utt","3/sw3174",3174,128,"sd","B",86,1,"-- {C and } Sam's and Wal-Mart  [ are, + are ] owned by the same people -- /","--/: and/CC  [ Sam/NNP 's/POS ] and/CC  [ Wal-Mart/NNP ] are/VBP ,/, are/VBP owned/VBN by/IN  [ the/DT same/JJ people/NNS ] --/:","(S (CC and) (NP-SBJ-1 (NP (NNP Sam) (POS 's)) (CC and) (NP (NNP Wal-Mart))) (EDITED (RM (-DFL- \[)) (VP-UNF (VBP are)) (, ,) (IP (-DFL- \+))) (VP (VBP are) (RS (-DFL- \])) (VP (VBN owned) (NP (-NONE- *-1)) (PP (IN by) (NP-LGS (DT the) (JJ same) (NNS people))))) (-DFL- E_S))",192,253.022875,256.76875,"  and  Sam's and WalMart   are,  are  owned by the same people  ","/: and/CC   Sam/NNP 's/POS  and/CC   WalMart/NNP  are/VBP ,/, are/VBP owned/VBN by/IN   the/DT same/JJ people/NNS  /:"
"130","sw01utt/sw_0185_3174.utt","3/sw3174",3174,129,"b","A",87,1,"Uh-huh. /","[ Uh-huh/UH ] ./.","(INTJ (UH Uh-huh) (. .) (-DFL- E_S))",167,256.826125,257.126125,"Uhhuh. "," Uhhuh/UH  ./."
"131","sw01utt/sw_0185_3174.utt","3/sw3174",3174,130,"sd","B",88,1,"-- he took one [ for, +  for, ] {F uh, } Wal-Mart --","--/:  [ he/PRP ] took/VBD  [ one/CD ] for/IN ,/, for/IN ,/,  [ uh/UH ] ,/,  [ Wal-Mart/NNP ] --/:","(S (NP-SBJ (PRP he)) (VP (VBD took) (NP (NP (CD one)) (EDITED (RM (-DFL- \[)) (PP-UNF (IN for)) (, ,) (IP (-DFL- \+))) (PP (IN for) (, ,) (RS (-DFL- \])) (INTJ (UH uh)) (, ,) (NP (NNP Wal-Mart))) (PP (IN for) (NP (NN job) (NN hiring))))) (-DFL- E_S))",196,256.76875,260.70875," he took one  for,   for,   uh,  WalMart ","/:   he/PRP  took/VBD   one/CD  for/IN ,/, for/IN ,/,   uh/UH  ,/,   WalMart/NNP  /:"
"132","sw01utt/sw_0185_3174.utt","3/sw3174",3174,131,"b","A",89,1,"Uh-huh. /","[ Uh-huh/UH ] ./.","(INTJ (UH Uh-huh) (. .) (-DFL- E_S))",173,258.741875,259.081875,"Uhhuh. "," Uhhuh/UH  ./."
"133","sw01utt/sw_0185_3174.utt","3/sw3174",3174,132,"+","B",90,1,"-- for job hiring  /","--/: for/IN  [ job/NN ] hiring/NN","(S (NP-SBJ (PRP he)) (VP (VBD took) (NP (NP (CD one)) (EDITED (RM (-DFL- \[)) (PP-UNF (IN for)) (, ,) (IP (-DFL- \+))) (PP (IN for) (, ,) (RS (-DFL- \])) (INTJ (UH uh)) (, ,) (NP (NNP Wal-Mart))) (PP (IN for) (NP (NN job) (NN hiring))))) (-DFL- E_S))",196,260.70875,264.05875," for job hiring  ","/: for/IN   job/NN  hiring/NN"
"134","sw01utt/sw_0185_3174.utt","3/sw3174",3174,133,"sd","B",90,2,"{C and then }  Sam's called him  /","and/CC then/RB  [ Sam/NNP 's/POS ] called/VBN  [ him/PRP ]","(S (CONJP (CC and) (RB then)) (NP-SBJ (NNP Sam) (POS 's)) (VP (VBN called) (NP (PRP him))) (-DFL- E_S))",200,260.70875,264.05875," and then   Sam's called him  ","and/CC then/RB   Sam/NNP 's/POS  called/VBN   him/PRP "
"135","sw01utt/sw_0185_3174.utt","3/sw3174",3174,134,"sd","B",90,3,"[ {C and, } + {C and } ] <laughter> he took another one -- /","and/CC ,/, and/CC  [ he/PRP ] took/VBD  [ another/DT one/CD ] --/:","(S (EDITED (RM (-DFL- \[)) (CC and) (, ,) (IP (-DFL- \+))) (CC and) (RS (-DFL- \])) (NP-SBJ (PRP he)) (VP (VBD took) (NP (DT another) (CD one))) (-DFL- E_S))",201,260.70875,264.05875,"  and,    and   laughter he took another one  ","and/CC ,/, and/CC   he/PRP  took/VBD   another/DT one/CD  /:"
"136","sw01utt/sw_0185_3174.utt","3/sw3174",3174,135,"b","A",91,1,"Right. /","[ Right/UH ] ./.","(INTJ (UH Right) (. .) (-DFL- E_S))",203,264.2,264.77,"Right. "," Right/UH  ./."
"137","sw01utt/sw_0185_3174.utt","3/sw3174",3174,136,"sd","B",92,1,"-- {C and } [ I, + {D you know, } I ]  don't know why they both made him do that --","--/: and/CC  [ I/PRP ] ,/,  [ you/PRP ] know/VBP ,/,  [ I/PRP ] do/VBP n't/RB know/VB why/WRB  [ they/PRP ] [ both/DT ] made/VBD  [ him/PRP ] do/VB  [ that/DT ] --/:","(S (CC and) (EDITED (RM (-DFL- \[)) (NP-SBJ (PRP I)) (, ,) (IP (-DFL- \+))) (PRN (S (NP-SBJ (PRP you)) (VP (VBP know))) (, ,)) (NP-SBJ (PRP I)) (RS (-DFL- \])) (VP (VBP do) (RB n't) (VP (VB know) (SBAR (WHADVP-1 (WRB why)) (S (NP-SBJ (NP (PRP they)) (NP (DT both))) (VP (VBD made) (S (NP-SBJ (PRP him)) (VP (VB do) (NP (DT that)))) (ADVP-PRP (-NONE- *T*-1))))) (SBAR-PRP (IN since) (S (NP-SBJ (PRP it)) (VP (VBD was) (ADVP-PRD (ADVP (RB so) (RB close)) (RB together))))))) (. .) (-DFL- E_S))",205,264.05875,269.769375,"  and   I,   you know,  I   don't know why they both made him do that ","/: and/CC   I/PRP  ,/,   you/PRP  know/VBP ,/,   I/PRP  do/VBP n't/RB know/VB why/WRB   they/PRP   both/DT  made/VBD   him/PRP  do/VB   that/DT  /:"
"138","sw01utt/sw_0185_3174.utt","3/sw3174",3174,137,"b","A",93,1,"Uh-huh. /","[ Uh-huh/UH ] ./.","(INTJ (UH Uh-huh) (. .) (-DFL- E_S))",183,268.5605,268.8805,"Uhhuh. "," Uhhuh/UH  ./."
"139","sw01utt/sw_0185_3174.utt","3/sw3174",3174,138,"+","B",94,1,"-- since it was so close together.  /","--/: since/IN  [ it/PRP ] was/VBD so/RB close/RB together/RB ./.","(S (CC and) (EDITED (RM (-DFL- \[)) (NP-SBJ (PRP I)) (, ,) (IP (-DFL- \+))) (PRN (S (NP-SBJ (PRP you)) (VP (VBP know))) (, ,)) (NP-SBJ (PRP I)) (RS (-DFL- \])) (VP (VBP do) (RB n't) (VP (VB know) (SBAR (WHADVP-1 (WRB why)) (S (NP-SBJ (NP (PRP they)) (NP (DT both))) (VP (VBD made) (S (NP-SBJ (PRP him)) (VP (VB do) (NP (DT that)))) (ADVP-PRP (-NONE- *T*-1))))) (SBAR-PRP (IN since) (S (NP-SBJ (PRP it)) (VP (VBD was) (ADVP-PRD (ADVP (RB so) (RB close)) (RB together))))))) (. .) (-DFL- E_S))",205,269.769375,274.599625," since it was so close together.  ","/: since/IN   it/PRP  was/VBD so/RB close/RB together/RB ./."
"140","sw01utt/sw_0185_3174.utt","3/sw3174",3174,139,"sd","B",94,2,"I can see if <breathing>, - /","[ I/PRP ] can/MD see/VB if/IN ,/,","(S (NP-SBJ (PRP I)) (VP (MD can) (VP (VB see) (SBAR (-NONE- 0) (S (SBAR-ADV-UNF (IN if)))))) (, ,) (-DFL- N_S))",209,269.769375,274.599625,"I can see if breathing,  "," I/PRP  can/MD see/VB if/IN ,/,"
"141","sw01utt/sw_0185_3174.utt","3/sw3174",3174,140,"sv","B",94,3,"{C because, } {D you know, } if it's a thousand dollars, that's a thousand dollars they wasted. /","because/RB ,/,  [ you/PRP ] know/VBP ,/, if/IN  [ it/PRP ] 's/BES  [ a/DT thousand/CD dollars/NNS ] ,/,  [ that/DT ] 's/BES  [ a/DT thousand/CD dollars/NNS they/PRP ] wasted/VBD ./.","(SBAR-PRP (RB because) (PRN (, ,) (S (NP-SBJ (PRP you)) (VP (VBP know))) (, ,)) (S (SBAR-ADV (IN if) (S (NP-SBJ (PRP it)) (VP (BES 's) (NP-PRD (QP (DT a) (CD thousand)) (NNS dollars))))) (, ,) (NP-SBJ (DT that)) (VP (BES 's) (NP-PRD (NP (QP (DT a) (CD thousand)) (NNS dollars)) (SBAR (WHNP-1 (-NONE- 0)) (S (NP-SBJ (PRP they)) (VP (VBD wasted) (NP (-NONE- *T*-1)))))))) (. .) (-DFL- E_S))",210,269.769375,274.599625," because,   you know,  if it's a thousand dollars, that's a thousand dollars they wasted. ","because/RB ,/,   you/PRP  know/VBP ,/, if/IN   it/PRP  's/BES   a/DT thousand/CD dollars/NNS  ,/,   that/DT  's/BES   a/DT thousand/CD dollars/NNS they/PRP  wasted/VBD ./."
"142","sw01utt/sw_0185_3174.utt","3/sw3174",3174,141,"sd","A",95,1,"Theirs might not run a thousand dollars.  / *[[Their's -> Theirs]]","[ Theirs/PRP ]  might/MD not/RB run/VB  [ a/DT thousand/CD dollars/NNS ] ./.","(S (NP-SBJ (PRP Theirs)) (VP (MD might) (RB not) (VP (VB run) (NP (QP (DT a) (CD thousand)) (NNS dollars)))) (. .) (-DFL- E_S))",212,274.6215,281.5815,"Theirs might not run a thousand dollars.   *Their's  Theirs"," Theirs/PRP   might/MD not/RB run/VB   a/DT thousand/CD dollars/NNS  ./."
"143","sw01utt/sw_0185_3174.utt","3/sw3174",3174,142,"%","A",95,2,"Our, - /","[ Our/PRP$ ] ,/,","(X (PRP$ Our) (, ,) (-DFL- N_S))",213,274.6215,281.5815,"Our,  "," Our/PRP$  ,/,"
"144","sw01utt/sw_0185_3174.utt","3/sw3174",3174,143,"sd","A",95,3,"from what I understanding here at T I, they run close to a thousand dollars an employee. /","from/IN  [ what/WP ] [ I/PRP ] understanding/VBG here/RB at/IN  [ T/NNP I/NNP ] ,/,  [ they/PRP ] run/VBP close/RB to/IN  [ a/DT thousand/CD dollars/NNS ] [ an/DT employee/NN ] ./.","(S (PP (IN from) (SBAR (WHNP-1 (WP what)) (S (NP-SBJ (PRP I)) (VP (VBG understanding) (NP (-NONE- *T*-1)))))) (ADVP-LOC (RB here) (PP (IN at) (NP (NNP T) (NNP I)))) (, ,) (NP-SBJ (PRP they)) (VP (VBP run) (NP (NP (QP (RB close) (IN to) (DT a) (CD thousand)) (NNS dollars)) (NP-ADV (DT an) (NN employee)))) (. .) (-DFL- E_S))",214,274.6215,281.5815,"from what I understanding here at T I, they run close to a thousand dollars an employee. ","from/IN   what/WP   I/PRP  understanding/VBG here/RB at/IN   T/NNP I/NNP  ,/,   they/PRP  run/VBP close/RB to/IN   a/DT thousand/CD dollars/NNS   an/DT employee/NN  ./."
"145","sw01utt/sw_0185_3174.utt","3/sw3174",3174,144,"sd","B",96,1,"{D Well, } maybe they run, - /","Well/UH ,/, maybe/RB  [ they/PRP ] run/VBP ,/,","(S (INTJ (UH Well)) (, ,) (ADVP (RB maybe)) (NP-SBJ (PRP they)) (VP-UNF (VBP run)) (, ,) (-DFL- N_S))",216,283.054125,293.325625," Well,  maybe they run,  ","Well/UH ,/, maybe/RB   they/PRP  run/VBP ,/,"
"146","sw01utt/sw_0185_3174.utt","3/sw3174",3174,145,"h","B",96,2,"I don't know, {D you know, }  /","[ I/PRP ] do/VBP n't/RB know/VB ,/,  [ you/PRP ] know/VBP ,/,","(S (NP-SBJ (PRP I)) (VP (VBP do) (RB n't) (VP (VB know) (PRN (, ,) (S (NP-SBJ (PRP you)) (VP (VBP know)))))) (, ,) (-DFL- E_S))",217,283.054125,293.325625,"I don't know,  you know,   "," I/PRP  do/VBP n't/RB know/VB ,/,   you/PRP  know/VBP ,/,"
"147","sw01utt/sw_0185_3174.utt","3/sw3174",3174,146,"h","B",96,3,"that's just guessing it.  /","[ that/DT ] 's/BES just/RB guessing/VBG  [ it/PRP ] ./.","(S (NP-SBJ (DT that)) (VP (BES 's) (ADVP (RB just)) (VP (VBG guessing) (NP (PRP it)))) (. .) (-DFL- E_S))",218,283.054125,293.325625,"that's just guessing it.  "," that/DT  's/BES just/RB guessing/VBG   it/PRP  ./."
"148","sw01utt/sw_0185_3174.utt","3/sw3174",3174,147,"sd","B",96,4,"Maybe they run a lot of other tests,  /","Maybe/RB  [ they/PRP ] run/VBP  [ a/DT lot/NN ] of/IN  [ other/JJ tests/NNS ] ,/,","(S (ADVP (RB Maybe)) (NP-SBJ (PRP they)) (VP (VBP run) (NP (NP (DT a) (NN lot)) (PP (IN of) (NP (JJ other) (NNS tests))))) (, ,) (-DFL- E_S))",219,283.054125,293.325625,"Maybe they run a lot of other tests,  ","Maybe/RB   they/PRP  run/VBP   a/DT lot/NN  of/IN   other/JJ tests/NNS  ,/,"
"149","sw01utt/sw_0185_3174.utt","3/sw3174",3174,148,"sd","B",96,5,"{C or } maybe it's under a health --","or/CC maybe/RB  [ it/PRP ] 's/BES under/IN  [ a/DT health/NN ] --/:","(S (CC or) (ADVP (RB maybe)) (NP-SBJ (PRP it)) (VP (BES 's) (PP-PRD (IN under) (NP (NP (DT a) (NN health) (NN type) (NN program)) (SBAR (WHNP-1 (IN that)) (S (NP-SBJ (NP (-NONE- *T*-1)) (EDITED (RM (-DFL- \[)) (EDITED (RM (-DFL- \[)) (NP (PRP it)) (IP (-DFL- \+))) (NP (PRP it)) (, ,) (RS (-DFL- \])) (IP (-DFL- \+))) (NP (PRP it))) (RS (-DFL- \])) (VP (MD would) (VP (VB catch) (NP (NP (DT a) (NN lot)) (PP (IN of) (NP (NNS things))))))))))) (. .) (-DFL- E_S))",220,283.054125,293.325625," or  maybe it's under a health ","or/CC maybe/RB   it/PRP  's/BES under/IN   a/DT health/NN  /:"
"150","sw01utt/sw_0185_3174.utt","3/sw3174",3174,149,"b","A",97,1,"Uh-huh. /","[ Uh-huh/UH ] ./.","(INTJ (UH Uh-huh) (. .) (-DFL- E_S))",190,289.692625,290.082625,"Uhhuh. "," Uhhuh/UH  ./."
"151","sw01utt/sw_0185_3174.utt","3/sw3174",3174,150,"+","B",98,1,"-- type program that [ [ it -- +","--/:  [ type/NN program/NN ] that/IN  [ it/PRP ] --/:","(S (CC or) (ADVP (RB maybe)) (NP-SBJ (PRP it)) (VP (BES 's) (PP-PRD (IN under) (NP (NP (DT a) (NN health) (NN type) (NN program)) (SBAR (WHNP-1 (IN that)) (S (NP-SBJ (NP (-NONE- *T*-1)) (EDITED (RM (-DFL- \[)) (EDITED (RM (-DFL- \[)) (NP (PRP it)) (IP (-DFL- \+))) (NP (PRP it)) (, ,) (RS (-DFL- \])) (IP (-DFL- \+))) (NP (PRP it))) (RS (-DFL- \])) (VP (MD would) (VP (VB catch) (NP (NP (DT a) (NN lot)) (PP (IN of) (NP (NNS things))))))))))) (. .) (-DFL- E_S))",220,NA,NA," type program that   it  ","/:   type/NN program/NN  that/IN   it/PRP  /:"
"152","sw01utt/sw_0185_3174.utt","3/sw3174",3174,151,"b","A",99,1,"Uh-huh. /","[ Uh-huh/UH ] ./.","(INTJ (UH Uh-huh) (. .) (-DFL- E_S))",194,291.26825,291.54825,"Uhhuh. "," Uhhuh/UH  ./."
"153","sw01utt/sw_0185_3174.utt","3/sw3174",3174,152,"+","B",100,1,"-- it, ] + it ] would catch a lot of things.  /","--/:  [ it/PRP ] ,/,  [ it/PRP ] would/MD catch/VB  [ a/DT lot/NN ] of/IN  [ things/NNS ] ./.","(S (CC or) (ADVP (RB maybe)) (NP-SBJ (PRP it)) (VP (BES 's) (PP-PRD (IN under) (NP (NP (DT a) (NN health) (NN type) (NN program)) (SBAR (WHNP-1 (IN that)) (S (NP-SBJ (NP (-NONE- *T*-1)) (EDITED (RM (-DFL- \[)) (EDITED (RM (-DFL- \[)) (NP (PRP it)) (IP (-DFL- \+))) (NP (PRP it)) (, ,) (RS (-DFL- \])) (IP (-DFL- \+))) (NP (PRP it))) (RS (-DFL- \])) (VP (MD would) (VP (VB catch) (NP (NP (DT a) (NN lot)) (PP (IN of) (NP (NNS things))))))))))) (. .) (-DFL- E_S))",220,293.325625,299.175625," it,   it  would catch a lot of things.  ","/:   it/PRP  ,/,   it/PRP  would/MD catch/VB   a/DT lot/NN  of/IN   things/NNS  ./."
"154","sw01utt/sw_0185_3174.utt","3/sw3174",3174,153,"sd","B",100,2,"[ I, + I ] just can't imagine --","[ I/PRP ] ,/,  [ I/PRP ] just/RB ca/MD n't/RB imagine/VB --/:","(S (EDITED (RM (-DFL- \[)) (NP-SBJ (PRP I)) (, ,) (IP (-DFL- \+))) (NP-SBJ (PRP I)) (RS (-DFL- \])) (ADVP (RB just)) (VP (MD ca) (RB n't) (VP (VB imagine) (S (NP-SBJ-1 (PRP them)) (VP (VP (VBG screening) (NP (PDT all) (DT these) (NNS employees))) (, ,) (VP (VBG paying) (NP (DT a) (CD thousand) (NNS dollars)) (S-PRP (NP-SBJ (-NONE- *-1)) (VP (TO to) (VP (VB get) (S-UNF (NP-SBJ (PRP them))))))))))) (. .) (-DFL- E_S))",227,293.325625,299.175625," I,  I  just can't imagine "," I/PRP  ,/,   I/PRP  just/RB ca/MD n't/RB imagine/VB /:"
"155","sw01utt/sw_0185_3174.utt","3/sw3174",3174,154,"o","A",101,1,"# {C But, }  no  /","But/CC ,/, no/RB","(FRAG (CC But) (, ,) (INTJ (RB no)) (-DFL- E_S))",229,295.24675,297.27675,"#  But,   no  ","But/CC ,/, no/RB"
"156","sw01utt/sw_0185_3174.utt","3/sw3174",3174,155,"sd","A",101,2,"for all [ the, + the ] pub-, # -/","for/IN  [ all/PDT the/DT ] ,/,  [ the/DT pub-/NN ] ,/,","(PP (IN for) (NP-UNF (PDT all) (EDITED (RM (-DFL- \[)) (DT the) (, ,) (IP (-DFL- \+))) (DT the) (RS (-DFL- \])) (NN pub-)) (, ,) (-DFL- N_S))",230,295.24675,297.27675,"for all  the,  the  pub, # ","for/IN   all/PDT the/DT  ,/,   the/DT pub/NN  ,/,"
"157","sw01utt/sw_0185_3174.utt","3/sw3174",3174,156,"+","B",102,1,"-- # them screening all these employees, #  paying a thousand dollars to get them. /","--/:  [ them/PRP ] screening/VBG  [ all/PDT these/DT employees/NNS ] ,/, paying/VBG  [ a/DT thousand/CD dollars/NNS ] to/TO get/VB  [ them/PRP ] ./.","(S (EDITED (RM (-DFL- \[)) (NP-SBJ (PRP I)) (, ,) (IP (-DFL- \+))) (NP-SBJ (PRP I)) (RS (-DFL- \])) (ADVP (RB just)) (VP (MD ca) (RB n't) (VP (VB imagine) (S (NP-SBJ-1 (PRP them)) (VP (VP (VBG screening) (NP (PDT all) (DT these) (NNS employees))) (, ,) (VP (VBG paying) (NP (DT a) (CD thousand) (NNS dollars)) (S-PRP (NP-SBJ (-NONE- *-1)) (VP (TO to) (VP (VB get) (S-UNF (NP-SBJ (PRP them))))))))))) (. .) (-DFL- E_S))",227,NA,NA," # them screening all these employees, #  paying a thousand dollars to get them. ","/:   them/PRP  screening/VBG   all/PDT these/DT employees/NNS  ,/, paying/VBG   a/DT thousand/CD dollars/NNS  to/TO get/VB   them/PRP  ./."
"158","sw01utt/sw_0185_3174.utt","3/sw3174",3174,157,"%","A",103,1,"{F Oh, } it's, -/","Oh/UH ,/,  [ it/PRP ] 's/BES ,/,","(S (INTJ (UH Oh)) (, ,) (NP-SBJ (PRP it)) (VP-UNF (BES 's)) (, ,) (-DFL- N_S))",233,299.297875,299.607875," Oh,  it's, ","Oh/UH ,/,   it/PRP  's/BES ,/,"
