"","swda_filename","ptb_basename","conversation_no","transcript_index","act_tag","caller","turn_index","subutterance_index","text","pos","trees","ptb_treenumbers","start_turn","end_turn","newtext","newpos"
"1","sw02utt/sw_0236_3235.utt","3/sw3235",3235,0,"qw","A",1,1,"[ What, + what ] do you feel is [ the, + the ] major change that's been going on? /","[ What/WP ] ,/,  [ what/WP ] do/VBP  [ you/PRP ] feel/VB is/VBZ  [ the/DT ] ,/,  [ the/DT major/JJ change/NN ] [ that/WDT ] 's/HVS been/VBN going/VBG on/RP ?/.","(SBARQ (EDITED (RM (-DFL- \[)) (WHNP (WP What)) (, ,) (IP (-DFL- \+))) (WHNP-2 (WP what)) (RS (-DFL- \])) (SQ (VBP do) (NP-SBJ (PRP you)) (VP (VB feel) (SBAR (-NONE- 0) (S (NP-SBJ (-NONE- *T*-2)) (VP (VBZ is) (EDITED (RM (-DFL- \[)) (NP-PRD-UNF (DT the)) (, ,) (IP (-DFL- \+))) (NP-PRD (NP (DT the) (RS (-DFL- \])) (JJ major) (NN change)) (SBAR (WHNP-1 (WDT that)) (S (NP-SBJ (-NONE- *T*-1)) (VP (HVS 's) (VP (VBN been) (VP (VBG going) (PRT (RP on))))))))))))) (. ?) (-DFL- E_S))","1",1.084625,5.049375," What,  what  do you feel is  the,  the  major change that's been going on? "," What/WP  ,/,   what/WP  do/VBP   you/PRP  feel/VB is/VBZ   the/DT  ,/,   the/DT major/JJ change/NN   that/WDT  's/HVS been/VBN going/VBG on/RP ?/."
"2","sw02utt/sw_0236_3235.utt","3/sw3235",3235,1,"sv","B",2,1,"That's a tough question.  /","[ That/DT ] 's/BES  [ a/DT tough/JJ question/NN ] ./.","(S (NP-SBJ (DT That)) (VP (BES 's) (NP-PRD (DT a) (JJ tough) (NN question))) (. .) (-DFL- E_S))","3",5.553,12.528125,"That's a tough question.  "," That/DT  's/BES   a/DT tough/JJ question/NN  ./."
"3","sw02utt/sw_0236_3235.utt","3/sw3235",3235,2,"sv","B",2,2,"We are now able to work full eight hours a day and still do our housework.   Right <laughter>. /","[ We/PRP ] are/VBP now/RB able/JJ to/TO work/VB  [ full/JJ eight/CD hours/NNS ] [ a/DT day/NN ] and/CC still/RB do/VBP  [ our/PRP$ housework/NN ] ./.  [ Right/UH ] ./.","(S (NP-SBJ-1 (PRP We)) (VP (VBP are) (ADVP-TMP (RB now)) (ADJP-PRD (JJ able) (S (NP-SBJ (-NONE- *-1)) (VP (TO to) (VP (VP (VB work) (NP-TMP (NP (JJ full) (CD eight) (NNS hours)) (NP-ADV (DT a) (NN day)))) (CC and) (VP (ADVP (RB still)) (VBP do) (NP (PRP$ our) (NN housework)))))))) (. .))|||(INTJ (UH Right) (. .) (-DFL- E_S))","4|||5",5.553,12.528125,"We are now able to work full eight hours a day and still do our housework.   Right laughter. "," We/PRP  are/VBP now/RB able/JJ to/TO work/VB   full/JJ eight/CD hours/NNS   a/DT day/NN  and/CC still/RB do/VBP   our/PRP$ housework/NN  ./.   Right/UH  ./."
"4","sw02utt/sw_0236_3235.utt","3/sw3235.pos",3235,3,"x","A",3,1,"<Laughter>.","./.","","",NA,NA,"Laughter.","./."
"5","sw02utt/sw_0236_3235.utt","3/sw3235",3235,4,"ad","B",4,1,"<Laughter> Don't ask me. /","Do/VB n't/RB ask/VB  [ me/PRP ] ./.","(S-IMP (NP-SBJ (-NONE- *)) (VP (VB Do) (RB n't) (VP (VB ask) (NP (PRP me)))) (. .) (-DFL- E_S))","8",14.12175,15.178625,"Laughter Don't ask me. ","Do/VB n't/RB ask/VB   me/PRP  ./."
"6","sw02utt/sw_0236_3235.utt","3/sw3235",3235,5,"sv","A",5,1,"<Laughter>  I think that has been the major change, is that, women feel they need to go out and do this,  /","[ I/PRP ] think/VBP that/DT has/VBZ been/VBN  [ the/DT major/JJ change/NN ] ,/, is/VBZ that/IN ,/,  [ women/NNS ] feel/VBP  [ they/PRP ] need/VBP to/TO go/VB out/RB and/CC do/VB  [ this/DT ] ,/,","(S (NP-SBJ (PRP I)) (VP (VBP think) (SBAR (-NONE- 0) (S (S-SBJ (NP-SBJ (DT that)) (VP (VBZ has) (VP (VBN been) (NP-PRD (DT the) (JJ major) (NN change))))) (, ,) (VP (VBZ is) (SBAR-PRD (IN that) (, ,) (S (NP-SBJ (NNS women)) (VP (VBP feel) (SBAR (-NONE- 0) (S (NP-SBJ-1 (PRP they)) (VP (VBP need) (S (NP-SBJ (-NONE- *-1)) (VP (TO to) (VP (VP (VB go) (ADVP-DIR (RB out))) (CC and) (VP (VB do) (NP (DT this)))))))))))))))) (, ,) (-DFL- E_S))","10",17.15275,31.4315,"Laughter  I think that has been the major change, is that, women feel they need to go out and do this,  "," I/PRP  think/VBP that/DT has/VBZ been/VBN   the/DT major/JJ change/NN  ,/, is/VBZ that/IN ,/,   women/NNS  feel/VBP   they/PRP  need/VBP to/TO go/VB out/RB and/CC do/VB   this/DT  ,/,"
"7","sw02utt/sw_0236_3235.utt","3/sw3235",3235,6,"sv","A",5,2,"[ they, + they ] no longer feel [ it's, + {F uh, } it's ] no big deal [ to, + to ] stay home and raise your family --","[ they/PRP ] ,/,  [ they/PRP ] no/RB longer/RBR feel/VBP  [ it/PRP ] [ 's/BES ] ,/,  [ uh/UH ] ,/,  [ it/PRP ] 's/BES  [ no/DT big/JJ deal/NN ] to/TO ,/, to/TO stay/VB  [ home/NN ] and/CC raise/VB  [ your/PRP$ family/NN ] --/:","(S (EDITED (RM (-DFL- \[)) (NP-SBJ (PRP they)) (, ,) (IP (-DFL- \+))) (NP-SBJ (PRP they)) (RS (-DFL- \])) (ADVP-TMP (RB no) (RBR longer)) (VP (VBP feel) (SBAR (-NONE- 0) (S (EDITED (RM (-DFL- \[)) (S (NP-SBJ (PRP it)) (VP-UNF (BES 's))) (, ,) (IP (-DFL- \+))) (INTJ (UH uh)) (, ,) (NP-SBJ (NP (PRP it)) (S (-NONE- *EXP*-1))) (VP (BES 's) (RS (-DFL- \])) (NP-PRD (DT no) (JJ big) (NN deal)) (S-1 (NP-SBJ (-NONE- *)) (EDITED (RM (-DFL- \[)) (VP-UNF (TO to)) (, ,) (IP (-DFL- \+))) (VP (TO to) (RS (-DFL- \])) (VP (VP (VB stay) (ADVP-LOC (NN home))) (CC and) (VP (VB raise) (NP (PRP$ your) (NN family)) (ADVP-TMP (TYPO (GW any) (^RB more))))))))))) (. .) (-DFL- E_S))","11",17.15275,31.4315," they,  they  no longer feel  it's,   uh,  it's  no big deal  to,  to  stay home and raise your family "," they/PRP  ,/,   they/PRP  no/RB longer/RBR feel/VBP   it/PRP   's/BES  ,/,   uh/UH  ,/,   it/PRP  's/BES   no/DT big/JJ deal/NN  to/TO ,/, to/TO stay/VB   home/NN  and/CC raise/VB   your/PRP$ family/NN  /:"
"8","sw02utt/sw_0236_3235.utt","3/sw3235",3235,7,"sv","B",6,1,"{D Well } --","Well/UH --/:","(S (INTJ (UH Well)) (NP-SBJ (PRP it)) (VP (VBZ has) (NP (DT no) (NN credibility)) (ADVP-TMP (TYPO (GW any) (^RB more)))) (. .) (-DFL- E_S))","13",30.9575,33.504125," Well  ","Well/UH /:"
"9","sw02utt/sw_0236_3235.utt","3/sw3235",3235,8,"+","A",7,1,"-- any more. /","--/:  [ any/GW more/^RB ] ./.","(S (EDITED (RM (-DFL- \[)) (NP-SBJ (PRP they)) (, ,) (IP (-DFL- \+))) (NP-SBJ (PRP they)) (RS (-DFL- \])) (ADVP-TMP (RB no) (RBR longer)) (VP (VBP feel) (SBAR (-NONE- 0) (S (EDITED (RM (-DFL- \[)) (S (NP-SBJ (PRP it)) (VP-UNF (BES 's))) (, ,) (IP (-DFL- \+))) (INTJ (UH uh)) (, ,) (NP-SBJ (NP (PRP it)) (S (-NONE- *EXP*-1))) (VP (BES 's) (RS (-DFL- \])) (NP-PRD (DT no) (JJ big) (NN deal)) (S-1 (NP-SBJ (-NONE- *)) (EDITED (RM (-DFL- \[)) (VP-UNF (TO to)) (, ,) (IP (-DFL- \+))) (VP (TO to) (RS (-DFL- \])) (VP (VP (VB stay) (ADVP-LOC (NN home))) (CC and) (VP (VB raise) (NP (PRP$ your) (NN family)) (ADVP-TMP (TYPO (GW any) (^RB more))))))))))) (. .) (-DFL- E_S))","11",NA,NA," any more. ","/:   any/GW more/^RB  ./."
"10","sw02utt/sw_0236_3235.utt","3/sw3235",3235,9,"+","B",8,1,"-- it has no credibility any more. /","--/:  [ it/PRP ] has/VBZ  [ no/DT credibility/NN ] any/GW more/^RB ./.","(S (INTJ (UH Well)) (NP-SBJ (PRP it)) (VP (VBZ has) (NP (DT no) (NN credibility)) (ADVP-TMP (TYPO (GW any) (^RB more)))) (. .) (-DFL- E_S))","13",NA,NA," it has no credibility any more. ","/:   it/PRP  has/VBZ   no/DT credibility/NN  any/GW more/^RB ./."
"11","sw02utt/sw_0236_3235.utt","3/sw3235",3235,10,"ba","A",9,1,"I know it,  /","[ I/PRP ] know/VBP  [ it/PRP ] ,/,","(S (NP-SBJ (PRP I)) (VP (VBP know) (NP (PRP it))) (, ,) (-DFL- E_S))","17",33.45425,42.91825,"I know it,  "," I/PRP  know/VBP   it/PRP  ,/,"
"12","sw02utt/sw_0236_3235.utt","3/sw3235",3235,11,"sv","A",9,2,"{C and } [ [ I, +  I  think, ] + I think ] that's really sad, because I think there's going to be a generation of kids that are going to grow up raised by somebody else. /","and/CC  [ I/PRP ] ,/,  [ I/PRP ] think/VBP ,/,  [ I/PRP ] think/VBP  [ that/DT ] 's/BES really/RB  [ sad/JJ ] ,/, because/IN  [ I/PRP ] think/VBP  [ there/EX ] 's/BES going/VBG to/TO be/VB  [ a/DT generation/NN ] of/IN  [ kids/NNS ] [ that/WDT ] are/VBP going/VBG to/TO grow/VB up/RP raised/VBN by/IN  [ somebody/NN ] else/RB ./.","(S (CC and) (EDITED (RM (-DFL- \[)) (EDITED (RM (-DFL- \[)) (NP-SBJ (PRP I)) (, ,) (IP (-DFL- \+))) (S (NP-SBJ (PRP I)) (VP-UNF (VBP think))) (, ,) (RS (-DFL- \])) (IP (-DFL- \+))) (NP-SBJ (PRP I)) (VP (VBP think) (RS (-DFL- \])) (SBAR (-NONE- 0) (S (NP-SBJ (DT that)) (VP (BES 's) (ADJP-PRD (RB really) (JJ sad)) (, ,) (SBAR-PRP (IN because) (S (NP-SBJ (PRP I)) (VP (VBP think) (SBAR (-NONE- 0) (S (NP-SBJ-2 (EX there)) (VP (BES 's) (VP (VBG going) (S (NP-SBJ (-NONE- *-2)) (VP (TO to) (VP (VB be) (NP-PRD (NP (DT a) (NN generation)) (PP (IN of) (NP (NNS kids))) (SBAR (WHNP-1 (WDT that)) (S (NP-SBJ-3 (-NONE- *T*-1)) (VP (VBP are) (VP (VBG going) (S (NP-SBJ (-NONE- *-3)) (VP (TO to) (VP (VB grow) (PRT (RP up)) (S-ADV (NP-SBJ-4 (-NONE- *)) (VP (VBN raised) (NP (-NONE- *-4)) (PP (IN by) (NP-LGS (NP (NN somebody)) (ADVP (RB else)))))))))))))))))))))))))))) (. .) (-DFL- E_S))","18",33.45425,42.91825," and    I,   I  think,   I think  that's really sad, because I think there's going to be a generation of kids that are going to grow up raised by somebody else. ","and/CC   I/PRP  ,/,   I/PRP  think/VBP ,/,   I/PRP  think/VBP   that/DT  's/BES really/RB   sad/JJ  ,/, because/IN   I/PRP  think/VBP   there/EX  's/BES going/VBG to/TO be/VB   a/DT generation/NN  of/IN   kids/NNS   that/WDT  are/VBP going/VBG to/TO grow/VB up/RP raised/VBN by/IN   somebody/NN  else/RB ./."
"13","sw02utt/sw_0236_3235.utt","3/sw3235",3235,12,"sd","B",10,1,"{D Well, } I'm a school teacher,  /","Well/UH ,/,  [ I/PRP ] 'm/VBP  [ a/DT school/NN teacher/NN ] ,/,","(S (INTJ (UH Well)) (, ,) (NP-SBJ (PRP I)) (VP (VBP 'm) (NP-PRD (DT a) (NN school) (NN teacher))) (, ,) (-DFL- E_S))","20",43.496625,48.339125," Well,  I'm a school teacher,  ","Well/UH ,/,   I/PRP  'm/VBP   a/DT school/NN teacher/NN  ,/,"
"14","sw02utt/sw_0236_3235.utt","3/sw3235",3235,13,"sd","B",10,2,"{C and } I'm in charge of raising them,  /","and/CC  [ I/PRP ] 'm/VBP in/IN  [ charge/NN ] of/IN raising/VBG  [ them/PRP ] ,/,","(S (CC and) (NP-SBJ (PRP I)) (VP (VBP 'm) (PP-PRD (IN in) (NP (NP (NN charge)) (PP (IN of) (S-NOM (NP-SBJ (-NONE- *)) (VP (VBG raising) (NP (PRP them)))))))) (, ,) (-DFL- E_S))","21",43.496625,48.339125," and  I'm in charge of raising them,  ","and/CC   I/PRP  'm/VBP in/IN   charge/NN  of/IN raising/VBG   them/PRP  ,/,"
"15","sw02utt/sw_0236_3235.utt","3/sw3235",3235,14,"sd","B",10,3,"{C so } I can appreciate it. /","so/RB  [ I/PRP ] can/MD appreciate/VB  [ it/PRP ] ./.","(S (RB so) (NP-SBJ (PRP I)) (VP (MD can) (VP (VB appreciate) (NP (PRP it)))) (. .) (-DFL- E_S))","22",43.496625,48.339125," so  I can appreciate it. ","so/RB   I/PRP  can/MD appreciate/VB   it/PRP  ./."
"16","sw02utt/sw_0236_3235.utt","3/sw3235",3235,15,"%","A",11,1,"You don't,  {D well } <laughter>, -/","[ You/PRP ] do/VBP n't/RB ,/, well/UH ,/,","(S (NP-SBJ (PRP You)) (VP-UNF (VBP do) (RB n't)) (, ,))|||(S-UNF (INTJ (UH well)) (, ,) (-DFL- N_S))","24|||25",48.181,48.990375,"You don't,   well  laughter, "," You/PRP  do/VBP n't/RB ,/, well/UH ,/,"
"17","sw02utt/sw_0236_3235.utt","3/sw3235.pos",3235,16,"x","B",12,1,"<Laughter>.","./.","","",NA,NA,"Laughter.","./."
"18","sw02utt/sw_0236_3235.utt","3/sw3235",3235,17,"sd","A",13,1,"[ I'm, + I'm ] still home [ with, + with ] my last one,  /","[ I/PRP ] 'm/VBP ,/,  [ I/PRP ] 'm/VBP still/RB  [ home/NN ] with/IN ,/, with/IN  [ my/PRP$ last/JJ one/NN ] ,/,","(S (EDITED (RM (-DFL- \[)) (S (NP-SBJ (PRP I)) (VP-UNF (VBP 'm))) (, ,) (IP (-DFL- \+))) (NP-SBJ (PRP I)) (VP (VBP 'm) (RS (-DFL- \])) (ADVP-TMP (RB still)) (ADVP-LOC-PRD (NN home)) (EDITED (RM (-DFL- \[)) (PP-UNF (IN with)) (, ,) (IP (-DFL- \+))) (PP (IN with) (RS (-DFL- \])) (NP (PRP$ my) (JJ last) (NN one)))) (, ,) (-DFL- E_S))","28",51.465,56.962375," I'm,  I'm  still home  with,  with  my last one,  "," I/PRP  'm/VBP ,/,   I/PRP  'm/VBP still/RB   home/NN  with/IN ,/, with/IN   my/PRP$ last/JJ one/NN  ,/,"
"19","sw02utt/sw_0236_3235.utt","3/sw3235",3235,18,"sd","A",13,2,"{C and } I wouldn't [ trade, + change ] a minute of it for anything <laughter>. /","and/CC  [ I/PRP ] would/MD n't/RB trade/VB ,/, change/VB  [ a/DT minute/NN ] of/IN  [ it/PRP ] for/IN  [ anything/NN ] ./.","(S (CC and) (NP-SBJ (PRP I)) (VP (MD would) (RB n't) (EDITED (RM (-DFL- \[)) (VP-UNF (VB trade)) (, ,) (IP (-DFL- \+))) (VP (VB change) (RS (-DFL- \])) (NP (NP (DT a) (NN minute)) (PP (IN of) (NP (PRP it)))) (PP (IN for) (NP (NN anything))))) (. .) (-DFL- E_S))","29",51.465,56.962375," and  I wouldn't  trade,  change  a minute of it for anything laughter. ","and/CC   I/PRP  would/MD n't/RB trade/VB ,/, change/VB   a/DT minute/NN  of/IN   it/PRP  for/IN   anything/NN  ./."
"20","sw02utt/sw_0236_3235.utt","3/sw3235",3235,19,"ba","B",14,1,"{F Oh, } good for you,  /","Oh/UH ,/, good/JJ for/IN  [ you/PRP ] ,/,","(FRAG (INTJ (UH Oh)) (, ,) (ADJP (JJ good) (PP (IN for) (NP (PRP you)))) (, ,) (-DFL- E_S))","31",56.429,59.27575," Oh,  good for you,  ","Oh/UH ,/, good/JJ for/IN   you/PRP  ,/,"
"21","sw02utt/sw_0236_3235.utt","3/sw3235",3235,20,"ba^r","B",14,2,"good for you. /","good/JJ for/IN  [ you/PRP ] ./.","(ADJP (JJ good) (PP (IN for) (NP (PRP you))) (. .) (-DFL- E_S))","32",56.429,59.27575,"good for you. ","good/JJ for/IN   you/PRP  ./."
"22","sw02utt/sw_0236_3235.utt","3/sw3235",3235,21,"sv","A",15,1,"{C But, } [ [ I, + I  can't, ] + I can't ] help but think that eventually the pendulum's going to swing back the other way again. /","But/CC ,/,  [ I/PRP ] ,/,  [ I/PRP ] ca/MD n't/RB ,/,  [ I/PRP ] ca/MD n't/RB help/VB but/CC think/VB that/IN eventually/RB  [ the/DT pendulum/NN ] 's/BES going/VBG to/TO swing/VB back/RB  [ the/DT other/JJ way/NN ] again/RB ./.","(S (CC But) (, ,) (EDITED (RM (-DFL- \[)) (EDITED (RM (-DFL- \[)) (NP-SBJ (PRP I)) (, ,) (IP (-DFL- \+))) (S (NP-SBJ (PRP I)) (VP-UNF (MD ca) (RB n't))) (, ,) (RS (-DFL- \])) (IP (-DFL- \+))) (NP-SBJ (PRP I)) (VP (MD ca) (RB n't) (RS (-DFL- \])) (VP (VP (VB help)) (CC but) (VP (VB think) (SBAR (IN that) (S (ADVP-TMP (RB eventually)) (NP-SBJ-1 (DT the) (NN pendulum)) (VP (BES 's) (VP (VBG going) (S (NP-SBJ (-NONE- *-1)) (VP (TO to) (VP (VB swing) (ADVP-DIR (RB back)) (NP-DIR (DT the) (JJ other) (NN way)) (ADVP (RB again)))))))))))) (. .) (-DFL- E_S))","34",59.612625,67.278375," But,    I,  I  can't,   I can't  help but think that eventually the pendulum's going to swing back the other way again. ","But/CC ,/,   I/PRP  ,/,   I/PRP  ca/MD n't/RB ,/,   I/PRP  ca/MD n't/RB help/VB but/CC think/VB that/IN eventually/RB   the/DT pendulum/NN  's/BES going/VBG to/TO swing/VB back/RB   the/DT other/JJ way/NN  again/RB ./."
"23","sw02utt/sw_0236_3235.utt","3/sw3235",3235,22,"sv","B",16,1,"{D Well, } {D you know, } it's interesting, because when I heard the topic, I was thinking, {F uh, } - /","Well/UH ,/,  [ you/PRP ] know/VBP ,/,  [ it/PRP ] 's/BES interesting/JJ ,/, because/IN when/WRB  [ I/PRP ] heard/VBD  [ the/DT topic/NN ] ,/,  [ I/PRP ] was/VBD thinking/VBG ,/,  [ uh/UH ] ,/,","(S (INTJ (UH Well)) (PRN (, ,) (S (NP-SBJ (PRP you)) (VP (VBP know))) (, ,)) (NP-SBJ (PRP it)) (VP (BES 's) (ADJP-PRD (JJ interesting)) (, ,) (SBAR-PRP (IN because) (S (SBAR-TMP (WHADVP-1 (WRB when)) (S (NP-SBJ (PRP I)) (VP (VBD heard) (NP (DT the) (NN topic)) (ADVP-TMP (-NONE- *T*-1))))) (, ,) (NP-SBJ (PRP I)) (VP (VBD was) (VP-UNF (VBG thinking) (, ,) (INTJ (UH uh))))))) (, ,) (-DFL- N_S))","36",67.61725,79.09125," Well,   you know,  it's interesting, because when I heard the topic, I was thinking,  uh,   ","Well/UH ,/,   you/PRP  know/VBP ,/,   it/PRP  's/BES interesting/JJ ,/, because/IN when/WRB   I/PRP  heard/VBD   the/DT topic/NN  ,/,   I/PRP  was/VBD thinking/VBG ,/,   uh/UH  ,/,"
"24","sw02utt/sw_0236_3235.utt","3/sw3235",3235,23,"sd","B",16,2,"this summer Oprah had a T V show --","[ this/DT summer/NN Oprah/NNP ] had/VBD  [ a/DT T/NN V/NN ] show/NN --/:","(S (NP-TMP (DT this) (NN summer)) (NP-SBJ (NNP Oprah)) (VP (VBD had) (NP (NP (DT a) (NN T) (NN V) (NN show)) (PP (IN about) (UCP (NP (NP (NNS wives)) (SBAR (WHNP-1 (WDT that)) (S (NP-SBJ-2 (-NONE- *T*-1)) (VP (VBD refused) (S (NP-SBJ (-NONE- *-2)) (VP (TO to) (VP (VB go) (PP (IN to) (NP (NN work)))))))))) (, ,) (CC and) (SBAR (WHADVP-3 (WRB how)) (S (NP-SBJ (PRP$ their) (NNS husbands)) (VP (VBD thought) (SBAR (-NONE- 0) (S (NP-SBJ (PRP they)) (VP (VBD were) (ADJP-PRD (JJ terrible))))) (ADVP-MNR (-NONE- *T*-3))))))))) (, ,) (-DFL- E_S))","37",67.61725,79.09125,"this summer Oprah had a T V show "," this/DT summer/NN Oprah/NNP  had/VBD   a/DT T/NN V/NN  show/NN /:"
"25","sw02utt/sw_0236_3235.utt","3/sw3235",3235,24,"b","A",17,1,"Uh-huh. /","[ Uh-huh/UH ] ./.","(INTJ (UH Uh-huh) (. .) (-DFL- E_S))","39",74.276,74.689125,"Uhhuh. "," Uhhuh/UH  ./."
"26","sw02utt/sw_0236_3235.utt","3/sw3235",3235,25,"+","B",18,1,"-- about wives that refused to go to work, and how their husbands thought they were terrible,  /","--/: about/IN  [ wives/NNS ] [ that/WDT ] refused/VBD to/TO go/VB to/IN  [ work/NN ] ,/, and/CC how/WRB  [ their/PRP$ husbands/NNS ] thought/VBD  [ they/PRP ] were/VBD terrible/JJ ,/,","(S (NP-TMP (DT this) (NN summer)) (NP-SBJ (NNP Oprah)) (VP (VBD had) (NP (NP (DT a) (NN T) (NN V) (NN show)) (PP (IN about) (UCP (NP (NP (NNS wives)) (SBAR (WHNP-1 (WDT that)) (S (NP-SBJ-2 (-NONE- *T*-1)) (VP (VBD refused) (S (NP-SBJ (-NONE- *-2)) (VP (TO to) (VP (VB go) (PP (IN to) (NP (NN work)))))))))) (, ,) (CC and) (SBAR (WHADVP-3 (WRB how)) (S (NP-SBJ (PRP$ their) (NNS husbands)) (VP (VBD thought) (SBAR (-NONE- 0) (S (NP-SBJ (PRP they)) (VP (VBD were) (ADJP-PRD (JJ terrible))))) (ADVP-MNR (-NONE- *T*-3))))))))) (, ,) (-DFL- E_S))","37",80.4795,82.10725," about wives that refused to go to work, and how their husbands thought they were terrible,  ","/: about/IN   wives/NNS   that/WDT  refused/VBD to/TO go/VB to/IN   work/NN  ,/, and/CC how/WRB   their/PRP$ husbands/NNS  thought/VBD   they/PRP  were/VBD terrible/JJ ,/,"
"27","sw02utt/sw_0236_3235.utt","3/sw3235",3235,26,"sd","B",18,2,"{C and } one woman had four children, /","and/CC  [ one/CD woman/NN ] had/VBD  [ four/CD children/NNS ] ,/,","(S (CC and) (NP-SBJ (CD one) (NN woman)) (VP (VBD had) (NP (CD four) (NNS children))) (, ,) (-DFL- E_S))","41",80.4795,82.10725," and  one woman had four children, ","and/CC   one/CD woman/NN  had/VBD   four/CD children/NNS  ,/,"
"28","sw02utt/sw_0236_3235.utt","3/sw3235.pos",3235,27,"x","A",19,1,"<Breathing>.","./.","","",NA,NA,"Breathing.","./."
"29","sw02utt/sw_0236_3235.utt","3/sw3235",3235,28,"sd","B",20,1,"{C and } her husband said she wasn't pulling her own weight in the family -- /","and/CC  [ her/PRP$ husband/NN ] said/VBD  [ she/PRP ] [ was/VBD n't/RB ] pulling/VBG  [ her/PRP$ own/JJ weight/NN ] in/IN  [ the/DT family/NN ] --/:","(S (CC and) (NP-SBJ (PRP$ her) (NN husband)) (VP (VBD said) (SBAR (-NONE- 0) (S (NP-SBJ (PRP she)) (VP (VBD was) (RB n't) (VP (VBG pulling) (NP (PRP$ her) (JJ own) (NN weight)) (PP (IN in) (NP (DT the) (NN family)))))))) (-DFL- E_S))","44",83.73975,87.930125," and  her husband said she wasn't pulling her own weight in the family  ","and/CC   her/PRP$ husband/NN  said/VBD   she/PRP   was/VBD n't/RB  pulling/VBG   her/PRP$ own/JJ weight/NN  in/IN   the/DT family/NN  /:"
"30","sw02utt/sw_0236_3235.utt","3/sw3235",3235,29,"b","A",21,1,"{F Oh, } yeah,  /","Oh/UH ,/, yeah/UH ,/,","(INTJ (INTJ (UH Oh)) (, ,) (INTJ (UH yeah)) (, ,) (-DFL- E_S))","46",87.073125,89.183375," Oh,  yeah,  ","Oh/UH ,/, yeah/UH ,/,"
"31","sw02utt/sw_0236_3235.utt","3/sw3235",3235,30,"%","A",21,2,"that's, -/","[ that/DT ] 's/BES ,/,","(S (NP-SBJ (DT that)) (VP-UNF (BES 's)) (, ,) (-DFL- N_S))","47",87.073125,89.183375,"that's, "," that/DT  's/BES ,/,"
"32","sw02utt/sw_0236_3235.utt","3/sw3235",3235,31,"sv","B",22,1,"-- that's frightening -- /","--/:  [ that/DT ] 's/BES frightening/JJ --/:","(S (NP-SBJ (DT that)) (VP (BES 's) (ADJP-PRD (JJ frightening))) (-DFL- E_S))","49",88.876625,89.621125," that's frightening  ","/:   that/DT  's/BES frightening/JJ /:"
"33","sw02utt/sw_0236_3235.utt","3/sw3235",3235,32,"b","A",23,1,"Yeah,  /","Yeah/UH ,/,","(INTJ (UH Yeah) (, ,) (-DFL- E_S))","51",89.744625,91.03825,"Yeah,  ","Yeah/UH ,/,"
"34","sw02utt/sw_0236_3235.utt","3/sw3235",3235,33,"ba","A",23,2,"[ it, + it's ] sad, /","[ it/PRP ] ,/,  [ it/PRP ] 's/BES sad/JJ ,/,","(S (EDITED (RM (-DFL- \[)) (NP-SBJ (PRP it)) (, ,) (IP (-DFL- \+))) (NP-SBJ (PRP it)) (VP (BES 's) (RS (-DFL- \])) (ADJP-PRD (JJ sad))) (, ,) (-DFL- E_S))","52",89.744625,91.03825," it,  it's  sad, "," it/PRP  ,/,   it/PRP  's/BES sad/JJ ,/,"
"35","sw02utt/sw_0236_3235.utt","3/sw3235",3235,34,"sd","B",24,1,"-- {C and, } [ it, + {D you know, } it ] was almost from the audience participation it was almost a social issue, {D you know } -- /","--/: and/CC ,/,  [ it/PRP ] ,/,  [ you/PRP ] know/VBP ,/,  [ it/PRP ] was/VBD almost/RB from/IN  [ the/DT audience/NN participation/NN ] [ it/PRP ] was/VBD almost/RB  [ a/DT social/JJ issue/NN ] ,/,  [ you/PRP ] know/VBP --/:","(S (CC and) (, ,) (EDITED (RM (-DFL- \[)) (NP-SBJ (PRP it)) (, ,) (IP (-DFL- \+))) (PRN (S (NP-SBJ (PRP you)) (VP (VBP know))) (, ,)) (EDITED (S (NP-SBJ (PRP it)) (RS (-DFL- \])) (VP (VBD was) (NP-PRD-UNF (RB almost))))) (PP (IN from) (NP (DT the) (NN audience) (NN participation))) (NP-SBJ (PRP it)) (VP (VBD was) (NP-PRD (RB almost) (DT a) (JJ social) (NN issue)) (PRN (, ,) (S (NP-SBJ (PRP you)) (VP (VBP know))))) (-DFL- E_S))","54",91.068125,99.88475,"  and,   it,   you know,  it  was almost from the audience participation it was almost a social issue,  you know   ","/: and/CC ,/,   it/PRP  ,/,   you/PRP  know/VBP ,/,   it/PRP  was/VBD almost/RB from/IN   the/DT audience/NN participation/NN   it/PRP  was/VBD almost/RB   a/DT social/JJ issue/NN  ,/,   you/PRP  know/VBP /:"
"36","sw02utt/sw_0236_3235.utt","3/sw3235",3235,35,"b","A",25,1,"Uh-huh. /","[ Uh-huh/UH ] ./.","(INTJ (UH Uh-huh) (. .) (-DFL- E_S))","39",99.9845,100.51825,"Uhhuh. "," Uhhuh/UH  ./."
"37","sw02utt/sw_0236_3235.utt","3/sw3235",3235,36,"sd(^q)","B",26,1,"-- people were siding with the husband, saying, You've got to go to work, if you have these four children, you've got to support them,  /","--/:  [ people/NNS ] were/VBD siding/VBG with/IN  [ the/DT husband/NN ] ,/, saying/VBG ,/,  [ You/PRP ] 've/VBP got/VBN to/TO go/VB to/IN work/NN ,/, if/IN  [ you/PRP ] have/VBP  [ these/DT four/CD children/NNS ] ,/,  [ you/PRP ] 've/VBP got/VBN to/TO support/VB  [ them/PRP ] ,/,","(S (NP-SBJ-2 (NNS people)) (VP (VBD were) (VP (VBG siding) (PP (IN with) (NP (DT the) (NN husband))) (, ,) (S-ADV (NP-SBJ (-NONE- *-2)) (VP (VBG saying) (, ,) (S-SEZ (NP-SBJ-1 (PRP You)) (VP (VBP 've) (VP (VBN got) (S (NP-SBJ (-NONE- *-1)) (VP (TO to) (VP (VB go) (PP (IN to) (NP (NN work))))))))))))) (, ,))|||(S (SBAR-ADV (IN if) (S (NP-SBJ (PRP you)) (VP (VBP have) (NP (DT these) (CD four) (NNS children))))) (, ,) (NP-SBJ-2 (PRP you)) (VP (VBP 've) (VP (VBN got) (S (NP-SBJ (-NONE- *-2)) (VP (TO to) (VP (VB support) (NP (PRP them))))))) (, ,) (-DFL- E_S))","58|||59",99.88475,109.24625," people were siding with the husband, saying, You've got to go to work, if you have these four children, you've got to support them,  ","/:   people/NNS  were/VBD siding/VBG with/IN   the/DT husband/NN  ,/, saying/VBG ,/,   You/PRP  've/VBP got/VBN to/TO go/VB to/IN work/NN ,/, if/IN   you/PRP  have/VBP   these/DT four/CD children/NNS  ,/,   you/PRP  've/VBP got/VBN to/TO support/VB   them/PRP  ,/,"
"38","sw02utt/sw_0236_3235.utt","3/sw3235",3235,37,"sd","B",26,2,"{C and } nobody would give her credit for being --","and/CC  [ nobody/NN ] would/MD give/VB  [ her/PRP$ credit/NN ] for/IN being/VBG --/:","(S (CC and) (NP-SBJ (NN nobody)) (VP (MD would) (VP (VB give) (NP (NP (PRP$ her) (NN credit)) (PP (IN for) (S-NOM (NP-SBJ (-NONE- *)) (VP (VP (VBG being) (ADVP-LOC-PRD (NN home))) (CC and) (VP (VBG raising) (NP (PRP them))))))))) (. .) (-DFL- E_S))","60",99.88475,109.24625," and  nobody would give her credit for being ","and/CC   nobody/NN  would/MD give/VB   her/PRP$ credit/NN  for/IN being/VBG /:"
"39","sw02utt/sw_0236_3235.utt","3/sw3235",3235,38,"b","A",27,1,"Uh-huh. /","[ Uh-huh/UH ] ./.","(INTJ (UH Uh-huh) (. .) (-DFL- E_S))","39",108.251125,108.705875,"Uhhuh. "," Uhhuh/UH  ./."
"40","sw02utt/sw_0236_3235.utt","3/sw3235",3235,39,"+","B",28,1,"-- home and raising them. /","--/:  [ home/NN ] and/CC raising/VBG  [ them/PRP ] ./.","(S (CC and) (NP-SBJ (NN nobody)) (VP (MD would) (VP (VB give) (NP (NP (PRP$ her) (NN credit)) (PP (IN for) (S-NOM (NP-SBJ (-NONE- *)) (VP (VP (VBG being) (ADVP-LOC-PRD (NN home))) (CC and) (VP (VBG raising) (NP (PRP them))))))))) (. .) (-DFL- E_S))","60",NA,NA," home and raising them. ","/:   home/NN  and/CC raising/VBG   them/PRP  ./."
"41","sw02utt/sw_0236_3235.utt","3/sw3235",3235,40,"b","A",29,1,"Yeah,  /","[ Yeah/UH ] ,/,","(INTJ (UH Yeah) (, ,) (-DFL- E_S))","51",109.222875,117.3755,"Yeah,  "," Yeah/UH  ,/,"
"42","sw02utt/sw_0236_3235.utt","3/sw3235",3235,41,"sv","A",29,2,"[ I, + I ] think too many people feel they need to live a more extravagant life-style than necessary -- /","[ I/PRP ] ,/,  [ I/PRP ] think/VBP  [ too/RB many/JJ people/NNS ] feel/VBP  [ they/PRP ] need/VBP to/TO live/VB  [ a/DT more/RBR extravagant/JJ life-style/NN ] than/IN  [ necessary/JJ ] --/:","(S (EDITED (RM (-DFL- \[)) (NP-SBJ (PRP I)) (, ,) (IP (-DFL- \+))) (NP-SBJ (PRP I)) (RS (-DFL- \])) (VP (VBP think) (SBAR (-NONE- 0) (S (NP-SBJ (ADJP (RB too) (JJ many)) (NNS people)) (VP (VBP feel) (SBAR (-NONE- 0) (S (NP-SBJ-1 (PRP they)) (VP (VBP need) (S (NP-SBJ (-NONE- *-1)) (VP (TO to) (VP (VB live) (NP (NP (DT a) (ADJP (RBR more) (JJ extravagant)) (NN life-style)) (PP (IN than) (ADJP (JJ necessary)))))))))))))) (-DFL- E_S))","66",109.222875,117.3755," I,  I  think too many people feel they need to live a more extravagant lifestyle than necessary  "," I/PRP  ,/,   I/PRP  think/VBP   too/RB many/JJ people/NNS  feel/VBP   they/PRP  need/VBP to/TO live/VB   a/DT more/RBR extravagant/JJ lifestyle/NN  than/IN   necessary/JJ  /:"
"43","sw02utt/sw_0236_3235.utt","3/sw3235",3235,42,"ba","B",30,1,"That's true. /","[ That/DT ] 's/BES true/JJ ./.","(S (NP-SBJ (DT That)) (VP (BES 's) (ADJP-PRD (JJ true))) (. .) (-DFL- E_S))","68",117.578375,118.251375,"That's true. "," That/DT  's/BES true/JJ ./."
"44","sw02utt/sw_0236_3235.utt","3/sw3235",3235,43,"%","A",31,1,"-- {F uh, } {D you know, }  to, - /","--/:  [ uh/UH ] ,/,  [ you/PRP ] know/VBP ,/, to/TO ,/,","(S-UNF (INTJ (UH uh)) (PRN (, ,) (S (NP-SBJ (PRP you)) (VP (VBP know))) (, ,)) (X (TO to)) (, ,) (-DFL- N_S))","70",118.3765,130.6065,"  uh,   you know,   to,  ","/:   uh/UH  ,/,   you/PRP  know/VBP ,/, to/TO ,/,"
"45","sw02utt/sw_0236_3235.utt","3/sw3235",3235,44,"sv","A",31,2,"[ I, + I ] don't think, {D you know, } the kids don't benefit from the bigger house and the fancier cars, [ [ and, +  and, ] + and ] this type of thing.  /","[ I/PRP ] ,/,  [ I/PRP ] do/VBP n't/RB think/VB ,/,  [ you/PRP ] know/VBP ,/,  [ the/DT kids/NNS ] do/VBP n't/RB benefit/VB from/IN  [ the/DT bigger/JJR house/NN ] and/CC  [ the/DT fancier/JJR cars/NNS ] ,/, and/CC ,/, and/CC ,/, and/CC  [ this/DT type/NN ] of/IN  [ thing/NN ] ./.","(S (EDITED (RM (-DFL- \[)) (NP-SBJ (PRP I)) (, ,) (IP (-DFL- \+))) (NP-SBJ (PRP I)) (RS (-DFL- \])) (VP (VBP do) (RB n't) (VP (VB think) (SBAR (-NONE- 0) (PRN (, ,) (S (NP-SBJ (PRP you)) (VP (VBP know))) (, ,)) (S (NP-SBJ (DT the) (NNS kids)) (VP (VBP do) (RB n't) (VP (VB benefit) (PP (IN from) (NP (NP (DT the) (JJR bigger) (NN house)) (CC and) (NP (DT the) (JJR fancier) (NNS cars)) (, ,) (EDITED (RM (-DFL- \[)) (EDITED (RM (-DFL- \[)) (CC and) (, ,) (IP (-DFL- \+))) (CC and) (, ,) (RS (-DFL- \])) (IP (-DFL- \+))) (CC and) (RS (-DFL- \])) (NP (NP (DT this) (NN type)) (PP (IN of) (NP (NN thing)))))))))))) (. .) (-DFL- E_S))","71",118.3765,130.6065," I,  I  don't think,  you know,  the kids don't benefit from the bigger house and the fancier cars,   and,   and,   and  this type of thing.  "," I/PRP  ,/,   I/PRP  do/VBP n't/RB think/VB ,/,   you/PRP  know/VBP ,/,   the/DT kids/NNS  do/VBP n't/RB benefit/VB from/IN   the/DT bigger/JJR house/NN  and/CC   the/DT fancier/JJR cars/NNS  ,/, and/CC ,/, and/CC ,/, and/CC   this/DT type/NN  of/IN   thing/NN  ./."
"46","sw02utt/sw_0236_3235.utt","3/sw3235",3235,45,"sv","A",31,3,"I think that they would from the, {D you know, } attention or whatever -- /","[ I/PRP ] think/VBP that/IN  [ they/PRP ] would/MD from/IN  [ the/DT ] ,/,  [ you/PRP ] know/VBP ,/,  [ attention/NN ] or/CC  [ whatever/WDT ] --/:","(S (NP-SBJ (PRP I)) (VP (VBP think) (SBAR (IN that) (S (NP-SBJ (PRP they)) (VP (MD would) (VP (-NONE- *?*) (PP (IN from) (NP (NP (DT the) (PRN (, ,) (S (NP-SBJ (PRP you)) (VP (VBP know))) (, ,)) (NN attention)) (CC or) (NP (WDT whatever))))))))) (-DFL- E_S))","72",118.3765,130.6065,"I think that they would from the,  you know,  attention or whatever  "," I/PRP  think/VBP that/IN   they/PRP  would/MD from/IN   the/DT  ,/,   you/PRP  know/VBP ,/,   attention/NN  or/CC   whatever/WDT  /:"
"47","sw02utt/sw_0236_3235.utt","3/sw3235",3235,46,"ba","B",32,1,"That's true. /","[ That/DT ] 's/BES true/JJ ./.","(S (NP-SBJ (DT That)) (VP (BES 's) (ADJP-PRD (JJ true))) (. .) (-DFL- E_S))","68",130.8525,131.349375,"That's true. "," That/DT  's/BES true/JJ ./."
"48","sw02utt/sw_0236_3235.utt","3/sw3235",3235,47,"%","A",33,1,"-- {F uh,  {C but, }  it, - /","--/:  [ uh/UH ] ,/, but/CC ,/,  [ it/PRP ] ,/,","(S-UNF (INTJ (UH uh)) (, ,) (CC but) (, ,) (NP-SBJ (PRP it)) (, ,) (-DFL- N_S))","76",131.566625,146.63975,"  uh,   but,   it,  ","/:   uh/UH  ,/, but/CC ,/,   it/PRP  ,/,"
"49","sw02utt/sw_0236_3235.utt","3/sw3235",3235,48,"h","A",33,2,"[ [ I, + {F uh, } I, ] + I ] don't know,  /","[ I/PRP ] ,/,  [ uh/UH ] ,/,  [ I/PRP ] ,/,  [ I/PRP ] do/VBP n't/RB know/VB ,/,","(S (EDITED (RM (-DFL- \[)) (EDITED (RM (-DFL- \[)) (NP-SBJ (PRP I)) (, ,) (IP (-DFL- \+))) (INTJ (UH uh)) (, ,) (NP-SBJ (PRP I)) (, ,) (RS (-DFL- \])) (IP (-DFL- \+))) (NP-SBJ (PRP I)) (RS (-DFL- \])) (VP (VBP do) (RB n't) (VP (VB know))) (, ,) (-DFL- E_S))","77",131.566625,146.63975,"  I,   uh,  I,   I  don't know,  "," I/PRP  ,/,   uh/UH  ,/,   I/PRP  ,/,   I/PRP  do/VBP n't/RB know/VB ,/,"
"50","sw02utt/sw_0236_3235.utt","3/sw3235",3235,49,"sv","A",33,3,"[ I, + I  ] see it as a major problem  /","[ I/PRP ] ,/,  [ I/PRP ] see/VBP  [ it/PRP ] as/IN  [ a/DT major/JJ problem/NN ]","(S (EDITED (RM (-DFL- \[)) (NP-SBJ (PRP I)) (, ,) (IP (-DFL- \+))) (NP-SBJ (PRP I)) (RS (-DFL- \])) (VP (VBP see) (NP (PRP it)) (PP (IN as) (NP (DT a) (JJ major) (NN problem)))) (-DFL- E_S))","78",131.566625,146.63975," I,  I   see it as a major problem  "," I/PRP  ,/,   I/PRP  see/VBP   it/PRP  as/IN   a/DT major/JJ problem/NN "
"51","sw02utt/sw_0236_3235.utt","3/sw3235",3235,50,"sv","A",33,4,"{C and } I think it's going to have to swing back the other way, because I think we're going to have an awful lot of kids who are going to have major problems from all this. /","and/CC  [ I/PRP ] think/VBP  [ it/PRP ] 's/BES going/VBG to/TO have/VB to/TO swing/VB back/RB  [ the/DT other/JJ way/NN ] ,/, because/IN  [ I/PRP ] think/VBP  [ we/PRP ] 're/VBP going/VBG to/TO have/VB  [ an/DT awful/JJ lot/NN ] of/IN  [ kids/NNS ] [ who/WP ] are/VBP going/VBG to/TO have/VB  [ major/JJ problems/NNS ] from/IN  [ all/PDT this/DT ] ./.","(S (CC and) (NP-SBJ (PRP I)) (VP (VBP think) (SBAR (-NONE- 0) (S (NP-SBJ-1 (PRP it)) (VP (BES 's) (VP (VBG going) (S (NP-SBJ-2 (-NONE- *-1)) (VP (TO to) (VP (VB have) (S (NP-SBJ (-NONE- *-2)) (VP (TO to) (VP (VB swing) (ADVP-DIR (RB back)) (NP-DIR (DT the) (JJ other) (NN way)) (, ,) (SBAR-PRP (IN because) (S (NP-SBJ (PRP I)) (VP (VBP think) (SBAR (-NONE- 0) (S (NP-SBJ-3 (PRP we)) (VP (VBP 're) (VP (VBG going) (S (NP-SBJ (-NONE- *-3)) (VP (TO to) (VP (VB have) (NP (NP (DT an) (JJ awful) (NN lot)) (PP (IN of) (NP (NNS kids))) (SBAR (WHNP-4 (WP who)) (S (NP-SBJ-5 (-NONE- *T*-4)) (VP (VBP are) (VP (VBG going) (S (NP-SBJ (-NONE- *-5)) (VP (TO to) (VP (VB have) (NP (NP (JJ major) (NNS problems)) (PP (IN from) (NP (PDT all) (DT this))))))))))))))))))))))))))))))))) (. .) (-DFL- E_S))","79",131.566625,146.63975," and  I think it's going to have to swing back the other way, because I think we're going to have an awful lot of kids who are going to have major problems from all this. ","and/CC   I/PRP  think/VBP   it/PRP  's/BES going/VBG to/TO have/VB to/TO swing/VB back/RB   the/DT other/JJ way/NN  ,/, because/IN   I/PRP  think/VBP   we/PRP  're/VBP going/VBG to/TO have/VB   an/DT awful/JJ lot/NN  of/IN   kids/NNS   who/WP  are/VBP going/VBG to/TO have/VB   major/JJ problems/NNS  from/IN   all/PDT this/DT  ./."
"52","sw02utt/sw_0236_3235.utt","3/sw3235",3235,51,"b","B",34,1,"Yeah,  /","Yeah/UH ,/,","(INTJ (UH Yeah) (, ,) (-DFL- E_S))","51",147.031875,150.586625,"Yeah,  ","Yeah/UH ,/,"
"53","sw02utt/sw_0236_3235.utt","3/sw3235",3235,52,"sd","B",34,2,"{D well, } {D you know, } [ I, + as I ] said, I teach school -- /","well/UH ,/,  [ you/PRP ] know/VBP ,/,  [ I/PRP ] ,/, as/IN  [ I/PRP ] said/VBD ,/,  [ I/PRP ] teach/VBP  [ school/NN ] --/:","(S (INTJ (UH well)) (PRN (, ,) (S (NP-SBJ (PRP you)) (VP (VBP know))) (, ,)) (EDITED (RM (-DFL- \[)) (NP-SBJ (PRP I)) (, ,) (IP (-DFL- \+))) (SBAR-ADV (IN as) (S (NP-SBJ (PRP I)) (RS (-DFL- \])) (VP (VBD said)))) (, ,) (NP-SBJ (PRP I)) (VP (VBP teach) (NP (NN school))) (-DFL- E_S))","82",147.031875,150.586625," well,   you know,   I,  as I  said, I teach school  ","well/UH ,/,   you/PRP  know/VBP ,/,   I/PRP  ,/, as/IN   I/PRP  said/VBD ,/,   I/PRP  teach/VBP   school/NN  /:"
"54","sw02utt/sw_0236_3235.utt","3/sw3235",3235,53,"b","A",35,1,"Uh-huh. /","[ Uh-huh/UH ] ./.","(INTJ (UH Uh-huh) (. .) (-DFL- E_S))","56",150.51675,150.851125,"Uhhuh. "," Uhhuh/UH  ./."
"55","sw02utt/sw_0236_3235.utt","3/sw3235",3235,54,"^h","B",36,1,"-- {C and, } {D gosh, } I'm trying to think,  /","--/: and/CC ,/, gosh/UH ,/,  [ I/PRP ] 'm/VBP trying/VBG to/TO think/VB ,/,","(S (CC and) (, ,) (INTJ (UH gosh)) (, ,) (NP-SBJ-1 (PRP I)) (VP (VBP 'm) (VP (VBG trying) (S (NP-SBJ (-NONE- *-1)) (VP (TO to) (VP (VB think)))))) (, ,) (-DFL- E_S))","86",150.586625,161.23625,"  and,   gosh,  I'm trying to think,  ","/: and/CC ,/, gosh/UH ,/,   I/PRP  'm/VBP trying/VBG to/TO think/VB ,/,"
"56","sw02utt/sw_0236_3235.utt","3/sw3235",3235,55,"h","B",36,2,"I don't know,  /","[ I/PRP ] do/VBP n't/RB know/VB ,/,","(S (NP-SBJ (PRP I)) (VP (VBP do) (RB n't) (VP (VB know))) (, ,) (-DFL- E_S))","87",150.586625,161.23625,"I don't know,  "," I/PRP  do/VBP n't/RB know/VB ,/,"
"57","sw02utt/sw_0236_3235.utt","3/sw3235",3235,56,"sd","B",36,3,"I have [ one woman, + one mother ] that I know is home,  /","[ I/PRP ] have/VBP  [ one/CD woman/NN ] ,/,  [ one/CD mother/NN ] that/WDT  [ I/PRP ] know/VBP is/VBZ  [ home/NN ] ,/,","(S (NP-SBJ (PRP I)) (VP (VBP have) (EDITED (RM (-DFL- \[)) (NP (CD one) (NN woman)) (, ,) (IP (-DFL- \+))) (NP (NP (CD one) (NN mother)) (RS (-DFL- \])) (SBAR (WHNP-1 (WDT that)) (S (NP-SBJ (PRP I)) (VP (VBP know) (SBAR (-NONE- 0) (S (NP-SBJ (-NONE- *T*-1)) (VP (VBZ is) (ADVP-LOC-PRD (NN home)))))))))) (, ,) (-DFL- E_S))","88",150.586625,161.23625,"I have  one woman,  one mother  that I know is home,  "," I/PRP  have/VBP   one/CD woman/NN  ,/,   one/CD mother/NN  that/WDT   I/PRP  know/VBP is/VBZ   home/NN  ,/,"
"58","sw02utt/sw_0236_3235.utt","3/sw3235",3235,57,"sd","B",36,4,"{C but } she also has ten children. /","but/CC  [ she/PRP ] also/RB has/VBZ  [ ten/CD children/NNS ] ./.","(S (CC but) (NP-SBJ (PRP she)) (ADVP (RB also)) (VP (VBZ has) (NP (CD ten) (NNS children))) (. .) (-DFL- E_S))","89",150.586625,161.23625," but  she also has ten children. ","but/CC   she/PRP  also/RB has/VBZ   ten/CD children/NNS  ./."
"59","sw02utt/sw_0236_3235.utt","3/sw3235",3235,58,"qw","A",37,1,"[ What, + what ] grade do you teach? /","[ What/WDT ] ,/,  [ what/WDT grade/NN ] do/VBP  [ you/PRP ] teach/VB ?/.","(SBARQ (EDITED (RM (-DFL- \[)) (WHNP-UNF (WDT What)) (, ,) (IP (-DFL- \+))) (WHNP-1 (WDT what) (RS (-DFL- \])) (NN grade)) (SQ (VBP do) (NP-SBJ (PRP you)) (VP (VB teach) (NP (-NONE- *T*-1)))) (. ?) (-DFL- E_S))","91",162.01375,163.442375," What,  what  grade do you teach? "," What/WDT  ,/,   what/WDT grade/NN  do/VBP   you/PRP  teach/VB ?/."
"60","sw02utt/sw_0236_3235.utt","3/sw3235",3235,59,"sd","B",38,1,"Six, seven and eight. /","[ Six/CD ] ,/,  [ seven/CD ] and/CC  [ eight/CD ] ./.","(NP (CD Six) (, ,) (CD seven) (CC and) (CD eight) (. .) (-DFL- E_S))","93",163.52875,164.466625,"Six, seven and eight. "," Six/CD  ,/,   seven/CD  and/CC   eight/CD  ./."
"61","sw02utt/sw_0236_3235.utt","3/sw3235",3235,60,"b^m","A",39,1,"Six, seven and eight.  /","[ Six/CD ] ,/,  [ seven/CD ] and/CC  [ eight/CD ] ./.","(NP (CD Six) (, ,) (CD seven) (CC and) (CD eight) (. .) (-DFL- E_S))","93",164.466875,167.566625,"Six, seven and eight.  "," Six/CD  ,/,   seven/CD  and/CC   eight/CD  ./."
"62","sw02utt/sw_0236_3235.utt","3/sw3235",3235,61,"%","A",39,2,"I've got a chi-, {F uh, } - /","[ I/PRP ] 've/VBP got/VBN  [ a/DT chi-/NN ] ,/,  [ uh/UH ] ,/,","(S (NP-SBJ (PRP I)) (VP (VBP 've) (VP (VBN got) (NP-UNF (DT a) (NN chi-) (, ,) (INTJ (UH uh))))) (, ,) (-DFL- N_S))","96",164.466875,167.566625,"I've got a chi,  uh,   "," I/PRP  've/VBP got/VBN   a/DT chi/NN  ,/,   uh/UH  ,/,"
"63","sw02utt/sw_0236_3235.utt","3/sw3235",3235,62,"qw","A",39,3,"where do you live?  /","where/WRB do/VBP  [ you/PRP ] live/VB ?/.","(SBARQ (WHADVP-1 (WRB where)) (SQ (VBP do) (NP-SBJ (PRP you)) (VP (VB live) (ADVP-LOC (-NONE- *T*-1)))) (. ?) (-DFL- E_S))","97",164.466875,167.566625,"where do you live?  ","where/WRB do/VBP   you/PRP  live/VB ?/."
"64","sw02utt/sw_0236_3235.utt","3/sw3235",3235,63,"qy","A",39,4,"Are you out, -/","Are/VBP  [ you/PRP ] out/IN ,/,","(SQ (VBP Are) (NP-SBJ (PRP you)) (PP-LOC-PRD-UNF (IN out)) (, ,) (-DFL- N_S))","98",164.466875,167.566625,"Are you out, ","Are/VBP   you/PRP  out/IN ,/,"
"65","sw02utt/sw_0236_3235.utt","3/sw3235",3235,64,"sd","B",40,1,"In Richardson. /","In/IN  [ Richardson/NNP ] ./.","(PP-LOC (IN In) (NP (NNP Richardson)) (. .) (-DFL- E_S))","100",167.770875,168.504625,"In Richardson. ","In/IN   Richardson/NNP  ./."
"66","sw02utt/sw_0236_3235.utt","3/sw3235",3235,65,"b^m","A",41,1,"In Richardson,  /","In/IN  [ Richardson/NNP ] ,/,","(PP-LOC (IN In) (NP (NNP Richardson)) (, ,) (-DFL- E_S))","102",168.482375,170.128,"In Richardson,  ","In/IN   Richardson/NNP  ,/,"
"67","sw02utt/sw_0236_3235.utt","3/sw3235",3235,66,"sd","A",41,2,"we're in Plano here. /","[ we/PRP ] 're/VBP in/IN  [ Plano/NNP ] here/RB ./.","(S (NP-SBJ (PRP we)) (VP (VBP 're) (PP-LOC-PRD (IN in) (NP (NNP Plano))) (ADVP-LOC (RB here))) (. .) (-DFL- E_S))","103",168.482375,170.128,"we're in Plano here. "," we/PRP  're/VBP in/IN   Plano/NNP  here/RB ./."
"68","sw02utt/sw_0236_3235.utt","3/sw3235",3235,67,"bk","B",42,1,"{F Oh, } okay. /","Oh/UH ,/, okay/UH ./.","(INTJ (INTJ (UH Oh)) (, ,) (INTJ (UH okay)) (. .) (-DFL- E_S))","105",170.102375,170.767," Oh,  okay. ","Oh/UH ,/, okay/UH ./."
"69","sw02utt/sw_0236_3235.utt","3/sw3235",3235,68,"sd","A",43,1,"I have a daughter in middle school,  /","[ I/PRP ] have/VBP  [ a/DT daughter/NN ] in/IN  [ middle/JJ school/NN ] ,/,","(S (NP-SBJ (PRP I)) (VP (VBP have) (NP (NP (DT a) (NN daughter)) (PP-LOC (IN in) (NP (JJ middle) (NN school))))) (, ,) (-DFL- E_S))","107",170.829875,187.827,"I have a daughter in middle school,  "," I/PRP  have/VBP   a/DT daughter/NN  in/IN   middle/JJ school/NN  ,/,"
"70","sw02utt/sw_0236_3235.utt","3/sw3235",3235,69,"sd","A",43,2,"{C and, }  {F uh, } I know there aren't very many, - /","and/CC ,/,  [ uh/UH ] ,/,  [ I/PRP ] know/VBP  [ there/EX ] are/VBP n't/RB very/RB many/JJ ,/,","(S (CC and) (, ,) (INTJ (UH uh)) (, ,) (NP-SBJ (PRP I)) (VP (VBP know) (SBAR (-NONE- 0) (S (NP-SBJ (EX there)) (VP (VBP are) (RB n't) (NP-PRD-UNF (RB very) (JJ many)))))) (, ,) (-DFL- N_S))","108",170.829875,187.827," and,    uh,  I know there aren't very many,  ","and/CC ,/,   uh/UH  ,/,   I/PRP  know/VBP   there/EX  are/VBP n't/RB very/RB many/JJ ,/,"
"71","sw02utt/sw_0236_3235.utt","3/sw3235",3235,70,"sd","A",43,3,"she has a few friends that have moms who are still at home,  /","[ she/PRP ] has/VBZ  [ a/DT few/JJ friends/NNS ] [ that/WDT ] have/VBP  [ moms/NNS ] [ who/WP ] are/VBP still/RB at/IN  [ home/NN ] ,/,","(S (NP-SBJ (PRP she)) (VP (VBZ has) (NP (NP (DT a) (JJ few) (NNS friends)) (SBAR (WHNP-1 (WDT that)) (S (NP-SBJ (-NONE- *T*-1)) (VP (VBP have) (NP (NP (NNS moms)) (SBAR (WHNP-2 (WP who)) (S (NP-SBJ (-NONE- *T*-2)) (VP (VBP are) (ADVP-TMP (RB still)) (PP-PRD-LOC (IN at) (NP (NN home)))))))))))) (, ,) (-DFL- E_S))","109",170.829875,187.827,"she has a few friends that have moms who are still at home,  "," she/PRP  has/VBZ   a/DT few/JJ friends/NNS   that/WDT  have/VBP   moms/NNS   who/WP  are/VBP still/RB at/IN   home/NN  ,/,"
"72","sw02utt/sw_0236_3235.utt","3/sw3235",3235,71,"qy","A",43,4,"{C but } [ [ do you see, + {F um, } {D you know, } do you ever, ] + do you ever ] see problems, {D you know, } that you feel --","but/CC do/VBP  [ you/PRP ] see/VB ,/, um/UH ,/,  [ you/PRP ] know/VBP ,/, do/VBP  [ you/PRP ] ever/RB ,/, do/VBP  [ you/PRP ] ever/RB see/VB  [ problems/NNS ] ,/,  [ you/PRP ] know/VBP ,/, that/WDT  [ you/PRP ] feel/VBP --/:","(SQ (CC but) (EDITED (RM (-DFL- \[)) (EDITED (RM (-DFL- \[)) (SQ (VBP do) (NP-SBJ (PRP you)) (VP-UNF (VB see))) (, ,) (IP (-DFL- \+))) (INTJ (UH um)) (PRN (, ,) (S (NP-SBJ (PRP you)) (VP (VBP know))) (, ,)) (SQ-UNF (VBP do) (NP-SBJ (PRP you)) (ADVP-TMP (RB ever))) (, ,) (RS (-DFL- \])) (IP (-DFL- \+))) (VBP do) (NP-SBJ (PRP you)) (ADVP-TMP (RB ever)) (RS (-DFL- \])) (VP (VB see) (NP (NP (NNS problems)) (PRN (, ,) (S (NP-SBJ (PRP you)) (VP (VBP know))) (, ,)) (SBAR (WHADVP-1 (WDT that)) (S (NP-SBJ (PRP you)) (VP (VBP feel) (PRN (S (NP-SBJ (PRP you)) (VP (VBP know))) (, ,)) (SBAR (IN that) (S (NP-SBJ-2 (DT the) (NNS kids)) (VP (VBP are) (VP (VBN left) (NP-3 (-NONE- *-2)) (S-ADV (NP-SBJ (-NONE- *-3)) (ADJP-PRD (RB alone))) (ADVP (RB too) (JJ much)))))))) (ADVP (-NONE- *T*-1))))) (, ,) (-DFL- E_S))","110",170.829875,187.827," but    do you see,   um,   you know,  do you ever,   do you ever  see problems,  you know,  that you feel ","but/CC do/VBP   you/PRP  see/VB ,/, um/UH ,/,   you/PRP  know/VBP ,/, do/VBP   you/PRP  ever/RB ,/, do/VBP   you/PRP  ever/RB see/VB   problems/NNS  ,/,   you/PRP  know/VBP ,/, that/WDT   you/PRP  feel/VBP /:"
"73","sw02utt/sw_0236_3235.utt","3/sw3235",3235,72,"ny","B",44,1,"{F Oh, } yeah. /","Oh/UH ,/, yeah/UH ./.","(INTJ (INTJ (UH Oh)) (, ,) (INTJ (UH yeah)) (. .) (-DFL- E_S))","112",185.1415,187.127125," Oh,  yeah. ","Oh/UH ,/, yeah/UH ./."
"74","sw02utt/sw_0236_3235.utt","3/sw3235",3235,73,"+","A",45,1,"-- {D you know, } that the kids are left alone too much,  /","--/:  [ you/PRP ] know/VBP ,/, that/IN  [ the/DT kids/NNS ] are/VBP left/VBN alone/RB too/RB much/JJ ,/,","(SQ (CC but) (EDITED (RM (-DFL- \[)) (EDITED (RM (-DFL- \[)) (SQ (VBP do) (NP-SBJ (PRP you)) (VP-UNF (VB see))) (, ,) (IP (-DFL- \+))) (INTJ (UH um)) (PRN (, ,) (S (NP-SBJ (PRP you)) (VP (VBP know))) (, ,)) (SQ-UNF (VBP do) (NP-SBJ (PRP you)) (ADVP-TMP (RB ever))) (, ,) (RS (-DFL- \])) (IP (-DFL- \+))) (VBP do) (NP-SBJ (PRP you)) (ADVP-TMP (RB ever)) (RS (-DFL- \])) (VP (VB see) (NP (NP (NNS problems)) (PRN (, ,) (S (NP-SBJ (PRP you)) (VP (VBP know))) (, ,)) (SBAR (WHADVP-1 (WDT that)) (S (NP-SBJ (PRP you)) (VP (VBP feel) (PRN (S (NP-SBJ (PRP you)) (VP (VBP know))) (, ,)) (SBAR (IN that) (S (NP-SBJ-2 (DT the) (NNS kids)) (VP (VBP are) (VP (VBN left) (NP-3 (-NONE- *-2)) (S-ADV (NP-SBJ (-NONE- *-3)) (ADJP-PRD (RB alone))) (ADVP (RB too) (JJ much)))))))) (ADVP (-NONE- *T*-1))))) (, ,) (-DFL- E_S))","110",187.827,188.033125,"  you know,  that the kids are left alone too much,  ","/:   you/PRP  know/VBP ,/, that/IN   the/DT kids/NNS  are/VBP left/VBN alone/RB too/RB much/JJ ,/,"
"75","sw02utt/sw_0236_3235.utt","3/sw3235",3235,74,"%","A",45,2,"{C and, } -/","and/CC ,/,","(S-UNF (CC and) (, ,) (-DFL- N_S))","114",187.827,188.033125," and,  ","and/CC ,/,"
"76","sw02utt/sw_0236_3235.utt","3/sw3235",3235,75,"sd","B",46,1,"I've got one child, {F um, } that stays with me every day until five, because his mother doesn't come home until seven,  /","[ I/PRP ] 've/VBP got/VBN  [ one/CD child/NN ] ,/, um/UH ,/,  [ that/WDT ] stays/VBZ with/IN  [ me/PRP ] [ every/DT day/NN ] until/IN  [ five/CD ,/, because/IN  [ his/PRP$ mother/NN ] does/VBZ n't/RB come/VB  [ home/RB ] until/IN  [ seven/CD ] ,/,","(S (NP-SBJ (PRP I)) (VP (VBP 've) (VP (VBN got) (NP (NP (CD one) (NN child)) (, ,) (INTJ (UH um)) (, ,) (SBAR (WHNP-1 (WDT that)) (S (NP-SBJ (-NONE- *T*-1)) (VP (VBZ stays) (PP (IN with) (NP (PRP me))) (NP-TMP (DT every) (NN day)) (PP-TMP (IN until) (NP (CD five))) (, ,) (SBAR-PRP (IN because) (S (NP-SBJ (PRP$ his) (NN mother)) (VP (VBZ does) (RB n't) (VP (VB come) (ADVP-DIR (RB home)) (PP-TMP (IN until) (NP (CD seven))))))))))))) (, ,) (-DFL- E_S))","116",187.945125,197.826625,"I've got one child,  um,  that stays with me every day until five, because his mother doesn't come home until seven,  "," I/PRP  've/VBP got/VBN   one/CD child/NN  ,/, um/UH ,/,   that/WDT  stays/VBZ with/IN   me/PRP   every/DT day/NN  until/IN   five/CD ,/, because/IN   his/PRP$ mother/NN  does/VBZ n't/RB come/VB   home/RB  until/IN   seven/CD  ,/,"
"77","sw02utt/sw_0236_3235.utt","3/sw3235",3235,76,"sd","B",46,2,"{C and } he doesn't want to be home from three thirty until seven by himself. /","and/CC  [ he/PRP ] does/VBZ n't/RB want/VB to/TO be/VB  [ home/NN ] from/IN  [ three/CD thirty/CD ] until/IN  [ seven/CD ] by/IN  [ himself/PRP ] ./.","(S (CC and) (NP-SBJ-1 (PRP he)) (VP (VBZ does) (RB n't) (VP (VB want) (S (NP-SBJ (-NONE- *-1)) (VP (TO to) (VP (VB be) (ADVP-LOC-PRD (NN home)) (PP-TMP (IN from) (NP (CD three) (CD thirty))) (PP-TMP (IN until) (NP (CD seven))) (PP (IN by) (NP (PRP himself)))))))) (. .) (-DFL- E_S))","117",187.945125,197.826625," and  he doesn't want to be home from three thirty until seven by himself. ","and/CC   he/PRP  does/VBZ n't/RB want/VB to/TO be/VB   home/NN  from/IN   three/CD thirty/CD  until/IN   seven/CD  by/IN   himself/PRP  ./."
"78","sw02utt/sw_0236_3235.utt","3/sw3235",3235,77,"qy","A",47,1,"He stays at school? /","[ He/PRP ] stays/VBZ at/IN  [ school/NN ] ?/.","(S (NP-SBJ (PRP He)) (VP (VBZ stays) (PP-LOC (IN at) (NP (NN school)))) (. ?) (-DFL- E_S))","119",197.883,198.82625,"He stays at school? "," He/PRP  stays/VBZ at/IN   school/NN  ?/."
"79","sw02utt/sw_0236_3235.utt","3/sw3235",3235,78,"ny","B",48,1,"Uh-huh. /","[ Uh-huh/UH ] ./.","(INTJ (UH Uh-huh) (. .) (-DFL- E_S))","121",198.9275,199.287875,"Uhhuh. "," Uhhuh/UH  ./."
"80","sw02utt/sw_0236_3235.utt","3/sw3235",3235,79,"qy","A",49,1,"{C And } the school allows that? /","And/CC  [ the/DT school/NN ] allows/VBZ  [ that/DT ] ?/.","(S (CC And) (NP-SBJ (DT the) (NN school)) (VP (VBZ allows) (NP (DT that))) (. ?) (-DFL- E_S))","123",199.457375,200.972125," And  the school allows that? ","And/CC   the/DT school/NN  allows/VBZ   that/DT  ?/."
"81","sw02utt/sw_0236_3235.utt","3/sw3235",3235,80,"na","B",50,1,"{D Well, } he stays with me -- /","Well/UH ,/,  [ he/PRP ] stays/VBZ with/IN  [ me/PRP ] --/:","(S (INTJ (UH Well)) (, ,) (NP-SBJ (PRP he)) (VP (VBZ stays) (PP (IN with) (NP (PRP me)))) (-DFL- E_S))","125",201.542375,202.561125," Well,  he stays with me  ","Well/UH ,/,   he/PRP  stays/VBZ with/IN   me/PRP  /:"
"82","sw02utt/sw_0236_3235.utt","3/sw3235",3235,81,"b","A",51,1,"Uh-huh. /","[ Uh-huh/UH ] ./.","(INTJ (UH Uh-huh) (. .) (-DFL- E_S))","121",202.563,203.059375,"Uhhuh. "," Uhhuh/UH  ./."
"83","sw02utt/sw_0236_3235.utt","3/sw3235",3235,82,"sd","B",52,1,"-- {C and } I have a tendency to work late.  /","--/: and/CC  [ I/PRP ] have/VBP  [ a/DT tendency/NN ] to/TO work/VB late/RB ./.","(S (CC and) (NP-SBJ (PRP I)) (VP (VBP have) (NP (DT a) (NN tendency) (S (NP-SBJ (-NONE- *)) (VP (TO to) (VP (VB work) (ADVP-TMP (RB late))))))) (. .) (-DFL- E_S))","129",203.31225,205.899375,"  and  I have a tendency to work late.  ","/: and/CC   I/PRP  have/VBP   a/DT tendency/NN  to/TO work/VB late/RB ./."
"84","sw02utt/sw_0236_3235.utt","3/sw3235",3235,83,"sd","B",52,2,"I work until six -- /","[ I/PRP ] work/VBP until/IN  [ six/CD ] --/:","(S (NP-SBJ (PRP I)) (VP (VBP work) (PP-TMP (IN until) (NP (CD six)))) (-DFL- E_S))","130",203.31225,205.899375,"I work until six  "," I/PRP  work/VBP until/IN   six/CD  /:"
"85","sw02utt/sw_0236_3235.utt","3/sw3235",3235,84,"b","A",53,1,"Uh-huh. /","[ Uh-huh/UH ] ./.","(INTJ (UH Uh-huh) (. .) (-DFL- E_S))","121",205.818625,206.278625,"Uhhuh. "," Uhhuh/UH  ./."
"86","sw02utt/sw_0236_3235.utt","3/sw3235",3235,85,"sd","B",54,1,"-- {C so } he stays with me until five thirty and then goes home -- /","--/: so/RB  [ he/PRP ] stays/VBZ with/IN  [ me/PRP ] until/IN  [ five/CD thirty/CD ] and/CC then/RB goes/VBZ  [ home/RB ] --/:","(S (RB so) (NP-SBJ (PRP he)) (VP (VP (VBZ stays) (PP (IN with) (NP (PRP me))) (PP-TMP (IN until) (NP (CD five) (CD thirty)))) (CONJP (CC and) (RB then)) (VP (VBZ goes) (ADVP-DIR (RB home)))) (-DFL- E_S))","134",206.71725,209.258375,"  so  he stays with me until five thirty and then goes home  ","/: so/RB   he/PRP  stays/VBZ with/IN   me/PRP  until/IN   five/CD thirty/CD  and/CC then/RB goes/VBZ   home/RB  /:"
"87","sw02utt/sw_0236_3235.utt","3/sw3235",3235,86,"ba","A",55,1,"{F Oh, } my, /","Oh/UH ,/,  [ my/UH ] ,/,","(INTJ (INTJ (UH Oh)) (, ,) (INTJ (UH my)) (, ,) (-DFL- E_S))","136",210.45075,210.974," Oh,  my, ","Oh/UH ,/,   my/UH  ,/,"
"88","sw02utt/sw_0236_3235.utt","3/sw3235",3235,87,"sd","B",56,1,"-- {C and, } {D you know, } I have lots of kids, because they know I'm there late -- /","--/: and/CC ,/,  [ you/PRP ] know/VBP ,/,  [ I/PRP ] have/VBP  [ lots/NNS ] of/IN  [ kids/NNS ] ,/, because/IN  [ they/PRP ] know/VBP  [ I/PRP ] 'm/VBP there/RB  [ late/RB ] --/:","(S (CC and) (PRN (, ,) (S (NP-SBJ (PRP you)) (VP (VBP know))) (, ,)) (NP-SBJ (PRP I)) (VP (VBP have) (NP (NP (NNS lots)) (PP (IN of) (NP (NNS kids)))) (, ,) (SBAR-PRP (IN because) (S (NP-SBJ (PRP they)) (VP (VBP know) (SBAR (-NONE- 0) (S (NP-SBJ (PRP I)) (VP (VBP 'm) (ADVP-LOC-PRD (RB there)) (ADVP-TMP (RB late))))))))) (-DFL- E_S))","138",210.771,214.4095,"  and,   you know,  I have lots of kids, because they know I'm there late  ","/: and/CC ,/,   you/PRP  know/VBP ,/,   I/PRP  have/VBP   lots/NNS  of/IN   kids/NNS  ,/, because/IN   they/PRP  know/VBP   I/PRP  'm/VBP there/RB   late/RB  /:"
"89","sw02utt/sw_0236_3235.utt","3/sw3235",3235,88,"b","A",57,1,"Uh-huh. /","[ Uh-huh/UH ] ./.","(INTJ (UH Uh-huh) (. .) (-DFL- E_S))","121",214.5055,214.94875,"Uhhuh. "," Uhhuh/UH  ./."
"90","sw02utt/sw_0236_3235.utt","3/sw3235",3235,89,"sd","B",58,1,"-- I'm a slow mover to say the least,  /","--/:  [ I/PRP ] 'm/VBP  [ a/DT slow/JJ mover/NN ] to/TO say/VB  [ the/DT least/JJS ] ,/,","(S (NP-SBJ (PRP I)) (VP (VBP 'm) (NP-PRD (DT a) (JJ slow) (NN mover)) (S-ADV (NP-SBJ (-NONE- *)) (VP (TO to) (VP (VB say) (NP (DT the) (JJS least)))))) (, ,) (-DFL- E_S))","142",214.758375,239.442375," I'm a slow mover to say the least,  ","/:   I/PRP  'm/VBP   a/DT slow/JJ mover/NN  to/TO say/VB   the/DT least/JJS  ,/,"
"91","sw02utt/sw_0236_3235.utt","3/sw3235",3235,90,"sd(^q)","B",58,2,"{C but, }  {F um, } they'll come in and say, Can I stay with you because I don't want to go home to an empty house.  /","but/CC ,/, um/UH ,/,  [ they/PRP ] 'll/MD come/VB in/RB and/CC say/VB ,/, Can/MD  [ I/PRP ] stay/VB with/IN  [ you/PRP ] because/IN  [ I/PRP ] do/VBP n't/RB want/VB to/TO go/VB  [ home/RB ] to/IN  [ an/DT empty/JJ house/NN ] ./.","(S (CC but) (, ,) (INTJ (UH um)) (, ,) (NP-SBJ (PRP they)) (VP (MD 'll) (VP (VP (VB come) (ADVP-DIR (RB in))) (CC and) (VP (VB say) (, ,) (SQ-SEZ (MD Can) (NP-SBJ (PRP I)) (VP (VB stay) (PP (IN with) (NP (PRP you))) (SBAR-PRP (IN because) (S (NP-SBJ-1 (PRP I)) (VP (VBP do) (RB n't) (VP (VB want) (S (NP-SBJ (-NONE- *-1)) (VP (TO to) (VP (VB go) (ADVP-DIR (RB home)) (PP-DIR (IN to) (NP (DT an) (JJ empty) (NN house))))))))))))))) (. .) (-DFL- E_S))","143",214.758375,239.442375," but,    um,  they'll come in and say, Can I stay with you because I don't want to go home to an empty house.  ","but/CC ,/, um/UH ,/,   they/PRP  'll/MD come/VB in/RB and/CC say/VB ,/, Can/MD   I/PRP  stay/VB with/IN   you/PRP  because/IN   I/PRP  do/VBP n't/RB want/VB to/TO go/VB   home/RB  to/IN   an/DT empty/JJ house/NN  ./."
"92","sw02utt/sw_0236_3235.utt","3/sw3235",3235,91,"sv","B",58,3,"{C And } that's frightening, because, {D you know, } the, - /","And/CC  [ that/DT ] 's/BES frightening/JJ ,/, because/IN ,/,  [ you/PRP ] know/VBP ,/,  [ the/DT ] ,/,","(S (CC And) (NP-SBJ (DT that)) (VP (BES 's) (ADJP-PRD (JJ frightening)) (, ,) (SBAR-PRP (IN because) (PRN (, ,) (S (NP-SBJ (PRP you)) (VP (VBP know))) (, ,)) (S (NP-SBJ-UNF (DT the))))) (, ,) (-DFL- N_S))","144",214.758375,239.442375," And  that's frightening, because,  you know,  the,  ","And/CC   that/DT  's/BES frightening/JJ ,/, because/IN ,/,   you/PRP  know/VBP ,/,   the/DT  ,/,"
"93","sw02utt/sw_0236_3235.utt","3/sw3235",3235,92,"sd","B",58,4,"when I said [ [ I, + I'm, ] + I'm ] raising them, I am, - /","when/WRB  [ I/PRP ] said/VBD  [ I/PRP ] ,/,  [ I/PRP ] 'm/VBP ,/,  [ I/PRP ] 'm/VBP raising/VBG  [ them/PRP ] ,/,  [ I/PRP ] am/VBP ,/,","(S (SBAR-TMP (WHADVP-1 (WRB when)) (S (NP-SBJ (PRP I)) (VP (VBD said) (SBAR (-NONE- 0) (S (EDITED (RM (-DFL- \[)) (EDITED (RM (-DFL- \[)) (NP-SBJ (PRP I)) (, ,) (IP (-DFL- \+))) (S (NP-SBJ (PRP I)) (VP-UNF (VBP 'm)) (, ,) (RS (-DFL- \])) (IP (-DFL- \+)))) (NP-SBJ (PRP I)) (VP (VBP 'm) (RS (-DFL- \])) (VP (VBG raising) (NP (PRP them)))))) (ADVP-TMP (-NONE- *T*-1))))) (, ,) (NP-SBJ (PRP I)) (VP (VBP am) (VP (-NONE- *?*))) (, ,) (-DFL- N_S))","145",214.758375,239.442375,"when I said   I,  I'm,   I'm  raising them, I am,  ","when/WRB   I/PRP  said/VBD   I/PRP  ,/,   I/PRP  'm/VBP ,/,   I/PRP  'm/VBP raising/VBG   them/PRP  ,/,   I/PRP  am/VBP ,/,"
"94","sw02utt/sw_0236_3235.utt","3/sw3235",3235,93,"sd","B",58,5,"because we're talking about boy friends  /","because/IN  [ we/PRP ] 're/VBP talking/VBG about/IN  [ boy/NN friends/NNS ]","(SBAR-PRP (IN because) (S (NP-SBJ (PRP we)) (VP (VBP 're) (VP (VBG talking) (PP (IN about) (NP (NN boy) (NNS friends)))))) (-DFL- E_S))","146",214.758375,239.442375,"because we're talking about boy friends  ","because/IN   we/PRP  're/VBP talking/VBG about/IN   boy/NN friends/NNS "
"95","sw02utt/sw_0236_3235.utt","3/sw3235",3235,94,"sd","B",58,6,"{C and } we're talking about what the girl said in class,  /","and/CC  [ we/PRP ] 're/VBP talking/VBG about/IN  [ what/WP ] [ the/DT girl/NN ] said/VBD in/IN  [ class/NN ] ,/,","(S (CC and) (NP-SBJ (PRP we)) (VP (VBP 're) (VP (VBG talking) (PP (IN about) (SBAR-NOM (SBAR (WHNP-1 (WP what)) (S (NP-SBJ (DT the) (NN girl)) (VP (VBD said) (NP (-NONE- *T*-1)) (PP-LOC (IN in) (NP (NN class)))))) (, ,) (-DFL- E_S) (CC and) (PRN (, ,) (S (NP-SBJ (PRP you)) (VP (VBP know))) (, ,)) (SBAR (WHNP-1 (WP what)) (S (NP-SBJ (-NONE- *T*-1)) (VP (BES 's) (ADJP-PRD (JJ right))))))) (SBAR-PRP (IN because) (S (NP-SBJ (EX there)) (VP (BES 's) (NP-PRD (DT no) (NN mother)) (PP-LOC (IN at) (NP (NN home)))))))) (-DFL- E_S))","147",214.758375,239.442375," and  we're talking about what the girl said in class,  ","and/CC   we/PRP  're/VBP talking/VBG about/IN   what/WP   the/DT girl/NN  said/VBD in/IN   class/NN  ,/,"
"96","sw02utt/sw_0236_3235.utt","3/sw3235",3235,95,"sd","B",58,7,"{C and, } {D you know, } what's right --","and/CC ,/,  [ you/PRP ] know/VBP ,/,  [ what/WP ] 's/BES right/JJ --/:","(S (CC and) (NP-SBJ (PRP we)) (VP (VBP 're) (VP (VBG talking) (PP (IN about) (SBAR-NOM (SBAR (WHNP-1 (WP what)) (S (NP-SBJ (DT the) (NN girl)) (VP (VBD said) (NP (-NONE- *T*-1)) (PP-LOC (IN in) (NP (NN class)))))) (, ,) (-DFL- E_S) (CC and) (PRN (, ,) (S (NP-SBJ (PRP you)) (VP (VBP know))) (, ,)) (SBAR (WHNP-1 (WP what)) (S (NP-SBJ (-NONE- *T*-1)) (VP (BES 's) (ADJP-PRD (JJ right))))))) (SBAR-PRP (IN because) (S (NP-SBJ (EX there)) (VP (BES 's) (NP-PRD (DT no) (NN mother)) (PP-LOC (IN at) (NP (NN home)))))))) (-DFL- E_S))","147",214.758375,239.442375," and,   you know,  what's right ","and/CC ,/,   you/PRP  know/VBP ,/,   what/WP  's/BES right/JJ /:"
"97","sw02utt/sw_0236_3235.utt","3/sw3235",3235,96,"b","A",59,1,"Uh-huh. /","[ Uh-huh/UH ] ./.","(INTJ (UH Uh-huh) (. .) (-DFL- E_S))","121",236.909375,237.4,"Uhhuh. "," Uhhuh/UH  ./."
"98","sw02utt/sw_0236_3235.utt","3/sw3235",3235,97,"+","B",60,1,"-- because there's no mother at home -- /","--/: because/IN  [ there/EX ] 's/BES  [ no/DT mother/NN ] at/IN  [ home/NN ] --/:","(S (CC and) (NP-SBJ (PRP we)) (VP (VBP 're) (VP (VBG talking) (PP (IN about) (SBAR-NOM (SBAR (WHNP-1 (WP what)) (S (NP-SBJ (DT the) (NN girl)) (VP (VBD said) (NP (-NONE- *T*-1)) (PP-LOC (IN in) (NP (NN class)))))) (, ,) (-DFL- E_S) (CC and) (PRN (, ,) (S (NP-SBJ (PRP you)) (VP (VBP know))) (, ,)) (SBAR (WHNP-1 (WP what)) (S (NP-SBJ (-NONE- *T*-1)) (VP (BES 's) (ADJP-PRD (JJ right))))))) (SBAR-PRP (IN because) (S (NP-SBJ (EX there)) (VP (BES 's) (NP-PRD (DT no) (NN mother)) (PP-LOC (IN at) (NP (NN home)))))))) (-DFL- E_S))","147",NA,NA," because there's no mother at home  ","/: because/IN   there/EX  's/BES   no/DT mother/NN  at/IN   home/NN  /:"
"99","sw02utt/sw_0236_3235.utt","3/sw3235",3235,98,"^2","A",61,1,"No mother to talk to. /","[ No/DT mother/NN ] to/TO talk/VB to/IN ./.","(NP (NP (DT No) (NN mother)) (SBAR (WHNP-1 (-NONE- 0)) (S (NP-SBJ (-NONE- *)) (VP (TO to) (VP (VB talk) (PP (IN to) (NP (-NONE- *T*-1))))))) (. .) (-DFL- E_S))","152",239.20625,240.707125,"No mother to talk to. "," No/DT mother/NN  to/TO talk/VB to/IN ./."
"100","sw02utt/sw_0236_3235.utt","3/sw3235",3235,99,"sv","B",62,1,"-- {C and, }  {F um, } it makes a difference,  /","--/: and/CC ,/, um/UH ,/,  [ it/PRP ] makes/VBZ  [ a/DT difference/NN ] ,/,","(S (CC and) (, ,) (INTJ (UH um)) (, ,) (NP-SBJ (PRP it)) (VP (VBZ makes) (NP (DT a) (NN difference))) (, ,) (-DFL- E_S))","154",241.22425,246.873,"  and,    um,  it makes a difference,  ","/: and/CC ,/, um/UH ,/,   it/PRP  makes/VBZ   a/DT difference/NN  ,/,"
"101","sw02utt/sw_0236_3235.utt","3/sw3235",3235,100,"%","B",62,2,"I, - /","[ I/PRP ] ,/,","(S-UNF (NP-SBJ (PRP I)) (, ,) (-DFL- N_S))","155",241.22425,246.873,"I,  "," I/PRP  ,/,"
"102","sw02utt/sw_0236_3235.utt","3/sw3235",3235,101,"sd","B",62,3,"{C and } just the social values, -/","and/CC just/RB  [ the/DT social/JJ values/NNS ] ,/,","(FRAG (CC and) (ADVP (RB just)) (NP (DT the) (JJ social) (NNS values)) (, ,) (-DFL- N_S))","156",241.22425,246.873," and  just the social values, ","and/CC just/RB   the/DT social/JJ values/NNS  ,/,"
"103","sw02utt/sw_0236_3235.utt","3/sw3235",3235,102,"%","A",63,1,"{D Well, } I've just, - /","Well/UH ,/,  [ I/PRP ] 've/VBP just/RB ,/,","(S (INTJ (UH Well)) (, ,) (NP-SBJ (PRP I)) (VP-UNF (VBP 've) (ADVP (RB just))) (, ,) (-DFL- N_S))","158",247.7465,259.881375," Well,  I've just,  ","Well/UH ,/,   I/PRP  've/VBP just/RB ,/,"
"104","sw02utt/sw_0236_3235.utt","3/sw3235",3235,103,"qy","A",63,2,"[ do you, + do you ] feel it will swing back the other way,  /","do/VBP  [ you/PRP ] ,/, do/VBP  [ you/PRP ] feel/VB  [ it/PRP ] will/MD swing/VB back/RB  [ the/DT other/JJ way/NN ] ,/,","(SQ (EDITED (RM (-DFL- \[)) (SQ-UNF (VBP do) (NP-SBJ (PRP you))) (, ,) (IP (-DFL- \+))) (VBP do) (NP-SBJ (PRP you)) (RS (-DFL- \])) (VP (VB feel) (SBAR (-NONE- 0) (S (NP-SBJ (PRP it)) (VP (MD will) (VP (VB swing) (ADVP-DIR (RB back)) (NP-DIR (DT the) (JJ other) (NN way))))))) (, ,) (-DFL- E_S))","159",247.7465,259.881375," do you,  do you  feel it will swing back the other way,  ","do/VBP   you/PRP  ,/, do/VBP   you/PRP  feel/VB   it/PRP  will/MD swing/VB back/RB   the/DT other/JJ way/NN  ,/,"
"105","sw02utt/sw_0236_3235.utt","3/sw3235",3235,104,"qrr","A",63,3,"{C or } do you feel there's just going to be a big push [ to, + ] {F uh } --","or/CC do/VBP  [ you/PRP ] feel/VB  [ there/EX ] 's/BES just/RB going/VBG to/TO be/VB  [ a/DT big/JJ push/NN ] to/TO ,/,  [ uh/UH ] --/:","(SQ (CC or) (VBP do) (NP-SBJ (PRP you)) (VP (VB feel) (SBAR (-NONE- 0) (S (NP-SBJ-1 (EX there)) (VP (BES 's) (ADVP (RB just)) (VP (VBG going) (S (NP-SBJ (-NONE- *-1)) (VP (TO to) (VP (VB be) (NP-PRD (NP (DT a) (JJ big) (NN push)) (EDITED (RM (-DFL- \[)) (PP-UNF (TO to)) (, ,) (IP (-DFL- \+)) (RS (-DFL- \]))) (INTJ (UH uh)) (PRN (S (NP-SBJ (PRP you)) (VP (VBP know))) (, ,)) (EDITED (RM (-DFL- \[)) (PP-UNF (IN for)) (, ,) (IP (-DFL- \+))) (PP (IN for) (RS (-DFL- \])) (EDITED (RM (-DFL- \[)) (NP-UNF (JJR more)) (, ,) (IP (-DFL- \+))) (NP (ADJP (JJR more) (RS (-DFL- \])) (CC and) (JJR more)) (NN day) (NN care) (NN type) (NNS situations)))))))))))) (. ?) (-DFL- E_S))","160",247.7465,259.881375," or  do you feel there's just going to be a big push  to,    uh  ","or/CC do/VBP   you/PRP  feel/VB   there/EX  's/BES just/RB going/VBG to/TO be/VB   a/DT big/JJ push/NN  to/TO ,/,   uh/UH  /:"
"106","sw02utt/sw_0236_3235.utt","3/sw3235",3235,105,"no","B",64,1,"[ I, + I ] don't know. /","[ I/PRP ] ,/,  [ I/PRP ] do/VBP n't/RB know/VB ./.","(S (EDITED (RM (-DFL- \[)) (NP-SBJ (PRP I)) (, ,) (IP (-DFL- \+))) (NP-SBJ (PRP I)) (RS (-DFL- \])) (VP (VBP do) (RB n't) (VP (VB know))) (. .) (-DFL- E_S))","162",246.873,256.14225," I,  I  don't know. "," I/PRP  ,/,   I/PRP  do/VBP n't/RB know/VB ./."
"107","sw02utt/sw_0236_3235.utt","3/sw3235",3235,106,"+","A",65,1,"-- {D you know, } [ for, + for ]  [ more, + more ] and more day care type situations? /","--/:  [ you/PRP ] know/VBP ,/, for/IN ,/, for/IN  [ more/JJR ] ,/,  [ more/JJR ] and/CC  [ more/JJR day/NN care/NN type/NN situations/NNS ] ?/.","(SQ (CC or) (VBP do) (NP-SBJ (PRP you)) (VP (VB feel) (SBAR (-NONE- 0) (S (NP-SBJ-1 (EX there)) (VP (BES 's) (ADVP (RB just)) (VP (VBG going) (S (NP-SBJ (-NONE- *-1)) (VP (TO to) (VP (VB be) (NP-PRD (NP (DT a) (JJ big) (NN push)) (EDITED (RM (-DFL- \[)) (PP-UNF (TO to)) (, ,) (IP (-DFL- \+)) (RS (-DFL- \]))) (INTJ (UH uh)) (PRN (S (NP-SBJ (PRP you)) (VP (VBP know))) (, ,)) (EDITED (RM (-DFL- \[)) (PP-UNF (IN for)) (, ,) (IP (-DFL- \+))) (PP (IN for) (RS (-DFL- \])) (EDITED (RM (-DFL- \[)) (NP-UNF (JJR more)) (, ,) (IP (-DFL- \+))) (NP (ADJP (JJR more) (RS (-DFL- \])) (CC and) (JJR more)) (NN day) (NN care) (NN type) (NNS situations)))))))))))) (. ?) (-DFL- E_S))","160",NA,NA,"  you know,   for,  for    more,  more  and more day care type situations? ","/:   you/PRP  know/VBP ,/, for/IN ,/, for/IN   more/JJR  ,/,   more/JJR  and/CC   more/JJR day/NN care/NN type/NN situations/NNS  ?/."
"108","sw02utt/sw_0236_3235.utt","3/sw3235",3235,107,"sv","B",66,1,"[ I, + I ] have a feeling we're going to go more and more, - /","[ I/PRP ] ,/,  [ I/PRP ] have/VBP  [ a/DT feeling/NN ] [ we/PRP ] 're/VBP going/VBG to/TO go/VB more/RBR and/CC more/RBR ,/,","(S (EDITED (RM (-DFL- \[)) (NP-SBJ (PRP I)) (, ,) (IP (-DFL- \+))) (NP-SBJ (PRP I)) (RS (-DFL- \])) (VP (VBP have) (NP (DT a) (NN feeling) (SBAR (-NONE- 0) (S (NP-SBJ-1 (PRP we)) (VP (VBP 're) (VP (VBG going) (S (NP-SBJ (-NONE- *-1)) (VP (TO to) (VP-UNF (VB go) (ADVP (RBR more) (CC and) (RBR more))))))))))) (, ,) (-DFL- N_S))","165",256.14225,286.533," I,  I  have a feeling we're going to go more and more,  "," I/PRP  ,/,   I/PRP  have/VBP   a/DT feeling/NN   we/PRP  're/VBP going/VBG to/TO go/VB more/RBR and/CC more/RBR ,/,"
"109","sw02utt/sw_0236_3235.utt","3/sw3235",3235,108,"sd","B",66,2,"I've got a twenty-one year old female,  /","[ I/PRP ] 've/VBP got/VBN  [ a/DT twenty-one/CD year/NN old/JJ female/NN ] ,/,","(S (NP-SBJ (PRP I)) (VP (VBP 've) (VP (VBN got) (NP (DT a) (ADJP (NP-ADV (CD twenty-one) (NN year)) (JJ old)) (NN female)))) (, ,) (-DFL- E_S))","166",256.14225,286.533,"I've got a twentyone year old female,  "," I/PRP  've/VBP got/VBN   a/DT twentyone/CD year/NN old/JJ female/NN  ,/,"
"110","sw02utt/sw_0236_3235.utt","3/sw3235",3235,109,"sd","B",66,3,"{C and } I've got twenty-two year old male [ [ chil-, + child, ] + children, ]  /","and/CC  [ I/PRP ] 've/VBP got/VBN  [ twenty-two/CD year/NN old/JJ male/NN chil-/NN ] ,/,  [ child/NN ] ,/,  [ children/NNS ] ,/,","(S (CC and) (NP-SBJ (PRP I)) (VP (VBP 've) (VP (VBN got) (NP (ADJP (NP-ADV (CD twenty-two) (NN year)) (JJ old)) (NN male) (EDITED (RM (-DFL- \[)) (EDITED (RM (-DFL- \[)) (NN chil-) (, ,) (IP (-DFL- \+))) (NN child) (, ,) (RS (-DFL- \])) (IP (-DFL- \+))) (NNS children)))) (, ,) (RS (-DFL- \])) (-DFL- E_S))","167",256.14225,286.533," and  I've got twentytwo year old male   chil,  child,   children,   ","and/CC   I/PRP  've/VBP got/VBN   twentytwo/CD year/NN old/JJ male/NN chil/NN  ,/,   child/NN  ,/,   children/NNS  ,/,"
"111","sw02utt/sw_0236_3235.utt","3/sw3235",3235,110,"sd","B",66,4,"{C and } I listen to my daughter,  /","and/CC  [ I/PRP ] listen/VBP to/IN  [ my/PRP$ daughter/NN ] ,/,","(S (CC and) (NP-SBJ (PRP I)) (VP (VBP listen) (PP (IN to) (NP (PRP$ my) (NN daughter)))) (, ,) (-DFL- E_S))","168",256.14225,286.533," and  I listen to my daughter,  ","and/CC   I/PRP  listen/VBP to/IN   my/PRP$ daughter/NN  ,/,"
"112","sw02utt/sw_0236_3235.utt","3/sw3235",3235,111,"sd","B",66,5,"{C and } she's going to work,  /","and/CC  [ she/PRP ] 's/BES going/VBG to/TO work/VB ,/,","(S (CC and) (NP-SBJ-1 (PRP she)) (VP (BES 's) (VP (VBG going) (S (NP-SBJ (-NONE- *-1)) (VP (TO to) (VP (VB work)))))) (, ,) (-DFL- E_S))","169",256.14225,286.533," and  she's going to work,  ","and/CC   she/PRP  's/BES going/VBG to/TO work/VB ,/,"
"113","sw02utt/sw_0236_3235.utt","3/sw3235",3235,112,"sd","B",66,6,"{C and } she's going to buy her house,  /","and/CC  [ she/PRP ] 's/BES going/VBG to/TO buy/VB  [ her/PRP ] [ house/NN ] ,/,","(S (CC and) (NP-SBJ-1 (PRP she)) (VP (BES 's) (VP (VBG going) (S (NP-SBJ (-NONE- *-1)) (VP (TO to) (VP (VB buy) (NP (PRP her) (NN house))))))) (, ,) (-DFL- E_S))","170",256.14225,286.533," and  she's going to buy her house,  ","and/CC   she/PRP  's/BES going/VBG to/TO buy/VB   her/PRP   house/NN  ,/,"
"114","sw02utt/sw_0236_3235.utt","3/sw3235",3235,113,"sd","B",66,7,"{C and } she's going to get her car,  /","and/CC  [ she/PRP ] 's/BES going/VBG to/TO get/VB  [ her/PRP$ ] [ car/NN ] ,/,","(S (CC and) (NP-SBJ-1 (PRP she)) (VP (BES 's) (VP (VBG going) (S (NP-SBJ (-NONE- *-1)) (VP (TO to) (VP (VB get) (NP (PRP$ her) (NN car))))))) (, ,) (-DFL- E_S))","171",256.14225,286.533," and  she's going to get her car,  ","and/CC   she/PRP  's/BES going/VBG to/TO get/VB   her/PRP$   car/NN  ,/,"
"115","sw02utt/sw_0236_3235.utt","3/sw3235",3235,114,"sd","B",66,8,"{C and then } she's going to have her children,  /","and/CC then/RB  [ she/PRP ] 's/BES going/VBG to/TO have/VB  [ her/PRP$ children/NNS ] ,/,","(S (CONJP (CC and) (RB then)) (NP-SBJ-1 (PRP she)) (VP (BES 's) (VP (VBG going) (S (NP-SBJ (-NONE- *-1)) (VP (TO to) (VP (VB have) (NP (PRP$ her) (NNS children))))))) (, ,) (-DFL- E_S))","172",256.14225,286.533," and then  she's going to have her children,  ","and/CC then/RB   she/PRP  's/BES going/VBG to/TO have/VB   her/PRP$ children/NNS  ,/,"
"116","sw02utt/sw_0236_3235.utt","3/sw3235",3235,115,"sd","B",66,9,"{C and then } when, {D you know, } they go on one salary, will they be able to sustain what --","and/CC then/RB when/WRB ,/,  [ you/PRP ] know/VBP ,/,  [ they/PRP ] go/VBP on/IN  [ one/CD salary/NN ] ,/, will/MD  [ they/PRP ] be/VB able/JJ to/TO sustain/VB  [ what/WP ] --/:","(SQ (CONJP (CC and) (RB then)) (SBAR-TMP (WHADVP-3 (WRB when)) (PRN (, ,) (S (NP-SBJ (PRP you)) (VP (VBP know))) (, ,)) (S (NP-SBJ (PRP they)) (VP (VBP go) (PP (IN on) (NP (CD one) (NN salary))) (ADVP-TMP (-NONE- *T*-3))))) (, ,) (MD will) (NP-SBJ-2 (PRP they)) (VP (VB be) (ADJP-PRD (JJ able) (S (NP-SBJ (-NONE- *-2)) (VP (TO to) (VP (VB sustain) (SBAR-NOM (WHNP-1 (WP what)) (S (NP-SBJ (PRP$ their) (NN life-style)) (VP (VBZ is) (NP-PRD (-NONE- *T*-1)))))))))) (. .) (-DFL- E_S))","173",256.14225,286.533," and then  when,  you know,  they go on one salary, will they be able to sustain what ","and/CC then/RB when/WRB ,/,   you/PRP  know/VBP ,/,   they/PRP  go/VBP on/IN   one/CD salary/NN  ,/, will/MD   they/PRP  be/VB able/JJ to/TO sustain/VB   what/WP  /:"
"117","sw02utt/sw_0236_3235.utt","3/sw3235",3235,116,"b","A",67,1,"Uh-huh. /","[ Uh-huh/UH ] ./.","(INTJ (UH Uh-huh) (. .) (-DFL- E_S))","140",269.805,270.213125,"Uhhuh. "," Uhhuh/UH  ./."
"118","sw02utt/sw_0236_3235.utt","3/sw3235",3235,117,"+","B",68,1,"-- their life-style is.  /","--/:  [ their/PRP$ life-style/NN ] is/VBZ ./.","(SQ (CONJP (CC and) (RB then)) (SBAR-TMP (WHADVP-3 (WRB when)) (PRN (, ,) (S (NP-SBJ (PRP you)) (VP (VBP know))) (, ,)) (S (NP-SBJ (PRP they)) (VP (VBP go) (PP (IN on) (NP (CD one) (NN salary))) (ADVP-TMP (-NONE- *T*-3))))) (, ,) (MD will) (NP-SBJ-2 (PRP they)) (VP (VB be) (ADJP-PRD (JJ able) (S (NP-SBJ (-NONE- *-2)) (VP (TO to) (VP (VB sustain) (SBAR-NOM (WHNP-1 (WP what)) (S (NP-SBJ (PRP$ their) (NN life-style)) (VP (VBZ is) (NP-PRD (-NONE- *T*-1)))))))))) (. .) (-DFL- E_S))","173",287.588875,292.876," their lifestyle is.  ","/:   their/PRP$ lifestyle/NN  is/VBZ ./."
"119","sw02utt/sw_0236_3235.utt","3/sw3235",3235,118,"sd","B",68,2,"{C And } they're back to work,  /","And/CC  [ they/PRP ] 're/VBP back/RB to/IN work/NN ,/,","(S (CC And) (NP-SBJ (PRP they)) (VP (VBP 're) (PP-PRD (ADVP (RB back)) (IN to) (NP (NN work)))) (, ,) (-DFL- E_S))","177",287.588875,292.876," And  they're back to work,  ","And/CC   they/PRP  're/VBP back/RB to/IN work/NN ,/,"
"120","sw02utt/sw_0236_3235.utt","3/sw3235",3235,119,"sd","B",68,3,"{C and, }  {D you know, } I agree with you,  /","and/CC ,/,  [ you/PRP ] know/VBP ,/,  [ I/PRP ] agree/VBP with/IN  [ you/PRP ] ,/,","(S (CC and) (PRN (, ,) (S (NP-SBJ (PRP you)) (VP (VBP know))) (, ,)) (NP-SBJ (PRP I)) (VP (VBP agree) (PP (IN with) (NP (PRP you)))) (, ,) (-DFL- E_S))","178",287.588875,292.876," and,    you know,  I agree with you,  ","and/CC ,/,   you/PRP  know/VBP ,/,   I/PRP  agree/VBP with/IN   you/PRP  ,/,"
"121","sw02utt/sw_0236_3235.utt","3/sw3235",3235,120,"sd","B",68,4,"I was raised in a generation we didn't need all those things -- /","[ I/PRP ] was/VBD raised/VBN in/IN  [ a/DT generation/NN ] [ we/PRP ] did/VBD n't/RB need/VB  [ all/PDT those/DT things/NNS ] --/:","(S (NP-SBJ-1 (PRP I)) (VP (VBD was) (VP (VBN raised) (NP (-NONE- *-1)) (PP (IN in) (NP (DT a) (NN generation))) (S-ADV (NP-SBJ (PRP we)) (VP (VBD did) (RB n't) (VP (VB need) (NP (PDT all) (DT those) (NNS things))))))) (-DFL- E_S))","179",287.588875,292.876,"I was raised in a generation we didn't need all those things  "," I/PRP  was/VBD raised/VBN in/IN   a/DT generation/NN   we/PRP  did/VBD n't/RB need/VB   all/PDT those/DT things/NNS  /:"
"122","sw02utt/sw_0236_3235.utt","3/sw3235",3235,121,"b","A",69,1,"Yeah. /","Yeah/UH ./.","(INTJ (UH Yeah) (. .) (-DFL- E_S))","181",292.7925,293.0805,"Yeah. ","Yeah/UH ./."
"123","sw02utt/sw_0236_3235.utt","3/sw3235",3235,122,"sv","B",70,1,"-- {C and } we lived without them,  /","--/: and/CC  [ we/PRP ] lived/VBD without/IN  [ them/PRP ] ,/,","(S (CC and) (NP-SBJ (PRP we)) (VP (VBD lived) (PP (IN without) (NP (PRP them)))) (, ,) (-DFL- E_S))","183",293.969625,295.9695,"  and  we lived without them,  ","/: and/CC   we/PRP  lived/VBD without/IN   them/PRP  ,/,"
"124","sw02utt/sw_0236_3235.utt","3/sw3235",3235,123,"sv","B",70,2,"we did fine, /","[ we/PRP ] did/VBD  [ fine/RB ] ,/,","(S (NP-SBJ (PRP we)) (VP (VBD did) (ADVP-MNR (RB fine))) (, ,) (-DFL- E_S))","184",293.969625,295.9695,"we did fine, "," we/PRP  did/VBD   fine/RB  ,/,"
