"","swda_filename","ptb_basename","conversation_no","transcript_index","act_tag","caller","turn_index","subutterance_index","text","pos","trees","ptb_treenumbers","start_turn","end_turn","newtext","newpos"
"1","sw05utt/sw_0553_3229.utt","3/sw3229",3229,0,"o","A",1,1,"Okay,  /","[ Okay/UH ] ,/,","(INTJ (UH Okay) (, ,) (-DFL- E_S))","1",0.04,17.153,"Okay,  "," Okay/UH  ,/,"
"2","sw05utt/sw_0553_3229.utt","3/sw3229",3229,1,"sd^t","A",1,2,"while I was waiting for you to connect, [ I, + I  ] thought of a couple of menus,  /","while/IN  [ I/PRP ] was/VBD waiting/VBG for/IN  [ you/PRP ] to/TO connect/VB ,/,  [ I/PRP ] ,/,  [ I/PRP ] thought/VBD of/IN  [ a/DT couple/NN ] of/IN  [ menus/NNS ] ,/,","(S (SBAR-TMP (IN while) (S (NP-SBJ (PRP I)) (VP (VBD was) (VP (VBG waiting) (SBAR (IN for) (S (NP-SBJ (PRP you)) (VP (TO to) (VP (VB connect))))))))) (, ,) (EDITED (RM (-DFL- \[)) (NP-SBJ (PRP I)) (, ,) (IP (-DFL- \+))) (NP-SBJ (PRP I)) (RS (-DFL- \])) (VP (VBD thought) (PP (IN of) (NP (NP (DT a) (NN couple)) (PP (IN of) (NP (NNS menus)))))) (, ,) (-DFL- E_S))","2",0.04,17.153,"while I was waiting for you to connect,  I,  I   thought of a couple of menus,  ","while/IN   I/PRP  was/VBD waiting/VBG for/IN   you/PRP  to/TO connect/VB ,/,   I/PRP  ,/,   I/PRP  thought/VBD of/IN   a/DT couple/NN  of/IN   menus/NNS  ,/,"
"3","sw05utt/sw_0553_3229.utt","3/sw3229",3229,2,"sd^t","A",1,3,"{C so } I decided it had to be in it, informal or  not.  /","so/RB  [ I/PRP ] decided/VBD  [ it/PRP ] had/VBD to/TO be/VB in/IN  [ it/PRP ] ,/,  [ informal/JJ ] or/CC not/RB ./.","(S (RB so) (NP-SBJ (PRP I)) (VP (VBD decided) (SBAR (-NONE- 0) (S (NP-SBJ-1 (PRP it)) (VP (VBD had) (S (NP-SBJ (-NONE- *-1)) (VP (TO to) (VP (VB be) (PP-PRD (IN in) (NP (PRP it)))))) (, ,) (S-ADV (NP-SBJ (-NONE- *-1)) (ADJP-PRD (ADJP (JJ informal)) (CC or) (ADJP (FRAG (RB not))))))))) (. .) (-DFL- E_S))","3",0.04,17.153," so  I decided it had to be in it, informal or  not.  ","so/RB   I/PRP  decided/VBD   it/PRP  had/VBD to/TO be/VB in/IN   it/PRP  ,/,   informal/JJ  or/CC not/RB ./."
"4","sw05utt/sw_0553_3229.utt","3/sw3229",3229,3,"sd","A",1,4,"{D You know } --","[ You/PRP ] know/VBP --/:","(S (PRN (S (NP-SBJ (PRP You)) (VP (VBP know)))) (SBAR-ADV (IN if) (S (NP-SBJ (PRP it)) (VP (BES 's) (ADJP-PRD (JJ informal))))) (NP-SBJ (PRP I)) (VP (MD 'd) (ADVP (RB probably)) (VP (VB choose) (NP (NP (NN something)) (PRN (, ,) (S (NP-SBJ (PRP I)) (VP (VBP mean))) (, ,)) (PP (ADVP (RB just)) (IN like) (NP (NNS hamburgers) (CC or) (NNS steaks))) (PP-LOC (IN out) (PP (IN on) (NP (DT the) (NN grill))))) (SBAR-PRP (IN because) (S (NP-SBJ (DT that)) (VP (BES 's) (NP-PRD (NP (DT a) (NN lot)) (PP (IN of) (NP (NN fun)))) (, ,) (ADVP (RB especially)) (NP-TMP (NP (DT this) (NN time)) (PP (IN of) (NP (NN year))) (SBAR (WHADVP-1 (WRB where)) (S (NP-SBJ (PRP it)) (VP (BES 's) (ADJP-PRD (RB so) (JJ nice)) (ADVP-LOC (RB out)) (ADVP (-NONE- *T*-1))))))))))) (. .) (-DFL- E_S))","4",0.04,17.153," You know  "," You/PRP  know/VBP /:"
"5","sw05utt/sw_0553_3229.utt","3/sw3229",3229,4,"b","B",2,1,"Uh-huh. /","[ Uh-huh/UH ] ./.","(INTJ (UH Uh-huh) (. .) (-DFL- E_S))","6",8.5585,8.851125,"Uhhuh. "," Uhhuh/UH  ./."
"6","sw05utt/sw_0553_3229.utt","3/sw3229",3229,5,"+@","A",3,1,"-- if it's informal I'd probably choose something, {E I mean, } just like hamburgers or steaks out on the grill --   *[[slash error--two utts]]","--/: if/IN  [ it/PRP ] 's/BES informal/JJ  [ I/PRP ] 'd/MD probably/RB choose/VB  [ something/NN ] ,/,  [ I/PRP ] mean/VBP ,/, just/RB like/IN  [ hamburgers/NNS ] or/CC  [ steaks/NNS ] out/IN on/IN  [ the/DT grill/NN ] --/:","(S (PRN (S (NP-SBJ (PRP You)) (VP (VBP know)))) (SBAR-ADV (IN if) (S (NP-SBJ (PRP it)) (VP (BES 's) (ADJP-PRD (JJ informal))))) (NP-SBJ (PRP I)) (VP (MD 'd) (ADVP (RB probably)) (VP (VB choose) (NP (NP (NN something)) (PRN (, ,) (S (NP-SBJ (PRP I)) (VP (VBP mean))) (, ,)) (PP (ADVP (RB just)) (IN like) (NP (NNS hamburgers) (CC or) (NNS steaks))) (PP-LOC (IN out) (PP (IN on) (NP (DT the) (NN grill))))) (SBAR-PRP (IN because) (S (NP-SBJ (DT that)) (VP (BES 's) (NP-PRD (NP (DT a) (NN lot)) (PP (IN of) (NP (NN fun)))) (, ,) (ADVP (RB especially)) (NP-TMP (NP (DT this) (NN time)) (PP (IN of) (NP (NN year))) (SBAR (WHADVP-1 (WRB where)) (S (NP-SBJ (PRP it)) (VP (BES 's) (ADJP-PRD (RB so) (JJ nice)) (ADVP-LOC (RB out)) (ADVP (-NONE- *T*-1))))))))))) (. .) (-DFL- E_S))","4",NA,NA," if it's informal I'd probably choose something,  I mean,  just like hamburgers or steaks out on the grill    *slash errortwo utts","/: if/IN   it/PRP  's/BES informal/JJ   I/PRP  'd/MD probably/RB choose/VB   something/NN  ,/,   I/PRP  mean/VBP ,/, just/RB like/IN   hamburgers/NNS  or/CC   steaks/NNS  out/IN on/IN   the/DT grill/NN  /:"
"7","sw05utt/sw_0553_3229.utt","3/sw3229",3229,6,"b","B",4,1,"Uh-huh. /","[ Uh-huh/UH ] ./.","(INTJ (UH Uh-huh) (. .) (-DFL- E_S))","6",12.970125,13.277625,"Uhhuh. "," Uhhuh/UH  ./."
"8","sw05utt/sw_0553_3229.utt","3/sw3229",3229,7,"+","A",5,1,"-- because that's a lot of fun, especially this time of year where it's so nice out. / *[[sv]]","--/: because/IN  [ that/DT ] 's/BES  [ a/DT lot/NN ] of/IN  [ fun/NN ] ,/, especially/RB  [ this/DT time/NN ] of/IN  [ year/NN ] where/WRB  [ it/PRP ] 's/BES so/RB nice/JJ out/RB ./.","(S (PRN (S (NP-SBJ (PRP You)) (VP (VBP know)))) (SBAR-ADV (IN if) (S (NP-SBJ (PRP it)) (VP (BES 's) (ADJP-PRD (JJ informal))))) (NP-SBJ (PRP I)) (VP (MD 'd) (ADVP (RB probably)) (VP (VB choose) (NP (NP (NN something)) (PRN (, ,) (S (NP-SBJ (PRP I)) (VP (VBP mean))) (, ,)) (PP (ADVP (RB just)) (IN like) (NP (NNS hamburgers) (CC or) (NNS steaks))) (PP-LOC (IN out) (PP (IN on) (NP (DT the) (NN grill))))) (SBAR-PRP (IN because) (S (NP-SBJ (DT that)) (VP (BES 's) (NP-PRD (NP (DT a) (NN lot)) (PP (IN of) (NP (NN fun)))) (, ,) (ADVP (RB especially)) (NP-TMP (NP (DT this) (NN time)) (PP (IN of) (NP (NN year))) (SBAR (WHADVP-1 (WRB where)) (S (NP-SBJ (PRP it)) (VP (BES 's) (ADJP-PRD (RB so) (JJ nice)) (ADVP-LOC (RB out)) (ADVP (-NONE- *T*-1))))))))))) (. .) (-DFL- E_S))","4",NA,NA," because that's a lot of fun, especially this time of year where it's so nice out.  *sv","/: because/IN   that/DT  's/BES   a/DT lot/NN  of/IN   fun/NN  ,/, especially/RB   this/DT time/NN  of/IN   year/NN  where/WRB   it/PRP  's/BES so/RB nice/JJ out/RB ./."
"9","sw05utt/sw_0553_3229.utt","3/sw3229",3229,8,"aa","B",6,1,"Yes. /","Yes/UH ./.","(INTJ (UH Yes) (. .) (-DFL- E_S))","12",17.030625,17.43425,"Yes. ","Yes/UH ./."
"10","sw05utt/sw_0553_3229.utt","3/sw3229",3229,9,"sd","A",7,1,"{F Um, } if it was formal I'd probably go with something like a chicken breast or lasagna or something.  /","Um/UH ,/, if/IN  [ it/PRP ] was/VBD formal/JJ  [ I/PRP ] 'd/MD probably/RB go/VB with/IN  [ something/NN ] like/IN  [ a/DT chicken/NN breast/NN ] or/CC  [ lasagna/NN ] or/CC  [ something/NN ] ./.","(S (INTJ (UH Um)) (, ,) (SBAR-ADV (IN if) (S (NP-SBJ (PRP it)) (VP (VBD was) (ADJP-PRD (JJ formal))))) (NP-SBJ (PRP I)) (VP (MD 'd) (ADVP (RB probably)) (VP (VB go) (PP (IN with) (NP (NP (NN something)) (PP (IN like) (NP (NP (DT a) (NN chicken) (NN breast)) (CC or) (NP (NN lasagna)) (CC or) (NP (NN something)))))))) (. .) (-DFL- E_S))","14",18.66075,33.343," Um,  if it was formal I'd probably go with something like a chicken breast or lasagna or something.  ","Um/UH ,/, if/IN   it/PRP  was/VBD formal/JJ   I/PRP  'd/MD probably/RB go/VB with/IN   something/NN  like/IN   a/DT chicken/NN breast/NN  or/CC   lasagna/NN  or/CC   something/NN  ./."
"11","sw05utt/sw_0553_3229.utt","3/sw3229",3229,10,"sd","A",7,2,"[ I'm not <laughter> +  I'm not  ] into formal dinner parties,  /","[ I/PRP ] 'm/VBP not/RB  [ I/PRP ] 'm/VBP not/RB into/IN  [ formal/JJ dinner/NN parties/NNS ] ,/,","(S (EDITED (RM (-DFL- \[)) (S (NP-SBJ (PRP I)) (VP-UNF (VBP 'm) (RB not))) (IP (-DFL- \+))) (NP-SBJ (PRP I)) (VP (VBP 'm) (RB not) (RS (-DFL- \])) (PP-PRD (IN into) (NP (JJ formal) (NN dinner) (NNS parties)))) (, ,) (-DFL- E_S))","15",18.66075,33.343," I'm not laughter   I'm not   into formal dinner parties,  "," I/PRP  'm/VBP not/RB   I/PRP  'm/VBP not/RB into/IN   formal/JJ dinner/NN parties/NNS  ,/,"
"12","sw05utt/sw_0553_3229.utt","3/sw3229",3229,11,"sd","A",7,3,"{C but } --","but/CC --/:","(S (CC but) (NP-SBJ (PRP I)) (VP (MD 'd) (ADVP (RB probably)) (VP (VB go) (PP (IN with) (NP (NP (NN lasagna)) (, ,) (NP (DT a) (JJ green) (NN salad)) (, ,) (CC and) (NP (NN garlic) (NN bread)))))) (. .) (-DFL- E_S))","16",18.66075,33.343," but  ","but/CC /:"
"13","sw05utt/sw_0553_3229.utt","3/sw3229",3229,12,"b","B",8,1,"I see. /","[ I/PRP ] see/VBP ./.","(S (NP-SBJ (PRP I)) (VP (VBP see)) (. .) (-DFL- E_S))","18",29.248375,29.608375,"I see. "," I/PRP  see/VBP ./."
"14","sw05utt/sw_0553_3229.utt","3/sw3229",3229,13,"+","A",9,1,"-- I'd probably go with lasagna, a green salad, and garlic bread. /","--/:  [ I/PRP ] 'd/MD probably/RB go/VB with/IN  [ lasagna/NN ] ,/,  [ a/DT green/JJ salad/NN ] ,/, and/CC  [ garlic/NN bread/NN ] ./.","(S (CC but) (NP-SBJ (PRP I)) (VP (MD 'd) (ADVP (RB probably)) (VP (VB go) (PP (IN with) (NP (NP (NN lasagna)) (, ,) (NP (DT a) (JJ green) (NN salad)) (, ,) (CC and) (NP (NN garlic) (NN bread)))))) (. .) (-DFL- E_S))","16",NA,NA," I'd probably go with lasagna, a green salad, and garlic bread. ","/:   I/PRP  'd/MD probably/RB go/VB with/IN   lasagna/NN  ,/,   a/DT green/JJ salad/NN  ,/, and/CC   garlic/NN bread/NN  ./."
"15","sw05utt/sw_0553_3229.utt","3/sw3229",3229,14,"qw","B",10,1,"{C So } what do you use for cookbooks? /","So/RB  [ what/WP ] do/VB  [ you/PRP ] use/VBP for/IN  [ cookbooks/NNS ] ?/.","(SBARQ (RB So) (WHNP-1 (WP what)) (SQ (VB do) (NP-SBJ (PRP you)) (VP (VBP use) (NP (-NONE- *T*-1)) (PP (IN for) (NP (NNS cookbooks))))) (. ?) (-DFL- E_S))","21",32.75925,34.366375," So  what do you use for cookbooks? ","So/RB   what/WP  do/VB   you/PRP  use/VBP for/IN   cookbooks/NNS  ?/."
"16","sw05utt/sw_0553_3229.utt","3/sw3229",3229,15,"sd","A",11,1,"<Breathing> {F Um, } I have a PILLSBURY cookbook I got when I was married,  /","[ Um/UH ] ,/,  [ I/PRP ] have/VBP  [ a/DT PILLSBURY/NNP cookbook/NN ] [ I/PRP ] got/VBD when/WRB  [ I/PRP ] was/VBD married/VBN ,/,","(S (INTJ (UH Um)) (, ,) (NP-SBJ (PRP I)) (VP (VBP have) (NP (NP (DT a) (NNP PILLSBURY) (NN cookbook)) (SBAR (WHNP-2 (-NONE- 0)) (S (NP-SBJ (PRP I)) (VP (VBD got) (NP (-NONE- *T*-2)) (SBAR-TMP (WHADVP-3 (WRB when)) (S (NP-SBJ-1 (PRP I)) (VP (VBD was) (VP (VBN married) (NP (-NONE- *-1)) (ADVP-TMP (-NONE- *T*-3))))))))))) (, ,) (-DFL- E_S))","23",35.715,41.821125,"Breathing  Um,  I have a PILLSBURY cookbook I got when I was married,  "," Um/UH  ,/,   I/PRP  have/VBP   a/DT PILLSBURY/NNP cookbook/NN   I/PRP  got/VBD when/WRB   I/PRP  was/VBD married/VBN ,/,"
"17","sw05utt/sw_0553_3229.utt","3/sw3229",3229,16,"sd","A",11,2,"{C but, } it's kind of the bible of cooking --","but/CC ,/,  [ it/PRP ] 's/BES  [ kind/RB ] of/RB  [ the/DT bible/JJ ] of/IN cooking/NN --/:","(S (CC but) (, ,) (NP-SBJ (PRP it)) (VP (BES 's) (ADVP (RB kind) (RB of)) (NP-PRD (NP (DT the) (JJ bible)) (PP (IN of) (NP (NN cooking)))) (PP (IN for) (NP (PRP me)))) (. .) (-DFL- E_S))","24",35.715,41.821125," but,  it's kind of the bible of cooking ","but/CC ,/,   it/PRP  's/BES   kind/RB  of/RB   the/DT bible/JJ  of/IN cooking/NN /:"
"18","sw05utt/sw_0553_3229.utt","3/sw3229",3229,17,"b","B",12,1,"Uh-huh,  /","[ Uh-huh/UH ] ,/,","(INTJ (UH Uh-huh) (, ,) (-DFL- E_S))","26",40.844375,42.145625,"Uhhuh,  "," Uhhuh/UH  ,/,"
"19","sw05utt/sw_0553_3229.utt","3/sw3229",3229,18,"b^r","B",12,2,"uh-huh. /","[ uh-huh/UH ] ./.","(INTJ (UH uh-huh) (. .) (-DFL- E_S))","27",40.844375,42.145625,"uhhuh. "," uhhuh/UH  ./."
"20","sw05utt/sw_0553_3229.utt","3/sw3229",3229,19,"+","A",13,1,"-- for me.  /","--/: for/IN  [ me/PRP ] ./.","(S (CC but) (, ,) (NP-SBJ (PRP it)) (VP (BES 's) (ADVP (RB kind) (RB of)) (NP-PRD (NP (DT the) (JJ bible)) (PP (IN of) (NP (NN cooking)))) (PP (IN for) (NP (PRP me)))) (. .) (-DFL- E_S))","24",42.519375,51.38475," for me.  ","/: for/IN   me/PRP  ./."
"21","sw05utt/sw_0553_3229.utt","3/sw3229",3229,20,"sd","A",13,2,"Then I have some from {D like } church that are more family recipes that are more useful  <laughter>.","Then/RB  [ I/PRP ] have/VBP  [ some/DT ] from/IN  [ like/JJ church/NN ] [ that/WDT ] are/VBP  [ more/RBR family/NN recipes/NNS ] [ that/WDT ] are/VBP more/RBR useful/JJ ./.","(S (ADVP (RB Then)) (NP-SBJ (PRP I)) (VP (VBP have) (NP (NP (DT some)) (PP (IN from) (INTJ (UH like)) (NP (NN church))) (SBAR (WHNP-1 (WDT that)) (S (NP-SBJ (-NONE- *T*-1)) (VP (VBP are) (ADVP (RBR more)) (NP-PRD (NN family) (NNS recipes))))) (SBAR (WHNP-2 (WDT that)) (S (NP-SBJ (-NONE- *T*-2)) (VP (VBP are) (ADJP-PRD (RBR more) (JJ useful))))) (PRN (. .) (S (NP-SBJ (PRP You)) (VP (VBP know))) (, ,)) (NP (NN budget) (NNS cookbooks)))) (, ,) (-DFL- E_S))","29",42.519375,51.38475,"Then I have some from  like  church that are more family recipes that are more useful  laughter.","Then/RB   I/PRP  have/VBP   some/DT  from/IN   like/JJ church/NN   that/WDT  are/VBP   more/RBR family/NN recipes/NNS   that/WDT  are/VBP more/RBR useful/JJ ./."
"22","sw05utt/sw_0553_3229.utt","3/sw3229",3229,21,"b","B",14,1,"Uh-huh. /","[ Uh-huh/UH ] ./.","(INTJ (UH Uh-huh) (. .) (-DFL- E_S))","6",49.531375,49.82025,"Uhhuh. "," Uhhuh/UH  ./."
"23","sw05utt/sw_0553_3229.utt","3/sw3229",3229,22,"+","A",15,1,"{D You know, } budget cookbooks,  /","[ You/PRP ] know/VBP ,/,  [ budget/NN cookbooks/NNS ] ,/,","(S (ADVP (RB Then)) (NP-SBJ (PRP I)) (VP (VBP have) (NP (NP (DT some)) (PP (IN from) (INTJ (UH like)) (NP (NN church))) (SBAR (WHNP-1 (WDT that)) (S (NP-SBJ (-NONE- *T*-1)) (VP (VBP are) (ADVP (RBR more)) (NP-PRD (NN family) (NNS recipes))))) (SBAR (WHNP-2 (WDT that)) (S (NP-SBJ (-NONE- *T*-2)) (VP (VBP are) (ADJP-PRD (RBR more) (JJ useful))))) (PRN (. .) (S (NP-SBJ (PRP You)) (VP (VBP know))) (, ,)) (NP (NN budget) (NNS cookbooks)))) (, ,) (-DFL- E_S))","29",51.455625,55.542875," You know,  budget cookbooks,  "," You/PRP  know/VBP ,/,   budget/NN cookbooks/NNS  ,/,"
"24","sw05utt/sw_0553_3229.utt","3/sw3229",3229,23,"sv","A",15,2,"[ {C but } -- +","but/CC --/:","(S (CC but) (NP-SBJ (PRP I)) (VP (MD 'd) (ADVP (RB probably)) (VP (VB go) (PP (IN with) (NP (NP (NN lasagna)) (, ,) (NP (DT a) (JJ green) (NN salad)) (, ,) (CC and) (NP (NN garlic) (NN bread)))))) (. .) (-DFL- E_S))","16",51.455625,55.542875,"  but   ","but/CC /:"
"25","sw05utt/sw_0553_3229.utt","3/sw3229",3229,24,"b","B",16,1,"Uh-huh. /","[ Uh-huh/UH ] ./.","(INTJ (UH Uh-huh) (. .) (-DFL- E_S))","9",51.552625,51.850125,"Uhhuh. "," Uhhuh/UH  ./."
"26","sw05utt/sw_0553_3229.utt","3/sw3229",3229,25,"+","A",17,1,"-- {C and, }  ] of course, you get a lot from when you're growing up. /","--/: and/CC ,/, of/IN  [ course/NN ] ,/,  [ you/PRP ] get/VBP  [ a/DT lot/NN ] from/IN when/WRB  [ you/PRP ] 're/VBP growing/VBG up/RP ./.","(S (EDITED (RM (-DFL- \[)) (CC but) (IP (-DFL- \+))) (CC and) (, ,) (RS (-DFL- \])) (PP (IN of) (NP (NN course))) (, ,) (NP-SBJ (PRP you)) (VP (VBP get) (NP (DT a) (NN lot)) (PP (IN from) (SBAR (WHADVP-1 (WRB when)) (S (NP-SBJ (PRP you)) (VP (VBP 're) (VP (VBG growing) (PRT (RP up)) (ADVP-TMP (-NONE- *T*-1)))))))) (. .) (-DFL- E_S))","33",NA,NA,"  and,    of course, you get a lot from when you're growing up. ","/: and/CC ,/, of/IN   course/NN  ,/,   you/PRP  get/VBP   a/DT lot/NN  from/IN when/WRB   you/PRP  're/VBP growing/VBG up/RP ./."
"27","sw05utt/sw_0553_3229.utt","3/sw3229",3229,26,"b","B",18,1,"Uh-huh. /","[ Uh-huh/UH ] ./.","(INTJ (UH Uh-huh) (. .) (-DFL- E_S))","31",55.794125,56.074125,"Uhhuh. "," Uhhuh/UH  ./."
"28","sw05utt/sw_0553_3229.utt","3/sw3229",3229,27,"sd","A",19,1,"{F Um, } I cook a lot the same [ as, + as  ] my mom did,  /","[ Um/UH ] ,/,  [ I/PRP ] cook/VBP  [ a/DT lot/NN ] [ the/DT same/JJ ] as/RB ,/,  [ as/RB my/PRP$ mom/NN ] did/VBD ,/,","(S (INTJ (UH Um)) (, ,) (NP-SBJ (PRP I)) (VP (VBP cook) (NP (NP (NP-ADV (DT a) (NN lot)) (DT the) (JJ same)) (EDITED (RM (-DFL- \[)) (SBAR-UNF (RB as)) (, ,) (IP (-DFL- \+))) (SBAR (RB as) (RS (-DFL- \])) (S (NP-SBJ (PRP$ my) (NN mom)) (VP (VBD did)))))) (, ,) (-DFL- E_S))","40",56.418,61.498," Um,  I cook a lot the same  as,  as   my mom did,  "," Um/UH  ,/,   I/PRP  cook/VBP   a/DT lot/NN   the/DT same/JJ  as/RB ,/,   as/RB my/PRP$ mom/NN  did/VBD ,/,"
"29","sw05utt/sw_0553_3229.utt","3/sw3229",3229,28,"sd","A",19,2,"of course I've added several --","of/IN  [ course/NN ] [ I/PRP ] 've/VBP added/VBN  [ several/JJ ] --/:","(S (PP (IN of) (NP (NN course))) (NP-SBJ (PRP I)) (VP (VBP 've) (VP (VBN added) (NP (JJ several) (JJ different) (NNS recipes)))) (, ,) (-DFL- E_S))","41",56.418,61.498,"of course I've added several ","of/IN   course/NN   I/PRP  've/VBP added/VBN   several/JJ  /:"
"30","sw05utt/sw_0553_3229.utt","3/sw3229",3229,29,"b","B",20,1,"Right. /","[ Right/UH ] ./.","(INTJ (UH Right) (. .) (-DFL- E_S))","43",60.136125,60.516875,"Right. "," Right/UH  ./."
"31","sw05utt/sw_0553_3229.utt","3/sw3229",3229,30,"+","A",21,1,"-- different recipes,  /","--/:  [ different/JJ recipes/NNS ] ,/,","(S (PP (IN of) (NP (NN course))) (NP-SBJ (PRP I)) (VP (VBP 've) (VP (VBN added) (NP (JJ several) (JJ different) (NNS recipes)))) (, ,) (-DFL- E_S))","41",61.498,64.308," different recipes,  ","/:   different/JJ recipes/NNS  ,/,"
"32","sw05utt/sw_0553_3229.utt","3/sw3229",3229,31,"qw","A",21,2,"{C but, } what you serve or what would you  <laughter>, -/","but/CC ,/,  [ what/WP ] [ you/PRP ] serve/VBP or/CC  [ what/WP ] would/MD  [ you/PRP ] ,/,","(SBARQ (CC but) (, ,) (EDITED (SBAR (WHNP-1 (WP what)) (S (NP-SBJ (PRP you)) (VP (VBP serve) (NP (-NONE- *T*-1))))) (CC or)) (WHNP (WP what)) (SQ-UNF (MD would) (NP-SBJ (PRP you))) (, ,) (-DFL- N_S))","45",61.498,64.308," but,  what you serve or what would you  laughter, ","but/CC ,/,   what/WP   you/PRP  serve/VBP or/CC   what/WP  would/MD   you/PRP  ,/,"
"33","sw05utt/sw_0553_3229.utt","3/sw3229",3229,32,"sd","B",22,1,"{D Well, } [ [ I, + I, ] + I ] think we come [ from, + from  ] different backgrounds, {F uh, }  /","Well/UH ,/,  [ I/PRP ] ,/,  [ I/PRP ] ,/,  [ I/PRP ] think/VBP  [ we/PRP ] come/VBP from/IN ,/, from/IN  [ different/JJ backgrounds/NNS ] ,/,  [ uh/UH ] ,/,","(S (INTJ (UH Well)) (, ,) (EDITED (RM (-DFL- \[)) (EDITED (RM (-DFL- \[)) (NP-SBJ (PRP I)) (, ,) (IP (-DFL- \+))) (NP-SBJ (PRP I)) (, ,) (RS (-DFL- \])) (IP (-DFL- \+))) (NP-SBJ (PRP I)) (RS (-DFL- \])) (VP (VBP think) (SBAR (-NONE- 0) (S (NP-SBJ (PRP we)) (VP (VBP come) (EDITED (RM (-DFL- \[)) (PP-UNF (IN from)) (, ,) (IP (-DFL- \+))) (PP (IN from) (RS (-DFL- \])) (NP (JJ different) (NNS backgrounds)))))) (, ,) (INTJ (UH uh))) (, ,) (-DFL- E_S))","47",64.6535,68.9135," Well,    I,  I,   I  think we come  from,  from   different backgrounds,  uh,   ","Well/UH ,/,   I/PRP  ,/,   I/PRP  ,/,   I/PRP  think/VBP   we/PRP  come/VBP from/IN ,/, from/IN   different/JJ backgrounds/NNS  ,/,   uh/UH  ,/,"
"34","sw05utt/sw_0553_3229.utt","3/sw3229",3229,33,"%","B",22,2,"{C so } the, -/","so/IN  [ the/DT ] ,/,","(S (RB so) (NP-SBJ-UNF (DT the)) (, ,) (-DFL- N_S))","48",64.6535,68.9135," so  the, ","so/IN   the/DT  ,/,"
"35","sw05utt/sw_0553_3229.utt","3/sw3229",3229,34,"ba","A",23,1,"{D Well, } that's good <laughter>. /","Well/UH ,/,  [ that/DT ] 's/BES good/JJ ./.","(S (INTJ (UH Well)) (, ,) (NP-SBJ (DT that)) (VP (BES 's) (ADJP-PRD (JJ good))) (. .) (-DFL- E_S))","50",69.5505,70.16625," Well,  that's good laughter. ","Well/UH ,/,   that/DT  's/BES good/JJ ./."
"36","sw05utt/sw_0553_3229.utt","3/sw3229",3229,35,"%","B",24,1,"[ [ I, + I,  ] + I, ] - /","[ I/PRP ] ,/,  [ I/PRP ] ,/,  [ I/PRP ] ,/,","(S-UNF (EDITED (RM (-DFL- \[)) (EDITED (RM (-DFL- \[)) (NP-SBJ (PRP I)) (, ,) (IP (-DFL- \+))) (NP-SBJ (PRP I)) (, ,) (RS (-DFL- \])) (IP (-DFL- \+))) (NP-SBJ (PRP I)) (, ,) (RS (-DFL- \])) (-DFL- N_S))","52",70.08,78.09,"  I,  I,    I,   "," I/PRP  ,/,   I/PRP  ,/,   I/PRP  ,/,"
"37","sw05utt/sw_0553_3229.utt","3/sw3229",3229,36,"%","B",24,2,"{C so, } it diff-, {D you know, } - /","so/RB ,/,  [ it/PRP ] [ diff/JJ ] ,/,  [ you/PRP ] know/VBP ,/,","(S (RB so) (, ,) (NP-SBJ (PRP it)) (X (ADJP-PRD-UNF (JJ diff-) (PRN (, ,) (S (NP-SBJ (PRP you)) (VP (VBP know)))))) (, ,) (-DFL- N_S))","53",70.08,78.09," so,  it diff,  you know,   ","so/RB ,/,   it/PRP   diff/JJ  ,/,   you/PRP  know/VBP ,/,"
"38","sw05utt/sw_0553_3229.utt","3/sw3229",3229,37,"sv","B",24,3,"have different perspectives that you are.  /","have/VB  [ different/JJ perspectives/NNS ] that/WDT  [ you/PRP ] are/VBP ./.","(S (NP-SBJ (-NONE- *)) (VP (VB have) (NP (JJ different) (NNS perspectives)) (X (WDT that) (S (NP-SBJ (PRP you)) (VP-UNF (VBP are))))) (. .) (-DFL- E_S))","54",70.08,78.09,"have different perspectives that you are.  ","have/VB   different/JJ perspectives/NNS  that/WDT   you/PRP  are/VBP ./."
"39","sw05utt/sw_0553_3229.utt","3/sw3229",3229,38,"sd","B",24,4,"I find the JOY OF COOKING to be a remarkably useful book --","[ I/PRP ] find/VBP  [ the/DT JOY/NN ] OF/IN  [ COOKING/NN ] to/TO be/VB  [ a/DT ] remarkably/RB  [ useful/JJ book/NN ] --/:","(S (NP-SBJ (PRP I)) (VP (VBP find) (S (NP-SBJ-TTL (NP (DT the) (NN JOY)) (PP (IN OF) (NP (NN COOKING)))) (VP (TO to) (VP (VB be) (NP-PRD (NP (DT a) (ADJP (RB remarkably) (JJ useful)) (NN book)) (SBAR (WHNP-1 (-NONE- 0)) (S (NP-SBJ (-NONE- *)) (EDITED (RM (-DFL- \[)) (VP-UNF (TO to)) (, ,) (IP (-DFL- \+))) (VP (TO to) (RS (-DFL- \])) (VP (VB fall) (ADVP (RP back)) (PP (IN on) (NP (-NONE- *T*-1)))))))))))) (, ,) (-DFL- E_S))","55",70.08,78.09,"I find the JOY OF COOKING to be a remarkably useful book "," I/PRP  find/VBP   the/DT JOY/NN  OF/IN   COOKING/NN  to/TO be/VB   a/DT  remarkably/RB   useful/JJ book/NN  /:"
"40","sw05utt/sw_0553_3229.utt","3/sw3229",3229,39,"b","A",25,1,"Uh-huh. /","[ Uh-huh/UH ] ./.","(INTJ (UH Uh-huh) (. .) (-DFL- E_S))","31",76.66125,77.02075,"Uhhuh. "," Uhhuh/UH  ./."
"41","sw05utt/sw_0553_3229.utt","3/sw3229",3229,40,"+","B",26,1,"-- [ to, + to ] fall back on,  /","--/: to/TO ,/, to/TO fall/VB back/RP on/IN ,/,","(S (NP-SBJ (PRP I)) (VP (VBP find) (S (NP-SBJ-TTL (NP (DT the) (NN JOY)) (PP (IN OF) (NP (NN COOKING)))) (VP (TO to) (VP (VB be) (NP-PRD (NP (DT a) (ADJP (RB remarkably) (JJ useful)) (NN book)) (SBAR (WHNP-1 (-NONE- 0)) (S (NP-SBJ (-NONE- *)) (EDITED (RM (-DFL- \[)) (VP-UNF (TO to)) (, ,) (IP (-DFL- \+))) (VP (TO to) (RS (-DFL- \])) (VP (VB fall) (ADVP (RP back)) (PP (IN on) (NP (-NONE- *T*-1)))))))))))) (, ,) (-DFL- E_S))","55",78.09,85.986875,"  to,  to  fall back on,  ","/: to/TO ,/, to/TO fall/VB back/RP on/IN ,/,"
"42","sw05utt/sw_0553_3229.utt","3/sw3229",3229,41,"sd","B",26,2,"{C because } it has almost everything in it.  /","because/IN  [ it/PRP ] has/VBZ almost/RB  [ everything/NN ] in/IN  [ it/PRP ] ./.","(SBAR-PRP (IN because) (S (NP-SBJ (PRP it)) (VP (VBZ has) (NP (RB almost) (NN everything)) (PP (IN in) (NP (PRP it))))) (. .) (-DFL- E_S))","59",78.09,85.986875," because  it has almost everything in it.  ","because/IN   it/PRP  has/VBZ almost/RB   everything/NN  in/IN   it/PRP  ./."
"43","sw05utt/sw_0553_3229.utt","3/sw3229",3229,42,"sv","B",26,3,"{C But } on the other hand, it's not very inspiring, {F uh, }  /","But/CC on/IN  [ the/DT other/JJ hand/NN ] ,/,  [ it/PRP ] 's/BES not/RB very/RB inspiring/JJ ,/,  [ uh/UH ] ,/,","(S (CC But) (PP (IN on) (NP (DT the) (JJ other) (NN hand))) (, ,) (NP-SBJ (PRP it)) (VP (BES 's) (RB not) (ADJP-PRD (RB very) (JJ inspiring)) (, ,) (INTJ (UH uh))) (, ,) (-DFL- E_S))","60",78.09,85.986875," But  on the other hand, it's not very inspiring,  uh,   ","But/CC on/IN   the/DT other/JJ hand/NN  ,/,   it/PRP  's/BES not/RB very/RB inspiring/JJ ,/,   uh/UH  ,/,"
"44","sw05utt/sw_0553_3229.utt","3/sw3229",3229,43,"sv","B",26,4,"it's a good reference when you need to dig something up. /","[ it/PRP ] 's/BES  [ a/DT good/JJ reference/NN ] when/WRB  [ you/PRP ] need/VBP to/TO dig/VB  [ something/NN ] up/RP ./.","(S (NP-SBJ (PRP it)) (VP (BES 's) (NP-PRD (DT a) (JJ good) (NN reference)) (SBAR-TMP (WHADVP-2 (WRB when)) (S (NP-SBJ-1 (PRP you)) (VP (VBP need) (S (NP-SBJ (-NONE- *-1)) (VP (TO to) (VP (VB dig) (NP (NN something)) (PRT (RP up))))) (ADVP-TMP (-NONE- *T*-2)))))) (. .) (-DFL- E_S))","61",78.09,85.986875,"it's a good reference when you need to dig something up. "," it/PRP  's/BES   a/DT good/JJ reference/NN  when/WRB   you/PRP  need/VBP to/TO dig/VB   something/NN  up/RP ./."
"45","sw05utt/sw_0553_3229.utt","3/sw3229",3229,44,"b","A",27,1,"Uh-huh. /","[ Uh-huh/UH ] ./.","(INTJ (UH Uh-huh) (. .) (-DFL- E_S))","35",86.10025,86.44025,"Uhhuh. "," Uhhuh/UH  ./."
"46","sw05utt/sw_0553_3229.utt","3/sw3229",3229,45,"sd","B",28,1,"What we've found very useful is a book called THE THIRTY MINUTE COOKBOOK,  /","[ What/WP ] [ we/PRP ] 've/VBP found/VBN very/RB useful/JJ is/VBZ  [ a/DT book/NN ] called/VBN  [ THE/DT THIRTY/CD MINUTE/NN COOKBOOK/NN ] ,/,","(S (SBAR-NOM-SBJ (WHNP-1 (WP What)) (S (NP-SBJ (PRP we)) (VP (VBP 've) (VP (VBN found) (S (NP-SBJ (-NONE- *T*-1)) (ADJP-PRD (RB very) (JJ useful))))))) (VP (VBZ is) (NP-PRD (NP (DT a) (NN book)) (VP (VBN called) (S (NP-SBJ (-NONE- *)) (NP-TTL-PRD (DT THE) (CD THIRTY) (NN MINUTE) (NN COOKBOOK))))) (, ,) (-DFL- E_S) (PRN (S (NP-SBJ (PRP I)) (VP (VBP think) (SBAR (-NONE- 0) (S (NP-SBJ (DT that)) (VP (BES 's) (NP-PRD (DT the) (NN title))))))) (, ,)) (PP (IN by) (NP (NNP Marion) (NNP Burroughs)))) (-DFL- E_S))","65",86.68975,93.65275,"What we've found very useful is a book called THE THIRTY MINUTE COOKBOOK,  "," What/WP   we/PRP  've/VBP found/VBN very/RB useful/JJ is/VBZ   a/DT book/NN  called/VBN   THE/DT THIRTY/CD MINUTE/NN COOKBOOK/NN  ,/,"
"47","sw05utt/sw_0553_3229.utt","3/sw3229",3229,46,"sd","B",28,2,"I think that's the title, by Marion Burroughs -- /","[ I/PRP ] think/VBP  [ that/DT ] 's/BES  [ the/DT title/NN ] ,/, by/IN  [ Marion/NNP Burroughs/NNP ] --/:","(S (SBAR-NOM-SBJ (WHNP-1 (WP What)) (S (NP-SBJ (PRP we)) (VP (VBP 've) (VP (VBN found) (S (NP-SBJ (-NONE- *T*-1)) (ADJP-PRD (RB very) (JJ useful))))))) (VP (VBZ is) (NP-PRD (NP (DT a) (NN book)) (VP (VBN called) (S (NP-SBJ (-NONE- *)) (NP-TTL-PRD (DT THE) (CD THIRTY) (NN MINUTE) (NN COOKBOOK))))) (, ,) (-DFL- E_S) (PRN (S (NP-SBJ (PRP I)) (VP (VBP think) (SBAR (-NONE- 0) (S (NP-SBJ (DT that)) (VP (BES 's) (NP-PRD (DT the) (NN title))))))) (, ,)) (PP (IN by) (NP (NNP Marion) (NNP Burroughs)))) (-DFL- E_S))","65",86.68975,93.65275,"I think that's the title, by Marion Burroughs  "," I/PRP  think/VBP   that/DT  's/BES   the/DT title/NN  ,/, by/IN   Marion/NNP Burroughs/NNP  /:"
"48","sw05utt/sw_0553_3229.utt","3/sw3229",3229,47,"b","A",29,1,"{F Huh. } /","Huh/UH ./.","(INTJ (UH Huh) (. .) (-DFL- E_S))","67",93.884625,94.25525," Huh.  ","Huh/UH ./."
"49","sw05utt/sw_0553_3229.utt","3/sw3229",3229,48,"sd","B",30,1,"-- {F uh, } which has recipes which allegedly can all be prepared in thirty minutes, {D you know, } the whole meal -- -/","--/:  [ uh/UH ] ,/,  [ which/WDT ] has/VBZ  [ recipes/NNS ] [ which/WDT ] allegedly/RB can/MD  [ all/DT ] be/VB prepared/VBN in/IN  [ thirty/CD minutes/NNS ] ,/,  [ you/PRP ] know/VBP ,/,  [ the/DT whole/JJ meal/NN ] --/:","(FRAG (INTJ (UH uh)) (, ,) (SBAR (WHNP-1 (WDT which)) (S (NP-SBJ (-NONE- *T*-1)) (VP (VBZ has) (NP (NP (NNS recipes)) (SBAR (WHNP-2 (WDT which)) (S (NP-SBJ-3 (-NONE- *T*-2)) (ADVP (RB allegedly)) (VP (MD can) (DT all) (VP (VB be) (VP (VBN prepared) (NP (-NONE- *-3)) (PP-TMP (IN in) (NP (CD thirty) (NNS minutes)))))))))))))|||(FRAG (PRN (, ,) (S (NP-SBJ (PRP you)) (VP (VBP know))) (, ,)) (NP (DT the) (JJ whole) (NN meal)) (-DFL- N_S))","69|||70",94.686875,100.336875,"  uh,  which has recipes which allegedly can all be prepared in thirty minutes,  you know,  the whole meal  ","/:   uh/UH  ,/,   which/WDT  has/VBZ   recipes/NNS   which/WDT  allegedly/RB can/MD   all/DT  be/VB prepared/VBN in/IN   thirty/CD minutes/NNS  ,/,   you/PRP  know/VBP ,/,   the/DT whole/JJ meal/NN  /:"
"50","sw05utt/sw_0553_3229.utt","3/sw3229",3229,49,"b","A",31,1,"Yeah -- /","Yeah/UH --/:","(INTJ (UH Yeah) (-DFL- E_S))","72",100.864875,101.208375,"Yeah  ","Yeah/UH /:"
"51","sw05utt/sw_0553_3229.utt","3/sw3229",3229,50,"%","B",32,1,"-- {C and so } she's -- -/","--/: and/CC so/IN  [ she/PRP ] 's/BES --/:","(S (CONJP (CC and) (IN so)) (NP-SBJ (PRP she)) (VP-UNF (BES 's)) (-DFL- N_S))","74",101.233875,101.837625,"  and so  she's  ","/: and/CC so/IN   she/PRP  's/BES /:"
"52","sw05utt/sw_0553_3229.utt","3/sw3229",3229,51,"ba","A",33,1,"-- that would be wonderful in these times <laughter>. /","--/:  [ that/DT ] would/MD be/VB wonderful/JJ in/IN  [ these/DT times/NNS ] ./.","(S (NP-SBJ (DT that)) (VP (MD would) (VP (VB be) (ADJP-PRD (JJ wonderful)) (PP-TMP (IN in) (NP (DT these) (NNS times))))) (. .) (-DFL- E_S))","76",101.208375,102.93625," that would be wonderful in these times laughter. ","/:   that/DT  would/MD be/VB wonderful/JJ in/IN   these/DT times/NNS  ./."
"53","sw05utt/sw_0553_3229.utt","3/sw3229",3229,52,"b","B",34,1,"-- yeah,  /","--/: yeah/UH ,/,","(INTJ (UH yeah) (, ,) (-DFL- E_S))","78",102.907625,109.397625," yeah,  ","/: yeah/UH ,/,"
"54","sw05utt/sw_0553_3229.utt","3/sw3229",3229,53,"sd","B",34,2,"{D now, } {D now, } [ I, + I ] find that the cutting up of the food, and all that really makes it take a little longer than thirty minutes. /","now/UH ,/, now/UH ,/,  [ I/PRP ] ,/,  [ I/PRP ] find/VBP that/IN  [ the/DT ] cutting/VBG up/RP of/IN  [ the/DT food/NN ] ,/, and/CC  [ all/DT that/DT ] really/RB makes/VBZ  [ it/PRP ] take/VB  [ a/DT ] little/RB longer/RBR than/IN  [ thirty/CD minutes/NNS ] ./.","(S (INTJ (UH now)) (, ,) (INTJ (UH now)) (, ,) (EDITED (RM (-DFL- \[)) (NP-SBJ (PRP I)) (, ,) (IP (-DFL- \+))) (NP-SBJ (PRP I)) (RS (-DFL- \])) (VP (VBP find) (SBAR (IN that) (S (NP-TPC (NP (NP (DT the) (VBG cutting) (RP up)) (PP (IN of) (NP (DT the) (NN food)))) (, ,) (CC and) (NP (DT all))) (NP-SBJ (DT that)) (ADVP (RB really)) (VP (VBZ makes) (S (NP-SBJ (PRP it)) (VP (VB take) (ADVP-TMP (ADVP (NP (DT a) (RB little)) (RBR longer)) (PP (IN than) (NP (CD thirty) (NNS minutes)))))))))) (. .) (-DFL- E_S))","79",102.907625,109.397625," now,   now,   I,  I  find that the cutting up of the food, and all that really makes it take a little longer than thirty minutes. ","now/UH ,/, now/UH ,/,   I/PRP  ,/,   I/PRP  find/VBP that/IN   the/DT  cutting/VBG up/RP of/IN   the/DT food/NN  ,/, and/CC   all/DT that/DT  really/RB makes/VBZ   it/PRP  take/VB   a/DT  little/RB longer/RBR than/IN   thirty/CD minutes/NNS  ./."
"55","sw05utt/sw_0553_3229.utt","3/sw3229",3229,54,"aa","A",35,1,"Yeah,  /","Yeah/UH ,/,","(INTJ (UH Yeah) (, ,) (-DFL- E_S))","81",108.751875,114.036625,"Yeah,  ","Yeah/UH ,/,"
"56","sw05utt/sw_0553_3229.utt","3/sw3229",3229,55,"sv@","A",35,2,"either they're really fast or <laughter>,   *[[slash error]]","either/CC  [ they/PRP ] 're/VBP really/RB fast/JJ or/CC ,/,","(S (CC either) (NP-SBJ (PRP they)) (VP (VBP 're) (ADJP-PRD (RB really) (JJ fast))))|||(S-UNF (CC or) (, ,))","82|||83",108.751875,114.036625,"either they're really fast or laughter,   *slash error","either/CC   they/PRP  're/VBP really/RB fast/JJ or/CC ,/,"
"57","sw05utt/sw_0553_3229.utt","3/sw3229",3229,56,"sd","B",36,1,"[ [ [ {C But } they're, + {C but } they're, ] + {C but } they're  ] interesting -- +","But/CC  [ they/PRP ] 're/VBP ,/, but/CC  [ they/PRP ] 're/VBP ,/, but/CC  [ they/PRP ] 're/VBP  [ interesting/JJ ] --/:","(S (EDITED (RM (-DFL- \[)) (EDITED (RM (-DFL- \[)) (EDITED (RM (-DFL- \[)) (S (CC But) (NP-SBJ (PRP they)) (VP-UNF (VBP 're))) (, ,) (IP (-DFL- \+))) (S (CC but) (NP-SBJ (PRP they)) (VP-UNF (VBP 're))) (, ,) (RS (-DFL- \])) (IP (-DFL- \+))) (S (CC but) (NP-SBJ (PRP they)) (VP (VBP 're) (RS (-DFL- \])) (NP-UNF (JJ interesting)))) (IP (-DFL- \+))) (NP-SBJ (PRP they)) (VP (VBP 're) (NP-PRD (NP (JJ interesting) (RS (-DFL- \])) (EDITED (NNS menus)) (, ,) (INTJ (UH um)) (, ,) (NNS combinations)) (SBAR (WHNP-1 (WDT that)) (S (EDITED (RM (-DFL- \[)) (S (NP-SBJ (PRP you)) (VP (MD would) (RB n't) (VP-UNF (VB have)))) (, ,) (IP (-DFL- \+))) (RS (-DFL- \])) (NP-SBJ (NN nobody)) (VP (VBD thought) (PP (IN of) (NP (-NONE- *T*-1)))))))) (. .) (-DFL- E_S))","86",NA,NA,"    But  they're,   but  they're,    but  they're   interesting  ","But/CC   they/PRP  're/VBP ,/, but/CC   they/PRP  're/VBP ,/, but/CC   they/PRP  're/VBP   interesting/JJ  /:"
"58","sw05utt/sw_0553_3229.utt","3/sw3229",3229,57,"+","A",37,1,"Uh-huh. /","[ Uh-huh/UH ] ./.","(INTJ (UH Uh-huh) (. .) (-DFL- E_S))","57",NA,NA,"Uhhuh. "," Uhhuh/UH  ./."
"59","sw05utt/sw_0553_3229.utt","3/sw3229",3229,58,"+","B",38,1,"-- they're interesting  ] menus, {F um, } combinations that [ you wouldn't have, + ] nobody thought of. /","--/:  [ they/PRP ] 're/VBP  [ interesting/JJ menus/NNS ] ,/, um/UH ,/,  [ combinations/NNS ] that/WDT  [ you/PRP ] would/MD n't/RB have/VB ,/,  [ nobody/NN ] thought/VBD of/IN ./.","(S (EDITED (RM (-DFL- \[)) (EDITED (RM (-DFL- \[)) (EDITED (RM (-DFL- \[)) (S (CC But) (NP-SBJ (PRP they)) (VP-UNF (VBP 're))) (, ,) (IP (-DFL- \+))) (S (CC but) (NP-SBJ (PRP they)) (VP-UNF (VBP 're))) (, ,) (RS (-DFL- \])) (IP (-DFL- \+))) (S (CC but) (NP-SBJ (PRP they)) (VP (VBP 're) (RS (-DFL- \])) (NP-UNF (JJ interesting)))) (IP (-DFL- \+))) (NP-SBJ (PRP they)) (VP (VBP 're) (NP-PRD (NP (JJ interesting) (RS (-DFL- \])) (EDITED (NNS menus)) (, ,) (INTJ (UH um)) (, ,) (NNS combinations)) (SBAR (WHNP-1 (WDT that)) (S (EDITED (RM (-DFL- \[)) (S (NP-SBJ (PRP you)) (VP (MD would) (RB n't) (VP-UNF (VB have)))) (, ,) (IP (-DFL- \+))) (RS (-DFL- \])) (NP-SBJ (NN nobody)) (VP (VBD thought) (PP (IN of) (NP (-NONE- *T*-1)))))))) (. .) (-DFL- E_S))","86",NA,NA," they're interesting   menus,  um,  combinations that  you wouldn't have,   nobody thought of. ","/:   they/PRP  're/VBP   interesting/JJ menus/NNS  ,/, um/UH ,/,   combinations/NNS  that/WDT   you/PRP  would/MD n't/RB have/VB ,/,   nobody/NN  thought/VBD of/IN ./."
"60","sw05utt/sw_0553_3229.utt","3/sw3229",3229,59,"b","A",39,1,"Uh-huh. /","[ Uh-huh/UH ] ./.","(INTJ (UH Uh-huh) (. .) (-DFL- E_S))","63",NA,NA,"Uhhuh. "," Uhhuh/UH  ./."
"61","sw05utt/sw_0553_3229.utt","3/sw3229",3229,60,"%","B",40,1,"{F Um. } /","Um/UH ./.","(INTJ (UH Um) (. .) (-DFL- E_S))","92",NA,NA," Um.  ","Um/UH ./."
"62","sw05utt/sw_0553_3229.utt","3/sw3229",3229,61,"qw","A",41,1,"What's one of your favorites? /","[ What/WP ] 's/BES  [ one/CD ] of/IN  [ your/PRP$ favorites/NNS ] ?/.","(SBARQ (WHNP-1 (WP What)) (SQ (BES 's) (NP-SBJ (NP (CD one)) (PP (IN of) (NP (PRP$ your) (NNS favorites)))) (NP-PRD (-NONE- *T*-1))) (. ?) (-DFL- E_S))","94",NA,NA,"What's one of your favorites? "," What/WP  's/BES   one/CD  of/IN   your/PRP$ favorites/NNS  ?/."
"63","sw05utt/sw_0553_3229.utt","3/sw3229",3229,62,"^h","B",42,1,"{F Um, } gee,  /","Um/UH ,/, gee/UH ,/,","(INTJ (INTJ (UH Um)) (, ,) (INTJ (UH gee)) (, ,) (-DFL- E_S))","96",NA,NA," Um,  gee,  ","Um/UH ,/, gee/UH ,/,"
"64","sw05utt/sw_0553_3229.utt","3/sw3229",3229,63,"sd","B",42,2,"the one I had most recently [ was, + was  ] one that,  [ was, + ha-,  ] - /","[ the/DT one/CD ] [ I/PRP ] had/VBD most/RBS recently/RB was/VBD ,/, was/VBD  [ one/NN that/DT ] ,/, was/VBD ,/,  [ ha-/XX ] ,/,","(S (NP-SBJ (NP (DT the) (CD one)) (SBAR (WHNP-1 (-NONE- 0)) (S (NP-SBJ (PRP I)) (VP (VBD had) (NP (-NONE- *T*-1)) (ADVP-TMP (RBS most) (RB recently)))))) (EDITED (RM (-DFL- \[)) (VP-UNF (VBD was)) (, ,) (IP (-DFL- \+))) (VP (VBD was) (RS (-DFL- \])) (NP-PRD (NP (NN one)) (SBAR (WHNP-2 (DT that)) (, ,) (S (EDITED (RM (-DFL- \[)) (VP-UNF (VBD was)) (, ,) (IP (-DFL- \+)) (VP-UNF (XX ha-)) (, ,) (RS (-DFL- \]))) (-DFL- N_S) (EDITED (RM (-DFL- \[)) (NP-SBJ (PRP she)) (, ,) (IP (-DFL- \+))) (NP-SBJ (PRP she)) (RS (-DFL- \])) (VP (VBZ describes) (NP (-NONE- *T*-2)) (PP (IN as) (NP (NP (NP (NNP Jim) (NNP Beard) (POS 's)) (JJ favorite) (, ,) (INTJ (UH um)) (, ,) (NN summer) (NN menu)) (, ,) (CC or) (NP (NN something))))))))) (, ,) (-DFL- E_S))","97",NA,NA,"the one I had most recently  was,  was   one that,   was,  ha,    "," the/DT one/CD   I/PRP  had/VBD most/RBS recently/RB was/VBD ,/, was/VBD   one/NN that/DT  ,/, was/VBD ,/,   ha/XX  ,/,"
"65","sw05utt/sw_0553_3229.utt","3/sw3229",3229,64,"sd","B",42,3,"[ she, + she ] describes as Jim Beard's favorite, {F um, } summer menu, or something,  /","[ she/PRP ] ,/,  [ she/PRP ] describes/VBZ as/IN  [ Jim/NNP Beard/NNP 's/POS favorite/JJ ] ,/, um/UH ,/,  [ summer/NN menu/NN ] ,/, or/CC  [ something/NN ] ,/,","(S (NP-SBJ (NP (DT the) (CD one)) (SBAR (WHNP-1 (-NONE- 0)) (S (NP-SBJ (PRP I)) (VP (VBD had) (NP (-NONE- *T*-1)) (ADVP-TMP (RBS most) (RB recently)))))) (EDITED (RM (-DFL- \[)) (VP-UNF (VBD was)) (, ,) (IP (-DFL- \+))) (VP (VBD was) (RS (-DFL- \])) (NP-PRD (NP (NN one)) (SBAR (WHNP-2 (DT that)) (, ,) (S (EDITED (RM (-DFL- \[)) (VP-UNF (VBD was)) (, ,) (IP (-DFL- \+)) (VP-UNF (XX ha-)) (, ,) (RS (-DFL- \]))) (-DFL- N_S) (EDITED (RM (-DFL- \[)) (NP-SBJ (PRP she)) (, ,) (IP (-DFL- \+))) (NP-SBJ (PRP she)) (RS (-DFL- \])) (VP (VBZ describes) (NP (-NONE- *T*-2)) (PP (IN as) (NP (NP (NP (NNP Jim) (NNP Beard) (POS 's)) (JJ favorite) (, ,) (INTJ (UH um)) (, ,) (NN summer) (NN menu)) (, ,) (CC or) (NP (NN something))))))))) (, ,) (-DFL- E_S))","97",NA,NA," she,  she  describes as Jim Beard's favorite,  um,  summer menu, or something,  "," she/PRP  ,/,   she/PRP  describes/VBZ as/IN   Jim/NNP Beard/NNP 's/POS favorite/JJ  ,/, um/UH ,/,   summer/NN menu/NN  ,/, or/CC   something/NN  ,/,"
"66","sw05utt/sw_0553_3229.utt","3/sw3229",3229,65,"sd","B",42,4,"{C and } it consisted [ of, +  of ] grilled kielbasa sausage --","and/CC  [ it/PRP ] consisted/VBD of/IN ,/, of/IN  [ grilled/JJ kielbasa/NN sausage/NN ] --/:","(S (CC and) (NP-SBJ (PRP it)) (VP (VBD consisted) (EDITED (RM (-DFL- \[)) (PP-UNF (IN of)) (, ,) (IP (-DFL- \+))) (PP (IN of) (RS (-DFL- \])) (NP (NP (JJ grilled) (NN kielbasa) (NN sausage)) (INTJ (UH uh)) (, ,) (NP (NP (DT a) (NN potato) (NN salad)) (PP (IN with) (NP (JJ olive) (NN oil)))) (, ,) (CC and) (INTJ (UH uh)) (, ,) (NP (NP (DT some) (NNS tomatoes)) (SBAR (WHNP-1 (WDT that)) (S (NP-SBJ-2 (-NONE- *T*-1)) (VP (VBD had) (VP (VBN been) (VP (VBN chopped) (NP (-NONE- *-2)) (PRT (RP up)) (PP (IN with) (NP (NP (NNS onions)) (CC and) (NP (NN curry) (NN powder))))))))))))))","98",NA,NA," and  it consisted  of,   of  grilled kielbasa sausage ","and/CC   it/PRP  consisted/VBD of/IN ,/, of/IN   grilled/JJ kielbasa/NN sausage/NN  /:"
"67","sw05utt/sw_0553_3229.utt","3/sw3229",3229,66,"b","A",43,1,"Uh-huh. /","[ Uh-huh/UH ] ./.","(INTJ (UH Uh-huh) (. .) (-DFL- E_S))","84",NA,NA,"Uhhuh. "," Uhhuh/UH  ./."
"68","sw05utt/sw_0553_3229.utt","3/sw3229",3229,67,"+","B",44,1,"-- {F uh, } a potato salad with olive oil, and {F uh, } some tomatoes that had been chopped up with onions and curry powder and  probably some yogurt was in there. /","--/:  [ uh/UH ] ,/,  [ a/DT potato/NN salad/NN ] with/IN  [ olive/JJ oil/NN ] ,/, and/CC  [ uh/UH ] ,/,  [ some/DT tomatoes/NNS ] [ that/WDT ] had/VBD been/VBN chopped/VBN up/RP with/IN  [ onions/NNS ] and/CC curry/NN  [ powder/NN ] and/CC probably/RB  [ some/DT yogurt/NN ] was/VBD in/IN there/RB ./.","(S (CC and) (NP-SBJ (PRP it)) (VP (VBD consisted) (EDITED (RM (-DFL- \[)) (PP-UNF (IN of)) (, ,) (IP (-DFL- \+))) (PP (IN of) (RS (-DFL- \])) (NP (NP (JJ grilled) (NN kielbasa) (NN sausage)) (INTJ (UH uh)) (, ,) (NP (NP (DT a) (NN potato) (NN salad)) (PP (IN with) (NP (JJ olive) (NN oil)))) (, ,) (CC and) (INTJ (UH uh)) (, ,) (NP (NP (DT some) (NNS tomatoes)) (SBAR (WHNP-1 (WDT that)) (S (NP-SBJ-2 (-NONE- *T*-1)) (VP (VBD had) (VP (VBN been) (VP (VBN chopped) (NP (-NONE- *-2)) (PRT (RP up)) (PP (IN with) (NP (NP (NNS onions)) (CC and) (NP (NN curry) (NN powder))))))))))))))|||(S (CC and) (ADVP (RB probably)) (NP-SBJ (DT some) (NN yogurt)) (VP (VBD was) (PP-LOC-PRD (IN in) (ADVP (RB there)))) (. .) (-DFL- E_S))","98|||99",NA,NA,"  uh,  a potato salad with olive oil, and  uh,  some tomatoes that had been chopped up with onions and curry powder and  probably some yogurt was in there. ","/:   uh/UH  ,/,   a/DT potato/NN salad/NN  with/IN   olive/JJ oil/NN  ,/, and/CC   uh/UH  ,/,   some/DT tomatoes/NNS   that/WDT  had/VBD been/VBN chopped/VBN up/RP with/IN   onions/NNS  and/CC curry/NN   powder/NN  and/CC probably/RB   some/DT yogurt/NN  was/VBD in/IN there/RB ./."
"69","sw05utt/sw_0553_3229.utt","3/sw3229",3229,68,"ba","A",45,1,"Wow,  /","Wow/UH ,/,","(INTJ (UH Wow) (, ,) (-DFL- E_S))","104",138.372,151.89,"Wow,  ","Wow/UH ,/,"
"70","sw05utt/sw_0553_3229.utt","3/sw3229",3229,69,"ba","A",45,2,"sounds too good. /","sounds/VBZ too/RB good/JJ ./.","(S (NP-SBJ (-NONE- *)) (VP (VBZ sounds) (ADJP-PRD (RB too) (JJ good))) (. .) (-DFL- E_S))","105",138.372,151.89,"sounds too good. ","sounds/VBZ too/RB good/JJ ./."
"71","sw05utt/sw_0553_3229.utt","3/sw3229",3229,70,"sd","B",46,1,"{F Uh, }     [ [ [ {C and } that, +  {C and } that was, ] +  {D you know, }   that's, ] +  [ that, +  that's ] ]  certain you can do in thirty minutes. /","[ Uh/UH ] ,/, and/CC  [ that/DT ] ,/, and/CC  [ that/DT ] was/VBD ,/,  [ you/PRP ] know/VBP ,/,  [ that/DT ] 's/BES ,/, that/IN ,/,  [ that/DT ] 's/BES certain/JJ  [ you/PRP ] can/MD do/VB in/IN  [ thirty/CD minutes/NNS ] ./.","(S (INTJ (UH Uh)) (, ,) (EDITED (RM (-DFL- \[)) (EDITED (RM (-DFL- \[)) (EDITED (RM (-DFL- \[)) (S-UNF (CC and) (NP-SBJ (DT that))) (, ,) (IP (-DFL- \+))) (S (CC and) (NP-SBJ (DT that)) (VP-UNF (VBD was))) (, ,) (RS (-DFL- \])) (IP (-DFL- \+))) (PRN (S (NP-SBJ (PRP you)) (VP (VBP know))) (, ,)) (S (NP-SBJ (DT that)) (VP-UNF (BES 's))) (, ,) (RS (-DFL- \])) (IP (-DFL- \+))) (EDITED (RM (-DFL- \[)) (NP-SBJ (IN that)) (, ,) (IP (-DFL- \+))) (NP-SBJ (DT that)) (VP (BES 's) (RS (-DFL- \])) (RS (-DFL- \])) (ADJP-PRD (JJ certain) (SBAR (-NONE- 0) (S (NP-SBJ (PRP you)) (VP (MD can) (VP (VB do) (PP-TMP (IN in) (NP (CD thirty) (NNS minutes))))))))) (. .) (-DFL- E_S))","107",NA,NA," Uh,          and  that,    and  that was,     you know,    that's,     that,   that's    certain you can do in thirty minutes. "," Uh/UH  ,/, and/CC   that/DT  ,/, and/CC   that/DT  was/VBD ,/,   you/PRP  know/VBP ,/,   that/DT  's/BES ,/, that/IN ,/,   that/DT  's/BES certain/JJ   you/PRP  can/MD do/VB in/IN   thirty/CD minutes/NNS  ./."
"72","sw05utt/sw_0553_3229.utt","3/sw3229",3229,71,"b","A",47,1,"Yeah. /","Yeah/UH ./.","(INTJ (UH Yeah) (. .) (-DFL- E_S))","109",NA,NA,"Yeah. ","Yeah/UH ./."
"73","sw05utt/sw_0553_3229.utt","3/sw3229",3229,72,"sd","B",48,1,"{C But } there are a whole lot of, {D you know, } - /","But/CC  [ there/EX ] are/VBP  [ a/DT whole/JJ lot/NN ] of/IN ,/,  [ you/PRP ] know/VBP ,/,","(S (CC But) (NP-SBJ (EX there)) (VP (VBP are) (NP-PRD (NP (DT a) (JJ whole) (NN lot)) (PP-UNF (IN of) (PRN (, ,) (S (NP-SBJ (PRP you)) (VP (VBP know))))))) (, ,) (-DFL- N_S))","111",NA,NA," But  there are a whole lot of,  you know,   ","But/CC   there/EX  are/VBP   a/DT whole/JJ lot/NN  of/IN ,/,   you/PRP  know/VBP ,/,"
"74","sw05utt/sw_0553_3229.utt","3/sw3229",3229,73,"ad","B",48,2,"{E I mean, } [ I, + I ] would recommend you look at that book --","[ I/PRP ] mean/VBP ,/,  [ I/PRP ] ,/,  [ I/PRP ] would/MD recommend/VB  [ you/PRP ] look/VBP at/IN  [ that/DT book/NN ] --/:","(S (PRN (S (NP-SBJ (PRP I)) (VP (VBP mean))) (, ,)) (EDITED (RM (-DFL- \[)) (NP-SBJ (PRP I)) (, ,) (IP (-DFL- \+))) (NP-SBJ (PRP I)) (RS (-DFL- \])) (VP (MD would) (VP (VB recommend) (SBAR (-NONE- 0) (S (NP-SBJ (PRP you)) (VP (VBP look) (PP (IN at) (NP (DT that) (NN book))) (SBAR-ADV (IN if) (S (NP-SBJ (PRP you)) (VP (VBP 're) (NP-PRD (DT a) (JJ busy) (NN person)))))))))) (. .) (-DFL- E_S))","112",NA,NA," I mean,   I,  I  would recommend you look at that book "," I/PRP  mean/VBP ,/,   I/PRP  ,/,   I/PRP  would/MD recommend/VB   you/PRP  look/VBP at/IN   that/DT book/NN  /:"
"75","sw05utt/sw_0553_3229.utt","3/sw3229",3229,74,"aa","A",49,1,"Yeah,  /","Yeah/UH ,/,","(INTJ (UH Yeah) (, ,) (-DFL- E_S))","114",NA,NA,"Yeah,  ","Yeah/UH ,/,"
"76","sw05utt/sw_0553_3229.utt","3/sw3229",3229,75,"aa","A",49,2,"that THIRTY MINUTE COOKBOOK. /","that/IN  [ THIRTY/CD MINUTE/NN COOKBOOK/NN ] ./.","(NP (IN that) (NX-TTL (CD THIRTY) (NN MINUTE) (NN COOKBOOK)) (. .) (-DFL- E_S))","115",NA,NA,"that THIRTY MINUTE COOKBOOK. ","that/IN   THIRTY/CD MINUTE/NN COOKBOOK/NN  ./."
"77","sw05utt/sw_0553_3229.utt","3/sw3229",3229,76,"+","B",50,1,"-- if you're a busy person.   /","--/: if/IN  [ you/PRP ] 're/VBP  [ a/DT busy/JJ person/NN ] ./.","(S (PRN (S (NP-SBJ (PRP I)) (VP (VBP mean))) (, ,)) (EDITED (RM (-DFL- \[)) (NP-SBJ (PRP I)) (, ,) (IP (-DFL- \+))) (NP-SBJ (PRP I)) (RS (-DFL- \])) (VP (MD would) (VP (VB recommend) (SBAR (-NONE- 0) (S (NP-SBJ (PRP you)) (VP (VBP look) (PP (IN at) (NP (DT that) (NN book))) (SBAR-ADV (IN if) (S (NP-SBJ (PRP you)) (VP (VBP 're) (NP-PRD (DT a) (JJ busy) (NN person)))))))))) (. .) (-DFL- E_S))","112",NA,NA," if you're a busy person.   ","/: if/IN   you/PRP  're/VBP   a/DT busy/JJ person/NN  ./."
"78","sw05utt/sw_0553_3229.utt","3/sw3229",3229,77,"sd","B",50,2,"THIRTY MINUTE COOKBOOK. /","[ THIRTY/CD MINUTE/NN COOKBOOK/NN ] ./.","(NP-TTL (CD THIRTY) (NN MINUTE) (NN COOKBOOK) (. .) (-DFL- E_S))","117",NA,NA,"THIRTY MINUTE COOKBOOK. "," THIRTY/CD MINUTE/NN COOKBOOK/NN  ./."
"79","sw05utt/sw_0553_3229.utt","3/sw3229",3229,78,"ba","A",51,1,"That sounds fun.   /","[ That/DT ] sounds/VBZ  [ fun/JJ ] ./.","(S (NP-SBJ (DT That)) (VP (VBZ sounds) (ADJP-PRD (JJ fun))) (. .) (-DFL- E_S))","119",161.849625,165.127375,"That sounds fun.   "," That/DT  sounds/VBZ   fun/JJ  ./."
"80","sw05utt/sw_0553_3229.utt","3/sw3229",3229,79,"sd","A",51,2,"I find a lot of the cookbooks   [ that, +  I don't know, that ] you buy over the counter ask for really strange ingredients, or things I don't keep on hand all the time -- /","[ I/PRP ] find/VBP  [ a/DT lot/NN ] of/IN  [ the/DT cookbooks/NNS ] [ that/WDT ] ,/,  [ I/PRP ] do/VBP n't/RB know/VB ,/, that/WDT  [ you/PRP ] buy/VBP over/IN  [ the/DT counter/NN ] ask/VBP for/IN really/RB  [ strange/JJ ingredients/NNS ] ,/, or/CC  [ things/NNS I/PRP ] do/VBP n't/RB keep/VB on/IN  [ hand/NN ] [ all/PDT the/DT time/NN ] --/:","(S (NP-SBJ (PRP I)) (VP (VBP find) (SBAR (-NONE- 0) (S (NP-SBJ (NP (DT a) (NN lot)) (PP (IN of) (NP (NP (DT the) (NNS cookbooks)) (SBAR (EDITED (RM (-DFL- \[)) (WHNP (WDT that)) (, ,) (IP (-DFL- \+))) (PRN (S (NP-SBJ (PRP I)) (VP (VBP do) (RB n't) (VP (VB know)))) (, ,)) (WHNP-1 (WDT that)) (RS (-DFL- \])) (S (NP-SBJ (PRP you)) (VP (VBP buy) (NP (-NONE- *T*-1)) (PP (IN over) (NP (DT the) (NN counter))))))))) (VP (VBP ask) (PP (IN for) (NP (NP (ADJP (RB really) (JJ strange)) (NNS ingredients)) (, ,) (CC or) (NP (NP (NNS things)) (SBAR (WHNP-2 (-NONE- 0)) (S (NP-SBJ (PRP I)) (VP (VBP do) (RB n't) (VP (VB keep) (NP (-NONE- *T*-2)) (PP (IN on) (NP (NN hand))) (NP-TMP (PDT all) (DT the) (NN time))))))))))))) (-DFL- E_S))","120",161.849625,165.127375,"I find a lot of the cookbooks    that,   I don't know, that  you buy over the counter ask for really strange ingredients, or things I don't keep on hand all the time  "," I/PRP  find/VBP   a/DT lot/NN  of/IN   the/DT cookbooks/NNS   that/WDT  ,/,   I/PRP  do/VBP n't/RB know/VB ,/, that/WDT   you/PRP  buy/VBP over/IN   the/DT counter/NN  ask/VBP for/IN really/RB   strange/JJ ingredients/NNS  ,/, or/CC   things/NNS I/PRP  do/VBP n't/RB keep/VB on/IN   hand/NN   all/PDT the/DT time/NN  /:"
"81","sw05utt/sw_0553_3229.utt","3/sw3229",3229,80,"b","B",52,1,"Uh-huh. /","[ Uh-huh/UH ] ./.","(INTJ (UH Uh-huh) (. .) (-DFL- E_S))","101",NA,NA,"Uhhuh. "," Uhhuh/UH  ./."
"82","sw05utt/sw_0553_3229.utt","3/sw3229",3229,81,"sd","A",53,1,"-- {C and } I have young children,  /","--/: and/CC  [ I/PRP ] have/VBP  [ young/JJ children/NNS ] ,/,","(S (CC and) (NP-SBJ (PRP I)) (VP (VBP have) (NP (JJ young) (NNS children))) (, ,) (-DFL- E_S))","124",175.526,179.747625,"  and  I have young children,  ","/: and/CC   I/PRP  have/VBP   young/JJ children/NNS  ,/,"
"83","sw05utt/sw_0553_3229.utt","3/sw3229",3229,82,"sd","A",53,2,"{C and } our budget's set, {D you know, } at this time,  /","and/CC  [ our/PRP$ budget/NN 's/BES set/NN ] ,/,  [ you/PRP ] know/VBP ,/, at/IN  [ this/DT time/NN ] ,/,","(S (CC and) (NP-SBJ (PRP$ our) (NN budget)) (VP (BES 's) (ADJP-PRD (NN set)) (PRN (, ,) (S (NP-SBJ (PRP you)) (VP (VBP know))) (, ,)) (PP-TMP (IN at) (NP (DT this) (NN time)))) (, ,) (-DFL- E_S))","125",175.526,179.747625," and  our budget's set,  you know,  at this time,  ","and/CC   our/PRP$ budget/NN 's/BES set/NN  ,/,   you/PRP  know/VBP ,/, at/IN   this/DT time/NN  ,/,"
"84","sw05utt/sw_0553_3229.utt","3/sw3229",3229,83,"sd","A",53,3,"{C but } I want to use simple recipes that --","but/CC  [ I/PRP ] want/VBP to/TO use/VB  [ simple/NN recipes/NNS ] that/WDT --/:","(S (CC but) (NP-SBJ-1 (PRP I)) (VP (VBP want) (S (NP-SBJ (-NONE- *-1)) (VP (TO to) (VP (VB use) (NP (NN simple) (NNS recipes)) (SBAR-PRP (WDT that) (S (NP-SBJ (PRP I)) (VP (VBP have) (NP (NNS things)) (PP (IN on) (NP (NN hand)))))))))) (, ,) (-DFL- E_S))","126",175.526,179.747625," but  I want to use simple recipes that ","but/CC   I/PRP  want/VBP to/TO use/VB   simple/NN recipes/NNS  that/WDT /:"
"85","sw05utt/sw_0553_3229.utt","3/sw3229",3229,84,"b","B",54,1,"Uh-huh. /","[ Uh-huh/UH ] ./.","(INTJ (UH Uh-huh) (. .) (-DFL- E_S))","101",NA,NA,"Uhhuh. "," Uhhuh/UH  ./."
"86","sw05utt/sw_0553_3229.utt","3/sw3229",3229,85,"+","A",55,1,"-- I have things on hand,  /","--/:  [ I/PRP ] have/VBP  [ things/NNS ] on/IN  [ hand/NN ] ,/,","(S (CC but) (NP-SBJ-1 (PRP I)) (VP (VBP want) (S (NP-SBJ (-NONE- *-1)) (VP (TO to) (VP (VB use) (NP (NN simple) (NNS recipes)) (SBAR-PRP (WDT that) (S (NP-SBJ (PRP I)) (VP (VBP have) (NP (NNS things)) (PP (IN on) (NP (NN hand)))))))))) (, ,) (-DFL- E_S))","126",184.514375,184.514375," I have things on hand,  ","/:   I/PRP  have/VBP   things/NNS  on/IN   hand/NN  ,/,"
"87","sw05utt/sw_0553_3229.utt","3/sw3229",3229,86,"sd","A",55,2,"I don't have to run to the store to buy or look for something I haven't heard of <laughter>. /","[ I/PRP ] do/VBP n't/RB have/VB to/TO run/VB to/IN  [ the/DT store/NN ] to/TO buy/VB or/CC look/VB for/IN  [ something/NN ] [ I/PRP ] have/VBP n't/RB heard/VBN of/IN ./.","(S (NP-SBJ-1 (PRP I)) (VP (VBP do) (RB n't) (VP (VB have) (S (NP-SBJ (-NONE- *-1)) (VP (TO to) (VP (VB run) (PP-DIR (IN to) (NP (DT the) (NN store))) (S-PRP (NP-SBJ (-NONE- *)) (VP (TO to) (VP (VB buy) (CC or) (VB look) (PP (IN for) (NP (NP (NN something)) (SBAR (WHNP-2 (-NONE- 0)) (S (NP-SBJ (PRP I)) (VP (VBP have) (RB n't) (VP (VBN heard) (PP (IN of) (NP (-NONE- *T*-2))))))))))))))))) (. .) (-DFL- E_S))","130",184.514375,184.514375,"I don't have to run to the store to buy or look for something I haven't heard of laughter. "," I/PRP  do/VBP n't/RB have/VB to/TO run/VB to/IN   the/DT store/NN  to/TO buy/VB or/CC look/VB for/IN   something/NN   I/PRP  have/VBP n't/RB heard/VBN of/IN ./."
"88","sw05utt/sw_0553_3229.utt","3/sw3229",3229,87,"aa","B",56,1,"Yes,  /","Yes/UH ,/,","(INTJ (UH Yes) (, ,) (-DFL- E_S))","132",NA,NA,"Yes,  ","Yes/UH ,/,"
"89","sw05utt/sw_0553_3229.utt","3/sw3229",3229,88,"aa^r","B",56,2,"yes. /","yes/UH ./.","(INTJ (UH yes) (. .) (-DFL- E_S))","133",NA,NA,"yes. ","yes/UH ./."
"90","sw05utt/sw_0553_3229.utt","3/sw3229",3229,89,"sd","A",57,1,"That's why sometimes I shy away from, {F uh, } more of a traditional cookbook -- /","[ That/DT ] 's/BES why/WRB sometimes/RB  [ I/PRP ] shy/VBP away/RB from/IN ,/,  [ uh/UH ] ,/, more/RBR of/IN  [ a/DT traditional/JJ cookbook/NN ] --/:","(S (NP-SBJ (DT That)) (VP (BES 's) (SBAR-PRP-PRD (WHADVP-1 (WRB why)) (S (ADVP-TMP (RB sometimes)) (NP-SBJ (PRP I)) (VP (VBP shy) (ADVP (RB away) (PP (IN from) (, ,) (INTJ (UH uh)) (, ,) (NP (NP (RBR more)) (PP (IN of) (NP (DT a) (JJ traditional) (NN cookbook)))))) (ADVP-PRP (-NONE- *T*-1)))))) (-DFL- E_S))","135",NA,NA,"That's why sometimes I shy away from,  uh,  more of a traditional cookbook  "," That/DT  's/BES why/WRB sometimes/RB   I/PRP  shy/VBP away/RB from/IN ,/,   uh/UH  ,/, more/RBR of/IN   a/DT traditional/JJ cookbook/NN  /:"
"91","sw05utt/sw_0553_3229.utt","3/sw3229",3229,90,"b","B",58,1,"Uh-huh. /","[ Uh-huh/UH ] ./.","(INTJ (UH Uh-huh) (. .) (-DFL- E_S))","122",NA,NA,"Uhhuh. "," Uhhuh/UH  ./."
"92","sw05utt/sw_0553_3229.utt","3/sw3229",3229,91,"sv","A",59,1,"-- {C but, } <inhaling> {D well, } it was interesting talking to you.  /","--/: but/CC ,/, well/UH ,/,  [ it/PRP ] was/VBD  [ interesting/JJ ] talking/VBG to/IN  [ you/PRP ] ./.","(S (CC but) (, ,) (INTJ (UH well)) (, ,) (NP-SBJ (NP (PRP it)) (S (-NONE- *EXP*-1))) (VP (VBD was) (ADJP-PRD (JJ interesting)) (S-1 (NP-SBJ (-NONE- *)) (VP (VBG talking) (PP (IN to) (NP (PRP you)))))) (. .) (-DFL- E_S))","139",194.244875,198.791875,"  but,  inhaling  well,  it was interesting talking to you.  ","/: but/CC ,/, well/UH ,/,   it/PRP  was/VBD   interesting/JJ  talking/VBG to/IN   you/PRP  ./."
"93","sw05utt/sw_0553_3229.utt","3/sw3229",3229,92,"sv","A",59,2,"It's a fun subject.  /","[ It/PRP ] 's/BES  [ a/DT fun/JJ subject/NN ] ./.","(S (NP-SBJ (PRP It)) (VP (BES 's) (NP-PRD (DT a) (JJ fun) (NN subject))) (. .) (-DFL- E_S))","140",194.244875,198.791875,"It's a fun subject.  "," It/PRP  's/BES   a/DT fun/JJ subject/NN  ./."
"94","sw05utt/sw_0553_3229.utt","3/sw3229",3229,93,"sd","A",59,3,"Food is one of my favorite things too. /","[ Food/NN ] is/VBZ  [ one/CD ] of/IN  [ my/PRP$ favorite/JJ things/NNS ] too/RB ./.","(S (NP-SBJ (NN Food)) (VP (VBZ is) (NP-PRD (NP (CD one)) (PP (IN of) (NP (PRP$ my) (JJ favorite) (NNS things)))) (ADVP (RB too))) (. .) (-DFL- E_S))","141",194.244875,198.791875,"Food is one of my favorite things too. "," Food/NN  is/VBZ   one/CD  of/IN   my/PRP$ favorite/JJ things/NNS  too/RB ./."
"95","sw05utt/sw_0553_3229.utt","3/sw3229",3229,94,"b","B",60,1,"Yes. /","Yes/UH ./.","(INTJ (UH Yes) (. .) (-DFL- E_S))","143",NA,NA,"Yes. ","Yes/UH ./."
"96","sw05utt/sw_0553_3229.utt","3/sw3229",3229,95,"qo","A",61,1,"Anything else you wanted to add? /","[ Anything/NN ] else/RB  [ you/PRP ] wanted/VBD to/TO add/VB ?/.","(NP (NP (NN Anything)) (ADVP (RB else)) (SBAR (WHNP-2 (-NONE- 0)) (S (NP-SBJ-1 (PRP you)) (VP (VBD wanted) (S (NP-SBJ (-NONE- *-1)) (VP (TO to) (VP (VB add) (NP (-NONE- *T*-2)))))))) (. ?) (-DFL- E_S))","145",NA,NA,"Anything else you wanted to add? "," Anything/NN  else/RB   you/PRP  wanted/VBD to/TO add/VB ?/."
"97","sw05utt/sw_0553_3229.utt","3/sw3229",3229,96,"sd(^q)","B",62,1,"{D Well, } you had said dinner, {D you know, } {D you know, }  /","Well/UH ,/,  [ you/PRP ] had/VBD said/VBN  [ dinner/NN ] ,/,  [ you/PRP ] know/VBP ,/,  [ you/PRP ] know/VBP ,/,","(S (INTJ (UH Well)) (, ,) (NP-SBJ (PRP you)) (VP (VBD had) (VP (VBN said) (FRAG (NP (NN dinner))) (PRN (, ,) (S (NP-SBJ (PRP you)) (VP (VBP know)))) (PRN (, ,) (S (NP-SBJ (PRP you)) (VP (VBP know)))))) (, ,) (-DFL- E_S))","147",NA,NA," Well,  you had said dinner,  you know,   you know,   ","Well/UH ,/,   you/PRP  had/VBD said/VBN   dinner/NN  ,/,   you/PRP  know/VBP ,/,   you/PRP  know/VBP ,/,"
"98","sw05utt/sw_0553_3229.utt","3/sw3229",3229,97,"^q","B",62,2,"what would I put together for a formal dinner.  /","[ what/WP ] would/MD  [ I/PRP ] put/VB together/RP for/IN  [ a/DT formal/JJ dinner/NN ] ./.","(SBARQ (WHNP-1 (WP what)) (SQ (MD would) (NP-SBJ (PRP I)) (VP (VB put) (NP (-NONE- *T*-1)) (ADVP (RP together)) (PP (IN for) (NP (DT a) (JJ formal) (NN dinner))))) (. .) (-DFL- E_S))","148",NA,NA,"what would I put together for a formal dinner.  "," what/WP  would/MD   I/PRP  put/VB together/RP for/IN   a/DT formal/JJ dinner/NN  ./."
"99","sw05utt/sw_0553_3229.utt","3/sw3229",3229,98,"sd","B",62,3,"[ We, + we  ] had some friends over as recently as Saturday night -- /","[ We/PRP ] ,/,  [ we/PRP ] had/VBD  [ some/DT friends/NNS ] over/IN as/RB recently/RB as/IN  [ Saturday/NNP night/NN ] --/:","(S (EDITED (RM (-DFL- \[)) (NP-SBJ (PRP We)) (, ,) (IP (-DFL- \+))) (NP-SBJ (PRP we)) (RS (-DFL- \])) (VP (VBD had) (NP (DT some) (NNS friends)) (PRT (IN over)) (ADVP-TMP (ADVP (RB as) (RB recently)) (PP (IN as) (NP (NNP Saturday) (NN night))))) (-DFL- E_S))","149",NA,NA," We,  we   had some friends over as recently as Saturday night  "," We/PRP  ,/,   we/PRP  had/VBD   some/DT friends/NNS  over/IN as/RB recently/RB as/IN   Saturday/NNP night/NN  /:"
"100","sw05utt/sw_0553_3229.utt","3/sw3229",3229,99,"ba","A",63,1,"{F Oh, } wow. /","Oh/UH ,/, wow/UH ./.","(INTJ (INTJ (UH Oh)) (, ,) (INTJ (UH wow)) (. .) (-DFL- E_S))","151",NA,NA," Oh,  wow. ","Oh/UH ,/, wow/UH ./."
"101","sw05utt/sw_0553_3229.utt","3/sw3229",3229,100,"%","B",64,1,"-- [ {C and, } +  {C and, } ] {F um, } put, [ here, + here  ] - /","--/: and/CC ,/, and/CC ,/, um/UH ,/, put/VBD ,/, here/RB ,/, here/RB","(X (EDITED (RM (-DFL- \[)) (CC and) (, ,) (IP (-DFL- \+))) (CC and) (, ,) (RS (-DFL- \])) (INTJ (UH um)) (, ,) (VP-UNF (VBD put) (, ,) (EDITED (RM (-DFL- \[)) (ADVP-LOC (RB here)) (, ,) (IP (-DFL- \+))) (ADVP-LOC (RB here))) (RS (-DFL- \])) (-DFL- N_S))","153",NA,NA,"   and,     and,    um,  put,  here,  here    ","/: and/CC ,/, and/CC ,/, um/UH ,/, put/VBD ,/, here/RB ,/, here/RB"
"102","sw05utt/sw_0553_3229.utt","3/sw3229",3229,101,"sd","B",64,2,"the inspiration was a combination of Julia Child for the dessert, {D you know, } a chocolate mousse recipe --","[ the/DT inspiration/NN ] was/VBD  [ a/DT combination/NN ] of/IN  [ Julia/NNP Child/NNP ] for/IN  [ the/DT dessert/NN ] ,/,  [ you/PRP ] know/VBP ,/,  [ a/DT chocolate/NN mousse/NN recipe/NN ] --/:","(S (NP-SBJ (DT the) (NN inspiration)) (VP (VBD was) (NP-PRD (NP (DT a) (NN combination)) (PP (IN of) (NP (NP (NP (NNP Julia) (NNP Child)) (PP (IN for) (NP (NP (DT the) (NN dessert)) (PRN (, ,) (S (NP-SBJ (PRP you)) (VP (VBP know))) (, ,)) (NP (DT a) (NN chocolate) (NN mousse) (NN recipe))))) (CC and) (NP (NP (DT a) (ADJP (ADVP (NN sort) (IN of)) (XX MUMBLEx)) (NN cookbook)) (SBAR (WHNP-1 (WDT which)) (S (NP-SBJ (-NONE- *T*-1)) (VP (VBZ has) (NP (NP (DT a) (NN recipe)) (PP (IN for) (NP (NP (DT a) (NN thing)) (VP (VBN called) (S (NP-SBJ (-NONE- *)) (NP-PRD (NP (NN chicken) (NN marabella)) (INTJ (UH um)) (, ,) (SBAR (WHNP-2 (WDT which)) (S (NP-SBJ (-NONE- *T*-2)) (VP (VBZ is) (NP-PRD (NP (DT this) (JJ wonderful) (NN thing)) (SBAR (WHNP-3 (-NONE- 0)) (S (NP-SBJ (PRP you)) (VP (MD can) (VP (VB do) (NP (-NONE- *T*-3)) (, ,) (INTJ (UH um)))))))))))))))))))))))) (, ,) (-DFL- E_S))","154",NA,NA,"the inspiration was a combination of Julia Child for the dessert,  you know,  a chocolate mousse recipe "," the/DT inspiration/NN  was/VBD   a/DT combination/NN  of/IN   Julia/NNP Child/NNP  for/IN   the/DT dessert/NN  ,/,   you/PRP  know/VBP ,/,   a/DT chocolate/NN mousse/NN recipe/NN  /:"
"103","sw05utt/sw_0553_3229.utt","3/sw3229",3229,102,"b","A",65,1,"Uh-huh,  /","[ Uh-huh/NNP ] ,/,","(INTJ (NNP Uh-huh) (, ,) (-DFL- E_S))","156",NA,NA,"Uhhuh,  "," Uhhuh/NNP  ,/,"
"104","sw05utt/sw_0553_3229.utt","3/sw3229",3229,103,"ba","A",65,2,"that's good. /","[ that/WDT ] 's/BES good/JJ ./.","(S (NP-SBJ (WDT that)) (VP (BES 's) (ADJP-PRD (JJ good))) (. .) (-DFL- E_S))","157",NA,NA,"that's good. "," that/WDT  's/BES good/JJ ./."
"105","sw05utt/sw_0553_3229.utt","3/sw3229",3229,104,"+","B",66,1,"-- and a sort of  ((   ))  cookbook which has a recipe for a thing called chicken marabella --","--/: and/CC  [ a/DT sort/NN ] of/IN  [ MUMBLEx/XX cookbook/NN ] [ which/WDT ] has/VBZ  [ a/DT recipe/NN ] for/IN  [ a/DT thing/NN ] called/VBN  [ chicken/NN marabella/NN ] --/:","(S (NP-SBJ (DT the) (NN inspiration)) (VP (VBD was) (NP-PRD (NP (DT a) (NN combination)) (PP (IN of) (NP (NP (NP (NNP Julia) (NNP Child)) (PP (IN for) (NP (NP (DT the) (NN dessert)) (PRN (, ,) (S (NP-SBJ (PRP you)) (VP (VBP know))) (, ,)) (NP (DT a) (NN chocolate) (NN mousse) (NN recipe))))) (CC and) (NP (NP (DT a) (ADJP (ADVP (NN sort) (IN of)) (XX MUMBLEx)) (NN cookbook)) (SBAR (WHNP-1 (WDT which)) (S (NP-SBJ (-NONE- *T*-1)) (VP (VBZ has) (NP (NP (DT a) (NN recipe)) (PP (IN for) (NP (NP (DT a) (NN thing)) (VP (VBN called) (S (NP-SBJ (-NONE- *)) (NP-PRD (NP (NN chicken) (NN marabella)) (INTJ (UH um)) (, ,) (SBAR (WHNP-2 (WDT which)) (S (NP-SBJ (-NONE- *T*-2)) (VP (VBZ is) (NP-PRD (NP (DT this) (JJ wonderful) (NN thing)) (SBAR (WHNP-3 (-NONE- 0)) (S (NP-SBJ (PRP you)) (VP (MD can) (VP (VB do) (NP (-NONE- *T*-3)) (, ,) (INTJ (UH um)))))))))))))))))))))))) (, ,) (-DFL- E_S))","154",NA,NA," and a sort of       cookbook which has a recipe for a thing called chicken marabella ","/: and/CC   a/DT sort/NN  of/IN   MUMBLEx/XX cookbook/NN   which/WDT  has/VBZ   a/DT recipe/NN  for/IN   a/DT thing/NN  called/VBN   chicken/NN marabella/NN  /:"
"106","sw05utt/sw_0553_3229.utt","3/sw3229",3229,105,"b","A",67,1,"Uh-huh. /","[ Uh-huh/UH ] ./.","(INTJ (UH Uh-huh) (. .) (-DFL- E_S))","137",223.40275,223.902375,"Uhhuh. "," Uhhuh/UH  ./."
"107","sw05utt/sw_0553_3229.utt","3/sw3229",3229,106,"+","B",68,1,"-- {F um, } which is this wonderful thing you can do, {F um, }  /","--/: um/UH ,/,  [ which/WDT ] is/VBZ  [ this/DT wonderful/JJ thing/NN ] [ you/PRP ] can/MD do/VB ,/, um/UH ,/,","(S (NP-SBJ (DT the) (NN inspiration)) (VP (VBD was) (NP-PRD (NP (DT a) (NN combination)) (PP (IN of) (NP (NP (NP (NNP Julia) (NNP Child)) (PP (IN for) (NP (NP (DT the) (NN dessert)) (PRN (, ,) (S (NP-SBJ (PRP you)) (VP (VBP know))) (, ,)) (NP (DT a) (NN chocolate) (NN mousse) (NN recipe))))) (CC and) (NP (NP (DT a) (ADJP (ADVP (NN sort) (IN of)) (XX MUMBLEx)) (NN cookbook)) (SBAR (WHNP-1 (WDT which)) (S (NP-SBJ (-NONE- *T*-1)) (VP (VBZ has) (NP (NP (DT a) (NN recipe)) (PP (IN for) (NP (NP (DT a) (NN thing)) (VP (VBN called) (S (NP-SBJ (-NONE- *)) (NP-PRD (NP (NN chicken) (NN marabella)) (INTJ (UH um)) (, ,) (SBAR (WHNP-2 (WDT which)) (S (NP-SBJ (-NONE- *T*-2)) (VP (VBZ is) (NP-PRD (NP (DT this) (JJ wonderful) (NN thing)) (SBAR (WHNP-3 (-NONE- 0)) (S (NP-SBJ (PRP you)) (VP (MD can) (VP (VB do) (NP (-NONE- *T*-3)) (, ,) (INTJ (UH um)))))))))))))))))))))))) (, ,) (-DFL- E_S))","154",231.030625,241.135375,"  um,  which is this wonderful thing you can do,  um,   ","/: um/UH ,/,   which/WDT  is/VBZ   this/DT wonderful/JJ thing/NN   you/PRP  can/MD do/VB ,/, um/UH ,/,"
"108","sw05utt/sw_0553_3229.utt","3/sw3229",3229,107,"sd","B",68,2,"basically you're [ baking, + baking ] chicken [ in a, + in an  ] open pan, {F um, } having marinated it first  /","basically/RB  [ you/PRP ] 're/VBP baking/VBG ,/, baking/VBG  [ chicken/NN ] in/IN  [ a/DT ] ,/, in/IN  [ an/DT open/JJ pan/NN ] ,/, um/UH ,/, having/VBG marinated/VBN  [ it/PRP ] first/RB","(S (ADVP (RB basically)) (NP-SBJ-1 (PRP you)) (VP (VBP 're) (EDITED (RM (-DFL- \[)) (VP-UNF (VBG baking)) (, ,) (IP (-DFL- \+))) (VP (VBG baking) (RS (-DFL- \])) (NP (NN chicken)) (EDITED (RM (-DFL- \[)) (PP-LOC (IN in) (NP-UNF (DT a))) (, ,) (IP (-DFL- \+))) (PP-LOC (IN in) (NP (DT an) (RS (-DFL- \])) (JJ open) (NN pan))) (, ,) (INTJ (UH um)) (, ,) (S-ADV (NP-SBJ (-NONE- *-1)) (VP (VBG having) (VP (VBN marinated) (NP (PRP it)) (ADVP (RB first))))))) (-DFL- E_S))","162",231.030625,241.135375,"basically you're  baking,  baking  chicken  in a,  in an   open pan,  um,  having marinated it first  ","basically/RB   you/PRP  're/VBP baking/VBG ,/, baking/VBG   chicken/NN  in/IN   a/DT  ,/, in/IN   an/DT open/JJ pan/NN  ,/, um/UH ,/, having/VBG marinated/VBN   it/PRP  first/RB"
"109","sw05utt/sw_0553_3229.utt","3/sw3229",3229,108,"sd","B",68,3,"{C and, } my wife did this part so I don't remember all the details -- /","and/CC ,/,  [ my/PRP$ wife/NN ] did/VBD  [ this/DT part/NN ] so/RB  [ I/PRP ] do/VBP n't/RB remember/VB  [ all/PDT the/DT details/NNS ] --/:","(S (CC and) (, ,) (NP-SBJ (PRP$ my) (NN wife)) (VP (VBD did) (NP (DT this) (NN part))))|||(S (RB so) (NP-SBJ (PRP I)) (VP (VBP do) (RB n't) (VP (VB remember) (NP (PDT all) (DT the) (NNS details)))) (-DFL- E_S))","163|||164",231.030625,241.135375," and,  my wife did this part so I don't remember all the details  ","and/CC ,/,   my/PRP$ wife/NN  did/VBD   this/DT part/NN  so/RB   I/PRP  do/VBP n't/RB remember/VB   all/PDT the/DT details/NNS  /:"
"110","sw05utt/sw_0553_3229.utt","3/sw3229",3229,109,"b","A",69,1,"<Laughter> Uh-huh. /","[ Uh-huh/UH ] ./.","(INTJ (UH Uh-huh) (. .) (-DFL- E_S))","137",NA,NA,"Laughter Uhhuh. "," Uhhuh/UH  ./."
"111","sw05utt/sw_0553_3229.utt","3/sw3229",3229,110,"sd","B",70,1,"-- marinated in olive oil and some seasoning, {F um, } and cooked with some olives [ and some, + and some  ] prunes, {F uh, }  /","--/: marinated/VBN in/IN  [ olive/JJ oil/NN ] and/CC  [ some/DT seasoning/NN ] ,/, um/UH ,/, and/CC cooked/VBN with/IN  [ some/DT olives/NNS ] and/CC  [ some/DT ] ,/, and/CC  [ some/DT prunes/NNS ] ,/,  [ uh/UH ] ,/,","(VP (VP (VBN marinated) (PP-LOC (IN in) (NP (NP (JJ olive) (NN oil)) (CC and) (NP (DT some) (NN seasoning))))) (, ,) (INTJ (UH um)) (, ,) (CC and) (VP (VBN cooked) (PP (IN with) (NP (NP (DT some) (NNS olives)) (EDITED (RM (-DFL- \[)) (CC and) (NP-UNF (DT some)) (, ,) (IP (-DFL- \+))) (CC and) (NP (DT some) (RS (-DFL- \])) (NNS prunes))))) (, ,) (INTJ (UH uh)) (, ,) (-DFL- E_S))","168",NA,NA," marinated in olive oil and some seasoning,  um,  and cooked with some olives  and some,  and some   prunes,  uh,   ","/: marinated/VBN in/IN   olive/JJ oil/NN  and/CC   some/DT seasoning/NN  ,/, um/UH ,/, and/CC cooked/VBN with/IN   some/DT olives/NNS  and/CC   some/DT  ,/, and/CC   some/DT prunes/NNS  ,/,   uh/UH  ,/,"
"112","sw05utt/sw_0553_3229.utt","3/sw3229",3229,111,"sd","B",70,2,"there's a little bit of brown sugar in there,  /","[ there/EX ] 's/BES  [ a/DT little/JJ bit/NN ] of/IN  [ brown/JJ sugar/NN ] in/IN there/RB ,/,","(S (NP-SBJ (EX there)) (VP (BES 's) (NP-PRD (NP (DT a) (JJ little) (NN bit)) (PP (IN of) (NP (JJ brown) (NN sugar)))) (PP-LOC (IN in) (ADVP (RB there)))) (, ,) (-DFL- E_S))","169",NA,NA,"there's a little bit of brown sugar in there,  "," there/EX  's/BES   a/DT little/JJ bit/NN  of/IN   brown/JJ sugar/NN  in/IN there/RB ,/,"
"113","sw05utt/sw_0553_3229.utt","3/sw3229",3229,112,"sd","B",70,3,"{C and } it bakes up  /","and/CC  [ it/PRP ] bakes/VBZ up/IN","(S (CC and) (NP-SBJ (PRP it)) (VP (VBZ bakes) (PRT (IN up))) (-DFL- E_S))","170",NA,NA," and  it bakes up  ","and/CC   it/PRP  bakes/VBZ up/IN"
"114","sw05utt/sw_0553_3229.utt","3/sw3229",3229,113,"sd","B",70,4,"{C and } it's a delicious thing,  /","and/CC  [ it/PRP ] 's/BES  [ a/DT delicious/JJ thing/NN ] ,/,","(S (CC and) (NP-SBJ (PRP it)) (VP (BES 's) (NP-PRD (DT a) (JJ delicious) (NN thing))) (, ,) (-DFL- E_S))","171",NA,NA," and  it's a delicious thing,  ","and/CC   it/PRP  's/BES   a/DT delicious/JJ thing/NN  ,/,"
"115","sw05utt/sw_0553_3229.utt","3/sw3229",3229,114,"sd","B",70,5,"{C and } it's easy -- /","and/CC  [ it/PRP ] 's/BES easy/JJ --/:","(S (CC and) (NP-SBJ (PRP it)) (VP (BES 's) (ADJP-PRD (JJ easy))) (-DFL- E_S))","172",NA,NA," and  it's easy  ","and/CC   it/PRP  's/BES easy/JJ /:"
"116","sw05utt/sw_0553_3229.utt","3/sw3229",3229,115,"ba","A",71,1,"That sounds good. /","[ That/DT ] sounds/VBZ  [ good/JJ ] ./.","(S (NP-SBJ (DT That)) (VP (VBZ sounds) (ADJP-PRD (JJ good))) (. .) (-DFL- E_S))","174",NA,NA,"That sounds good. "," That/DT  sounds/VBZ   good/JJ  ./."
"117","sw05utt/sw_0553_3229.utt","3/sw3229",3229,116,"sd","B",72,1,"-- comparatively.  /","--/: comparatively/RB ./.","(ADVP (RB comparatively) (. .) (-DFL- E_S))","176",NA,NA," comparatively.  ","/: comparatively/RB ./."
"118","sw05utt/sw_0553_3229.utt","3/sw3229",3229,117,"%@","B",72,2,"{C So. }    *[[slash error]]","So/RB ./.","(S (RB So) (. .) (INTJ (UH Um)) (. .) (NP-SBJ (PRP I)) (VP (VBP 'm) (ADJP-PRD (JJ sorry))) (, ,) (-DFL- E_S))","177",NA,NA," So.     *slash error","So/RB ./."
"119","sw05utt/sw_0553_3229.utt","3/sw3229",3229,118,"ba","A",73,1,"That sounds really good. /","[ That/DT ] sounds/VBZ really/RB good/JJ ./.","(S (NP-SBJ (DT That)) (VP (VBZ sounds) (ADJP-PRD (RB really) (JJ good))) (. .) (-DFL- E_S))","179",NA,NA,"That sounds really good. "," That/DT  sounds/VBZ really/RB good/JJ ./."
"120","sw05utt/sw_0553_3229.utt","3/sw3229",3229,119,"+","B",74,1,"{F Um. }  I'm sorry,  /","Um/UH ./.  [ I/PRP ] 'm/VBP sorry/JJ ,/,","(S (RB So) (. .) (INTJ (UH Um)) (. .) (NP-SBJ (PRP I)) (VP (VBP 'm) (ADJP-PRD (JJ sorry))) (, ,) (-DFL- E_S))","177",NA,NA," Um.   I'm sorry,  ","Um/UH ./.   I/PRP  'm/VBP sorry/JJ ,/,"
"121","sw05utt/sw_0553_3229.utt","3/sw3229",3229,120,"sd","B",74,2,"I  just love <laughter>, -/","[ I/PRP ] just/RB love/VB ,/,","(S (NP-SBJ (PRP I)) (ADVP (RB just)) (VP-UNF (VB love)) (, ,) (-DFL- N_S))","181",NA,NA,"I  just love laughter, "," I/PRP  just/RB love/VB ,/,"
"122","sw05utt/sw_0553_3229.utt","3/sw3229",3229,121,"sv","A",75,1,"<Laughter> It sounds like you guys are a little more gourmet than I am,  /","[ It/PRP ] sounds/VBZ like/IN  [ you/PRP ] [ guys/NNS ] are/VBP  [ a/DT little/RB more/JJR gourmet/NN ] than/IN  [ I/PRP ] am/VBP ,/,","(S (NP-SBJ (PRP It)) (VP (VBZ sounds) (SBAR (IN like) (S (NP-SBJ (PRP you) (NNS guys)) (VP (VBP are) (ADJP-PRD (ADJP (ADVP (NP (DT a) (RB little)) (JJR more)) (NN gourmet)) (SBAR (IN than) (S (NP-SBJ (PRP I)) (VP (VBP am) (ADJP-PRD (-NONE- *?*)))))))))) (, ,) (-DFL- E_S))","183",NA,NA,"Laughter It sounds like you guys are a little more gourmet than I am,  "," It/PRP  sounds/VBZ like/IN   you/PRP   guys/NNS  are/VBP   a/DT little/RB more/JJR gourmet/NN  than/IN   I/PRP  am/VBP ,/,"
"123","sw05utt/sw_0553_3229.utt","3/sw3229",3229,122,"sd","A",75,2,"I'm pretty simple right now,  /","[ I/PRP ] 'm/VBP pretty/RB  [ simple/NN ] right/RB now/RB ,/,","(S (NP-SBJ (PRP I)) (VP (VBP 'm) (ADJP-PRD (RB pretty) (NN simple)) (ADVP-TMP (RB right) (RB now))) (, ,) (-DFL- E_S))","184",NA,NA,"I'm pretty simple right now,  "," I/PRP  'm/VBP pretty/RB   simple/NN  right/RB now/RB ,/,"
"124","sw05utt/sw_0553_3229.utt","3/sw3229",3229,123,"%","A",75,3,"{C but. } -/","but/CC ./.","(S-UNF (CC but) (. .) (-DFL- N_S))","185",NA,NA," but.  ","but/CC ./."
"125","sw05utt/sw_0553_3229.utt","3/sw3229",3229,124,"sv","B",76,1,"{D Well, } maybe a little more leisure time --","Well/RB ,/, maybe/RB  [ a/DT little/RB more/JJR leisure/NN time/NN ] --/:","(FRAG (INTJ (RB Well)) (, ,) (ADVP (RB maybe)) (NP (NP (ADJP (NP-ADV (DT a) (RB little)) (JJR more)) (NN leisure) (NN time)) (SBAR (WHADVP-1 (-NONE- 0)) (S (NP-SBJ (-NONE- *)) (VP (TO to) (VP (VB do) (NP (PRP it)) (ADVP (-NONE- *T*-1))))))) (. .) (-DFL- E_S))","187",262.6905,262.9005," Well,  maybe a little more leisure time ","Well/RB ,/, maybe/RB   a/DT little/RB more/JJR leisure/NN time/NN  /:"
"126","sw05utt/sw_0553_3229.utt","3/sw3229",3229,125,"aa","A",77,1,"Yes -- /","Yes/UH --/:","(INTJ (UH Yes) (-DFL- E_S))","189",NA,NA,"Yes  ","Yes/UH /:"
"127","sw05utt/sw_0553_3229.utt","3/sw3229",3229,126,"+","B",78,1,"-- to do it.  /","--/: to/TO do/VB  [ it/PRP ] ./.","(FRAG (INTJ (RB Well)) (, ,) (ADVP (RB maybe)) (NP (NP (ADJP (NP-ADV (DT a) (RB little)) (JJR more)) (NN leisure) (NN time)) (SBAR (WHADVP-1 (-NONE- 0)) (S (NP-SBJ (-NONE- *)) (VP (TO to) (VP (VB do) (NP (PRP it)) (ADVP (-NONE- *T*-1))))))) (. .) (-DFL- E_S))","187",270.31675,270.52675," to do it.  ","/: to/TO do/VB   it/PRP  ./."
"128","sw05utt/sw_0553_3229.utt","3/sw3229",3229,127,"h","B",78,2,"I don't know, /","[ I/PRP ] do/VBP n't/RB know/VB ,/,","(S (NP-SBJ (PRP I)) (VP (VBP do) (RB n't) (VP (VB know))) (, ,) (-DFL- E_S))","191",270.31675,270.52675,"I don't know, "," I/PRP  do/VBP n't/RB know/VB ,/,"
"129","sw05utt/sw_0553_3229.utt","3/sw3229",3229,128,"aa","A",79,1,"-- [ that's probably, +  that's ] true,  /","--/:  [ that/DT ] 's/BES probably/RB ,/,  [ that/DT ] 's/BES true/JJ ,/,","(S (EDITED (RM (-DFL- \[)) (S (NP-SBJ (DT that)) (VP-UNF (BES 's) (ADVP (RB probably)))) (, ,) (IP (-DFL- \+))) (NP-SBJ (DT that)) (VP (BES 's) (RS (-DFL- \])) (ADJP-PRD (JJ true))) (, ,) (-DFL- E_S))","193",NA,NA,"  that's probably,   that's  true,  ","/:   that/DT  's/BES probably/RB ,/,   that/DT  's/BES true/JJ ,/,"
"130","sw05utt/sw_0553_3229.utt","3/sw3229",3229,129,"sd","A",79,2,"I have little ones  /","[ I/PRP ] have/VB  [ little/JJ ones/NNS ]","(S (NP-SBJ (PRP I)) (VP (VB have) (NP (JJ little) (NNS ones))) (-DFL- E_S))","194",NA,NA,"I have little ones  "," I/PRP  have/VB   little/JJ ones/NNS "
"131","sw05utt/sw_0553_3229.utt","3/sw3229",3229,130,"sd","A",79,3,"[ {C  and } we, +   {C and } they ] won't eat, {D you know, } too many different foods --","and/CC  [ we/PRP ] ,/, and/CC  [ they/PRP ] wo/MD n't/RB eat/VB ,/,  [ you/PRP ] know/VBP ,/,  [ too/RB many/JJ different/JJ foods/NNS ] --/:","(S (EDITED (RM (-DFL- \[)) (S-UNF (CC and) (NP-SBJ (PRP we))) (, ,) (IP (-DFL- \+))) (CC and) (NP-SBJ (PRP they)) (RS (-DFL- \])) (VP (MD wo) (RB n't) (VP (VB eat) (PRN (, ,) (S (NP-SBJ (PRP you)) (VP (VBP know))) (, ,)) (NP (ADJP (RB too) (JJ many)) (JJ different) (NNS foods)) (ADVP-TMP (RB right) (RB now)))) (. .) (-DFL- E_S))","195",NA,NA,"   and  we,     and  they  won't eat,  you know,  too many different foods ","and/CC   we/PRP  ,/, and/CC   they/PRP  wo/MD n't/RB eat/VB ,/,   you/PRP  know/VBP ,/,   too/RB many/JJ different/JJ foods/NNS  /:"
"132","sw05utt/sw_0553_3229.utt","3/sw3229",3229,131,"b","B",80,1,"Yeah. /","Yeah/UH ./.","(INTJ (UH Yeah) (. .) (-DFL- E_S))","197",NA,NA,"Yeah. ","Yeah/UH ./."
"133","sw05utt/sw_0553_3229.utt","3/sw3229",3229,132,"+","A",81,1,"-- right now. /","--/: right/RB now/RB ./.","(S (EDITED (RM (-DFL- \[)) (S-UNF (CC and) (NP-SBJ (PRP we))) (, ,) (IP (-DFL- \+))) (CC and) (NP-SBJ (PRP they)) (RS (-DFL- \])) (VP (MD wo) (RB n't) (VP (VB eat) (PRN (, ,) (S (NP-SBJ (PRP you)) (VP (VBP know))) (, ,)) (NP (ADJP (RB too) (JJ many)) (JJ different) (NNS foods)) (ADVP-TMP (RB right) (RB now)))) (. .) (-DFL- E_S))","195",NA,NA," right now. ","/: right/RB now/RB ./."
"134","sw05utt/sw_0553_3229.utt","3/sw3229",3229,133,"sd","B",82,1,"I found my kids were very frustrating when they were little --","[ I/PRP ] found/VBD  [ my/PRP$ kids/NNS ] were/VBD very/RB frustrating/JJ when/WRB  [ they/PRP ] were/VBD little/RB --/:","(S (NP-SBJ (PRP I)) (VP (VBD found) (SBAR (-NONE- 0) (S (NP-SBJ (PRP$ my) (NNS kids)) (VP (VBD were) (ADJP-PRD (RB very) (JJ frustrating)) (SBAR-TMP (WHADVP-1 (WRB when)) (S (NP-SBJ (PRP they)) (VP (VBD were) (ADJP-PRD (RB little)) (ADVP-TMP (-NONE- *T*-1))))) (PP (IN in) (NP (NP (NNS terms)) (PP (IN of) (NP (PRP$ their) (NNS tastes))))))))) (. .) (-DFL- E_S))","200",277.03525,277.29,"I found my kids were very frustrating when they were little "," I/PRP  found/VBD   my/PRP$ kids/NNS  were/VBD very/RB frustrating/JJ when/WRB   they/PRP  were/VBD little/RB /:"
"135","sw05utt/sw_0553_3229.utt","3/sw3229",3229,134,"aa","A",83,1,"<Laughter>  Yes. /","Yes/UH ./.","(INTJ (UH Yes) (. .) (-DFL- E_S))","202",NA,NA,"Laughter  Yes. ","Yes/UH ./."
"136","sw05utt/sw_0553_3229.utt","3/sw3229",3229,135,"+","B",84,1,"-- in terms of their tastes. /","--/: in/IN  [ terms/NNS ] of/IN  [ their/PRP$ tastes/NNS ] ./.","(S (NP-SBJ (PRP I)) (VP (VBD found) (SBAR (-NONE- 0) (S (NP-SBJ (PRP$ my) (NNS kids)) (VP (VBD were) (ADJP-PRD (RB very) (JJ frustrating)) (SBAR-TMP (WHADVP-1 (WRB when)) (S (NP-SBJ (PRP they)) (VP (VBD were) (ADJP-PRD (RB little)) (ADVP-TMP (-NONE- *T*-1))))) (PP (IN in) (NP (NP (NNS terms)) (PP (IN of) (NP (PRP$ their) (NNS tastes))))))))) (. .) (-DFL- E_S))","200",NA,NA," in terms of their tastes. ","/: in/IN   terms/NNS  of/IN   their/PRP$ tastes/NNS  ./."
"137","sw05utt/sw_0553_3229.utt","3/sw3229",3229,136,"b","A",85,1,"Yeah. /","Yeah/UH ./.","(INTJ (UH Yeah) (. .) (-DFL- E_S))","197",278.305625,278.656875,"Yeah. ","Yeah/UH ./."
"138","sw05utt/sw_0553_3229.utt","3/sw3229",3229,137,"sd","B",86,1,"{D Well, } there again, sometimes it was easy,  /","Well/RB ,/, there/RB again/RB ,/, sometimes/RB  [ it/PRP ] was/VBD easy/JJ ,/,","(S (INTJ (RB Well)) (, ,) (ADVP (RB there)) (ADVP (RB again)) (, ,) (ADVP-TMP (RB sometimes)) (NP-SBJ (PRP it)) (VP (VBD was) (ADJP-PRD (JJ easy))) (, ,) (-DFL- E_S))","207",NA,NA," Well,  there again, sometimes it was easy,  ","Well/RB ,/, there/RB again/RB ,/, sometimes/RB   it/PRP  was/VBD easy/JJ ,/,"
"139","sw05utt/sw_0553_3229.utt","3/sw3229",3229,138,"%","B",86,2,"they'd, {D you know, } - /","[ they/PRP ] 'd/MD ,/,  [ you/PRP ] know/VBP ,/,","(S (NP-SBJ (PRP they)) (VP-UNF (MD 'd) (PRN (, ,) (S (NP-SBJ (PRP you)) (VP (VBP know))))) (, ,) (-DFL- N_S))","208",NA,NA,"they'd,  you know,   "," they/PRP  'd/MD ,/,   you/PRP  know/VBP ,/,"
"140","sw05utt/sw_0553_3229.utt","3/sw3229",3229,139,"sd","B",86,3,"canned ravioli was,","canned/VBN  [ ravioli/NN ] was/VBD ,/,","(S (NP-SBJ (VBN canned) (NN ravioli)) (VP (VBD was) (, ,) (NP-PRD (NP (CD one)) (PP (IN of) (NP (PRP$ their) (NNS favorites))))) (, ,))","209",NA,NA,"canned ravioli was,","canned/VBN   ravioli/NN  was/VBD ,/,"
"141","sw05utt/sw_0553_3229.utt","3/sw3229.pos",3229,140,"x","A",87,1,"<Laughter>.","./.","","",NA,NA,"Laughter.","./."
"142","sw05utt/sw_0553_3229.utt","3/sw3229",3229,141,"+","B",88,1,"one of their favorites,  and so it was easy to --","[ one/CD ] of/IN  [ their/PRP$ favorites/NNS ] ,/, and/CC so/IN  [ it/PRP ] was/VBD easy/JJ to/TO --/:","(S (NP-SBJ (VBN canned) (NN ravioli)) (VP (VBD was) (, ,) (NP-PRD (NP (CD one)) (PP (IN of) (NP (PRP$ their) (NNS favorites))))) (, ,))|||(S (CONJP (CC and) (IN so)) (NP-SBJ (NP (PRP it)) (S (-NONE- *EXP*-1))) (VP (VBD was) (ADJP-PRD (JJ easy)) (S-1 (NP-SBJ (-NONE- *)) (VP (TO to) (VP (VB open) (NP (NP (DT a) (NN can)) (PP (IN of) (NP (NN ravioli)))))))) (. .) (-DFL- E_S))","209|||210",NA,NA,"one of their favorites,  and so it was easy to "," one/CD  of/IN   their/PRP$ favorites/NNS  ,/, and/CC so/IN   it/PRP  was/VBD easy/JJ to/TO /:"
"143","sw05utt/sw_0553_3229.utt","3/sw3229",3229,142,"b","A",89,1,"Yeah. /","Yeah/UH ./.","(INTJ (UH Yeah) (. .) (-DFL- E_S))","197",NA,NA,"Yeah. ","Yeah/UH ./."
"144","sw05utt/sw_0553_3229.utt","3/sw3229",3229,143,"+","B",90,1,"-- open a can of ravioli. /","--/: open/VB  [ a/DT can/NN ] of/IN  [ ravioli/NN ] ./.","(S (CONJP (CC and) (IN so)) (NP-SBJ (NP (PRP it)) (S (-NONE- *EXP*-1))) (VP (VBD was) (ADJP-PRD (JJ easy)) (S-1 (NP-SBJ (-NONE- *)) (VP (TO to) (VP (VB open) (NP (NP (DT a) (NN can)) (PP (IN of) (NP (NN ravioli)))))))) (. .) (-DFL- E_S))","210",NA,NA," open a can of ravioli. ","/: open/VB   a/DT can/NN  of/IN   ravioli/NN  ./."
"145","sw05utt/sw_0553_3229.utt","3/sw3229",3229,144,"sd","A",91,1,"Spaghetti's a pretty <laughter> staple every other week or so  <laughter> -- /","[ Spaghetti/NN ] 's/BES  [ a/DT pretty/RB staple/NN every/DT other/JJ week/NN ] or/CC so/RB --/:","(S (NP-SBJ (NN Spaghetti)) (VP (BES 's) (NP-PRD (DT a) (ADJP (RB pretty) (TYPO (NN staple))) (DT every) (JJ other) (NN week) (QP (CC or) (RB so)))) (-DFL- E_S))","217",287.9905,288.41775,"Spaghetti's a pretty laughter staple every other week or so  laughter  "," Spaghetti/NN  's/BES   a/DT pretty/RB staple/NN every/DT other/JJ week/NN  or/CC so/RB /:"
"146","sw05utt/sw_0553_3229.utt","3/sw3229",3229,145,"b","B",92,1,"Yes. /","Yes/UH ./.","(INTJ (UH Yes) (. .) (-DFL- E_S))","202",NA,NA,"Yes. ","Yes/UH ./."
"147","sw05utt/sw_0553_3229.utt","3/sw3229",3229,146,"sd","A",93,1,"-- {C and } it goes a long ways too.  /","--/: and/CC  [ it/PRP ] goes/VBZ  [ a/DT long/JJ ways/NNS ] too/RB ./.","(S (CC and) (NP-SBJ (PRP it)) (VP (VBZ goes) (NP-EXT (DT a) (JJ long) (NNS ways)) (ADVP (RB too))) (. .) (-DFL- E_S))","221",NA,NA,"  and  it goes a long ways too.  ","/: and/CC   it/PRP  goes/VBZ   a/DT long/JJ ways/NNS  too/RB ./."
"148","sw05utt/sw_0553_3229.utt","3/sw3229",3229,147,"%@","A",93,2,"{D So. }    *[[slash error]]","So/UH ./.","(INTJ (UH So) (. .))","222",NA,NA," So.     *slash error","So/UH ./."
"149","sw05utt/sw_0553_3229.utt","3/sw3229",3229,148,"fc","B",94,1,"{D Well, } nice talking to you Cheryl. /","Well/UH ,/, nice/JJ talking/VBG to/IN  [ you/PRP ] [ Cheryl/NNP ] ./.","(FRAG (INTJ (UH Well)) (, ,) (ADJP-PRD (JJ nice)) (S (NP-SBJ (-NONE- *)) (VP (VBG talking) (PP (IN to) (NP (PRP you))) (NP-VOC (NNP Cheryl)))) (. .) (-DFL- E_S))","225",NA,NA," Well,  nice talking to you Cheryl. ","Well/UH ,/, nice/JJ talking/VBG to/IN   you/PRP   Cheryl/NNP  ./."
"150","sw05utt/sw_0553_3229.utt","3/sw3229",3229,149,"+","A",95,1,"All righty. /","[ All/RB righty/JJ ] ./.","(INTJ (RB All) (JJ righty) (. .) (-DFL- E_S))","223",NA,NA,"All righty. "," All/RB righty/JJ  ./."
"151","sw05utt/sw_0553_3229.utt","3/sw3229",3229,150,"fc","B",96,1,"Okay.  /","Okay/UH ./.","(INTJ (UH Okay) (. .) (-DFL- E_S))","228",295.286125,296.397125,"Okay.  ","Okay/UH ./."
"152","sw05utt/sw_0553_3229.utt","3/sw3229",3229,151,"fc","A",97,1,"Talk to you later maybe. /","Talk/VB to/IN  [ you/PRP ] later/RB maybe/RB ./.","(VP (VB Talk) (PP (IN to) (NP (PRP you))) (ADVP-TMP (RB later)) (ADVP (RB maybe)) (. .) (-DFL- E_S))","230",NA,NA,"Talk to you later maybe. ","Talk/VB to/IN   you/PRP  later/RB maybe/RB ./."
"153","sw05utt/sw_0553_3229.utt","3/sw3229",3229,152,"fc","B",98,1,"Bye. /","[ Bye/UH ] ./.","(INTJ (UH Bye) (. .) (-DFL- E_S))","232",NA,NA,"Bye. "," Bye/UH  ./."
