"","swda_filename","ptb_basename","conversation_no","transcript_index","act_tag","caller","turn_index","subutterance_index","text","pos","trees","ptb_treenumbers","start_turn","end_turn","newtext","newpos"
"1","sw04utt/sw_0490_3246.utt","3/sw3246",3246,0,"qy","A",1,1,"Do you see anything wrong with public school systems? /","Do/VBP  [ you/PRP ] see/VB  [ anything/NN ] wrong/JJ with/IN  [ public/JJ school/NN systems/NNS ] ?/.","(SQ (VBP Do) (NP-SBJ (PRP you)) (VP (VB see) (NP (NP (NN anything)) (ADJP (JJ wrong) (PP (IN with) (NP (JJ public) (NN school) (NNS systems)))))) (. ?) (-DFL- E_S))","1",0.00975,2.31025,"Do you see anything wrong with public school systems? ","Do/VBP   you/PRP  see/VB   anything/NN  wrong/JJ with/IN   public/JJ school/NN systems/NNS  ?/."
"2","sw04utt/sw_0490_3246.utt","3/sw3246",3246,1,"ny","B",2,1,"{D Well, } yes,  /","Well/UH ,/, yes/UH ,/,","(INTJ (INTJ (UH Well)) (, ,) (INTJ (UH yes)) (, ,) (-DFL- E_S))","3",2.7385,19.83475," Well,  yes,  ","Well/UH ,/, yes/UH ,/,"
"3","sw04utt/sw_0490_3246.utt","3/sw3246",3246,2,"sd^e","B",2,2,"I do.  /","[ I/PRP ] do/VBP ./.","(S (NP-SBJ (PRP I)) (VP (VBP do)) (. .) (-DFL- E_S))","4",2.7385,19.83475,"I do.  "," I/PRP  do/VBP ./."
"4","sw04utt/sw_0490_3246.utt","3/sw3246",3246,3,"sd","B",2,3,"{F Um, } I think I'm concerned about the large number of children that each teacher is expected [ to, + to ] deal with in some quality way.  /","[ Um/UH ] ,/,  [ I/PRP ] think/VBP  [ I/PRP ] 'm/VBP concerned/JJ about/IN  [ the/DT large/JJ number/NN ] of/IN  [ children/NNS ] that/WDT  [ each/DT teacher/NN ] is/VBZ expected/VBN to/TO ,/, to/TO deal/VB with/IN in/IN  [ some/DT quality/NN way/NN ] ./.","(S (INTJ (UH Um)) (, ,) (NP-SBJ (PRP I)) (VP (VBP think) (SBAR (-NONE- 0) (S (NP-SBJ (PRP I)) (VP (VBP 'm) (ADJP-PRD (JJ concerned) (PP (IN about) (NP (NP (DT the) (JJ large) (NN number)) (PP (IN of) (NP (NNS children))) (SBAR (WHNP-2 (WDT that)) (S (NP-SBJ-1 (DT each) (NN teacher)) (VP (VBZ is) (VP (VBN expected) (S (NP-SBJ (-NONE- *-1)) (EDITED (RM (-DFL- \[)) (VP-UNF (TO to)) (, ,) (IP (-DFL- \+))) (VP (TO to) (RS (-DFL- \])) (VP (VB deal) (PP (IN with) (NP (-NONE- *T*-2))) (PP (IN in) (NP (DT some) (NN quality) (NN way))))))))))))))))) (. .) (-DFL- E_S))","5",2.7385,19.83475," Um,  I think I'm concerned about the large number of children that each teacher is expected  to,  to  deal with in some quality way.  "," Um/UH  ,/,   I/PRP  think/VBP   I/PRP  'm/VBP concerned/JJ about/IN   the/DT large/JJ number/NN  of/IN   children/NNS  that/WDT   each/DT teacher/NN  is/VBZ expected/VBN to/TO ,/, to/TO deal/VB with/IN in/IN   some/DT quality/NN way/NN  ./."
"5","sw04utt/sw_0490_3246.utt","3/sw3246",3246,4,"sv","B",2,4,"I think maybe we've given our teachers a almost impossible job. /","[ I/PRP ] think/VBP maybe/RB  [ we/PRP ] 've/VBP given/VBN  [ our/PRP$ teachers/NNS ] [ a/DT almost/RB impossible/JJ job/NN ] ./.","(S (NP-SBJ (PRP I)) (VP (VBP think) (SBAR (-NONE- 0) (S (ADVP (RB maybe)) (NP-SBJ (PRP we)) (VP (VBP 've) (VP (VBN given) (NP (PRP$ our) (NNS teachers)) (NP (DT a) (ADJP (RB almost) (JJ impossible)) (NN job))))))) (. .) (-DFL- E_S))","6",2.7385,19.83475,"I think maybe we've given our teachers a almost impossible job. "," I/PRP  think/VBP maybe/RB   we/PRP  've/VBP given/VBN   our/PRP$ teachers/NNS   a/DT almost/RB impossible/JJ job/NN  ./."
"6","sw04utt/sw_0490_3246.utt","3/sw3246",3246,5,"aa","A",3,1,"I agree. /","[ I/PRP ] agree/VBP ./.","(S (NP-SBJ (PRP I)) (VP (VBP agree)) (. .) (-DFL- E_S))","8",19.833,20.802375,"I agree. "," I/PRP  agree/VBP ./."
"7","sw04utt/sw_0490_3246.utt","3/sw3246",3246,6,"qy","B",4,1,"Do you?  /","Do/VBP  [ you/PRP ] ?/.","(SQ (VBP Do) (NP-SBJ (PRP you)) (. ?) (-DFL- E_S))","10",20.904,24.025375,"Do you?  ","Do/VBP   you/PRP  ?/."
"8","sw04utt/sw_0490_3246.utt","3/sw3246",3246,7,"qy","B",4,2,"Do you have children in the public school system? /","Do/VBP  [ you/PRP ] have/VB  [ children/NNS ] in/IN  [ the/DT public/JJ school/NN system/NN ] ?/.","(SQ (VBP Do) (NP-SBJ (PRP you)) (VP (VB have) (NP (NP (NNS children)) (PP (IN in) (NP (DT the) (JJ public) (NN school) (NN system))))) (. ?) (-DFL- E_S))","11",20.904,24.025375,"Do you have children in the public school system? ","Do/VBP   you/PRP  have/VB   children/NNS  in/IN   the/DT public/JJ school/NN system/NN  ?/."
"9","sw04utt/sw_0490_3246.utt","3/sw3246",3246,8,"ny","A",5,1,"Yes,  /","Yes/UH ,/,","(INTJ (UH Yes) (, ,) (-DFL- E_S))","13",23.825375,28.0225,"Yes,  ","Yes/UH ,/,"
"10","sw04utt/sw_0490_3246.utt","3/sw3246",3246,9,"sd^e","A",5,2,"{C and } I taught for fourteen years --","and/CC  [ I/PRP ] taught/VBD for/IN  [ fourteen/CD years/NNS ] --/:","(S (CC and) (NP-SBJ (PRP I)) (VP (VBD taught) (PP-TMP (IN for) (NP (CD fourteen) (NNS years))) (SBAR-TMP (IN before) (S (NP-SBJ (PRP we)) (VP (VBD moved) (PP-DIR (IN to) (NP (NNP Texas))))))) (, ,) (-DFL- E_S))","14",23.825375,28.0225," and  I taught for fourteen years ","and/CC   I/PRP  taught/VBD for/IN   fourteen/CD years/NNS  /:"
"11","sw04utt/sw_0490_3246.utt","3/sw3246",3246,10,"b","B",6,1,"Is that right. /","Is/VBZ  [ that/DT right/JJ ] ./.","(SQ (VBZ Is) (NP-SBJ (DT that)) (ADJP-PRD (JJ right)) (. .) (-DFL- E_S))","16",26.202875,27.034875,"Is that right. ","Is/VBZ   that/DT right/JJ  ./."
"12","sw04utt/sw_0490_3246.utt","3/sw3246",3246,11,"+","A",7,1,"-- before we moved to Texas,  /","--/: before/IN  [ we/PRP ] moved/VBD to/IN  [ Texas/NNP ] ,/,","(S (CC and) (NP-SBJ (PRP I)) (VP (VBD taught) (PP-TMP (IN for) (NP (CD fourteen) (NNS years))) (SBAR-TMP (IN before) (S (NP-SBJ (PRP we)) (VP (VBD moved) (PP-DIR (IN to) (NP (NNP Texas))))))) (, ,) (-DFL- E_S))","14",28.0225,45.035875," before we moved to Texas,  ","/: before/IN   we/PRP  moved/VBD to/IN   Texas/NNP  ,/,"
"13","sw04utt/sw_0490_3246.utt","3/sw3246",3246,12,"sd","A",7,2,"{C and } [ the, + the ] one thing I see is changing is I was held accountable so much  /","and/CC  [ the/DT ] ,/,  [ the/DT one/CD thing/NN ] [ I/PRP ] see/VBP is/VBZ changing/VBG is/VBZ  [ I/PRP ] was/VBD held/VBN  [ accountable/JJ ] so/RB much/RB","(S (CC and) (EDITED (RM (-DFL- \[)) (NP-SBJ-UNF (DT the)) (, ,) (IP (-DFL- \+))) (NP-SBJ (NP (DT the) (RS (-DFL- \])) (CD one) (NN thing)) (SBAR (WHNP-1 (-NONE- 0)) (S (NP-SBJ (PRP I)) (VP (VBP see) (SBAR (-NONE- 0) (S (NP-SBJ (-NONE- *T*-1)) (VP (VBZ is) (VP (VBG changing))))))))) (VP (VBZ is) (SBAR-PRD (-NONE- 0) (S (NP-SBJ-2 (PRP I)) (VP (VBD was) (VP (VBN held) (S (NP-SBJ (-NONE- *-2)) (ADJP-PRD (JJ accountable))) (ADVP (RB so) (RB much))))))) (-DFL- E_S))","18",28.0225,45.035875," and   the,  the  one thing I see is changing is I was held accountable so much  ","and/CC   the/DT  ,/,   the/DT one/CD thing/NN   I/PRP  see/VBP is/VBZ changing/VBG is/VBZ   I/PRP  was/VBD held/VBN   accountable/JJ  so/RB much/RB"
"14","sw04utt/sw_0490_3246.utt","3/sw3246",3246,13,"sd","A",7,3,"I had to document and create a paper chase for all of my students,  /","[ I/PRP ] had/VBD to/TO document/VB and/CC create/VB  [ a/DT paper/NN chase/NN ] for/IN  [ all/DT ] of/IN  [ my/PRP$ students/NNS ] ,/,","(S (NP-SBJ-1 (PRP I)) (VP (VBD had) (S (NP-SBJ (-NONE- *-1)) (VP (TO to) (VP (VP (VB document)) (CC and) (VP (VB create) (NP (NP (DT a) (NN paper) (NN chase)) (PP (IN for) (NP (NP (DT all)) (PP (IN of) (NP (PRP$ my) (NNS students))))))))))) (, ,) (-DFL- E_S))","19",28.0225,45.035875,"I had to document and create a paper chase for all of my students,  "," I/PRP  had/VBD to/TO document/VB and/CC create/VB   a/DT paper/NN chase/NN  for/IN   all/DT  of/IN   my/PRP$ students/NNS  ,/,"
"15","sw04utt/sw_0490_3246.utt","3/sw3246",3246,14,"sd","A",7,4,"{C and } instead of spending my time coming up with creative learning stations and things like that I was filling out all these forms --","and/CC instead/IN of/IN spending/VBG  [ my/PRP$ time/NN ] coming/VBG up/RP with/IN  [ creative/JJ learning/NN stations/NNS ] and/CC  [ things/NNS ] like/IN that/DT  [ I/PRP ] was/VBD filling/VBG out/RP  [ all/PDT these/DT forms/NNS ] --/:","(S (CC and) (PP (IN instead) (IN of) (S-NOM (NP-SBJ-1 (-NONE- *)) (VP (VBG spending) (NP (PRP$ my) (NN time)) (S-ADV (NP-SBJ (-NONE- *-1)) (VP (VBG coming) (PRT (RP up)) (PP (IN with) (NP (NP (JJ creative) (NN learning) (NNS stations)) (CC and) (NP (NP (NNS things)) (PP (IN like) (NP (DT that))))))))))) (NP-SBJ (PRP I)) (VP (VBD was) (VP (VBG filling) (PRT (RP out)) (NP (NP (PDT all) (DT these) (NNS forms)) (PP (IN for) (NP (PDT all) (DT the) (NNS children)))))) (-DFL- E_S))","20",28.0225,45.035875," and  instead of spending my time coming up with creative learning stations and things like that I was filling out all these forms ","and/CC instead/IN of/IN spending/VBG   my/PRP$ time/NN  coming/VBG up/RP with/IN   creative/JJ learning/NN stations/NNS  and/CC   things/NNS  like/IN that/DT   I/PRP  was/VBD filling/VBG out/RP   all/PDT these/DT forms/NNS  /:"
"16","sw04utt/sw_0490_3246.utt","3/sw3246",3246,15,"bf","B",8,1,"You were a bookkeeper <laughter>. /","[ You/PRP ] were/VBD  [ a/DT bookkeeper/NN ] ./.","(S (NP-SBJ (PRP You)) (VP (VBD were) (NP-PRD (DT a) (NN bookkeeper))) (. .) (-DFL- E_S))","22",42.609875,43.78775,"You were a bookkeeper laughter. "," You/PRP  were/VBD   a/DT bookkeeper/NN  ./."
"17","sw04utt/sw_0490_3246.utt","3/sw3246",3246,16,"+","A",9,1,"-- for all the children -- /","--/: for/IN  [ all/PDT the/DT children/NNS ] --/:","(S (CC and) (PP (IN instead) (IN of) (S-NOM (NP-SBJ-1 (-NONE- *)) (VP (VBG spending) (NP (PRP$ my) (NN time)) (S-ADV (NP-SBJ (-NONE- *-1)) (VP (VBG coming) (PRT (RP up)) (PP (IN with) (NP (NP (JJ creative) (NN learning) (NNS stations)) (CC and) (NP (NP (NNS things)) (PP (IN like) (NP (DT that))))))))))) (NP-SBJ (PRP I)) (VP (VBD was) (VP (VBG filling) (PRT (RP out)) (NP (NP (PDT all) (DT these) (NNS forms)) (PP (IN for) (NP (PDT all) (DT the) (NNS children)))))) (-DFL- E_S))","20",NA,NA," for all the children  ","/: for/IN   all/PDT the/DT children/NNS  /:"
"18","sw04utt/sw_0490_3246.utt","3/sw3246",3246,17,"b","B",10,1,"Oh. /","Oh/UH ./.","(INTJ (UH Oh) (. .) (-DFL- E_S))","25",45.09425,45.816875,"Oh. ","Oh/UH ./."
"19","sw04utt/sw_0490_3246.utt","3/sw3246",3246,18,"sd","A",11,1,"-- everything had to be documented,  /","--/:  [ everything/NN ] had/VBD to/TO be/VB documented/VBN ,/,","(S (NP-SBJ-1 (NN everything)) (VP (VBD had) (S (NP-SBJ-2 (-NONE- *-1)) (VP (TO to) (VP (VB be) (VP (VBN documented) (NP (-NONE- *-2))))))) (, ,) (-DFL- E_S))","27",45.27025,52.14325," everything had to be documented,  ","/:   everything/NN  had/VBD to/TO be/VB documented/VBN ,/,"
"20","sw04utt/sw_0490_3246.utt","3/sw3246",3246,19,"sd","A",11,2,"{C and } I had file cabinets that weren't filled with neat stuff for kids,  /","and/CC  [ I/PRP ] had/VBD  [ file/NN cabinets/NNS ] [ that/WDT ] were/VBD n't/RB filled/JJ with/IN  [ neat/JJ stuff/NN ] for/IN  [ kids/NNS ] ,/,","(S (CC and) (NP-SBJ (PRP I)) (VP (VBD had) (NP (NP (NN file) (NNS cabinets)) (SBAR (WHNP-1 (WDT that)) (S (NP-SBJ (-NONE- *T*-1)) (VP (VBD were) (RB n't) (ADJP-PRD (JJ filled) (PP (IN with) (NP (NP (JJ neat) (NN stuff)) (PP (IN for) (NP (NNS kids))))))))))) (, ,) (-DFL- E_S))","28",45.27025,52.14325," and  I had file cabinets that weren't filled with neat stuff for kids,  ","and/CC   I/PRP  had/VBD   file/NN cabinets/NNS   that/WDT  were/VBD n't/RB filled/JJ with/IN   neat/JJ stuff/NN  for/IN   kids/NNS  ,/,"
"21","sw04utt/sw_0490_3246.utt","3/sw3246",3246,20,"sd","A",11,3,"it was filled with documentation -- /","[ it/PRP ] was/VBD filled/JJ with/IN  [ documentation/NN ] --/:","(S (NP-SBJ (PRP it)) (VP (VBD was) (ADJP-PRD (JJ filled) (PP (IN with) (NP (NN documentation))))) (-DFL- E_S))","29",45.27025,52.14325,"it was filled with documentation  "," it/PRP  was/VBD filled/JJ with/IN   documentation/NN  /:"
"22","sw04utt/sw_0490_3246.utt","3/sw3246",3246,21,"ba","B",12,1,"{F Oh, } no. /","Oh/UH ,/, no/UH ./.","(INTJ (INTJ (UH Oh)) (, ,) (INTJ (UH no)) (. .) (-DFL- E_S))","31",51.672,53.767," Oh,  no. ","Oh/UH ,/, no/UH ./."
"23","sw04utt/sw_0490_3246.utt","3/sw3246",3246,22,"aa","A",13,1,"-- yes. /","--/: yes/UH ./.","(INTJ (UH yes) (. .) (-DFL- E_S))","33",52.72725,53.313875," yes. ","/: yes/UH ./."
"24","sw04utt/sw_0490_3246.utt","3/sw3246",3246,23,"sd","B",14,1,"{D Well, } {F um, } [ I'm, + I have ] three years toward a teaching degree and am trying to get headed back,  /","Well/UH ,/, um/UH ,/,  [ I/PRP ] 'm/VBP ,/,  [ I/PRP ] have/VBP  [ three/CD years/NNS ] toward/IN  [ a/DT teaching/NN degree/NN ] and/CC am/VBP trying/VBG to/TO get/VB headed/VBN  [ back/RB ] ,/,","(S (INTJ (UH Well)) (, ,) (INTJ (UH um)) (, ,) (EDITED (RM (-DFL- \[)) (S (NP-SBJ (PRP I)) (VP-UNF (VBP 'm))) (, ,) (IP (-DFL- \+))) (NP-SBJ-1 (PRP I)) (VP (VP (VBP have) (RS (-DFL- \])) (NP (NP (CD three) (NNS years)) (PP (IN toward) (NP (DT a) (NN teaching) (NN degree))))) (CC and) (VP (VBP am) (VP (VBG trying) (S (NP-SBJ-2 (-NONE- *-1)) (VP (TO to) (VP (VB get) (VP (VBN headed) (NP (-NONE- *-2)) (ADVP (RB back))))))))) (, ,) (-DFL- E_S))","35",53.767,66.30725," Well,   um,   I'm,  I have  three years toward a teaching degree and am trying to get headed back,  ","Well/UH ,/, um/UH ,/,   I/PRP  'm/VBP ,/,   I/PRP  have/VBP   three/CD years/NNS  toward/IN   a/DT teaching/NN degree/NN  and/CC am/VBP trying/VBG to/TO get/VB headed/VBN   back/RB  ,/,"
"25","sw04utt/sw_0490_3246.utt","3/sw3246",3246,24,"sd","B",14,2,"[ {C and, } + {C and } ] I'm just really in a dilemma if that's what, {D you know, } - /","and/CC ,/, and/CC  [ I/PRP ] 'm/VBP just/RB really/RB in/IN  [ a/DT dilemma/NN ] if/IN  [ that/DT ] 's/BES  [ what/WP ] ,/,  [ you/PRP ] know/VBP ,/,","(S (EDITED (RM (-DFL- \[)) (CC and) (, ,) (IP (-DFL- \+))) (CC and) (RS (-DFL- \])) (NP-SBJ (PRP I)) (VP (VBP 'm) (ADVP (RB just)) (ADVP (RB really)) (PP-PRD (IN in) (NP (DT a) (NN dilemma) (SBAR (IN if) (S (NP-SBJ (DT that)) (VP (BES 's) (SBAR-NOM-PRD-UNF (WHNP (WP what)) (PRN (, ,) (S (NP-SBJ (PRP you)) (VP (VBP know))))))))))) (, ,) (-DFL- N_S))","36",53.767,66.30725,"  and,    and   I'm just really in a dilemma if that's what,  you know,   ","and/CC ,/, and/CC   I/PRP  'm/VBP just/RB really/RB in/IN   a/DT dilemma/NN  if/IN   that/DT  's/BES   what/WP  ,/,   you/PRP  know/VBP ,/,"
"26","sw04utt/sw_0490_3246.utt","3/sw3246",3246,25,"sd","B",14,3,"I love to work with children and --","[ I/PRP ] love/VBP to/TO work/VB with/IN  [ children/NNS ] and/CC --/:","(S (NP-SBJ-1 (PRP I)) (VP (VBP love) (S (NP-SBJ (-NONE- *-1)) (VP (VP (TO to) (VP (VB work) (PP (IN with) (NP (NNS children))))) (CC and) (VP (TO to) (VP (VB teach) (NP (PRP them))))))) (, ,) (-DFL- E_S))","37",53.767,66.30725,"I love to work with children and "," I/PRP  love/VBP to/TO work/VB with/IN   children/NNS  and/CC /:"
"27","sw04utt/sw_0490_3246.utt","3/sw3246",3246,26,"sd","A",15,1,"Me, too. /","[ Me/PRP ] ,/, too/RB ./.","(FRAG (NP (PRP Me)) (, ,) (ADVP (RB too)) (. .) (-DFL- E_S))","39",65.27775,66.077,"Me, too. "," Me/PRP  ,/, too/RB ./."
"28","sw04utt/sw_0490_3246.utt","3/sw3246",3246,27,"+","B",16,1,"-- to teach them,  /","--/: to/TO teach/VB  [ them/PRP ] ,/,","(S (NP-SBJ-1 (PRP I)) (VP (VBP love) (S (NP-SBJ (-NONE- *-1)) (VP (VP (TO to) (VP (VB work) (PP (IN with) (NP (NNS children))))) (CC and) (VP (TO to) (VP (VB teach) (NP (PRP them))))))) (, ,) (-DFL- E_S))","37",66.30725,77.901875," to teach them,  ","/: to/TO teach/VB   them/PRP  ,/,"
"29","sw04utt/sw_0490_3246.utt","3/sw3246",3246,28,"sd","B",16,2,"{C but } I'm really having questions [ if, + if ] I can deal with that system [ and, + and ] have a good conscience about, {D you know, } what I do.  /","but/CC  [ I/PRP ] 'm/VBP really/RB having/VBG  [ questions/NNS ] if/IN ,/, if/IN  [ I/PRP ] can/MD deal/VB with/IN  [ that/DT system/NN ] and/CC ,/, and/CC have/VB  [ a/DT good/JJ conscience/NN ] about/IN ,/,  [ you/PRP ] know/VBP ,/,  [ what/WP ] [ I/PRP ] do/VBP ./.","(S (CC but) (NP-SBJ (PRP I)) (VP (VBP 'm) (ADVP (RB really)) (VP (VBG having) (NP (NNS questions) (EDITED (RM (-DFL- \[)) (SBAR-UNF (IN if)) (, ,) (IP (-DFL- \+))) (SBAR (IN if) (RS (-DFL- \])) (S (NP-SBJ (PRP I)) (VP (MD can) (VP (VP (VB deal) (PP (IN with) (NP (DT that) (NN system)))) (EDITED (RM (-DFL- \[)) (CC and) (, ,) (IP (-DFL- \+))) (CC and) (RS (-DFL- \])) (VP (VB have) (NP (NP (DT a) (JJ good) (NN conscience)) (PP (IN about) (PRN (, ,) (S (NP-SBJ (PRP you)) (VP (VBP know))) (, ,)) (SBAR-NOM (WHNP-1 (WP what)) (S (NP-SBJ (PRP I)) (VP (VBP do) (NP (-NONE- *T*-1))))))))))))))) (. .) (-DFL- E_S))","41",66.30725,77.901875," but  I'm really having questions  if,  if  I can deal with that system  and,  and  have a good conscience about,  you know,  what I do.  ","but/CC   I/PRP  'm/VBP really/RB having/VBG   questions/NNS  if/IN ,/, if/IN   I/PRP  can/MD deal/VB with/IN   that/DT system/NN  and/CC ,/, and/CC have/VB   a/DT good/JJ conscience/NN  about/IN ,/,   you/PRP  know/VBP ,/,   what/WP   I/PRP  do/VBP ./."
"30","sw04utt/sw_0490_3246.utt","3/sw3246",3246,29,"sv","B",16,3,"[ I don't think, + I don't think ] it's the teachers,  /","[ I/PRP ] do/VBP n't/RB think/VB ,/,  [ I/PRP ] do/VBP n't/RB think/VB  [ it/PRP ] 's/BES  [ the/DT teachers/NNS ] ,/,","(S (EDITED (RM (-DFL- \[)) (S (NP-SBJ (PRP I)) (VP (VBP do) (RB n't) (VP-UNF (VB think)))) (, ,) (IP (-DFL- \+))) (NP-SBJ (PRP I)) (VP (VBP do) (RB n't) (VP (VB think) (RS (-DFL- \])) (SBAR (-NONE- 0) (S (NP-SBJ (PRP it)) (VP (BES 's) (NP-PRD (DT the) (NNS teachers))))))) (, ,) (-DFL- E_S))","42",66.30725,77.901875," I don't think,  I don't think  it's the teachers,  "," I/PRP  do/VBP n't/RB think/VB ,/,   I/PRP  do/VBP n't/RB think/VB   it/PRP  's/BES   the/DT teachers/NNS  ,/,"
"31","sw04utt/sw_0490_3246.utt","3/sw3246",3246,30,"sv","B",16,4,"I think it's the system -- /","[ I/PRP ] think/VBP  [ it/PRP ] 's/BES  [ the/DT system/NN ] --/:","(S (NP-SBJ (PRP I)) (VP (VBP think) (SBAR (-NONE- 0) (S (NP-SBJ (PRP it)) (VP (BES 's) (NP-PRD (DT the) (NN system)))))) (-DFL- E_S))","43",66.30725,77.901875,"I think it's the system  "," I/PRP  think/VBP   it/PRP  's/BES   the/DT system/NN  /:"
"32","sw04utt/sw_0490_3246.utt","3/sw3246",3246,31,"aa","A",17,1,"I think so too. /","[ I/PRP ] think/VBP so/RB too/RB ./.","(S (NP-SBJ (PRP I)) (VP (VBP think) (ADVP (RB so)) (ADVP (RB too))) (. .) (-DFL- E_S))","45",77.919875,78.99725,"I think so too. "," I/PRP  think/VBP so/RB too/RB ./."
"33","sw04utt/sw_0490_3246.utt","3/sw3246",3246,32,"%","B",18,1,"-- {C but, }  {F um. } -/","--/: but/CC ,/, um/UH ./.","(S-UNF (CC but) (, ,) (INTJ (UH um)) (. .) (-DFL- N_S))","47",77.901875,78.358875,"  but,    um.  ","/: but/CC ,/, um/UH ./."
"34","sw04utt/sw_0490_3246.utt","3/sw3246",3246,33,"sv","A",19,1,"They're so worried about lawsuits and the scores the children get on tests now --","[ They/PRP ] 're/VBP so/RB worried/JJ about/IN  [ lawsuits/NNS ] and/CC  [ the/DT scores/NNS ] [ the/DT children/NNS ] get/VBP on/IN  [ tests/NNS ] now/RB --/:","(S (NP-SBJ (PRP They)) (VP (VBP 're) (ADJP-PRD (RB so) (JJ worried) (PP (IN about) (NP (NP (NNS lawsuits)) (CC and) (NP (NP (DT the) (NNS scores)) (SBAR (WHNP-1 (-NONE- 0)) (S (NP-SBJ (DT the) (NNS children)) (VP (VBP get) (NP (-NONE- *T*-1)) (PP (IN on) (NP (NNS tests))))))) (NAC (-NONE- *ICH*-2))))) (ADVP-TMP (RB now)) (NAC-2 (CC and) (NP (NN teacher) (NN competency))) (PRN (, ,) (S (NP-SBJ (PRP you)) (VP (VBP know))))) (, ,) (-DFL- E_S))","49",80.24,88.412875,"They're so worried about lawsuits and the scores the children get on tests now "," They/PRP  're/VBP so/RB worried/JJ about/IN   lawsuits/NNS  and/CC   the/DT scores/NNS   the/DT children/NNS  get/VBP on/IN   tests/NNS  now/RB /:"
"35","sw04utt/sw_0490_3246.utt","3/sw3246",3246,34,"b","B",20,1,"Right. /","[ Right/UH ] ./.","(INTJ (UH Right) (. .) (-DFL- E_S))","51",85.13425,85.954625,"Right. "," Right/UH  ./."
"36","sw04utt/sw_0490_3246.utt","3/sw3246",3246,35,"+","A",21,1,"-- and teacher competency, {D you know, }  /","--/: and/CC  [ teacher/NN competency/NN ] ,/,  [ you/PRP ] know/VBP ,/,","(S (NP-SBJ (PRP They)) (VP (VBP 're) (ADJP-PRD (RB so) (JJ worried) (PP (IN about) (NP (NP (NNS lawsuits)) (CC and) (NP (NP (DT the) (NNS scores)) (SBAR (WHNP-1 (-NONE- 0)) (S (NP-SBJ (DT the) (NNS children)) (VP (VBP get) (NP (-NONE- *T*-1)) (PP (IN on) (NP (NNS tests))))))) (NAC (-NONE- *ICH*-2))))) (ADVP-TMP (RB now)) (NAC-2 (CC and) (NP (NN teacher) (NN competency))) (PRN (, ,) (S (NP-SBJ (PRP you)) (VP (VBP know))))) (, ,) (-DFL- E_S))","49",88.412875,94.122125," and teacher competency,  you know,   ","/: and/CC   teacher/NN competency/NN  ,/,   you/PRP  know/VBP ,/,"
"37","sw04utt/sw_0490_3246.utt","3/sw3246",3246,36,"sv","A",21,2,"{C and } it's not like the teacher can just get in there and do her best,  /","and/CC  [ it/PRP ] 's/BES not/RB like/IN  [ the/DT teacher/NN ] can/MD just/RB get/VB in/IN there/RB and/CC do/VB  [ her/PRP ] best/NN ,/,","(S (CC and) (NP-SBJ (PRP it)) (VP (BES 's) (RB not) (SBAR-ADV-PRD (IN like) (S (NP-SBJ (DT the) (NN teacher)) (VP (MD can) (ADVP (RB just)) (VP (VP (VB get) (PP (IN in) (ADVP (RB there)))) (CC and) (VP (VB do) (NP (PRP her) (NN best)))))))) (, ,) (-DFL- E_S))","53",88.412875,94.122125," and  it's not like the teacher can just get in there and do her best,  ","and/CC   it/PRP  's/BES not/RB like/IN   the/DT teacher/NN  can/MD just/RB get/VB in/IN there/RB and/CC do/VB   her/PRP  best/NN ,/,"
"38","sw04utt/sw_0490_3246.utt","3/sw3246",3246,37,"sv","A",21,3,"she's always worried who's looking over her shoulder  /","[ she/PRP ] 's/BES always/RB worried/JJ  [ who/WP 's/BES ] looking/VBG over/IN  [ her/PRP$ shoulder/NN ]","(S (NP-SBJ (PRP she)) (VP (BES 's) (ADVP-TMP (RB always)) (ADJP-PRD (JJ worried) (SBAR (WHNP-1 (WP who)) (S (NP-SBJ (-NONE- *T*-1)) (VP (BES 's) (VP (VBG looking) (PP-DIR (IN over) (NP (PRP$ her) (NN shoulder))))))))) (-DFL- E_S))","54",88.412875,94.122125,"she's always worried who's looking over her shoulder  "," she/PRP  's/BES always/RB worried/JJ   who/WP 's/BES  looking/VBG over/IN   her/PRP$ shoulder/NN "
"39","sw04utt/sw_0490_3246.utt","3/sw3246",3246,38,"%","A",21,4,"{C and, } -/","and/CC ,/,","(S-UNF (CC and) (, ,) (-DFL- N_S))","55",88.412875,94.122125," and,  ","and/CC ,/,"
"40","sw04utt/sw_0490_3246.utt","3/sw3246",3246,39,"sv","B",22,1,"What child's going to say something --","[ What/WP child/NN ] 's/BES going/VBG to/TO say/VB  [ something/NN ] --/:","(SBAR (WHNP-1 (WP What) (NN child)) (S (NP-SBJ-2 (-NONE- *T*-1)) (VP (BES 's) (VP (VBG going) (S (NP-SBJ (-NONE- *-2)) (VP (TO to) (VP (VB say) (NP (NP (NN something)) (SBAR (WHNP-4 (-NONE- 0)) (S (NP-SBJ-3 (DT some) (NN parent)) (VP (BES 's) (VP (VBG going) (S (NP-SBJ (-NONE- *-3)) (VP (TO to) (VP (VB overreact) (PP (IN to) (NP (-NONE- *T*-4))))))))))))))))) (-DFL- E_S))","57",94.641875,98.486625,"What child's going to say something "," What/WP child/NN  's/BES going/VBG to/TO say/VB   something/NN  /:"
"41","sw04utt/sw_0490_3246.utt","3/sw3246",3246,40,"aa","A",23,1,"That's right. /","[ That/DT ] 's/BES right/JJ ./.","(S (NP-SBJ (DT That)) (VP (BES 's) (ADJP-PRD (JJ right))) (. .) (-DFL- E_S))","59",96.011375,96.66675,"That's right. "," That/DT  's/BES right/JJ ./."
"42","sw04utt/sw_0490_3246.utt","3/sw3246",3246,41,"+","B",24,1,"-- some parent's going to overreact to -- /","--/:  [ some/DT parent/NN ] 's/BES going/VBG to/TO overreact/VB to/IN --/:","(SBAR (WHNP-1 (WP What) (NN child)) (S (NP-SBJ-2 (-NONE- *T*-1)) (VP (BES 's) (VP (VBG going) (S (NP-SBJ (-NONE- *-2)) (VP (TO to) (VP (VB say) (NP (NP (NN something)) (SBAR (WHNP-4 (-NONE- 0)) (S (NP-SBJ-3 (DT some) (NN parent)) (VP (BES 's) (VP (VBG going) (S (NP-SBJ (-NONE- *-3)) (VP (TO to) (VP (VB overreact) (PP (IN to) (NP (-NONE- *T*-4))))))))))))))))) (-DFL- E_S))","57",NA,NA," some parent's going to overreact to  ","/:   some/DT parent/NN  's/BES going/VBG to/TO overreact/VB to/IN /:"
"43","sw04utt/sw_0490_3246.utt","3/sw3246",3246,42,"aa","A",25,1,"I know. /","[ I/PRP ] know/VBP ./.","(S (NP-SBJ (PRP I)) (VP (VBP know)) (. .) (-DFL- E_S))","62",98.5235,99.182375,"I know. "," I/PRP  know/VBP ./."
"44","sw04utt/sw_0490_3246.utt","3/sw3246",3246,43,"aa","B",26,1,"-- [ that's, + that's ] true.   /","--/:  [ that/DT ] 's/BES ,/,  [ that/DT ] 's/BES true/JJ ./.","(S (EDITED (RM (-DFL- \[)) (S (NP-SBJ (DT that)) (VP-UNF (BES 's))) (, ,) (IP (-DFL- \+))) (NP-SBJ (DT that)) (VP (BES 's) (RS (-DFL- \])) (ADJP-PRD (JJ true))) (. .) (-DFL- E_S))","64",98.486625,111.413,"  that's,  that's  true.   ","/:   that/DT  's/BES ,/,   that/DT  's/BES true/JJ ./."
"45","sw04utt/sw_0490_3246.utt","3/sw3246",3246,44,"sv","B",26,2,"{D Well, } [ it's, + it's ] hard on the children too,  /","Well/UH ,/,  [ it/PRP ] 's/BES ,/,  [ it/PRP ] 's/BES hard/JJ on/IN  [ the/DT children/NNS ] too/RB ,/,","(S (INTJ (UH Well)) (, ,) (EDITED (RM (-DFL- \[)) (S (NP-SBJ (PRP it)) (VP-UNF (BES 's))) (, ,) (IP (-DFL- \+))) (NP-SBJ (PRP it)) (VP (BES 's) (RS (-DFL- \])) (ADJP-PRD (JJ hard) (PP (IN on) (NP (DT the) (NNS children)))) (ADVP (RB too)) (, ,) (-DFL- E_S) (PRN (S (NP-SBJ (PRP I)) (VP (VBP think)))) (PRN (, ,) (S (NP-SBJ (PRP you)) (VP (VBP know))) (, ,)) (SBAR-PRP (IN because) (S (EDITED (RM (-DFL- \[)) (NP-SBJ-UNF (DT the)) (, ,) (IP (-DFL- \+))) (INTJ (UH um)) (, ,) (NP-SBJ (DT the) (RS (-DFL- \])) (NNS teachers)) (VP (VBP are) (ADJP-PRD (JJ overworked)))))) (-DFL- E_S))","65",98.486625,111.413," Well,   it's,  it's  hard on the children too,  ","Well/UH ,/,   it/PRP  's/BES ,/,   it/PRP  's/BES hard/JJ on/IN   the/DT children/NNS  too/RB ,/,"
"46","sw04utt/sw_0490_3246.utt","3/sw3246",3246,45,"sv","B",26,3,"I think, {D you know, } because [ the, + {F um, } the ] teachers are overworked  /","[ I/PRP ] think/VBP ,/,  [ you/PRP ] know/VBP ,/, because/IN  [ the/DT ] ,/, um/UH ,/,  [ the/DT teachers/NNS ] are/VBP overworked/JJ","(S (INTJ (UH Well)) (, ,) (EDITED (RM (-DFL- \[)) (S (NP-SBJ (PRP it)) (VP-UNF (BES 's))) (, ,) (IP (-DFL- \+))) (NP-SBJ (PRP it)) (VP (BES 's) (RS (-DFL- \])) (ADJP-PRD (JJ hard) (PP (IN on) (NP (DT the) (NNS children)))) (ADVP (RB too)) (, ,) (-DFL- E_S) (PRN (S (NP-SBJ (PRP I)) (VP (VBP think)))) (PRN (, ,) (S (NP-SBJ (PRP you)) (VP (VBP know))) (, ,)) (SBAR-PRP (IN because) (S (EDITED (RM (-DFL- \[)) (NP-SBJ-UNF (DT the)) (, ,) (IP (-DFL- \+))) (INTJ (UH um)) (, ,) (NP-SBJ (DT the) (RS (-DFL- \])) (NNS teachers)) (VP (VBP are) (ADJP-PRD (JJ overworked)))))) (-DFL- E_S))","65",98.486625,111.413,"I think,  you know,  because  the,   um,  the  teachers are overworked  "," I/PRP  think/VBP ,/,   you/PRP  know/VBP ,/, because/IN   the/DT  ,/, um/UH ,/,   the/DT teachers/NNS  are/VBP overworked/JJ"
"47","sw04utt/sw_0490_3246.utt","3/sw3246",3246,46,"sv","B",26,4,"{C and } just like a mommy that's overworked --","and/CC just/RB like/IN  [ a/DT mommy/NNP ] [ that/WDT ] 's/BES overworked/JJ --/:","(S (CC and) (PP (ADVP (RB just)) (IN like) (NP (NP (DT a) (NNP mommy)) (SBAR (WHNP-1 (WDT that)) (S (NP-SBJ (-NONE- *T*-1)) (VP (BES 's) (ADJP-PRD (JJ overworked))))))) (NP-SBJ (PRP you)) (VP (VBP 're) (RB not) (PP-PRD (IN at) (NP (PRP$ your) (JJS best))) (PRN (, ,) (S (NP-SBJ (PRP you)) (VP (VBP know))) (, ,)) (INTJ (UH um))) (. .) (-DFL- E_S))","66",98.486625,111.413," and  just like a mommy that's overworked ","and/CC just/RB like/IN   a/DT mommy/NNP   that/WDT  's/BES overworked/JJ /:"
"48","sw04utt/sw_0490_3246.utt","3/sw3246",3246,47,"aa","A",27,1,"That's right. /","[ That/DT ] 's/BES right/JJ ./.","(S (NP-SBJ (DT That)) (VP (BES 's) (ADJP-PRD (JJ right))) (. .) (-DFL- E_S))","59",109.03925,109.914125,"That's right. "," That/DT  's/BES right/JJ ./."
"49","sw04utt/sw_0490_3246.utt","3/sw3246",3246,48,"+","B",28,1,"-- you're not at your best, {D you know, }  {F um. } /","--/:  [ you/PRP ] 're/VBP not/RB at/IN  [ your/PRP$ best/JJS ] ,/,  [ you/PRP ] know/VBP ,/, um/UH ./.","(S (CC and) (PP (ADVP (RB just)) (IN like) (NP (NP (DT a) (NNP mommy)) (SBAR (WHNP-1 (WDT that)) (S (NP-SBJ (-NONE- *T*-1)) (VP (BES 's) (ADJP-PRD (JJ overworked))))))) (NP-SBJ (PRP you)) (VP (VBP 're) (RB not) (PP-PRD (IN at) (NP (PRP$ your) (JJS best))) (PRN (, ,) (S (NP-SBJ (PRP you)) (VP (VBP know))) (, ,)) (INTJ (UH um))) (. .) (-DFL- E_S))","66",NA,NA," you're not at your best,  you know,    um.  ","/:   you/PRP  're/VBP not/RB at/IN   your/PRP$ best/JJS  ,/,   you/PRP  know/VBP ,/, um/UH ./."
"50","sw04utt/sw_0490_3246.utt","3/sw3246",3246,49,"qy","A",29,1,"Do you have children in the system? /","Do/VBP  [ you/PRP ] have/VB  [ children/NNS ] in/IN  [ the/DT system/NN ] ?/.","(SQ (VBP Do) (NP-SBJ (PRP you)) (VP (VB have) (NP (NP (NNS children)) (PP (IN in) (NP (DT the) (NN system))))) (. ?) (-DFL- E_S))","71",111.872625,113.30475,"Do you have children in the system? ","Do/VBP   you/PRP  have/VB   children/NNS  in/IN   the/DT system/NN  ?/."
"51","sw04utt/sw_0490_3246.utt","3/sw3246",3246,50,"na","B",30,1,"I have two,  /","[ I/PRP ] have/VBP  [ two/CD ] ,/,","(S (NP-SBJ (PRP I)) (VP (VBP have) (NP (CD two))) (, ,) (-DFL- E_S))","73",113.450625,121.72775,"I have two,  "," I/PRP  have/VBP   two/CD  ,/,"
"52","sw04utt/sw_0490_3246.utt","3/sw3246",3246,51,"na","B",30,2,"I have, in the system - /","[ I/PRP ] have/VBP ,/, in/IN  [ the/DT system/NN","(S (NP-SBJ (PRP I)) (VP-UNF (VBP have) (, ,) (PP (IN in) (NP (DT the) (NN system)))) (-DFL- N_S))","74",113.450625,121.72775,"I have, in the system  "," I/PRP  have/VBP ,/, in/IN   the/DT system/NN"
"53","sw04utt/sw_0490_3246.utt","3/sw3246",3246,52,"sd","B",30,3,"one is in ninth grade  /","one/CD ] is/VBZ in/IN  [ ninth/JJ grade/NN ]","(S (NP-SBJ (CD one)) (VP (VBZ is) (PP-PRD (IN in) (NP (JJ ninth) (NN grade)))) (-DFL- E_S))","75",113.450625,121.72775,"one is in ninth grade  ","one/CD  is/VBZ in/IN   ninth/JJ grade/NN "
"54","sw04utt/sw_0490_3246.utt","3/sw3246",3246,53,"sd","B",30,4,"{C and } one is in seventh grade,  /","and/CC  [ one/CD ] is/VBZ in/IN  [ seventh/JJ grade/NN ] ,/,","(S (CC and) (NP-SBJ (CD one)) (VP (VBZ is) (PP-PRD (IN in) (NP (JJ seventh) (NN grade)))) (, ,) (-DFL- E_S))","76",113.450625,121.72775," and  one is in seventh grade,  ","and/CC   one/CD  is/VBZ in/IN   seventh/JJ grade/NN  ,/,"
"55","sw04utt/sw_0490_3246.utt","3/sw3246",3246,54,"%","B",30,5,"{C and } them, - /","and/CC  [ them/PRP ] ,/,","(S (CONJP (CC and) (TYPO (PRP them))) (, ,) (-DFL- N_S) (INTJ (UH um)) (, ,) (NP-SBJ (PRP I)) (VP (VBP 'm) (VP (GW home) (^VBG schooling) (NP (PRP$ my) (NN kindergartner)) (NP-TMP (DT this) (NN year)))) (. .) (-DFL- E_S))","77",113.450625,121.72775," and  them,  ","and/CC   them/PRP  ,/,"
"56","sw04utt/sw_0490_3246.utt","3/sw3246",3246,55,"sd","B",30,6,"{F um, } I'm home schooling my kindergartner this year. /","um/UH ,/,  [ I/PRP ] 'm/VBP  [ home/GW ] schooling/^VBG  [ my/PRP$ kindergartner/NN ] [ this/DT year/NN ] ./.","(S (CONJP (CC and) (TYPO (PRP them))) (, ,) (-DFL- N_S) (INTJ (UH um)) (, ,) (NP-SBJ (PRP I)) (VP (VBP 'm) (VP (GW home) (^VBG schooling) (NP (PRP$ my) (NN kindergartner)) (NP-TMP (DT this) (NN year)))) (. .) (-DFL- E_S))","77",113.450625,121.72775," um,  I'm home schooling my kindergartner this year. ","um/UH ,/,   I/PRP  'm/VBP   home/GW  schooling/^VBG   my/PRP$ kindergartner/NN   this/DT year/NN  ./."
"57","sw04utt/sw_0490_3246.utt","3/sw3246",3246,56,"bk","A",31,1,"Oh. /","Oh/UH ./.","(INTJ (UH Oh) (. .) (-DFL- E_S))","79",121.6025,122.26875,"Oh. ","Oh/UH ./."
"58","sw04utt/sw_0490_3246.utt","3/sw3246",3246,57,"sd","B",32,1,"We, {F um, } live in a district that has open classrooms,  /","[ We/PRP ] ,/, um/UH ,/, live/VBP in/IN  [ a/DT district/NN ] [ that/WDT ] has/VBZ  [ open/JJ classrooms/NNS ] ,/,","(S (NP-SBJ (PRP We)) (, ,) (INTJ (UH um)) (, ,) (VP (VBP live) (PP-LOC (IN in) (NP (NP (DT a) (NN district)) (SBAR (WHNP-1 (WDT that)) (S (NP-SBJ (-NONE- *T*-1)) (VP (VBZ has) (NP (JJ open) (NNS classrooms)))))))) (, ,) (-DFL- E_S))","81",122.28425,128.060625,"We,  um,  live in a district that has open classrooms,  "," We/PRP  ,/, um/UH ,/, live/VBP in/IN   a/DT district/NN   that/WDT  has/VBZ   open/JJ classrooms/NNS  ,/,"
"59","sw04utt/sw_0490_3246.utt","3/sw3246",3246,58,"sd","B",32,2,"{C and } I wasn't particularly comfortable with that for her. /","and/CC  [ I/PRP ] was/VBD n't/RB particularly/RB comfortable/JJ with/IN  [ that/DT ] for/IN  [ her/PRP ] ./.","(S (CC and) (NP-SBJ (PRP I)) (VP (VBD was) (RB n't) (ADJP-PRD (RB particularly) (JJ comfortable) (PP (IN with) (NP (DT that)))) (PP (IN for) (NP (PRP her)))) (. .) (-DFL- E_S))","82",122.28425,128.060625," and  I wasn't particularly comfortable with that for her. ","and/CC   I/PRP  was/VBD n't/RB particularly/RB comfortable/JJ with/IN   that/DT  for/IN   her/PRP  ./."
"60","sw04utt/sw_0490_3246.utt","3/sw3246",3246,59,"b","A",33,1,"Yep.  /","[ Yep/UH ] ./.","(INTJ (UH Yep) (. .) (-DFL- E_S))","84",128.1085,129.620625,"Yep.  "," Yep/UH  ./."
"61","sw04utt/sw_0490_3246.utt","3/sw3246",3246,60,"qy","A",33,2,"Are you in Plano? /","[ Are/VBP you/PRP ] in/IN  [ Plano/NNP ] ?/.","(SQ (VBP Are) (NP-SBJ (PRP you)) (PP-LOC-PRD (IN in) (NP (NNP Plano))) (. ?) (-DFL- E_S))","85",128.1085,129.620625,"Are you in Plano? "," Are/VBP you/PRP  in/IN   Plano/NNP  ?/."
"62","sw04utt/sw_0490_3246.utt","3/sw3246",3246,61,"ny","B",34,1,"Yes. /","Yes/UH ./.","(INTJ (UH Yes) (. .) (-DFL- E_S))","87",129.439,130.007125,"Yes. ","Yes/UH ./."
"63","sw04utt/sw_0490_3246.utt","3/sw3246",3246,62,"b","A",35,1,"Yep,  /","[ Yep/UH ] ,/,","(INTJ (UH Yep) (, ,) (-DFL- E_S))","89",129.8315,131.083125,"Yep,  "," Yep/UH  ,/,"
"64","sw04utt/sw_0490_3246.utt","3/sw3246",3246,63,"sd","A",35,2,"I am too. /","[ I/PRP ] am/VBP too/RB ./.","(S (NP-SBJ (PRP I)) (VP (VBP am) (PP-LOC-PRD (-NONE- *?*)) (ADVP (RB too))) (. .) (-DFL- E_S))","90",129.8315,131.083125,"I am too. "," I/PRP  am/VBP too/RB ./."
"65","sw04utt/sw_0490_3246.utt","3/sw3246",3246,64,"b","B",36,1,"You too. /","[ You/PRP ] too/RB ./.","(FRAG (NP (PRP You)) (ADVP (RB too)) (. .) (-DFL- E_S))","92",130.365,131.02025,"You too. "," You/PRP  too/RB ./."
"66","sw04utt/sw_0490_3246.utt","3/sw3246",3246,65,"sd","A",37,1,"{C And } I have one in ninth grade at Clark  /","And/CC  [ I/PRP ] have/VBP  [ one/CD ] in/IN  [ ninth/JJ grade/NN ] at/IN  [ Clark/NNP ]","(S (CC And) (NP-SBJ (PRP I)) (VP (VBP have) (NP (NP (NP (CD one)) (PP (IN in) (NP (JJ ninth) (NN grade))) (PP-LOC (IN at) (NP (NNP Clark)))) (-DFL- E_S) (CC and) (NP (NP (CD one)) (PP-LOC (IN at) (NP (NNP Hendrick))))) (NP-TMP (DT this) (NN year))) (, ,) (-DFL- E_S))","94",131.083125,145.53975," And  I have one in ninth grade at Clark  ","And/CC   I/PRP  have/VBP   one/CD  in/IN   ninth/JJ grade/NN  at/IN   Clark/NNP "
"67","sw04utt/sw_0490_3246.utt","3/sw3246",3246,66,"sd","A",37,2,"{C and } one at Hendrick this year,  /","and/CC  [ one/CD ] at/IN  [ Hendrick/NNP ] [ this/DT year/NN ] ,/,","(S (CC And) (NP-SBJ (PRP I)) (VP (VBP have) (NP (NP (NP (CD one)) (PP (IN in) (NP (JJ ninth) (NN grade))) (PP-LOC (IN at) (NP (NNP Clark)))) (-DFL- E_S) (CC and) (NP (NP (CD one)) (PP-LOC (IN at) (NP (NNP Hendrick))))) (NP-TMP (DT this) (NN year))) (, ,) (-DFL- E_S))","94",131.083125,145.53975," and  one at Hendrick this year,  ","and/CC   one/CD  at/IN   Hendrick/NNP   this/DT year/NN  ,/,"
"68","sw04utt/sw_0490_3246.utt","3/sw3246",3246,67,"sd","A",37,3,"{C and } [ [ he, + my nin-, ] + my, {F uh, } sixth grader ] came from an open classroom at Matthews,  /","and/CC  [ he/PRP ] ,/,  [ my/PRP$ nin/JJ ] ,/,  [ my/PRP$ ] ,/,  [ uh/UH ] ,/,  [ sixth/JJ grader/NN ] came/VBD from/IN  [ an/DT open/JJ classroom/NN ] at/IN  [ Matthews/NNP ] ,/,","(S (CC and) (EDITED (RM (-DFL- \[)) (EDITED (RM (-DFL- \[)) (NP-SBJ (PRP he)) (, ,) (IP (-DFL- \+))) (NP-SBJ-UNF (PRP$ my) (JJ nin-)) (, ,) (RS (-DFL- \])) (IP (-DFL- \+))) (NP-SBJ (PRP$ my) (, ,) (INTJ (UH uh)) (, ,) (JJ sixth) (NN grader)) (RS (-DFL- \])) (VP (VBD came) (PP (IN from) (NP (NP (DT an) (JJ open) (NN classroom)) (PP-LOC (IN at) (NP (NNP Matthews)))))) (, ,) (-DFL- E_S))","95",131.083125,145.53975," and    he,  my nin,   my,  uh,  sixth grader  came from an open classroom at Matthews,  ","and/CC   he/PRP  ,/,   my/PRP$ nin/JJ  ,/,   my/PRP$  ,/,   uh/UH  ,/,   sixth/JJ grader/NN  came/VBD from/IN   an/DT open/JJ classroom/NN  at/IN   Matthews/NNP  ,/,"
"69","sw04utt/sw_0490_3246.utt","3/sw3246",3246,68,"sd","A",37,4,"{C and } the very first year I taught back in seventy-three, we had open classroom  /","and/CC  [ the/DT very/RB first/JJ year/NN ] [ I/PRP ] taught/VBD back/RB in/IN  [ seventy-three/CD ] ,/,  [ we/PRP ] had/VBD  [ open/JJ classroom/NN ]","(S (CC and) (NP-TMP (NP (DT the) (ADJP (RB very) (JJ first)) (NN year)) (SBAR (WHADVP-1 (-NONE- 0)) (S (NP-SBJ (PRP I)) (VP (VBD taught) (ADVP-TMP (-NONE- *T*-1)))))) (PP-TMP (ADVP (RB back)) (IN in) (NP (CD seventy-three))) (, ,) (NP-SBJ (PRP we)) (VP (VBD had) (NP (JJ open) (NN classroom))) (-DFL- E_S))","96",131.083125,145.53975," and  the very first year I taught back in seventythree, we had open classroom  ","and/CC   the/DT very/RB first/JJ year/NN   I/PRP  taught/VBD back/RB in/IN   seventythree/CD  ,/,   we/PRP  had/VBD   open/JJ classroom/NN "
"70","sw04utt/sw_0490_3246.utt","3/sw3246",3246,69,"sd","A",37,5,"{C and } it didn't work then -- /","and/CC  [ it/PRP ] did/VBD n't/RB  [ work/VB ] then/RB --/:","(S (CC and) (NP-SBJ (PRP it)) (VP (VBD did) (RB n't) (VP (VB work) (ADVP-TMP (RB then)))) (-DFL- E_S))","97",131.083125,145.53975," and  it didn't work then  ","and/CC   it/PRP  did/VBD n't/RB   work/VB  then/RB /:"
"71","sw04utt/sw_0490_3246.utt","3/sw3246",3246,70,"b","B",38,1,"Oh. /","Oh/UH ./.","(INTJ (UH Oh) (. .) (-DFL- E_S))","79",145.518375,146.471125,"Oh. ","Oh/UH ./."
"72","sw04utt/sw_0490_3246.utt","3/sw3246",3246,71,"sd","A",39,1,"-- {C and } when we moved down here, I was just appalled that they were still doing --","--/: and/CC when/WRB  [ we/PRP ] moved/VBD down/IN here/RB ,/,  [ I/PRP ] was/VBD just/RB appalled/VBN that/IN  [ they/PRP ] were/VBD still/RB doing/VBG --/:","(S (CC and) (SBAR-TMP (WHADVP-1 (WRB when)) (S (NP-SBJ (PRP we)) (VP (VBD moved) (PP-DIR (IN down) (ADVP (RB here))) (ADVP-TMP (-NONE- *T*-1))))) (, ,) (NP-SBJ (PRP I)) (VP (VBD was) (ADVP (RB just)) (ADJP-PRD (VBN appalled) (SBAR (IN that) (S (NP-SBJ (PRP they)) (VP (VBD were) (ADVP-TMP (RB still)) (VP (VBG doing) (NP (PRP it)) (ADVP-LOC (RB here)))))))) (, ,) (-DFL- E_S))","101",145.920125,150.552125,"  and  when we moved down here, I was just appalled that they were still doing ","/: and/CC when/WRB   we/PRP  moved/VBD down/IN here/RB ,/,   I/PRP  was/VBD just/RB appalled/VBN that/IN   they/PRP  were/VBD still/RB doing/VBG /:"
"73","sw04utt/sw_0490_3246.utt","3/sw3246",3246,72,"b","B",40,1,"Still at it. /","Still/RB at/IN  [ it/PRP ] ./.","(FRAG (ADVP-TMP (RB Still)) (PP (IN at) (NP (PRP it))) (. .) (-DFL- E_S))","103",149.3025,150.308125,"Still at it. ","Still/RB at/IN   it/PRP  ./."
"74","sw04utt/sw_0490_3246.utt","3/sw3246",3246,73,"+","A",41,1,"-- it here, /","--/:  [ it/PRP ] here/RB ,/,","(S (CC and) (SBAR-TMP (WHADVP-1 (WRB when)) (S (NP-SBJ (PRP we)) (VP (VBD moved) (PP-DIR (IN down) (ADVP (RB here))) (ADVP-TMP (-NONE- *T*-1))))) (, ,) (NP-SBJ (PRP I)) (VP (VBD was) (ADVP (RB just)) (ADJP-PRD (VBN appalled) (SBAR (IN that) (S (NP-SBJ (PRP they)) (VP (VBD were) (ADVP-TMP (RB still)) (VP (VBG doing) (NP (PRP it)) (ADVP-LOC (RB here)))))))) (, ,) (-DFL- E_S))","101",NA,NA," it here, ","/:   it/PRP  here/RB ,/,"
"75","sw04utt/sw_0490_3246.utt","3/sw3246",3246,74,"sd","B",42,1,"{D Well } the explanation <noise> I [ was, + was ] given about, {D you know, } - /","Well/UH  [ the/DT explanation/NN ] [ I/PRP ] was/VBD ,/, was/VBD given/VBN about/IN ,/,  [ you/PRP ] know/VBP ,/,","(S-UNF (INTJ (UH Well)) (NP-SBJ (NP (DT the) (NN explanation)) (SBAR (WHNP-1 (-NONE- 0)) (S (NP-SBJ-2 (PRP I)) (EDITED (RM (-DFL- \[)) (VP-UNF (VBD was)) (, ,) (IP (-DFL- \+))) (VP (VBD was) (RS (-DFL- \])) (VP (VBN given) (NP (-NONE- *-2)) (NP (-NONE- *T*-1)))))) (PP-UNF (IN about) (PRN (, ,) (S (NP-SBJ (PRP you)) (VP (VBP know)))))) (, ,) (-DFL- N_S))","106",151.087125,167.89," Well  the explanation noise I  was,  was  given about,  you know,   ","Well/UH   the/DT explanation/NN   I/PRP  was/VBD ,/, was/VBD given/VBN about/IN ,/,   you/PRP  know/VBP ,/,"
"76","sw04utt/sw_0490_3246.utt","3/sw3246",3246,75,"sd","B",42,2,"[ they, + they ] seemed to admit that it wasn't working,  /","[ they/PRP ] ,/,  [ they/PRP ] seemed/VBD to/TO admit/VB that/IN  [ it/PRP ] was/VBD n't/RB working/VBG ,/,","(S (EDITED (RM (-DFL- \[)) (NP-SBJ (PRP they)) (, ,) (IP (-DFL- \+))) (NP-SBJ-1 (PRP they)) (RS (-DFL- \])) (VP (VBD seemed) (S (NP-SBJ (-NONE- *-1)) (VP (TO to) (VP (VB admit) (SBAR (IN that) (S (NP-SBJ (PRP it)) (VP (VBD was) (RB n't) (VP (VBG working))))))))) (, ,) (-DFL- E_S))","107",151.087125,167.89," they,  they  seemed to admit that it wasn't working,  "," they/PRP  ,/,   they/PRP  seemed/VBD to/TO admit/VB that/IN   it/PRP  was/VBD n't/RB working/VBG ,/,"
"77","sw04utt/sw_0490_3246.utt","3/sw3246",3246,76,"sd","B",42,3,"{C but } they didn't have the money to restructure,  /","but/CC  [ they/PRP ] did/VBD n't/RB have/VB  [ the/DT money/NN ] to/TO  [ restructure/VB ] ,/,","(S (CC but) (NP-SBJ (PRP they)) (VP (VBD did) (RB n't) (VP (VB have) (NP (NP (DT the) (NN money)) (SBAR-PRP (WHADVP-1 (-NONE- 0)) (S (NP-SBJ (-NONE- *)) (VP (TO to) (VP (VB restructure) (ADVP (-NONE- *T*-1))))))))) (, ,) (-DFL- E_S))","108",151.087125,167.89," but  they didn't have the money to restructure,  ","but/CC   they/PRP  did/VBD n't/RB have/VB   the/DT money/NN  to/TO   restructure/VB  ,/,"
"78","sw04utt/sw_0490_3246.utt","3/sw3246",3246,77,"sv","B",42,4,"{C but } looks to me that it wouldn't take really that much money to at least come up with, {E I mean, } some kind of partitions --","but/CC looks/VBZ to/IN  [ me/PRP ] that/IN  [ it/PRP ] would/MD n't/RB take/VB really/RB that/RB  [ much/JJ money/NN ] to/TO at/IN  [ least/JJS ] come/VBN up/RP with/IN ,/,  [ I/PRP ] mean/VBP ,/,  [ some/DT kind/NN ] of/IN  [ partitions/NNS ] --/:","(S (CC but) (NP-SBJ (-NONE- *)) (VP (VBZ looks) (PP (IN to) (NP (PRP me))) (SBAR (IN that) (S (NP-SBJ (PRP it)) (VP (MD would) (RB n't) (VP (VB take) (ADVP (RB really)) (NP (ADJP (RB that) (JJ much)) (NN money)) (S-PRP (NP-SBJ (-NONE- *)) (VP (TO to) (ADVP (IN at) (JJS least)) (VP (VBN come) (PRT (RP up)) (PP (IN with) (PRN (, ,) (S (NP-SBJ (PRP I)) (VP (VBP mean))) (, ,)) (NP (NP (DT some) (NN kind)) (PP (IN of) (NP (NNS partitions)))))))))))) (PRN (S (NP-SBJ (PRP you)) (VP (VBP know))))) (, ,) (-DFL- E_S))","109",151.087125,167.89," but  looks to me that it wouldn't take really that much money to at least come up with,  I mean,  some kind of partitions ","but/CC looks/VBZ to/IN   me/PRP  that/IN   it/PRP  would/MD n't/RB take/VB really/RB that/RB   much/JJ money/NN  to/TO at/IN   least/JJS  come/VBN up/RP with/IN ,/,   I/PRP  mean/VBP ,/,   some/DT kind/NN  of/IN   partitions/NNS  /:"
"79","sw04utt/sw_0490_3246.utt","3/sw3246",3246,78,"b","A",43,1,"Partitions -- /","[ Partitions/NNS ] --/:","(NP (NNS Partitions) (-DFL- E_S))","111",166.807625,167.51375,"Partitions  "," Partitions/NNS  /:"
"80","sw04utt/sw_0490_3246.utt","3/sw3246",3246,79,"+","B",44,1,"-- {D you know, } /","--/:  [ you/PRP ] know/VBP ,/,","(S-UNF (INTJ (UH Well)) (NP-SBJ (NP (DT the) (NN explanation)) (SBAR (WHNP-1 (-NONE- 0)) (S (NP-SBJ-2 (PRP I)) (EDITED (RM (-DFL- \[)) (VP-UNF (VBD was)) (, ,) (IP (-DFL- \+))) (VP (VBD was) (RS (-DFL- \])) (VP (VBN given) (NP (-NONE- *-2)) (NP (-NONE- *T*-1)))))) (PP-UNF (IN about) (PRN (, ,) (S (NP-SBJ (PRP you)) (VP (VBP know)))))) (, ,) (-DFL- N_S))","106",NA,NA,"  you know,  ","/:   you/PRP  know/VBP ,/,"
"81","sw04utt/sw_0490_3246.utt","3/sw3246",3246,80,"sv","A",45,1,"-- or just to face the children different directions  or to do something -- /","--/: or/CC just/RB to/TO face/VB  [ the/DT children/NNS different/JJ directions/NNS ] or/CC to/TO do/VB  [ something/NN ] --/:","(FRAG (CC or) (ADVP (RB just)) (S-PRP (NP-SBJ (-NONE- *)) (VP (VP (TO to) (VP (VB face) (NP (DT the) (NNS children)) (NP-ADV (JJ different) (NNS directions)))) (CC or) (VP (TO to) (VP (VB do) (NP (NN something)))))) (-DFL- E_S))","114",167.51375,171.058125," or just to face the children different directions  or to do something  ","/: or/CC just/RB to/TO face/VB   the/DT children/NNS different/JJ directions/NNS  or/CC to/TO do/VB   something/NN  /:"
"82","sw04utt/sw_0490_3246.utt","3/sw3246",3246,81,"%","B",46,1,"Just, - /","Just/RB ,/,","(ADVP (RB Just) (, ,) (-DFL- N_S))","116",170.83125,171.923625,"Just,  ","Just/RB ,/,"
"83","sw04utt/sw_0490_3246.utt","3/sw3246",3246,82,"%","B",46,2,"yeah. /","yeah/UH ./.","(INTJ (UH yeah) (. .) (-DFL- E_S))","117",170.83125,171.923625,"yeah. ","yeah/UH ./."
"84","sw04utt/sw_0490_3246.utt","3/sw3246",3246,83,"sd","A",47,1,"-- I know last year my son had to eat in the classroom because there was no cafeteria at his school -- /","--/:  [ I/PRP ] know/VBP  [ last/JJ year/NN my/PRP$ son/NN ] had/VBD to/TO eat/VB in/IN  [ the/DT classroom/NN ] because/IN  [ there/EX ] was/VBD  [ no/DT cafeteria/NN ] at/IN  [ his/PRP$ school/NN ] --/:","(S (NP-SBJ (PRP I)) (VP (VBP know) (SBAR (-NONE- 0) (S (NP-TMP (JJ last) (NN year)) (NP-SBJ-1 (PRP$ my) (NN son)) (VP (VBD had) (S (NP-SBJ (-NONE- *-1)) (VP (TO to) (VP (VB eat) (PP-LOC (IN in) (NP (DT the) (NN classroom))) (SBAR-PRP (IN because) (S (NP-SBJ (EX there)) (VP (VBD was) (NP-PRD (DT no) (NN cafeteria)) (PP-LOC (IN at) (NP (PRP$ his) (NN school))))))))))))) (-DFL- E_S))","119",171.8235,176.7405," I know last year my son had to eat in the classroom because there was no cafeteria at his school  ","/:   I/PRP  know/VBP   last/JJ year/NN my/PRP$ son/NN  had/VBD to/TO eat/VB in/IN   the/DT classroom/NN  because/IN   there/EX  was/VBD   no/DT cafeteria/NN  at/IN   his/PRP$ school/NN  /:"
"85","sw04utt/sw_0490_3246.utt","3/sw3246",3246,84,"ba","B",48,1,"{F Oh, } goodness. /","Oh/UH ,/,  [ goodness/UH ] ./.","(INTJ (INTJ (UH Oh)) (, ,) (INTJ (UH goodness)) (. .) (-DFL- E_S))","121",176.52,177.34075," Oh,  goodness. ","Oh/UH ,/,   goodness/UH  ./."
"86","sw04utt/sw_0490_3246.utt","3/sw3246",3246,85,"sd","A",49,1,"-- {C so } he spent all day --","--/: so/RB  [ he/PRP ] spent/VBD  [ all/DT day/NN ] --/:","(S (RB so) (NP-SBJ (PRP he)) (VP (VBD spent) (NP (DT all) (NN day)) (PP-LOC (IN in) (NP (DT this) (CD one) (JJ large) (JJ open) (NN area)))) (, ,) (-DFL- E_S))","123",177.207625,181.63075,"  so  he spent all day ","/: so/RB   he/PRP  spent/VBD   all/DT day/NN  /:"
"87","sw04utt/sw_0490_3246.utt","3/sw3246",3246,86,"b","B",50,1,"Oh. /","Oh/UH ./.","(INTJ (UH Oh) (. .) (-DFL- E_S))","99",179.43175,179.99675,"Oh. ","Oh/UH ./."
"88","sw04utt/sw_0490_3246.utt","3/sw3246",3246,87,"+","A",51,1,"-- in this one large open area,  /","--/: in/IN  [ this/DT one/CD large/JJ open/JJ area/NN ] ,/,","(S (RB so) (NP-SBJ (PRP he)) (VP (VBD spent) (NP (DT all) (NN day)) (PP-LOC (IN in) (NP (DT this) (CD one) (JJ large) (JJ open) (NN area)))) (, ,) (-DFL- E_S))","123",182.332125,188.527125," in this one large open area,  ","/: in/IN   this/DT one/CD large/JJ open/JJ area/NN  ,/,"
"89","sw04utt/sw_0490_3246.utt","3/sw3246",3246,88,"sd","A",51,2,"{C so, } I didn't really care for that.  /","so/RB ,/,  [ I/PRP ] did/VBD n't/RB really/RB  [ care/VB ] for/IN  [ that/DT ] ./.","(S (RB so) (, ,) (NP-SBJ (PRP I)) (VP (VBD did) (RB n't) (ADVP (RB really)) (VP (VB care) (PP (IN for) (NP (DT that))))) (. .) (-DFL- E_S))","127",182.332125,188.527125," so,  I didn't really care for that.  ","so/RB ,/,   I/PRP  did/VBD n't/RB really/RB   care/VB  for/IN   that/DT  ./."
"90","sw04utt/sw_0490_3246.utt","3/sw3246",3246,89,"sd","A",51,3,"It seems like the schools in Michigan were much better than they are down here. /","[ It/PRP ] seems/VBZ like/IN  [ the/DT schools/NNS ] in/IN  [ Michigan/NNP ] were/VBD much/RB better/JJR than/IN  [ they/PRP ] are/VBP down/IN here/RB ./.","(S (NP-SBJ (PRP It)) (VP (VBZ seems) (SBAR (IN like) (S (NP-SBJ (NP (DT the) (NNS schools)) (PP-LOC (IN in) (NP (NNP Michigan)))) (VP (VBD were) (ADJP-PRD (ADJP (RB much) (JJR better)) (SBAR (IN than) (S (NP-SBJ (PRP they)) (VP (VBP are) (ADJP-PRD (-NONE- *?*)) (PP-LOC (IN down) (ADVP (RB here))))))))))) (. .) (-DFL- E_S))","128",182.332125,188.527125,"It seems like the schools in Michigan were much better than they are down here. "," It/PRP  seems/VBZ like/IN   the/DT schools/NNS  in/IN   Michigan/NNP  were/VBD much/RB better/JJR than/IN   they/PRP  are/VBP down/IN here/RB ./."
"91","sw04utt/sw_0490_3246.utt","3/sw3246",3246,90,"bh","B",52,1,"Were they? /","[ Were/VBD ] [ they/PRP ] ?/.","(SQ (VBD Were) (NP-SBJ (PRP they)) (ADJP-PRD (-NONE- *?*)) (. ?) (-DFL- E_S))","130",188.406,189.065375,"Were they? "," Were/VBD   they/PRP  ?/."
"92","sw04utt/sw_0490_3246.utt","3/sw3246",3246,91,"sd","A",53,1,"That was our last tour, in Michigan. /","[ That/DT ] was/VBD  [ our/PRP$ last/JJ tour/NN ] ,/, in/IN  [ Michigan/NNP ] ./.","(S (NP-SBJ (DT That)) (VP (VBD was) (NP-PRD (PRP$ our) (JJ last) (NN tour)) (, ,) (PP-LOC (IN in) (NP (NNP Michigan)))) (. .) (-DFL- E_S))","132",189.202875,191.60875,"That was our last tour, in Michigan. "," That/DT  was/VBD   our/PRP$ last/JJ tour/NN  ,/, in/IN   Michigan/NNP  ./."
"93","sw04utt/sw_0490_3246.utt","3/sw3246",3246,92,"sd","B",54,1,"{D Well, } we were from North, {F um, } Carolina,  /","Well/UH ,/,  [ we/PRP ] were/VBD from/IN  [ North/NNP ] ,/, um/UH ,/,  [ Carolina/NNP ] ,/,","(S (INTJ (UH Well)) (, ,) (NP-SBJ (PRP we)) (VP (VBD were) (PP-PRD (IN from) (NP (NNP North) (, ,) (INTJ (UH um)) (, ,) (NNP Carolina)))) (, ,) (-DFL- E_S))","134",191.89725,199.293125," Well,  we were from North,  um,  Carolina,  ","Well/UH ,/,   we/PRP  were/VBD from/IN   North/NNP  ,/, um/UH ,/,   Carolina/NNP  ,/,"
"94","sw04utt/sw_0490_3246.utt","3/sw3246",3246,93,"sd","B",54,2,"{C and } of course [ North, + North ] Carolina has a terrible reputation as far as education.   /","and/CC of/IN  [ course/NN North/NNP ] ,/,  [ North/NNP Carolina/NNP ] has/VBZ  [ a/DT terrible/JJ reputation/NN ] as/RB far/RB as/IN  [ education/NN ] ./.","(S (CC and) (PP (IN of) (NP (NN course))) (EDITED (RM (-DFL- \[)) (NP-SBJ-UNF (NNP North)) (, ,) (IP (-DFL- \+))) (NP-SBJ (NNP North) (RS (-DFL- \])) (NNP Carolina)) (VP (VBZ has) (NP (DT a) (JJ terrible) (NN reputation)) (ADVP (ADVP (RB as) (RB far)) (PP (IN as) (NP (NN education))))) (. .) (-DFL- E_S))","135",191.89725,199.293125," and  of course  North,  North  Carolina has a terrible reputation as far as education.   ","and/CC of/IN   course/NN North/NNP  ,/,   North/NNP Carolina/NNP  has/VBZ   a/DT terrible/JJ reputation/NN  as/RB far/RB as/IN   education/NN  ./."
"95","sw04utt/sw_0490_3246.utt","3/sw3246",3246,94,"sd","B",54,3,"I think they rank about forty-ninth -- /","[ I/PRP ] think/VBP  [ they/PRP ] rank/VBP about/RB  [ forty-ninth/JJ ] --/:","(S (NP-SBJ (PRP I)) (VP (VBP think) (SBAR (-NONE- 0) (S (NP-SBJ (PRP they)) (VP (VBP rank) (ADVP (RB about)) (ADJP-PRD (JJ forty-ninth)))))) (-DFL- E_S))","136",191.89725,199.293125,"I think they rank about fortyninth  "," I/PRP  think/VBP   they/PRP  rank/VBP about/RB   fortyninth/JJ  /:"
"96","sw04utt/sw_0490_3246.utt","3/sw3246",3246,95,"b","A",55,1,"Oh. /","Oh/UH ./.","(INTJ (UH Oh) (. .) (-DFL- E_S))","125",199.512,200.293625,"Oh. ","Oh/UH ./."
"97","sw04utt/sw_0490_3246.utt","3/sw3246",3246,96,"sd","B",56,1,"-- {C but } our children got a very good education there -- /","--/: but/CC  [ our/PRP$ children/NNS ] got/VBD  [ a/DT very/RB good/JJ education/NN ] there/RB --/:","(S (CC but) (NP-SBJ (PRP$ our) (NNS children)) (VP (VBD got) (NP (DT a) (ADJP (RB very) (JJ good)) (NN education)) (ADVP-LOC (RB there))) (-DFL- E_S))","140",199.854375,204.013375,"  but  our children got a very good education there  ","/: but/CC   our/PRP$ children/NNS  got/VBD   a/DT very/RB good/JJ education/NN  there/RB /:"
"98","sw04utt/sw_0490_3246.utt","3/sw3246",3246,97,"b","A",57,1,"Uh-huh. /","[ Uh-huh/UH ] ./.","(INTJ (UH Uh-huh) (. .) (-DFL- E_S))","142",203.47675,204.165375,"Uhhuh. "," Uhhuh/UH  ./."
"99","sw04utt/sw_0490_3246.utt","3/sw3246",3246,98,"sd","B",58,1,"-- they were in the magnet school program,  /","--/:  [ they/PRP ] were/VBD in/IN  [ the/DT magnet/NN school/NN program/NN ] ,/,","(S (NP-SBJ (PRP they)) (VP (VBD were) (PP-PRD (IN in) (NP (DT the) (NN magnet) (NN school) (NN program)))) (, ,) (-DFL- E_S))","144",204.013375,219.21775," they were in the magnet school program,  ","/:   they/PRP  were/VBD in/IN   the/DT magnet/NN school/NN program/NN  ,/,"
"100","sw04utt/sw_0490_3246.utt","3/sw3246",3246,99,"sd","B",58,2,"[ {C and } a lot of their classes, + from the time they were about third grade, [ they, + they ] changed classes ] several times during the day, which has its pros and cons,  /","and/CC  [ a/DT lot/NN ] of/IN  [ their/PRP$ classes/NNS ] ,/, from/IN  [ the/DT time/NN ] [ they/PRP ] were/VBD about/RB  [ third/JJ grade/NN ] ,/,  [ they/PRP ] ,/,  [ they/PRP ] changed/VBD  [ classes/NNS several/JJ times/NNS ] during/IN  [ the/DT day/NN ] ,/,  [ which/WDT ] has/VBZ  [ its/PRP$ pros/NNS ] and/CC cons/NNS ,/,","(S (EDITED (RM (-DFL- \[)) (CC and) (NP-SBJ (NP (DT a) (NN lot)) (PP (IN of) (NP (PRP$ their) (NNS classes)))) (, ,) (IP (-DFL- \+))) (PP-TMP (IN from) (NP (NP (DT the) (NN time)) (SBAR (WHADVP-1 (-NONE- 0)) (S (NP-SBJ (PRP they)) (VP (VBD were) (ADVP (RB about)) (NP-PRD (JJ third) (NN grade)) (ADVP-TMP (-NONE- *T*-1))))))) (, ,) (EDITED (RM (-DFL- \[)) (NP-SBJ (PRP they)) (, ,) (IP (-DFL- \+))) (NP-SBJ (PRP they)) (RS (-DFL- \])) (VP (VP (VBD changed) (NP (NNS classes)) (RS (-DFL- \])) (NP-TMP (JJ several) (NNS times)) (PP-TMP (IN during) (NP (DT the) (NN day)))) (, ,) (SBAR (WHNP-2 (WDT which)) (S (NP-SBJ (-NONE- *T*-2)) (VP (VBZ has) (NP (PRP$ its) (NNS pros) (CC and) (NNS cons)))))) (, ,) (-DFL- E_S))","145",204.013375,219.21775,"  and  a lot of their classes,  from the time they were about third grade,  they,  they  changed classes  several times during the day, which has its pros and cons,  ","and/CC   a/DT lot/NN  of/IN   their/PRP$ classes/NNS  ,/, from/IN   the/DT time/NN   they/PRP  were/VBD about/RB   third/JJ grade/NN  ,/,   they/PRP  ,/,   they/PRP  changed/VBD   classes/NNS several/JJ times/NNS  during/IN   the/DT day/NN  ,/,   which/WDT  has/VBZ   its/PRP$ pros/NNS  and/CC cons/NNS ,/,"
"101","sw04utt/sw_0490_3246.utt","3/sw3246",3246,100,"sd","B",58,3,"{C but } a lot of their classes there were only eight or ten children in their classes -- /","but/CC  [ a/DT lot/NN ] of/IN  [ their/PRP$ classes/NNS ] [ there/EX ] were/VBD only/RB  [ eight/CD ] or/CC  [ ten/CD children/NNS ] in/IN  [ their/PRP$ classes/NNS ] --/:","(S (CC but) (NP-ADV (NP (DT a) (NN lot)) (PP (IN of) (NP (PRP$ their) (NNS classes)))) (NP-SBJ (EX there)) (VP (VBD were) (NP-PRD (QP (RB only) (CD eight) (CC or) (CD ten)) (NNS children)) (PP-LOC (IN in) (NP (PRP$ their) (NNS classes)))) (-DFL- E_S))","146",204.013375,219.21775," but  a lot of their classes there were only eight or ten children in their classes  ","but/CC   a/DT lot/NN  of/IN   their/PRP$ classes/NNS   there/EX  were/VBD only/RB   eight/CD  or/CC   ten/CD children/NNS  in/IN   their/PRP$ classes/NNS  /:"
"102","sw04utt/sw_0490_3246.utt","3/sw3246",3246,101,"ba","A",59,1,"{F Oh, } wow. /","Oh/UH ,/, wow/UH ./.","(INTJ (INTJ (UH Oh)) (, ,) (INTJ (UH wow)) (. .) (-DFL- E_S))","148",218.631125,219.955," Oh,  wow. ","Oh/UH ,/, wow/UH ./."
"103","sw04utt/sw_0490_3246.utt","3/sw3246",3246,102,"sd","B",60,1,"-- {C and } it was wonderful -- /","--/: and/CC  [ it/PRP ] was/VBD wonderful/JJ --/:","(S (CC and) (NP-SBJ (PRP it)) (VP (VBD was) (ADJP-PRD (JJ wonderful))) (-DFL- E_S))","150",219.79025,221.26275,"  and  it was wonderful  ","/: and/CC   it/PRP  was/VBD wonderful/JJ /:"
"104","sw04utt/sw_0490_3246.utt","3/sw3246",3246,103,"aa","A",61,1,"Yes. /","Yes/UH ./.","(INTJ (UH Yes) (. .) (-DFL- E_S))","152",220.950875,221.873125,"Yes. ","Yes/UH ./."
"105","sw04utt/sw_0490_3246.utt","3/sw3246",3246,104,"sd(^q)","B",62,1,"-- {C so, } {D you know, } I'm coming [ to, + to ] Plano thinking, {D Well, } gosh, it's going to be really great,  /","--/: so/RB ,/,  [ you/PRP ] know/VBP ,/,  [ I/PRP ] 'm/VBP coming/VBG to/IN ,/, to/IN  [ Plano/NNP thinking/VBG ] ,/, Well/UH ,/, gosh/UH ,/,  [ it/PRP ] 's/BES going/VBG to/TO be/VB really/RB  [ great/JJ ] ,/,","(S (RB so) (PRN (, ,) (S (NP-SBJ (PRP you)) (VP (VBP know))) (, ,)) (NP-SBJ-1 (PRP I)) (VP (VBP 'm) (VP (VBG coming) (EDITED (RM (-DFL- \[)) (PP-DIR-UNF (IN to)) (, ,) (IP (-DFL- \+))) (PP-DIR (IN to) (RS (-DFL- \])) (NP (NNP Plano))) (S-ADV (NP-SBJ (-NONE- *-1)) (VP (VBG thinking) (, ,) (S-SEZ (INTJ (UH Well)) (, ,) (INTJ (UH gosh)) (, ,) (NP-SBJ-2 (PRP it)) (VP (BES 's) (VP (VBG going) (S (NP-SBJ (-NONE- *-2)) (VP (TO to) (VP (VB be) (ADJP-PRD (RB really) (JJ great)))))))))))) (, ,) (-DFL- E_S))","154",221.76575,228.334125,"  so,   you know,  I'm coming  to,  to  Plano thinking,  Well,  gosh, it's going to be really great,  ","/: so/RB ,/,   you/PRP  know/VBP ,/,   I/PRP  'm/VBP coming/VBG to/IN ,/, to/IN   Plano/NNP thinking/VBG  ,/, Well/UH ,/, gosh/UH ,/,   it/PRP  's/BES going/VBG to/TO be/VB really/RB   great/JJ  ,/,"
"106","sw04utt/sw_0490_3246.utt","3/sw3246",3246,105,"sd","B",62,2,"it's ranked so much better <laughter>. /","[ it/PRP ] 's/BES ranked/JJ so/RB much/RB better/RBR ./.","(S (NP-SBJ-1 (PRP it)) (VP (BES 's) (VP (JJ ranked) (S (NP-SBJ (-NONE- *-1)) (ADJP-PRD (NP-ADV (RB so) (RB much)) (RBR better))))) (. .) (-DFL- E_S))","155",221.76575,228.334125,"it's ranked so much better laughter. "," it/PRP  's/BES ranked/JJ so/RB much/RB better/RBR ./."
"107","sw04utt/sw_0490_3246.utt","3/sw3246",3246,106,"aa","A",63,1,"Yes,  /","Yes/UH ,/,","(INTJ (UH Yes) (, ,) (-DFL- E_S))","157",228.15725,234.03575,"Yes,  ","Yes/UH ,/,"
"108","sw04utt/sw_0490_3246.utt","3/sw3246",3246,107,"aa","A",63,2,"that's right.  /","[ that/DT ] 's/BES right/JJ ./.","(S (NP-SBJ (DT that)) (VP (BES 's) (ADJP-PRD (JJ right))) (. .) (-DFL- E_S))","158",228.15725,234.03575,"that's right.  "," that/DT  's/BES right/JJ ./."
"109","sw04utt/sw_0490_3246.utt","3/sw3246",3246,108,"sd","A",63,3,"We heard wonderful things about it until we actually got in the system. /","[ We/PRP ] heard/VBD  [ wonderful/JJ things/NNS ] about/IN  [ it/PRP ] until/IN  [ we/PRP ] actually/RB got/VBD in/IN  [ the/DT system/NN ] ./.","(S (NP-SBJ (PRP We)) (VP (VBD heard) (NP (NP (JJ wonderful) (NNS things)) (PP (IN about) (NP (PRP it)))) (SBAR-TMP (IN until) (S (NP-SBJ (PRP we)) (ADVP (RB actually)) (VP (VBD got) (PP (IN in) (NP (DT the) (NN system))))))) (. .) (-DFL- E_S))","159",228.15725,234.03575,"We heard wonderful things about it until we actually got in the system. "," We/PRP  heard/VBD   wonderful/JJ things/NNS  about/IN   it/PRP  until/IN   we/PRP  actually/RB got/VBD in/IN   the/DT system/NN  ./."
"110","sw04utt/sw_0490_3246.utt","3/sw3246",3246,109,"ba","B",64,1,"Isn't that interesting,  /","Is/VBZ n't/RB  [ that/DT interesting/JJ ] ,/,","(SQ (VBZ Is) (RB n't) (NP-SBJ (DT that)) (ADJP-PRD (JJ interesting)) (, ,) (-DFL- E_S))","161",233.650375,241.5805,"Isn't that interesting,  ","Is/VBZ n't/RB   that/DT interesting/JJ  ,/,"
"111","sw04utt/sw_0490_3246.utt","3/sw3246",3246,110,"sv","B",64,2,"[ [ I, + I, ] + I ] don't understand how they get [ this, + this ] reputation unless it's just that they spend a lot of money,  /","[ I/PRP ] ,/,  [ I/PRP ] ,/,  [ I/PRP ] do/VBP n't/RB understand/VB how/WRB  [ they/PRP ] get/VBP  [ this/DT ] ,/,  [ this/DT reputation/NN ] unless/IN  [ it/PRP ] 's/BES just/RB that/IN  [ they/PRP ] spend/VBP  [ a/DT lot/NN ] of/IN  [ money/NN ] ,/,","(S (EDITED (RM (-DFL- \[)) (EDITED (RM (-DFL- \[)) (NP-SBJ (PRP I)) (, ,) (IP (-DFL- \+))) (NP-SBJ (PRP I)) (, ,) (RS (-DFL- \])) (IP (-DFL- \+))) (NP-SBJ (PRP I)) (RS (-DFL- \])) (VP (VBP do) (RB n't) (VP (VB understand) (SBAR (WHADVP-1 (WRB how)) (S (NP-SBJ (PRP they)) (VP (VBP get) (EDITED (RM (-DFL- \[)) (NP-UNF (DT this)) (, ,) (IP (-DFL- \+))) (NP (DT this) (RS (-DFL- \])) (NN reputation)) (ADVP-MNR (-NONE- *T*-1))))) (SBAR-ADV (IN unless) (S (NP-SBJ (PRP it)) (VP (BES 's) (ADVP (RB just)) (SBAR-PRD (IN that) (S (NP-SBJ (PRP they)) (VP (VBP spend) (NP (NP (DT a) (NN lot)) (PP (IN of) (NP (NN money)))))))))))) (, ,) (-DFL- E_S))","162",233.650375,241.5805,"  I,  I,   I  don't understand how they get  this,  this  reputation unless it's just that they spend a lot of money,  "," I/PRP  ,/,   I/PRP  ,/,   I/PRP  do/VBP n't/RB understand/VB how/WRB   they/PRP  get/VBP   this/DT  ,/,   this/DT reputation/NN  unless/IN   it/PRP  's/BES just/RB that/IN   they/PRP  spend/VBP   a/DT lot/NN  of/IN   money/NN  ,/,"
"112","sw04utt/sw_0490_3246.utt","3/sw3246",3246,111,"h","B",64,3,"I don't know. /","[ I/PRP ] do/VBP n't/RB know/VB ./.","(S (NP-SBJ (PRP I)) (VP (VBP do) (RB n't) (VP (VB know))) (. .) (-DFL- E_S))","163",233.650375,241.5805,"I don't know. "," I/PRP  do/VBP n't/RB know/VB ./."
"113","sw04utt/sw_0490_3246.utt","3/sw3246",3246,112,"aa","A",65,1,"Probably so, on publicity and letting realtors know and key people how wonderful the schools are -- /","Probably/RB so/RB ,/, on/IN  [ publicity/NN ] and/CC  [ letting/VBG realtors/NNS ] know/VBP and/CC key/JJ  [ people/NNS ] how/WRB  [ wonderful/JJ the/DT schools/NNS ] are/VBP --/:","(FRAG (ADVP (RB Probably)) (ADVP (RB so)) (, ,))|||(PP (IN on) (NP (NP (NN publicity)) (CC and) (S-NOM (NP-SBJ (-NONE- *)) (VP (VBG letting) (S (NP-SBJ (NP (NNS realtors)) (NAC (-NONE- *ICH*-1))) (VP (VBP know) (NAC-1 (CC and) (NP (JJ key) (NNS people))) (SBAR-NOM (WHADJP-2 (WRB how) (JJ wonderful)) (S (NP-SBJ (DT the) (NNS schools)) (VP (VBP are) (ADJP-PRD (-NONE- *T*-2)))))))))) (-DFL- E_S))","165|||166",241.14875,246.89075,"Probably so, on publicity and letting realtors know and key people how wonderful the schools are  ","Probably/RB so/RB ,/, on/IN   publicity/NN  and/CC   letting/VBG realtors/NNS  know/VBP and/CC key/JJ   people/NNS  how/WRB   wonderful/JJ the/DT schools/NNS  are/VBP /:"
"114","sw04utt/sw_0490_3246.utt","3/sw3246",3246,113,"aa","B",66,1,"I guess so. /","[ I/PRP ] guess/VBP so/RB ./.","(S (NP-SBJ (PRP I)) (VP (VBP guess) (ADVP (RB so))) (. .) (-DFL- E_S))","168",246.7575,247.684875,"I guess so. "," I/PRP  guess/VBP so/RB ./."
"115","sw04utt/sw_0490_3246.utt","3/sw3246",3246,114,"%","A",67,1,"-- {D so. } -/","--/: so/RB ./.","(INTJ (UH so) (. .) (-DFL- N_S))","170",247.587625,248.29225,"  so.  ","/: so/RB ./."
"116","sw04utt/sw_0490_3246.utt","3/sw3246",3246,115,"sd","B",68,1,"{D Well, } my son is at Clark this year too,  /","Well/UH ,/,  [ my/PRP$ son/NN ] is/VBZ at/IN  [ Clark/NNP ] [ this/DT year/NN ] too/RB ,/,","(S (INTJ (UH Well)) (, ,) (NP-SBJ (PRP$ my) (NN son)) (VP (VBZ is) (PP-LOC-PRD (IN at) (NP (NNP Clark))) (NP-TMP (DT this) (NN year)) (ADVP (RB too))) (, ,) (-DFL- E_S))","172",248.11425,250.919625," Well,  my son is at Clark this year too,  ","Well/UH ,/,   my/PRP$ son/NN  is/VBZ at/IN   Clark/NNP   this/DT year/NN  too/RB ,/,"
"117","sw04utt/sw_0490_3246.utt","3/sw3246",3246,116,"%","B",68,2,"{C so, } {F uh, } we're -/","so/RB ,/,  [ uh/UH ] ,/,  [ we/PRP ] 're/VBP","(S (RB so) (, ,) (INTJ (UH uh)) (, ,) (NP-SBJ (PRP we)) (VP-UNF (VBP 're)) (-DFL- N_S))","173",248.11425,250.919625," so,   uh,  we're ","so/RB ,/,   uh/UH  ,/,   we/PRP  're/VBP"
"118","sw04utt/sw_0490_3246.utt","3/sw3246",3246,117,"qy","A",69,1,"As a freshman? /","As/IN  [ a/DT freshman/NN ] ?/.","(PP (IN As) (NP (DT a) (NN freshman)) (. ?) (-DFL- E_S))","175",250.596875,251.561,"As a freshman? ","As/IN   a/DT freshman/NN  ?/."
"119","sw04utt/sw_0490_3246.utt","3/sw3246",3246,118,"ny","B",70,1,"Yeah. /","Yeah/UH ./.","(INTJ (UH Yeah) (. .) (-DFL- E_S))","177",251.397875,251.940125,"Yeah. ","Yeah/UH ./."
"120","sw04utt/sw_0490_3246.utt","3/sw3246",3246,119,"b","A",71,1,"Yep. /","[ Yep/UH ] ./.","(INTJ (UH Yep) (. .) (-DFL- E_S))","179",251.7455,252.09025,"Yep. "," Yep/UH  ./."
"121","sw04utt/sw_0490_3246.utt","3/sw3246",3246,120,"sd","B",72,1,"{C And, }  {F uh, } <noise> he's pleased with his classes.  /","And/CC ,/,  [ uh/UH ] ,/,  [ he/PRP ] 's/BES pleased/JJ with/IN  [ his/PRP$ classes/NNS ] ./.","(S (CC And) (, ,) (INTJ (UH uh)) (, ,) (NP-SBJ (PRP he)) (VP (BES 's) (ADJP-PRD (JJ pleased) (PP (IN with) (NP (PRP$ his) (NNS classes))))) (. .) (-DFL- E_S))","181",252.760375,264.033," And,    uh,  noise he's pleased with his classes.  ","And/CC ,/,   uh/UH  ,/,   he/PRP  's/BES pleased/JJ with/IN   his/PRP$ classes/NNS  ./."
"122","sw04utt/sw_0490_3246.utt","3/sw3246",3246,121,"sd","B",72,2,"[ [ I, +  I, ] + I ] don't guess I've been in <noise> the high school long enough <noise> [ to, + to ] know what to expect really --","[ I/PRP ] ,/,  [ I/PRP ] ,/,  [ I/PRP ] do/VBP n't/RB guess/VB  [ I/PRP ] 've/VBP been/VBN in/IN  [ the/DT high/JJ school/NN ] long/RB enough/RB to/TO ,/, to/TO know/VB  [ what/WP ] to/TO expect/VB really/RB --/:","(S (EDITED (RM (-DFL- \[)) (EDITED (RM (-DFL- \[)) (NP-SBJ (PRP I)) (, ,) (IP (-DFL- \+))) (NP-SBJ (PRP I)) (, ,) (RS (-DFL- \])) (IP (-DFL- \+))) (NP-SBJ (PRP I)) (RS (-DFL- \])) (VP (VBP do) (RB n't) (VP (VB guess) (SBAR (-NONE- 0) (S (NP-SBJ-5 (PRP I)) (VP (VBP 've) (VP (VBN been) (PP-LOC-PRD (IN in) (NP (DT the) (JJ high) (NN school))) (ADVP-TMP (RB long) (RB enough) (S-PRP (NP-SBJ-1 (-NONE- *-5)) (EDITED (RM (-DFL- \[)) (VP-UNF (TO to)) (, ,) (IP (-DFL- \+))) (VP (TO to) (RS (-DFL- \])) (VP (VB know) (SBAR (SBAR (WHNP-3 (WP what)) (S (NP-SBJ (-NONE- *-1)) (VP (TO to) (VP (VB expect) (NP (-NONE- *T*-3)) (ADVP (RB really)))))) (PRN (S (NP-SBJ (PRP you)) (VP (VBP know))) (, ,)) (SBAR (WHADVP-4 (WRB how)) (S (NP-SBJ (-NONE- *-1)) (VP (TO to) (VP (VB judge) (NP (PRP it)) (ADVP-MNR (-NONE- *T*-4))))))))))))))))) (. .) (-DFL- E_S))","182",252.760375,264.033,"  I,   I,   I  don't guess I've been in noise the high school long enough noise  to,  to  know what to expect really "," I/PRP  ,/,   I/PRP  ,/,   I/PRP  do/VBP n't/RB guess/VB   I/PRP  've/VBP been/VBN in/IN   the/DT high/JJ school/NN  long/RB enough/RB to/TO ,/, to/TO know/VB   what/WP  to/TO expect/VB really/RB /:"
"123","sw04utt/sw_0490_3246.utt","3/sw3246",3246,122,"b","A",73,1,"Yeah. /","Yeah/UH ./.","(INTJ (UH Yeah) (. .) (-DFL- E_S))","177",262.779,263.200875,"Yeah. ","Yeah/UH ./."
"124","sw04utt/sw_0490_3246.utt","3/sw3246",3246,123,"+","B",74,1,"-- {D you know, } how to judge it. /","--/:  [ you/PRP ] know/VBP ,/, how/WRB to/TO judge/VB  [ it/PRP ] ./.","(S (EDITED (RM (-DFL- \[)) (EDITED (RM (-DFL- \[)) (NP-SBJ (PRP I)) (, ,) (IP (-DFL- \+))) (NP-SBJ (PRP I)) (, ,) (RS (-DFL- \])) (IP (-DFL- \+))) (NP-SBJ (PRP I)) (RS (-DFL- \])) (VP (VBP do) (RB n't) (VP (VB guess) (SBAR (-NONE- 0) (S (NP-SBJ-5 (PRP I)) (VP (VBP 've) (VP (VBN been) (PP-LOC-PRD (IN in) (NP (DT the) (JJ high) (NN school))) (ADVP-TMP (RB long) (RB enough) (S-PRP (NP-SBJ-1 (-NONE- *-5)) (EDITED (RM (-DFL- \[)) (VP-UNF (TO to)) (, ,) (IP (-DFL- \+))) (VP (TO to) (RS (-DFL- \])) (VP (VB know) (SBAR (SBAR (WHNP-3 (WP what)) (S (NP-SBJ (-NONE- *-1)) (VP (TO to) (VP (VB expect) (NP (-NONE- *T*-3)) (ADVP (RB really)))))) (PRN (S (NP-SBJ (PRP you)) (VP (VBP know))) (, ,)) (SBAR (WHADVP-4 (WRB how)) (S (NP-SBJ (-NONE- *-1)) (VP (TO to) (VP (VB judge) (NP (PRP it)) (ADVP-MNR (-NONE- *T*-4))))))))))))))))) (. .) (-DFL- E_S))","182",NA,NA,"  you know,  how to judge it. ","/:   you/PRP  know/VBP ,/, how/WRB to/TO judge/VB   it/PRP  ./."
"125","sw04utt/sw_0490_3246.utt","3/sw3246",3246,124,"sd","A",75,1,"My daughter seems to be having a good time,  /","[ My/PRP$ daughter/NN ] seems/VBZ to/TO be/VB having/VBG  [ a/DT good/JJ time/NN ] ,/,","(S (NP-SBJ-1 (PRP$ My) (NN daughter)) (VP (VBZ seems) (S (NP-SBJ (-NONE- *-1)) (VP (TO to) (VP (VB be) (VP (VBG having) (NP (DT a) (JJ good) (NN time))))))) (, ,) (-DFL- E_S))","187",264.5675,278.9915,"My daughter seems to be having a good time,  "," My/PRP$ daughter/NN  seems/VBZ to/TO be/VB having/VBG   a/DT good/JJ time/NN  ,/,"
"126","sw04utt/sw_0490_3246.utt","3/sw3246",3246,125,"sd","A",75,2,"she was absent with strep throat the last three days,  /","[ she/PRP ] was/VBD absent/JJ with/IN  [ strep/NN throat/NN ] [ the/DT last/JJ three/CD days/NNS ] ,/,","(S (NP-SBJ (PRP she)) (VP (VBD was) (ADJP-PRD (JJ absent) (PP (IN with) (NP (NN strep) (NN throat)))) (NP-TMP (DT the) (JJ last) (CD three) (NNS days))) (, ,) (-DFL- E_S))","188",264.5675,278.9915,"she was absent with strep throat the last three days,  "," she/PRP  was/VBD absent/JJ with/IN   strep/NN throat/NN   the/DT last/JJ three/CD days/NNS  ,/,"
"127","sw04utt/sw_0490_3246.utt","3/sw3246",3246,126,"sd","A",75,3,"{C and } I ran over and picked up her report card,  /","and/CC  [ I/PRP ] ran/VBD over/RP and/CC picked/VBD up/RB  [ her/PRP$ report/NN card/NN ] ,/,","(S (CC and) (NP-SBJ (PRP I)) (VP (VP (VBD ran) (ADVP-DIR (RP over))) (CC and) (VP (VBD picked) (PRT (RB up)) (NP (PRP$ her) (NN report) (NN card)))) (, ,) (-DFL- E_S))","189",264.5675,278.9915," and  I ran over and picked up her report card,  ","and/CC   I/PRP  ran/VBD over/RP and/CC picked/VBD up/RB   her/PRP$ report/NN card/NN  ,/,"
"128","sw04utt/sw_0490_3246.utt","3/sw3246",3246,127,"sd","A",75,4,"{C and } she did very good,  /","and/CC  [ she/PRP ] did/VBD very/RB good/RB ,/,","(S (CC and) (NP-SBJ (PRP she)) (VP (VBD did) (ADVP (RB very) (RB good))) (, ,) (-DFL- E_S))","190",264.5675,278.9915," and  she did very good,  ","and/CC   she/PRP  did/VBD very/RB good/RB ,/,"
"129","sw04utt/sw_0490_3246.utt","3/sw3246",3246,128,"sd","A",75,5,"[ {C so } -- +","so/RB --/:","(FRAG (ADVP (RB Probably)) (ADVP (RB so)) (, ,))","165",264.5675,278.9915,"  so   ","so/RB /:"
"130","sw04utt/sw_0490_3246.utt","3/sw3246",3246,129,"ba","B",76,1,"{D Well, } that's good. /","Well/UH ,/,  [ that/DT ] 's/BES good/JJ ./.","(S (INTJ (UH Well)) (, ,) (NP-SBJ (DT that)) (VP (BES 's) (ADJP-PRD (JJ good))) (. .) (-DFL- E_S))","193",272.1505,273.0075," Well,  that's good. ","Well/UH ,/,   that/DT  's/BES good/JJ ./."
"131","sw04utt/sw_0490_3246.utt","3/sw3246",3246,130,"+","A",77,1,"-- {C and } ] she seems to be studying and has just about the right amount of home work I would expect --","--/: and/CC  [ she/PRP ] seems/VBZ to/TO be/VB studying/VBG and/CC has/VBZ just/RB about/RB  [ the/DT right/JJ amount/NN ] of/IN  [ home/NN ] work/NN  [ I/PRP ] would/MD expect/VB --/:","(S (EDITED (RM (-DFL- \[)) (RB so) (IP (-DFL- \+))) (CC and) (RS (-DFL- \])) (NP-SBJ-1 (PRP she)) (VP (VP (VBZ seems) (S (NP-SBJ (-NONE- *-1)) (VP (TO to) (VP (VB be) (VP (VBG studying)))))) (CC and) (VP (VBZ has) (ADVP (RB just) (RB about)) (NP (NP (DT the) (JJ right) (NN amount)) (PP (IN of) (NP (TYPO (NN home) (NN work)))) (SBAR (WHNP-2 (-NONE- 0)) (S (NP-SBJ (PRP I)) (VP (MD would) (VP (VB expect) (SBAR (IN for) (S (NP-SBJ (DT a) (NN freshman)) (VP (TO to) (VP (VB have) (NP (-NONE- *T*-2))))))))))))) (. .) (-DFL- E_S))","191",NA,NA,"  and   she seems to be studying and has just about the right amount of home work I would expect ","/: and/CC   she/PRP  seems/VBZ to/TO be/VB studying/VBG and/CC has/VBZ just/RB about/RB   the/DT right/JJ amount/NN  of/IN   home/NN  work/NN   I/PRP  would/MD expect/VB /:"
"132","sw04utt/sw_0490_3246.utt","3/sw3246",3246,131,"b","B",78,1,"Yeah. /","Yeah/UH ./.","(INTJ (UH Yeah) (. .) (-DFL- E_S))","177",277.482125,278.115125,"Yeah. ","Yeah/UH ./."
"133","sw04utt/sw_0490_3246.utt","3/sw3246",3246,132,"+","A",79,1,"-- for a freshman to have.  /","--/: for/IN  [ a/DT freshman/NN ] to/TO have/VB ./.","(S (EDITED (RM (-DFL- \[)) (RB so) (IP (-DFL- \+))) (CC and) (RS (-DFL- \])) (NP-SBJ-1 (PRP she)) (VP (VP (VBZ seems) (S (NP-SBJ (-NONE- *-1)) (VP (TO to) (VP (VB be) (VP (VBG studying)))))) (CC and) (VP (VBZ has) (ADVP (RB just) (RB about)) (NP (NP (DT the) (JJ right) (NN amount)) (PP (IN of) (NP (TYPO (NN home) (NN work)))) (SBAR (WHNP-2 (-NONE- 0)) (S (NP-SBJ (PRP I)) (VP (MD would) (VP (VB expect) (SBAR (IN for) (S (NP-SBJ (DT a) (NN freshman)) (VP (TO to) (VP (VB have) (NP (-NONE- *T*-2))))))))))))) (. .) (-DFL- E_S))","191",278.9915,281.717875," for a freshman to have.  ","/: for/IN   a/DT freshman/NN  to/TO have/VB ./."
"134","sw04utt/sw_0490_3246.utt","3/sw3246",3246,133,"sd","A",79,2,"She's not bogged down,  /","[ She/PRP ] 's/BES not/RB bogged/JJ down/RP ,/,","(S (NP-SBJ-1 (PRP She)) (VP (BES 's) (RB not) (VP (JJ bogged) (NP (-NONE- *-1)) (PRT (RP down)))) (, ,) (-DFL- E_S))","198",278.9915,281.717875,"She's not bogged down,  "," She/PRP  's/BES not/RB bogged/JJ down/RP ,/,"
"135","sw04utt/sw_0490_3246.utt","3/sw3246",3246,134,"sd","A",79,3,"{C but } yet she has some every night. /","but/CC yet/RB  [ she/PRP ] has/VBZ some/RB  [ every/DT night/NN ] ./.","(S (CONJP (CC but) (RB yet)) (NP-SBJ (PRP she)) (VP (VBZ has) (NP (RB some)) (NP-TMP (DT every) (NN night))) (. .) (-DFL- E_S))","199",278.9915,281.717875," but  yet she has some every night. ","but/CC yet/RB   she/PRP  has/VBZ some/RB   every/DT night/NN  ./."
"136","sw04utt/sw_0490_3246.utt","3/sw3246",3246,135,"sd","B",80,1,"{D Well, } Eric seems to have quite a few nights where he doesn't have any,  /","Well/UH ,/,  [ Eric/NNP ] seems/VBZ to/TO have/VB quite/PDT  [ a/DT few/JJ nights/NNS ] where/WRB  [ he/PRP ] does/VBZ n't/RB have/VB  [ any/DT ] ,/,","(S (INTJ (UH Well)) (, ,) (NP-SBJ-1 (NNP Eric)) (VP (VBZ seems) (S (NP-SBJ (-NONE- *-1)) (VP (TO to) (VP (VB have) (NP (NP (PDT quite) (DT a) (JJ few) (NNS nights)) (SBAR (WHADVP-2 (WRB where)) (S (NP-SBJ (PRP he)) (VP (VBZ does) (RB n't) (VP (VB have) (NP (DT any)) (ADVP-TMP (-NONE- *T*-2))))))))))) (, ,) (-DFL- E_S))","201",282.011,290.9725," Well,  Eric seems to have quite a few nights where he doesn't have any,  ","Well/UH ,/,   Eric/NNP  seems/VBZ to/TO have/VB quite/PDT   a/DT few/JJ nights/NNS  where/WRB   he/PRP  does/VBZ n't/RB have/VB   any/DT  ,/,"
"137","sw04utt/sw_0490_3246.utt","3/sw3246",3246,136,"ba","B",80,2,"{C so, }  that's interesting,  /","so/RB ,/,  [ that/DT ] 's/BES interesting/JJ ,/,","(S (RB so) (, ,) (NP-SBJ (DT that)) (VP (BES 's) (ADJP-PRD (JJ interesting))) (, ,) (-DFL- E_S))","202",282.011,290.9725," so,   that's interesting,  ","so/RB ,/,   that/DT  's/BES interesting/JJ ,/,"
"138","sw04utt/sw_0490_3246.utt","3/sw3246",3246,137,"sd","B",80,3,"{C but, } [ he, + his ] grades, I haven't seen them yet,  /","but/CC ,/,  [ he/PRP ] ,/,  [ his/PRP$ grades/NNS ] ,/,  [ I/PRP ] have/VBP n't/RB seen/VBN  [ them/PRP ] yet/RB ,/,","(S (CC but) (, ,) (EDITED (RM (-DFL- \[)) (NP-SBJ (PRP he)) (, ,) (IP (-DFL- \+))) (NP-TPC (PRP$ his) (RS (-DFL- \])) (NNS grades)) (, ,) (NP-SBJ (PRP I)) (VP (VBP have) (RB n't) (VP (VBN seen) (NP (PRP them)) (ADVP-TMP (RB yet)))) (, ,) (-DFL- E_S))","203",282.011,290.9725," but,   he,  his  grades, I haven't seen them yet,  ","but/CC ,/,   he/PRP  ,/,   his/PRP$ grades/NNS  ,/,   I/PRP  have/VBP n't/RB seen/VBN   them/PRP  yet/RB ,/,"
"139","sw04utt/sw_0490_3246.utt","3/sw3246",3246,138,"sd","B",80,4,"{C but } supposedly they're good,  /","but/CC supposedly/RB  [ they/PRP ] 're/VBP good/JJ ,/,","(S (CC but) (ADVP (RB supposedly)) (NP-SBJ (PRP they)) (VP (VBP 're) (ADJP-PRD (JJ good))) (, ,) (-DFL- E_S))","204",282.011,290.9725," but  supposedly they're good,  ","but/CC supposedly/RB   they/PRP  're/VBP good/JJ ,/,"
"140","sw04utt/sw_0490_3246.utt","3/sw3246",3246,139,"%","B",80,5,"{C so, } -/","so/RB ,/,","(INTJ (RB so) (, ,) (-DFL- N_S))","205",282.011,290.9725," so,  ","so/RB ,/,"
"141","sw04utt/sw_0490_3246.utt","3/sw3246",3246,140,"b","A",81,1,"Yes,  /","Yes/UH ,/,","(INTJ (UH Yes) (, ,) (-DFL- E_S))","207",289.976375,294.511375,"Yes,  ","Yes/UH ,/,"
"142","sw04utt/sw_0490_3246.utt","3/sw3246",3246,141,"sv","A",81,2,"you always hear how good.  /","[ you/PRP ] always/RB hear/VBP how/WRB good/JJ ./.","(S (NP-SBJ (PRP you)) (ADVP-TMP (RB always)) (VP (VBP hear) (ADJP (WRB how) (JJ good))) (. .) (-DFL- E_S))","208",289.976375,294.511375,"you always hear how good.  "," you/PRP  always/RB hear/VBP how/WRB good/JJ ./."
"143","sw04utt/sw_0490_3246.utt","3/sw3246",3246,142,"sd","A",81,3,"Now my son's at,","Now/RB  [ my/PRP$ son/NN ] 's/BES at/IN ,/,","(S (INTJ (RB Now)) (NP-SBJ (PRP$ my) (NN son)) (VP (VP (BES 's) (PP-LOC-PRD (IN at) (, ,) (NP (JJ junior) (NN high)))) (CC and) (VP (VBZ says) (SBAR (IN that) (S (NP-SBJ-1 (PRP$ his) (NNS grades)) (VP (VBP are) (VP (VBG going) (S (NP-SBJ (-NONE- *-1)) (VP (TO to) (VP (VB be) (ADJP-PRD (JJ wonderful))))))))))) (-DFL- E_S))","209",289.976375,294.511375,"Now my son's at,","Now/RB   my/PRP$ son/NN  's/BES at/IN ,/,"
"144","sw04utt/sw_0490_3246.utt","3/sw3246.pos",3246,143,"x","B",82,1,"<Laughter>.","./.","","",NA,NA,"Laughter.","./."
"145","sw04utt/sw_0490_3246.utt","3/sw3246",3246,144,"+","A",83,1,"junior high  and says that his grades are going to be wonderful  /","[ junior/JJ high/NN ] and/CC says/VBZ that/IN  [ his/PRP$ grades/NNS ] are/VBP going/VBG to/TO be/VB  wonderful/JJ","(S (INTJ (RB Now)) (NP-SBJ (PRP$ my) (NN son)) (VP (VP (BES 's) (PP-LOC-PRD (IN at) (, ,) (NP (JJ junior) (NN high)))) (CC and) (VP (VBZ says) (SBAR (IN that) (S (NP-SBJ-1 (PRP$ his) (NNS grades)) (VP (VBP are) (VP (VBG going) (S (NP-SBJ (-NONE- *-1)) (VP (TO to) (VP (VB be) (ADJP-PRD (JJ wonderful))))))))))) (-DFL- E_S))","209",294.511375,296.791375,"junior high  and says that his grades are going to be wonderful  "," junior/JJ high/NN  and/CC says/VBZ that/IN   his/PRP$ grades/NNS  are/VBP going/VBG to/TO be/VB  wonderful/JJ"
"146","sw04utt/sw_0490_3246.utt","3/sw3246",3246,145,"qh","A",83,2,"{C but, }","but/CC ,/,","(S (CC but) (, ,) (EDITED (RM (-DFL- \[)) (NP-SBJ (PRP he)) (, ,) (IP (-DFL- \+))) (NP-TPC (PRP$ his) (RS (-DFL- \])) (NNS grades)) (, ,) (NP-SBJ (PRP I)) (VP (VBP have) (RB n't) (VP (VBN seen) (NP (PRP them)) (ADVP-TMP (RB yet)))) (, ,) (-DFL- E_S))","203",294.511375,296.791375," but, ","but/CC ,/,"
"147","sw04utt/sw_0490_3246.utt","3/sw3246.pos",3246,146,"x","B",84,1,"<Laughter>.","./.","","",NA,NA,"Laughter.","./."
"148","sw04utt/sw_0490_3246.utt","3/sw3246",3246,147,"+","A",85,1,"who knows what he's going to bring home. /","[ who/WP ] knows/VBZ  [ what/WP ] [ he/PRP ] 's/BES going/VBG to/TO bring/VB  [ home/RB ] ./.","(SBARQ (CC but) (, ,) (WHNP-1 (WP who)) (SQ (NP-SBJ (-NONE- *T*-1)) (VP (VBZ knows) (SBAR (WHNP-3 (WP what)) (S (NP-SBJ-2 (PRP he)) (VP (BES 's) (VP (VBG going) (S (NP-SBJ (-NONE- *-2)) (VP (TO to) (VP (VB bring) (NP (-NONE- *T*-3)) (ADVP-DIR (RB home))))))))))) (. .) (-DFL- E_S))","212",NA,NA,"who knows what he's going to bring home. "," who/WP  knows/VBZ   what/WP   he/PRP  's/BES going/VBG to/TO bring/VB   home/RB  ./."
"149","sw04utt/sw_0490_3246.utt","3/sw3246",3246,148,"aa","B",86,1,"That's right. /","[ That/DT ] 's/BES right/JJ ./.","(S (NP-SBJ (DT That)) (VP (BES 's) (ADJP-PRD (JJ right))) (. .) (-DFL- E_S))","216",297.345375,298.107625,"That's right. "," That/DT  's/BES right/JJ ./."
