"","swda_filename","ptb_basename","conversation_no","transcript_index","act_tag","caller","turn_index","subutterance_index","text","pos","trees","ptb_treenumbers","start_turn","end_turn","newtext","newpos"
"1","sw01utt/sw_0189_3266.utt","3/sw3266",3266,0,"o","A",1,1,"Very good.  /","Very/RB good/JJ ./.","(INTJ (RB Very) (JJ good) (. .) (-DFL- E_S))","1",0.02,2.66,"Very good.  ","Very/RB good/JJ ./."
"2","sw01utt/sw_0189_3266.utt","3/sw3266",3266,1,"sd^t","A",1,2,"{F Uh, } discussion [ or + ] on child care. -/","[ Uh/UH ] ,/,  [ discussion/NN ] or/CC on/IN  [ child/NN care/NN ] ./.","(FRAG (INTJ (UH Uh)) (, ,) (NP (NP (NN discussion)) (EDITED (RM (-DFL- \[)) (CC or) (IP (-DFL- \+)) (RS (-DFL- \]))) (PP (IN on) (NP (NN child) (NN care)))) (. .) (-DFL- N_S))","2",0.02,2.66," Uh,  discussion  or   on child care. "," Uh/UH  ,/,   discussion/NN  or/CC on/IN   child/NN care/NN  ./."
"3","sw01utt/sw_0189_3266.utt","3/sw3266",3266,2,"qy","B",2,1,"Do you have any children? /","Do/VBP  [ you/PRP ] have/VB  [ any/DT children/NNS ] ?/.","(SQ (VBP Do) (NP-SBJ (PRP you)) (VP (VB have) (NP (DT any) (NNS children))) (. ?) (-DFL- E_S))","4",3.303625,4.413625,"Do you have any children? ","Do/VBP   you/PRP  have/VB   any/DT children/NNS  ?/."
"4","sw01utt/sw_0189_3266.utt","3/sw3266",3266,3,"nd","A",3,1,"{F Uh, } they're all grown up. /","[ Uh/UH ] ,/,  [ they/PRP ] 're/VBP  [ all/DT ] grown/VBN up/RP ./.","(S (INTJ (UH Uh)) (, ,) (NP-SBJ (PRP they)) (VP (VBP 're) (DT all) (ADJP-PRD (VBN grown) (RP up))) (. .) (-DFL- E_S))","6",4.49725,5.76725," Uh,  they're all grown up. "," Uh/UH  ,/,   they/PRP  're/VBP   all/DT  grown/VBN up/RP ./."
"5","sw01utt/sw_0189_3266.utt","3/sw3266",3266,4,"b","B",4,1,"Oh <laughter>. /","Oh/UH ./.","(INTJ (UH Oh) (. .) (-DFL- E_S))","8",5.96,6.55,"Oh laughter. ","Oh/UH ./."
"6","sw01utt/sw_0189_3266.utt","3/sw3266.pos",3266,5,"x","A",5,1,"<Laughter>.","./.","","",NA,NA,"Laughter.","./."
"7","sw01utt/sw_0189_3266.utt","3/sw3266",3266,6,"sd","B",6,1,"I work in a day-care center  /","[ I/PRP ] work/VBP in/IN  [ a/DT day-care/NN center/NN ]","(S (NP-SBJ (PRP I)) (VP (VBP work) (PP-LOC (IN in) (NP (DT a) (NN day-care) (NN center)))) (-DFL- E_S))","11",7.5335,12.076875,"I work in a daycare center  "," I/PRP  work/VBP in/IN   a/DT daycare/NN center/NN "
"8","sw01utt/sw_0189_3266.utt","3/sw3266",3266,7,"%","B",6,2,"{C and }  ((   )) . -/","and/CC  [ MUMBLEx/XX ] ./.","(S-UNF (CC and) (X (XX MUMBLEx)) (. .) (-DFL- N_S))","12",7.5335,12.076875," and       . ","and/CC   MUMBLEx/XX  ./."
"9","sw01utt/sw_0189_3266.utt","3/sw3266",3266,8,"sv","A",7,1,"{F Oh, } {D well, } you know all about it then. /","Oh/UH ,/, well/UH ,/,  [ you/PRP ] know/VBP  [ all/DT ] about/IN  [ it/PRP ] then/RB ./.","(S (INTJ (UH Oh)) (, ,) (INTJ (UH well)) (, ,) (NP-SBJ (PRP you)) (VP (VBP know) (PP (ADVP (DT all)) (IN about) (NP (PRP it))) (ADVP (RB then))) (. .) (-DFL- E_S))","14",9.21225,11.77225," Oh,   well,  you know all about it then. ","Oh/UH ,/, well/UH ,/,   you/PRP  know/VBP   all/DT  about/IN   it/PRP  then/RB ./."
"10","sw01utt/sw_0189_3266.utt","3/sw3266",3266,9,"aa","B",8,1,"<Laughter> Yes,  /","Yes/UH ,/,","(INTJ (UH Yes) (, ,) (-DFL- E_S))","16",12.076875,13.696875,"Laughter Yes,  ","Yes/UH ,/,"
"11","sw01utt/sw_0189_3266.utt","3/sw3266",3266,10,"sd","B",8,2,"I enjoy it a lot. /","[ I/PRP ] enjoy/VBP  [ it/PRP ] [ a/DT lot/NN ] ./.","(S (NP-SBJ (PRP I)) (VP (VBP enjoy) (NP (PRP it)) (NP-ADV (DT a) (NN lot))) (. .) (-DFL- E_S))","17",12.076875,13.696875,"I enjoy it a lot. "," I/PRP  enjoy/VBP   it/PRP   a/DT lot/NN  ./."
"12","sw01utt/sw_0189_3266.utt","3/sw3266",3266,11,"sd","A",9,1,"It's been quite a few years.  /","[ It/PRP ] 's/HVS been/VBN quite/RB  [ a/DT few/JJ years/NNS ] ./.","(S (NP-SBJ (PRP It)) (VP (HVS 's) (VP (VBN been) (NP-PRD (RB quite) (DT a) (JJ few) (NNS years)))) (. .) (-DFL- E_S))","19",13.872375,21.682375,"It's been quite a few years.  "," It/PRP  's/HVS been/VBN quite/RB   a/DT few/JJ years/NNS  ./."
"13","sw01utt/sw_0189_3266.utt","3/sw3266",3266,12,"sd","A",9,2,"I have grandchildren but, {F uh, } haven't really been into selecting child care for <laughter> them, /","[ I/PRP ] have/VBP  [ grandchildren/NNS ] but/CC ,/,  [ uh/UH ] ,/, have/VBP n't/RB really/RB been/VBN into/IN  [ selecting/VBG child/NN care/NN ] for/IN  [ them/PRP ] ,/,","(S (NP-SBJ (PRP I)) (VP (VP (VBP have) (NP (NNS grandchildren))) (CC but) (, ,) (INTJ (UH uh)) (, ,) (VP (VBP have) (RB n't) (ADVP (RB really)) (VP (VBN been) (PP-PRD (IN into) (S-NOM (NP-SBJ (-NONE- *)) (VP (VBG selecting) (NP (NP (NN child) (NN care)) (PP (IN for) (NP (PRP them)))))))))) (, ,) (-DFL- E_S))","20",13.872375,21.682375,"I have grandchildren but,  uh,  haven't really been into selecting child care for laughter them, "," I/PRP  have/VBP   grandchildren/NNS  but/CC ,/,   uh/UH  ,/, have/VBP n't/RB really/RB been/VBN into/IN   selecting/VBG child/NN care/NN  for/IN   them/PRP  ,/,"
"14","sw01utt/sw_0189_3266.utt","3/sw3266",3266,13,"%","A",9,3,"{C so. } -/","so/RB ./.","(S-UNF (RB so) (. .) (-DFL- N_S))","21",13.872375,21.682375," so.  ","so/RB ./."
"15","sw01utt/sw_0189_3266.utt","3/sw3266",3266,14,"b","B",10,1,"Oh. /","Oh/UH ./.","(INTJ (UH Oh) (. .) (-DFL- E_S))","8",20.86125,21.26125,"Oh. ","Oh/UH ./."
"16","sw01utt/sw_0189_3266.utt","3/sw3266",3266,15,"sd","A",11,1,"{C And } it's been quite a few years since I've had to think about that. /","And/CC  [ it/PRP ] 's/HVS been/VBN quite/RB  [ a/DT few/JJ years/NNS ] since/IN  [ I/PRP ] 've/VBP had/VBN to/TO think/VB about/IN  [ that/DT ] ./.","(S (CC And) (NP-SBJ (PRP it)) (VP (HVS 's) (VP (VBN been) (NP-PRD (RB quite) (DT a) (JJ few) (NNS years)) (SBAR-TMP (IN since) (S (NP-SBJ-1 (PRP I)) (VP (VBP 've) (VP (VBN had) (S (NP-SBJ (-NONE- *-1)) (VP (TO to) (VP (VB think) (PP (IN about) (NP (DT that)))))))))))) (. .) (-DFL- E_S))","25",21.682375,24.292375," And  it's been quite a few years since I've had to think about that. ","And/CC   it/PRP  's/HVS been/VBN quite/RB   a/DT few/JJ years/NNS  since/IN   I/PRP  've/VBP had/VBN to/TO think/VB about/IN   that/DT  ./."
"17","sw01utt/sw_0189_3266.utt","3/sw3266",3266,16,"qy","B",12,1,"Do they go to a day-care center  /","Do/VBP  [ they/PRP ] go/VB to/IN  [ a/DT day-care/NN center/NN ]","(SQ (VBP Do) (NP-SBJ (PRP they)) (VP (VB go) (PP-DIR (IN to) (NP (DT a) (NN day-care) (NN center)))) (-DFL- E_S))","27",24.75725,27.33725,"Do they go to a daycare center  ","Do/VBP   they/PRP  go/VB to/IN   a/DT daycare/NN center/NN "
"18","sw01utt/sw_0189_3266.utt","3/sw3266",3266,17,"qrr","B",12,2,"{C or } do they stay at, -/","or/CC do/VBP  [ they/PRP ] stay/VB at/IN ,/,","(SQ (CC or) (VBP do) (NP-SBJ (PRP they)) (VP (VB stay) (PP-LOC-UNF (IN at))) (, ,) (-DFL- N_S))","28",24.75725,27.33725," or  do they stay at, ","or/CC do/VBP   they/PRP  stay/VB at/IN ,/,"
"19","sw01utt/sw_0189_3266.utt","3/sw3266",3266,18,"nn","A",13,1,"No.  /","[ No/UH ] ./.","(INTJ (UH No) (. .) (-DFL- E_S))","30",27.14975,32.49975,"No.  "," No/UH  ./."
"20","sw01utt/sw_0189_3266.utt","3/sw3266",3266,19,"sd","A",13,2,"{F Uh, } [ m-, +  my ]  daughter that has three stays home --","[ Uh/UH ] ,/,  [ m-/PRP$ ] ,/,  [ my/PRP$ daughter/NN ] [ that/WDT ] has/VBZ  [ three/CD stays/VBZ home/RB ] --/:","(S (INTJ (UH Uh)) (, ,) (EDITED (RM (-DFL- \[)) (NP-SBJ-UNF (PRP$ m-)) (, ,) (IP (-DFL- \+))) (NP-SBJ (NP (PRP$ my) (RS (-DFL- \])) (NN daughter)) (SBAR (WHNP-1 (WDT that)) (S (NP-SBJ (-NONE- *T*-1)) (VP (VBZ has) (NP (CD three)))))) (VP (VBZ stays) (ADVP-LOC (RB home)) (PP (IN with) (NP (PRP$ her) (NNS children)))) (, ,) (-DFL- E_S))","31",27.14975,32.49975," Uh,   m,   my   daughter that has three stays home "," Uh/UH  ,/,   m/PRP$  ,/,   my/PRP$ daughter/NN   that/WDT  has/VBZ   three/CD stays/VBZ home/RB  /:"
"21","sw01utt/sw_0189_3266.utt","3/sw3266",3266,20,"ba","B",14,1,"{F Oh, } that's nice. /","Oh/UH ,/,  [ that/DT ] 's/BES nice/JJ ./.","(S (INTJ (UH Oh)) (, ,) (NP-SBJ (DT that)) (VP (BES 's) (ADJP-PRD (JJ nice))) (. .) (-DFL- E_S))","33",31.35975,32.02975," Oh,  that's nice. ","Oh/UH ,/,   that/DT  's/BES nice/JJ ./."
"22","sw01utt/sw_0189_3266.utt","3/sw3266",3266,21,"+","A",15,1,"-- with her children,  /","--/: with/IN  [ her/PRP$ children/NNS ] ,/,","(S (INTJ (UH Uh)) (, ,) (EDITED (RM (-DFL- \[)) (NP-SBJ-UNF (PRP$ m-)) (, ,) (IP (-DFL- \+))) (NP-SBJ (NP (PRP$ my) (RS (-DFL- \])) (NN daughter)) (SBAR (WHNP-1 (WDT that)) (S (NP-SBJ (-NONE- *T*-1)) (VP (VBZ has) (NP (CD three)))))) (VP (VBZ stays) (ADVP-LOC (RB home)) (PP (IN with) (NP (PRP$ her) (NNS children)))) (, ,) (-DFL- E_S))","31",32.49975,36.26975," with her children,  ","/: with/IN   her/PRP$ children/NNS  ,/,"
"23","sw01utt/sw_0189_3266.utt","3/sw3266",3266,22,"sd","A",15,2,"{C and } one of my daughters has one  /","and/CC  [ one/CD ] of/IN  [ my/PRP$ daughters/NNS ] has/VBZ  [ one/CD ]","(S (CC and) (NP-SBJ (NP (CD one)) (PP (IN of) (NP (PRP$ my) (NNS daughters)))) (VP (VBZ has) (NP (CD one))) (-DFL- E_S))","35",32.49975,36.26975," and  one of my daughters has one  ","and/CC   one/CD  of/IN   my/PRP$ daughters/NNS  has/VBZ   one/CD "
"24","sw01utt/sw_0189_3266.utt","3/sw3266",3266,23,"sd","A",15,3,"{C but } an aunt keeps the baby. /","but/CC  [ an/DT aunt/NN ] keeps/VBZ  [ the/DT baby/NN ] ./.","(S (CC but) (NP-SBJ (DT an) (NN aunt)) (VP (VBZ keeps) (NP (DT the) (NN baby))) (. .) (-DFL- E_S))","36",32.49975,36.26975," but  an aunt keeps the baby. ","but/CC   an/DT aunt/NN  keeps/VBZ   the/DT baby/NN  ./."
"25","sw01utt/sw_0189_3266.utt","3/sw3266",3266,24,"ba","B",16,1,"{F Oh, } that's nice. /","Oh/UH ,/,  [ that/DT ] 's/BES nice/JJ ./.","(S (INTJ (UH Oh)) (, ,) (NP-SBJ (DT that)) (VP (BES 's) (ADJP-PRD (JJ nice))) (. .) (-DFL- E_S))","33",36.42425,37.42425," Oh,  that's nice. ","Oh/UH ,/,   that/DT  's/BES nice/JJ ./."
"26","sw01utt/sw_0189_3266.utt","3/sw3266",3266,25,"sd","A",17,1,"{C But } [ I would, + I would ]  not really know how to go about selecting one nowadays,  /","But/CC  [ I/PRP ] would/MD ,/,  [ I/PRP ] would/MD not/RB really/RB know/VB how/WRB to/TO go/VB about/RP selecting/VBG  [ one/CD ] nowadays/RB ,/,","(S (CC But) (EDITED (RM (-DFL- \[)) (S (NP-SBJ (PRP I)) (VP-UNF (MD would))) (, ,) (IP (-DFL- \+))) (NP-SBJ (PRP I)) (VP (MD would) (RS (-DFL- \])) (RB not) (ADVP (RB really)) (VP (VB know) (SBAR (WHADVP-2 (WRB how)) (S (NP-SBJ-1 (-NONE- *)) (VP (TO to) (VP (VB go) (PRT (RP about)) (S (NP-SBJ (-NONE- *-1)) (VP (VBG selecting) (NP (CD one)))) (ADVP-TMP (RB nowadays)) (ADVP-MNR (-NONE- *T*-2)))))))) (, ,) (-DFL- E_S))","40",37.806375,42.996375," But   I would,  I would   not really know how to go about selecting one nowadays,  ","But/CC   I/PRP  would/MD ,/,   I/PRP  would/MD not/RB really/RB know/VB how/WRB to/TO go/VB about/RP selecting/VBG   one/CD  nowadays/RB ,/,"
"27","sw01utt/sw_0189_3266.utt","3/sw3266",3266,26,"sd","A",17,2,"{C but } I would imagine it's very hard. /","but/CC  [ I/PRP ] would/MD imagine/VB  [ it/PRP ] 's/BES very/RB hard/JJ ./.","(S (CC but) (NP-SBJ (PRP I)) (VP (MD would) (VP (VB imagine) (SBAR (-NONE- 0) (S (NP-SBJ (PRP it)) (VP (BES 's) (ADJP-PRD (RB very) (JJ hard))))))) (. .) (-DFL- E_S))","41",37.806375,42.996375," but  I would imagine it's very hard. ","but/CC   I/PRP  would/MD imagine/VB   it/PRP  's/BES very/RB hard/JJ ./."
"28","sw01utt/sw_0189_3266.utt","3/sw3266",3266,27,"sv","B",18,1,"[ I, +  I ] think so.  /","[ I/PRP ] ,/,  [ I/PRP ] think/VBP so/RB ./.","(S (EDITED (RM (-DFL- \[)) (NP-SBJ (PRP I)) (, ,) (IP (-DFL- \+))) (NP-SBJ (PRP I)) (RS (-DFL- \])) (VP (VBP think) (ADVP-MNR (RB so))) (. .) (-DFL- E_S))","43",37.42425,52.447125," I,   I  think so.  "," I/PRP  ,/,   I/PRP  think/VBP so/RB ./."
"29","sw01utt/sw_0189_3266.utt","3/sw3266",3266,28,"sv","B",18,2,"I think it's hard to find a good day care.  /","[ I/PRP ] think/VBP  [ it/PRP ] 's/BES hard/JJ to/TO find/VB  [ a/DT good/JJ day/NN care/NN ] ./.","(S (NP-SBJ (PRP I)) (VP (VBP think) (SBAR (-NONE- 0) (S (NP-SBJ (NP (PRP it)) (S (-NONE- *EXP*-1))) (VP (BES 's) (ADJP-PRD (JJ hard)) (S-1 (NP-SBJ (-NONE- *)) (VP (TO to) (VP (VB find) (NP (DT a) (JJ good) (NN day) (NN care))))))))) (. .) (-DFL- E_S))","44",37.42425,52.447125,"I think it's hard to find a good day care.  "," I/PRP  think/VBP   it/PRP  's/BES hard/JJ to/TO find/VB   a/DT good/JJ day/NN care/NN  ./."
"30","sw01utt/sw_0189_3266.utt","3/sw3266",3266,29,"sd","B",18,3,"I have worked [ in anoth-, +  at some other ]  ones that were not very good --","[ I/PRP ] have/VBP worked/VBD in/IN  [ anoth-/DT ] ,/, at/IN  [ some/DT other/JJ ones/NNS ] [ that/WDT ] were/VBD not/RB very/RB good/JJ --/:","(S (NP-SBJ (PRP I)) (VP (VBP have) (VP (VBD worked) (EDITED (RM (-DFL- \[)) (PP-LOC (IN in) (NP-UNF (DT anoth-))) (, ,) (IP (-DFL- \+))) (PP-LOC (IN at) (NP (NP (DT some) (JJ other) (RS (-DFL- \])) (NNS ones)) (SBAR (WHNP-1 (WDT that)) (S (NP-SBJ (-NONE- *T*-1)) (VP (VBD were) (RB not) (ADJP-PRD (RB very) (JJ good)) (PP (IN in) (NP (PRP$ my) (NN opinion)))))))))) (. .) (-DFL- E_S))","45",37.42425,52.447125,"I have worked  in anoth,   at some other   ones that were not very good "," I/PRP  have/VBP worked/VBD in/IN   anoth/DT  ,/, at/IN   some/DT other/JJ ones/NNS   that/WDT  were/VBD not/RB very/RB good/JJ /:"
"31","sw01utt/sw_0189_3266.utt","3/sw3266",3266,30,"b","A",19,1,"Uh-huh. /","[ Uh-huh/UH ] ./.","(INTJ (UH Uh-huh) (. .) (-DFL- E_S))","47",50.7995,51.2595,"Uhhuh. "," Uhhuh/UH  ./."
"32","sw01utt/sw_0189_3266.utt","3/sw3266",3266,31,"+","B",20,1,"-- in my opinion.  /","--/: in/IN  [ my/PRP$ opinion/NN ] ./.","(S (NP-SBJ (PRP I)) (VP (VBP have) (VP (VBD worked) (EDITED (RM (-DFL- \[)) (PP-LOC (IN in) (NP-UNF (DT anoth-))) (, ,) (IP (-DFL- \+))) (PP-LOC (IN at) (NP (NP (DT some) (JJ other) (RS (-DFL- \])) (NNS ones)) (SBAR (WHNP-1 (WDT that)) (S (NP-SBJ (-NONE- *T*-1)) (VP (VBD were) (RB not) (ADJP-PRD (RB very) (JJ good)) (PP (IN in) (NP (PRP$ my) (NN opinion)))))))))) (. .) (-DFL- E_S))","45",52.447125,61.884875," in my opinion.  ","/: in/IN   my/PRP$ opinion/NN  ./."
"33","sw01utt/sw_0189_3266.utt","3/sw3266",3266,32,"sd","B",20,2,"{C But } this one that I'm in now [ is, +  is ] very good.  /","But/CC  [ this/DT ] [ one/CD ] that/WDT  [ I/PRP ] 'm/VBP in/IN now/RB is/VBZ ,/, is/VBZ very/RB good/JJ ./.","(S (CC But) (NP-SBJ (NP (DT this) (CD one)) (SBAR (WHNP-1 (WDT that)) (S (NP-SBJ (PRP I)) (VP (VBP 'm) (PP-LOC-PRD (IN in) (NP (-NONE- *T*-1))) (ADVP-TMP (RB now)))))) (EDITED (RM (-DFL- \[)) (VP-UNF (VBZ is)) (, ,) (IP (-DFL- \+))) (VP (VBZ is) (RS (-DFL- \])) (ADJP-PRD (RB very) (JJ good))) (. .) (-DFL- E_S))","49",52.447125,61.884875," But  this one that I'm in now  is,   is  very good.  ","But/CC   this/DT   one/CD  that/WDT   I/PRP  'm/VBP in/IN now/RB is/VBZ ,/, is/VBZ very/RB good/JJ ./."
"34","sw01utt/sw_0189_3266.utt","3/sw3266",3266,33,"sd","B",20,3,"{C And } one of the key things is how many adults are there in ratio to the children. /","And/CC  [ one/CD ] of/IN  [ the/DT key/JJ things/NNS ] is/VBZ  [ how/WRB many/JJ adults/NNS ] are/VBP there/RB in/IN  [ ratio/NN ] to/IN  [ the/DT children/NNS ] ./.","(S (CC And) (NP-SBJ (NP (CD one)) (PP (IN of) (NP (DT the) (JJ key) (NNS things)))) (VP (VBZ is) (SBARQ-PRD (WHNP-1 (WHADJP (WRB how) (JJ many)) (NNS adults)) (SQ (VBP are) (NP-SBJ (RB there)) (NP-PRD (-NONE- *T*-1)) (PP (IN in) (NP (NP (NN ratio)) (PP (IN to) (NP (DT the) (NNS children)))))))) (. .) (-DFL- E_S))","50",52.447125,61.884875," And  one of the key things is how many adults are there in ratio to the children. ","And/CC   one/CD  of/IN   the/DT key/JJ things/NNS  is/VBZ   how/WRB many/JJ adults/NNS  are/VBP there/RB in/IN   ratio/NN  to/IN   the/DT children/NNS  ./."
"35","sw01utt/sw_0189_3266.utt","3/sw3266",3266,34,"b","A",21,1,"Uh-huh. /","[ Uh-huh/UH ] ./.","(INTJ (UH Uh-huh) (. .) (-DFL- E_S))","47",62.267625,62.697625,"Uhhuh. "," Uhhuh/UH  ./."
"36","sw01utt/sw_0189_3266.utt","3/sw3266",3266,35,"sd","B",22,1,"{C And } {D like } in Pennsylvania for babies, that's what I work  with, there has to be a one to four ratio at the most.","And/CC like/IN in/IN  [ Pennsylvania/NNP ] for/IN  [ babies/NNS ] ,/,  [ that/DT ] 's/BES  [ what/WP ] [ I/PRP ] work/VBP with/IN ,/,  [ there/EX ] has/VBZ to/TO be/VB  [ a/DT one/CD ] to/IN  [ four/CD ratio/NN ] at/IN  [ the/DT most/JJS ] ./.","(S (CC And) (INTJ (UH like)) (PP-LOC (IN in) (NP (NNP Pennsylvania))) (PP (IN for) (NP (NNS babies))) (PRN (, ,) (S (NP-SBJ (DT that)) (VP (BES 's) (SBAR-NOM-PRD (WHNP-1 (WP what)) (S (NP-SBJ (PRP I)) (VP (VBP work) (PP (IN with) (NP (-NONE- *T*-1)))))))) (, ,)) (NP-SBJ-2 (EX there)) (VP (VBZ has) (S (NP-SBJ (-NONE- *-2)) (VP (TO to) (VP (VB be) (NP-PRD (DT a) (ADVP (CD one) (IN to) (CD four)) (NN ratio)) (PP (IN at) (NP (DT the) (JJS most))))))) (. .))","54",62.7925,72.050125," And   like  in Pennsylvania for babies, that's what I work  with, there has to be a one to four ratio at the most.","And/CC like/IN in/IN   Pennsylvania/NNP  for/IN   babies/NNS  ,/,   that/DT  's/BES   what/WP   I/PRP  work/VBP with/IN ,/,   there/EX  has/VBZ to/TO be/VB   a/DT one/CD  to/IN   four/CD ratio/NN  at/IN   the/DT most/JJS  ./."
"37","sw01utt/sw_0189_3266.utt","3/sw3266",3266,36,"b","A",23,1,"Uh-huh. /","[ Uh-huh/UH ] ./.","(INTJ (UH Uh-huh) (. .) (-DFL- E_S))","47",69.68025,70.38025,"Uhhuh. "," Uhhuh/UH  ./."
"38","sw01utt/sw_0189_3266.utt","3/sw3266",3266,37,"+","B",24,1,"No more than four babies per care giver.  /","[ No/UH more/RBR ] than/IN  [ four/CD babies/NNS ] per/IN  [ care/NN giver/NN ] ./.","(NP (NP (QP (UH No) (RBR more) (IN than) (CD four)) (NNS babies)) (PP (IN per) (NP (NN care) (NN giver))) (. .) (-DFL- E_S))","55",72.050125,74.150125,"No more than four babies per care giver.  "," No/UH more/RBR  than/IN   four/CD babies/NNS  per/IN   care/NN giver/NN  ./."
"39","sw01utt/sw_0189_3266.utt","3/sw3266",3266,38,"sd","B",24,2,"{C But } we keep it down to like two to one. /","But/CC  [ we/PRP ] keep/VBP  [ it/PRP ] down/IN to/IN like/UH  [ two/CD ] to/IN  [ one/CD ] ./.","(S (CC But) (NP-SBJ (PRP we)) (VP (VBP keep) (NP (PRP it)) (PP (IN down) (PP (IN to) (INTJ (UH like)) (NP (NP (CD two)) (PP (IN to) (NP (CD one))))))) (. .) (-DFL- E_S))","59",72.050125,74.150125," But  we keep it down to like two to one. ","But/CC   we/PRP  keep/VBP   it/PRP  down/IN to/IN like/UH   two/CD  to/IN   one/CD  ./."
"40","sw01utt/sw_0189_3266.utt","3/sw3266",3266,39,"ba","A",25,1,"{F Oh, } {D well, } that's good. /","Oh/UH ,/, well/UH ,/,  [ that/DT ] 's/BES good/JJ ./.","(S (INTJ (UH Oh)) (, ,) (INTJ (UH well)) (, ,) (NP-SBJ (DT that)) (VP (BES 's) (ADJP-PRD (JJ good))) (. .) (-DFL- E_S))","61",74.45975,75.54975," Oh,   well,  that's good. ","Oh/UH ,/, well/UH ,/,   that/DT  's/BES good/JJ ./."
"41","sw01utt/sw_0189_3266.utt","3/sw3266",3266,40,"aa","B",26,1,"Yeah,  /","Yeah/UH ,/,","(INTJ (UH Yeah) (, ,) (-DFL- E_S))","63",75.78225,78.35225,"Yeah,  ","Yeah/UH ,/,"
"42","sw01utt/sw_0189_3266.utt","3/sw3266",3266,41,"sd","B",26,2,"that makes it a little easier to deal with. /","[ that/DT ] makes/VBZ  [ it/PRP ] [ a/DT ] little/RB easier/JJR to/TO deal/VB with/IN ./.","(S (NP-SBJ (DT that)) (VP (VBZ makes) (S (NP-SBJ (PRP it)) (ADJP-PRD (NP-ADV (DT a) (RB little)) (JJR easier) (SBAR (WHNP-1 (-NONE- 0)) (S (NP-SBJ (-NONE- *)) (VP (TO to) (VP (VB deal) (PP (IN with) (NP (-NONE- *T*-1)))))))))) (. .) (-DFL- E_S))","64",75.78225,78.35225,"that makes it a little easier to deal with. "," that/DT  makes/VBZ   it/PRP   a/DT  little/RB easier/JJR to/TO deal/VB with/IN ./."
"43","sw01utt/sw_0189_3266.utt","3/sw3266",3266,42,"sd","A",27,1,"I've always thought, {D you know, } it would be really tough.  /","[ I/PRP ] 've/VBP always/RB thought/VBN ,/,  [ you/PRP ] know/VBP ,/,  [ it/PRP ] would/MD be/VB really/RB tough/JJ ./.","(S (NP-SBJ (PRP I)) (VP (VBP 've) (ADVP-TMP (RB always)) (VP (VBN thought) (PRN (, ,) (S (NP-SBJ (PRP you)) (VP (VBP know))) (, ,)) (SBAR (-NONE- 0) (S (NP-SBJ (PRP it)) (VP (MD would) (VP (VB be) (ADJP-PRD (RB really) (JJ tough)))))))) (. .) (-DFL- E_S))","66",78.339375,82.599375,"I've always thought,  you know,  it would be really tough.  "," I/PRP  've/VBP always/RB thought/VBN ,/,   you/PRP  know/VBP ,/,   it/PRP  would/MD be/VB really/RB tough/JJ ./."
"44","sw01utt/sw_0189_3266.utt","3/sw3266",3266,43,"qh","A",27,2,"What if you had a fire or something with babies? /","[ What/WP ] if/IN  [ you/PRP ] had/VBD  [ a/DT fire/NN ] or/CC  [ something/NN ] with/IN  [ babies/NNS ] ?/.","(FRAG (WHNP (WP What)) (SBAR-ADV (IN if) (S (NP-SBJ (PRP you)) (VP (VBD had) (NP (NP (DT a) (NN fire)) (CC or) (NP (NN something))) (PP (IN with) (NP (NNS babies)))))) (. ?) (-DFL- E_S))","67",78.339375,82.599375,"What if you had a fire or something with babies? "," What/WP  if/IN   you/PRP  had/VBD   a/DT fire/NN  or/CC   something/NN  with/IN   babies/NNS  ?/."
"45","sw01utt/sw_0189_3266.utt","3/sw3266",3266,44,"aa","B",28,1,"{F Oh, } I know.  /","Oh/UH ,/,  [ I/PRP ] know/VBP ./.","(S (INTJ (UH Oh)) (, ,) (NP-SBJ (PRP I)) (VP (VBP know)) (. .) (-DFL- E_S))","69",82.814125,83.674125," Oh,  I know.  ","Oh/UH ,/,   I/PRP  know/VBP ./."
"46","sw01utt/sw_0189_3266.utt","3/sw3266",3266,45,"%","B",28,2,"We, -/","[ We/PRP ] ,/,","(S-UNF (NP-SBJ (PRP We)) (, ,) (-DFL- N_S))","70",82.814125,83.674125,"We, "," We/PRP  ,/,"
"47","sw01utt/sw_0189_3266.utt","3/sw3266",3266,46,"sv","A",29,1,"You would have to be able to have enough,   /","[ You/PRP ] would/MD have/VB to/TO be/VB able/JJ to/TO have/VB enough/RB ,/,","(S (NP-SBJ-1 (PRP You)) (VP (MD would) (VP (VB have) (S (NP-SBJ-2 (-NONE- *-1)) (VP (TO to) (VP (VB be) (ADJP-PRD (JJ able) (S (NP-SBJ (-NONE- *-2)) (VP (TO to) (VP (VB have) (NP-UNF (RB enough))))))))))) (, ,) (-DFL- E_S))","72",83.574,87.514,"You would have to be able to have enough,   "," You/PRP  would/MD have/VB to/TO be/VB able/JJ to/TO have/VB enough/RB ,/,"
"48","sw01utt/sw_0189_3266.utt","3/sw3266",3266,47,"sv","A",29,2,"{D you know, } you'd have to be able to get  them all out. /","[ you/PRP ] know/VBP ,/,  [ you/PRP ] 'd/MD have/VB to/TO be/VB able/JJ to/TO get/VB  [ them/PRP ] [ all/DT ] out/RB ./.","(S (PRN (S (NP-SBJ (PRP you)) (VP (VBP know))) (, ,)) (NP-SBJ-1 (PRP you)) (VP (MD 'd) (VP (VB have) (S (NP-SBJ-2 (-NONE- *-1)) (VP (TO to) (VP (VB be) (ADJP-PRD (JJ able) (S (NP-SBJ (-NONE- *-2)) (VP (TO to) (VP (VB get) (NP (NP (PRP them)) (NP (DT all))) (ADVP (RB out))))))))))) (. .) (-DFL- E_S))","73",83.574,87.514," you know,  you'd have to be able to get  them all out. "," you/PRP  know/VBP ,/,   you/PRP  'd/MD have/VB to/TO be/VB able/JJ to/TO get/VB   them/PRP   all/DT  out/RB ./."
"49","sw01utt/sw_0189_3266.utt","3/sw3266",3266,48,"sd","B",30,1,"What we do is we have these cribs in the back room --","[ What/WP ] [ we/PRP ] do/VBP is/VBZ  [ we/PRP ] have/VBP  [ these/DT cribs/NNS ] in/IN  [ the/DT back/NN room/NN ] --/:","(S (SBAR-NOM-SBJ (WHNP-3 (WP What)) (S (NP-SBJ (PRP we)) (VP (VBP do) (NP (-NONE- *T*-3))))) (VP (VBZ is) (S-PRD (NP-SBJ (PRP we)) (VP (VBP have) (NP (NP (DT these) (NNS cribs)) (PP-LOC (IN in) (NP (NP (DT the) (NN back) (NN room)) (SBAR (WHADVP-2 (WRB where)) (S (NP-SBJ (PRP they)) (VP (VBP sleep) (ADVP-LOC (-NONE- *T*-2))))))) (SBAR (WHNP-1 (WDT that)) (S (NP-SBJ (-NONE- *T*-1)) (VP (VBP are) (, ,) (INTJ (UH um)) (, ,) (ADJP-PRD (JJ low) (PP (IN to) (NP (DT the) (NN ground))))))))))) (-DFL- E_S))","75",87.80025,93.91025,"What we do is we have these cribs in the back room "," What/WP   we/PRP  do/VBP is/VBZ   we/PRP  have/VBP   these/DT cribs/NNS  in/IN   the/DT back/NN room/NN  /:"
"50","sw01utt/sw_0189_3266.utt","3/sw3266",3266,49,"b","A",31,1,"Uh-huh. /","[ Uh-huh/UH ] ./.","(INTJ (UH Uh-huh) (. .) (-DFL- E_S))","47",91.0245,91.3645,"Uhhuh. "," Uhhuh/UH  ./."
"51","sw01utt/sw_0189_3266.utt","3/sw3266",3266,50,"+","B",32,1,"-- where they sleep that are,  {F um, } low to the ground  /","--/: where/WRB  [ they/PRP ] sleep/VBP  [ that/WDT ] are/VBP ,/, um/UH ,/, low/JJ to/IN  [ the/DT ground/NN ]","(S (SBAR-NOM-SBJ (WHNP-3 (WP What)) (S (NP-SBJ (PRP we)) (VP (VBP do) (NP (-NONE- *T*-3))))) (VP (VBZ is) (S-PRD (NP-SBJ (PRP we)) (VP (VBP have) (NP (NP (DT these) (NNS cribs)) (PP-LOC (IN in) (NP (NP (DT the) (NN back) (NN room)) (SBAR (WHADVP-2 (WRB where)) (S (NP-SBJ (PRP they)) (VP (VBP sleep) (ADVP-LOC (-NONE- *T*-2))))))) (SBAR (WHNP-1 (WDT that)) (S (NP-SBJ (-NONE- *T*-1)) (VP (VBP are) (, ,) (INTJ (UH um)) (, ,) (ADJP-PRD (JJ low) (PP (IN to) (NP (DT the) (NN ground))))))))))) (-DFL- E_S))","75",93.91025,101.34025," where they sleep that are,   um,  low to the ground  ","/: where/WRB   they/PRP  sleep/VBP   that/WDT  are/VBP ,/, um/UH ,/, low/JJ to/IN   the/DT ground/NN "
"52","sw01utt/sw_0189_3266.utt","3/sw3266",3266,51,"sd","B",32,2,"{C and } they're reenforced real strong  /","and/CC  [ they/PRP ] 're/VBP reenforced/JJ real/RB strong/JJ","(S (CC and) (NP-SBJ-1 (PRP they)) (VP (VBP 're) (VP (TYPO (JJ reenforced)) (NP-2 (-NONE- *-1)) (S-ADV (NP-SBJ (-NONE- *-2)) (ADJP-PRD (RB real) (JJ strong))))) (-DFL- E_S))","79",93.91025,101.34025," and  they're reenforced real strong  ","and/CC   they/PRP  're/VBP reenforced/JJ real/RB strong/JJ"
"53","sw01utt/sw_0189_3266.utt","3/sw3266",3266,52,"sd","B",32,3,"{C and } they'll sit four babies.  /","and/CC  [ they/PRP ] 'll/MD sit/VB  [ four/CD babies/NNS ] ./.","(S (CC and) (NP-SBJ (PRP they)) (VP (MD 'll) (VP (VB sit) (NP (CD four) (NNS babies)))) (. .) (-DFL- E_S))","80",93.91025,101.34025," and  they'll sit four babies.  ","and/CC   they/PRP  'll/MD sit/VB   four/CD babies/NNS  ./."
"54","sw01utt/sw_0189_3266.utt","3/sw3266",3266,53,"sd","B",32,4,"We would just lie them in there  /","[ We/PRP ] would/MD just/RB lie/VB  [ them/PRP ] in/IN there/RB","(S (NP-SBJ (PRP We)) (VP (MD would) (ADVP (RB just)) (VP (VB lie) (NP (PRP them)) (PP-LOC (IN in) (ADVP (RB there))))) (-DFL- E_S))","81",93.91025,101.34025,"We would just lie them in there  "," We/PRP  would/MD just/RB lie/VB   them/PRP  in/IN there/RB"
"55","sw01utt/sw_0189_3266.utt","3/sw3266",3266,54,"sd","B",32,5,"{C and } they roll real well and maneuver. /","and/CC  [ they/PRP ] roll/VBP real/RB well/RB and/CC maneuver/VBP ./.","(S (CC and) (NP-SBJ (PRP they)) (VP (VP (VBP roll) (ADVP-MNR (RB real) (RB well))) (CC and) (VP (VBP maneuver))) (. .) (-DFL- E_S))","82",93.91025,101.34025," and  they roll real well and maneuver. ","and/CC   they/PRP  roll/VBP real/RB well/RB and/CC maneuver/VBP ./."
"56","sw01utt/sw_0189_3266.utt","3/sw3266",3266,55,"%","A",33,1,"{F Oh, } {D well, } [ that's, +  that's ] a, -/","Oh/UH ,/, well/UH ,/,  [ that/DT ] 's/BES ,/,  [ that/DT ] 's/BES  [ a/DT ] ,/,","(S (INTJ (UH Oh)) (, ,) (INTJ (UH well)) (, ,) (EDITED (RM (-DFL- \[)) (S (NP-SBJ (DT that)) (VP-UNF (BES 's))) (, ,) (IP (-DFL- \+))) (NP-SBJ (DT that)) (VP (BES 's) (RS (-DFL- \])) (NP-PRD-UNF (DT a))) (, ,) (-DFL- N_S))","84",101.644625,103.014625," Oh,   well,   that's,   that's  a, ","Oh/UH ,/, well/UH ,/,   that/DT  's/BES ,/,   that/DT  's/BES   a/DT  ,/,"
"57","sw01utt/sw_0189_3266.utt","3/sw3266",3266,56,"sd","B",34,1,"That will get them out. /","[ That/DT ] will/MD get/VB  [ them/PRP ] out/RB ./.","(S (NP-SBJ (DT That)) (VP (MD will) (VP (VB get) (NP (PRP them)) (ADVP (RB out)))) (. .) (-DFL- E_S))","86",101.942625,102.892625,"That will get them out. "," That/DT  will/MD get/VB   them/PRP  out/RB ./."
"58","sw01utt/sw_0189_3266.utt","3/sw3266",3266,57,"sd","A",35,1,"I hadn't thought about that.  /","[ I/PRP ] had/VBD n't/RB thought/VBN about/IN  [ that/DT ] ./.","(S (NP-SBJ (PRP I)) (VP (VBD had) (RB n't) (VP (VBN thought) (PP (IN about) (NP (DT that))))) (. .) (-DFL- E_S))","88",103.5785,108.4285,"I hadn't thought about that.  "," I/PRP  had/VBD n't/RB thought/VBN about/IN   that/DT  ./."
"59","sw01utt/sw_0189_3266.utt","3/sw3266",3266,58,"sd(^q)","A",35,2,"{C But } I was thinking, {F oh, } my gosh, if they had very many babies, they couldn't possibly get them all out. /","But/CC  [ I/PRP ] was/VBD thinking/VBG ,/, oh/UH ,/,  [ my/PRP$ ] gosh/UH ,/, if/IN  [ they/PRP ] had/VBD  [ very/RB many/JJ babies/NNS ] ,/,  [ they/PRP ] could/MD n't/RB possibly/RB get/VB  [ them/PRP ] [ all/DT ] out/RB ./.","(S (CC But) (NP-SBJ (PRP I)) (VP (VBD was) (VP (VBG thinking) (, ,) (S-SEZ (INTJ (UH oh)) (, ,) (INTJ (PRP$ my) (UH gosh)) (, ,) (SBAR-ADV (IN if) (S (NP-SBJ (PRP they)) (VP (VBD had) (NP (ADJP (RB very) (JJ many)) (NNS babies))))) (, ,) (NP-SBJ (PRP they)) (VP (MD could) (RB n't) (ADVP (RB possibly)) (VP (VB get) (NP (NP (PRP them)) (NP (DT all))) (ADVP (RB out))))))) (. .) (-DFL- E_S))","89",103.5785,108.4285," But  I was thinking,  oh,  my gosh, if they had very many babies, they couldn't possibly get them all out. ","But/CC   I/PRP  was/VBD thinking/VBG ,/, oh/UH ,/,   my/PRP$  gosh/UH ,/, if/IN   they/PRP  had/VBD   very/RB many/JJ babies/NNS  ,/,   they/PRP  could/MD n't/RB possibly/RB get/VB   them/PRP   all/DT  out/RB ./."
"60","sw01utt/sw_0189_3266.utt","3/sw3266",3266,59,"ar","B",36,1,"No <laughter>. /","[ No/UH ] ./.","(INTJ (UH No) (. .) (-DFL- E_S))","91",108.68225,109.23225,"No laughter. "," No/UH  ./."
"61","sw01utt/sw_0189_3266.utt","3/sw3266",3266,60,"bf","A",37,1,"{C But } you could put them in  one of these cribs and then roll the crib out I guess. /","But/CC  [ you/PRP ] could/MD put/VB  [ them/PRP ] in/IN  [ one/CD ] of/IN  [ these/DT cribs/NNS ] and/CC then/RB roll/VB  [ the/DT crib/NN ] out/RB  [ I/PRP ] guess/VBP ./.","(S (CC But) (S-TPC-1 (NP-SBJ (PRP you)) (VP (MD could) (VP (VP (VB put) (NP (PRP them)) (PP-PUT (IN in) (NP (NP (CD one)) (PP (IN of) (NP (DT these) (NNS cribs)))))) (CONJP (CC and) (RB then)) (VP (VB roll) (NP (DT the) (NN crib)) (ADVP-DIR (RB out)))))) (NP-SBJ (PRP I)) (VP (VBP guess) (SBAR (-NONE- 0) (S (-NONE- *T*-1)))) (. .) (-DFL- E_S))","93",109.28175,112.07175," But  you could put them in  one of these cribs and then roll the crib out I guess. ","But/CC   you/PRP  could/MD put/VB   them/PRP  in/IN   one/CD  of/IN   these/DT cribs/NNS  and/CC then/RB roll/VB   the/DT crib/NN  out/RB   I/PRP  guess/VBP ./."
"62","sw01utt/sw_0189_3266.utt","3/sw3266",3266,61,"aa","B",38,1,"Right. /","[ Right/UH ] ./.","(INTJ (UH Right) (. .) (-DFL- E_S))","95",111.75475,111.88475,"Right. "," Right/UH  ./."
"63","sw01utt/sw_0189_3266.utt","3/sw3266",3266,62,"%","A",39,1,"{F Oh } -- /","Oh/UH --/:","(INTJ (UH Oh) (-DFL- E_S))","97",112.955,113.125," Oh   ","Oh/UH /:"
"64","sw01utt/sw_0189_3266.utt","3/sw3266",3266,63,"b","B",40,1,"Right. /","[ Right/UH ] ./.","(INTJ (UH Right) (. .) (-DFL- E_S))","95",111.88475,112.42475,"Right. "," Right/UH  ./."
"65","sw01utt/sw_0189_3266.utt","3/sw3266",3266,64,"ba","A",41,1,"-- {D well, } that's neat. /","--/: well/UH ,/,  [ that/DT ] 's/BES neat/JJ ./.","(S (INTJ (UH well)) (, ,) (NP-SBJ (DT that)) (VP (BES 's) (ADJP-PRD (JJ neat))) (. .) (-DFL- E_S))","101",113.125,114.405,"  well,  that's neat. ","/: well/UH ,/,   that/DT  's/BES neat/JJ ./."
"66","sw01utt/sw_0189_3266.utt","3/sw3266",3266,65,"b","B",42,1,"Yeah,  /","Yeah/UH ,/,","(INTJ (UH Yeah) (, ,) (-DFL- E_S))","103",114.7745,117.6845,"Yeah,  ","Yeah/UH ,/,"
"67","sw01utt/sw_0189_3266.utt","3/sw3266",3266,66,"sd","B",42,2,"that's certainly something we hope <laughter> never happens. /","[ that/DT ] 's/BES certainly/RB  [ something/NN ] [ we/PRP ] hope/VBP never/RB happens/VBZ ./.","(S (NP-SBJ (DT that)) (VP (BES 's) (ADVP (RB certainly)) (NP-PRD (NP (NN something)) (SBAR (WHNP-1 (-NONE- 0)) (S (NP-SBJ (PRP we)) (VP (VBP hope) (SBAR (-NONE- 0) (S (NP-SBJ (-NONE- *T*-1)) (ADVP-TMP (RB never)) (VP (VBZ happens))))))))) (. .) (-DFL- E_S))","104",114.7745,117.6845,"that's certainly something we hope laughter never happens. "," that/DT  's/BES certainly/RB   something/NN   we/PRP  hope/VBP never/RB happens/VBZ ./."
"68","sw01utt/sw_0189_3266.utt","3/sw3266",3266,67,"qy","A",43,1,"{D Well, } do most of your day-care workers really care about the children,  /","Well/UH ,/, do/VBP most/RBS of/IN  [ your/PRP$ day-care/NN workers/NNS ] really/RB care/VBP about/IN  [ the/DT children/NNS ] ,/,","(SQ (INTJ (UH Well)) (, ,) (VBP do) (NP-SBJ (NP (RBS most)) (PP (IN of) (NP (PRP$ your) (NN day-care) (NNS workers)))) (ADVP (RB really)) (VP (VBP care) (PP (IN about) (NP (DT the) (NNS children)))) (, ,) (-DFL- E_S))","106",117.699375,122.019375," Well,  do most of your daycare workers really care about the children,  ","Well/UH ,/, do/VBP most/RBS of/IN   your/PRP$ daycare/NN workers/NNS  really/RB care/VBP about/IN   the/DT children/NNS  ,/,"
"69","sw01utt/sw_0189_3266.utt","3/sw3266",3266,68,"qrr","A",43,2,"{C or } is it just a job for them? /","or/CC is/VBZ it/PRP just/JJ  [ a/DT job/NN ] for/IN  [ them/PRP ] ?/.","(SQ (CC or) (VBZ is) (NP-SBJ (PRP it)) (NP-PRD (JJ just) (DT a) (NN job)) (PP (IN for) (NP (PRP them))) (. ?) (-DFL- E_S))","107",117.699375,122.019375," or  is it just a job for them? ","or/CC is/VBZ it/PRP just/JJ   a/DT job/NN  for/IN   them/PRP  ?/."
"70","sw01utt/sw_0189_3266.utt","3/sw3266",3266,69,"sd","B",44,1,"Most really care, in this center, really care.  /","Most/RBS really/RB care/VBP ,/, in/IN  [ this/DT center/NN ] ,/, really/RB care/VBP ./.","(S (NP-SBJ (RBS Most)) (VP (VP (ADVP (RB really)) (VBP care)) (, ,) (PP-LOC (IN in) (NP (DT this) (NN center))) (, ,) (VP (ADVP (RB really)) (VBP care))) (. .) (-DFL- E_S))","109",122.461125,131.331125,"Most really care, in this center, really care.  ","Most/RBS really/RB care/VBP ,/, in/IN   this/DT center/NN  ,/, really/RB care/VBP ./."
"71","sw01utt/sw_0189_3266.utt","3/sw3266",3266,70,"sd","B",44,2,"{F Uh, } most everyone has a college degree in {D like } early childhood education. /","[ Uh/UH ] ,/, most/RBS  [ everyone/NN ] has/VBZ  [ a/DT college/NN degree/NN ] in/IN  [ like/UH early/JJ childhood/NN education/NN ] ./.","(S (INTJ (UH Uh)) (, ,) (NP-SBJ (RBS most) (NN everyone)) (VP (VBZ has) (NP (NP (DT a) (NN college) (NN degree)) (PP (IN in) (INTJ (UH like)) (NP (JJ early) (NN childhood) (NN education))))) (. .) (-DFL- E_S))","110",122.461125,131.331125," Uh,  most everyone has a college degree in  like  early childhood education. "," Uh/UH  ,/, most/RBS   everyone/NN  has/VBZ   a/DT college/NN degree/NN  in/IN   like/UH early/JJ childhood/NN education/NN  ./."
"72","sw01utt/sw_0189_3266.utt","3/sw3266",3266,71,"b","A",45,1,"Uh-huh. /","[ Uh-huh/UH ] ./.","(INTJ (UH Uh-huh) (. .) (-DFL- E_S))","112",131.674625,132.044625,"Uhhuh. "," Uhhuh/UH  ./."
"73","sw01utt/sw_0189_3266.utt","3/sw3266",3266,72,"sd","B",46,1,"{C And } really there's only like  eight children per room  /","And/CC really/RB  [ there/EX ] 's/BES only/RB like/UH  [ eight/CD children/NNS ] per/IN  [ room/NN ]","(S (CC And) (ADVP (RB really)) (NP-SBJ (EX there)) (VP (BES 's) (ADVP (RB only)) (NP-PRD (NP (QP (UH like) (CD eight)) (NNS children)) (PP (IN per) (NP (NN room))))) (-DFL- E_S))","114",133.0525,140.3225," And  really there's only like  eight children per room  ","And/CC really/RB   there/EX  's/BES only/RB like/UH   eight/CD children/NNS  per/IN   room/NN "
"74","sw01utt/sw_0189_3266.utt","3/sw3266",3266,73,"sd","B",46,2,"{C and then } there's like two or [ three, +  mostly three ]  care givers in each room. /","and/CC then/RB  [ there/EX ] [ 's/BES ] like/UH  [ two/CD ] or/CC  [ three/CD ] ,/, mostly/RB  [ three/CD care/NN givers/NNS ] in/IN  [ each/DT room/NN ] ./.","(S (CONJP (CC and) (RB then)) (NP-SBJ (EX there)) (VP (BES 's) (INTJ (UH like)) (EDITED (NP-PRD-UNF (QP (CD two) (CC or) (RM (-DFL- \[)) (CD three))) (, ,) (IP (-DFL- \+))) (ADVP (RB mostly)) (NP-PRD (NP (CD three) (RS (-DFL- \])) (NN care) (NNS givers)) (PP-LOC (IN in) (NP (DT each) (NN room))))) (. .) (-DFL- E_S))","115",133.0525,140.3225," and then  there's like two or  three,   mostly three   care givers in each room. ","and/CC then/RB   there/EX   's/BES  like/UH   two/CD  or/CC   three/CD  ,/, mostly/RB   three/CD care/NN givers/NNS  in/IN   each/DT room/NN  ./."
"75","sw01utt/sw_0189_3266.utt","3/sw3266",3266,74,"b","A",47,1,"Uh-huh. /","[ Uh-huh/UH ] ./.","(INTJ (UH Uh-huh) (. .) (-DFL- E_S))","112",140.62,140.94,"Uhhuh. "," Uhhuh/UH  ./."
"76","sw01utt/sw_0189_3266.utt","3/sw3266",3266,75,"sd","B",48,1,"{C And } that enables them to spend more time with the children.  /","And/CC  [ that/DT ] enables/VBZ  [ them/PRP ] to/TO spend/VB  [ more/JJR time/NN ] with/IN  [ the/DT children/NNS ] ./.","(S (CC And) (NP-SBJ (DT that)) (VP (VBZ enables) (S (NP-SBJ (PRP them)) (VP (TO to) (VP (VB spend) (NP (JJR more) (NN time)) (PP (IN with) (NP (DT the) (NNS children))))))) (. .) (-DFL- E_S))","119",140.7725,152.902375," And  that enables them to spend more time with the children.  ","And/CC   that/DT  enables/VBZ   them/PRP  to/TO spend/VB   more/JJR time/NN  with/IN   the/DT children/NNS  ./."
"77","sw01utt/sw_0189_3266.utt","3/sw3266",3266,76,"sd","B",48,2,"Sometimes I feel like all I'm doing is changing diapers, giving bottles, and putting babies down for a nap.  /","Sometimes/RB  [ I/PRP ] feel/VBP like/IN  [ all/DT ] [ I/PRP ] 'm/VBP doing/VBG is/VBZ changing/VBG  [ diapers/NNS ] ,/, giving/VBG  [ bottles/NNS ] ,/, and/CC  [ putting/VBG babies/NNS ] down/RB for/IN  [ a/DT nap/NN ] ./.","(S (ADVP-TMP (RB Sometimes)) (NP-SBJ (PRP I)) (VP (VBP feel) (SBAR (IN like) (S (NP-SBJ (NP (DT all)) (SBAR (WHNP-1 (-NONE- 0)) (S (NP-SBJ (PRP I)) (VP (VBP 'm) (VP (VBG doing) (NP (-NONE- *T*-1))))))) (VP (VBZ is) (S-PRD (NP-SBJ (-NONE- *)) (VP (VP (VBG changing) (NP (NNS diapers))) (, ,) (VP (VBG giving) (NP (NNS bottles))) (, ,) (CC and) (VP (VBG putting) (NP (NNS babies)) (ADVP-PUT (RB down)) (PP-PRP (IN for) (NP (DT a) (NN nap)))))))))) (. .) (-DFL- E_S))","120",140.7725,152.902375,"Sometimes I feel like all I'm doing is changing diapers, giving bottles, and putting babies down for a nap.  ","Sometimes/RB   I/PRP  feel/VBP like/IN   all/DT   I/PRP  'm/VBP doing/VBG is/VBZ changing/VBG   diapers/NNS  ,/, giving/VBG   bottles/NNS  ,/, and/CC   putting/VBG babies/NNS  down/RB for/IN   a/DT nap/NN  ./."
"78","sw01utt/sw_0189_3266.utt","3/sw3266",3266,77,"sd","B",48,3,"{C So, }  it's nice to be able to play with them and really get to know them. /","So/RB ,/,  [ it/PRP ] 's/BES nice/JJ to/TO be/VB able/JJ to/TO play/VB with/IN  [ them/PRP ] and/CC really/RB get/VB to/TO know/VB  [ them/PRP ] ./.","(S (RB So) (, ,) (NP-SBJ (NP (PRP it)) (S (-NONE- *EXP*-2))) (VP (BES 's) (ADJP-PRD (JJ nice)) (S-2 (NP-SBJ-1 (-NONE- *)) (VP (TO to) (VP (VB be) (ADJP-PRD (JJ able) (S (NP-SBJ-3 (-NONE- *-1)) (VP (TO to) (VP (VP (VB play) (PP (IN with) (NP (PRP them)))) (CC and) (VP (ADVP (RB really)) (VB get) (S (NP-SBJ (-NONE- *-3)) (VP (TO to) (VP (VB know) (NP (PRP them)))))))))))))) (. .) (-DFL- E_S))","121",140.7725,152.902375," So,   it's nice to be able to play with them and really get to know them. ","So/RB ,/,   it/PRP  's/BES nice/JJ to/TO be/VB able/JJ to/TO play/VB with/IN   them/PRP  and/CC really/RB get/VB to/TO know/VB   them/PRP  ./."
"79","sw01utt/sw_0189_3266.utt","3/sw3266",3266,78,"b","A",49,1,"Uh-huh. /","[ Uh-huh/UH ] ./.","(INTJ (UH Uh-huh) (. .) (-DFL- E_S))","112",152.83575,153.52575,"Uhhuh. "," Uhhuh/UH  ./."
"80","sw01utt/sw_0189_3266.utt","3/sw3266",3266,79,"sd","B",50,1,"It's easy to get attached to them too. /","[ It/PRP ] 's/VBP easy/JJ to/TO get/VB attached/JJ to/IN  [ them/PRP ] too/RB ./.","(S (NP-SBJ (NP (PRP It)) (S (-NONE- *EXP*-1))) (VP (VBP 's) (ADJP-PRD (JJ easy)) (S-1 (NP-SBJ (-NONE- *)) (VP (TO to) (VP (VB get) (ADJP-PRD (JJ attached) (PP (IN to) (NP (PRP them))))))) (ADVP (RB too))) (. .) (-DFL- E_S))","125",153.751625,155.681625,"It's easy to get attached to them too. "," It/PRP  's/VBP easy/JJ to/TO get/VB attached/JJ to/IN   them/PRP  too/RB ./."
"81","sw01utt/sw_0189_3266.utt","3/sw3266",3266,80,"b","A",51,1,"Yeah.  /","Yeah/UH ./.","(INTJ (UH Yeah) (. .) (-DFL- E_S))","127",156.112125,161.222125,"Yeah.  ","Yeah/UH ./."
"82","sw01utt/sw_0189_3266.utt","3/sw3266",3266,81,"qw","A",51,2,"[ How old a group, + how old are the children ]  go with this center where you work? /","How/WRB  [ old/JJ a/DT group/NN ] ,/, how/WRB  [ old/JJ ] are/VBP  [ the/DT children/NNS ] go/VB with/IN  [ this/DT center/NN ] where/WRB  [ you/PRP ] work/VBP ?/.","(SBARQ (EDITED (RM (-DFL- \[)) (WHNP (WHADJP (WRB How) (JJ old)) (DT a) (NN group)) (, ,) (IP (-DFL- \+))) (WHADJP-2 (WRB how) (JJ old)) (SQ (VBP are) (NP-SBJ (NP (DT the) (NNS children)) (RS (-DFL- \]))) (VP (VB go) (ADJP-PRD (-NONE- *T*-2)) (PP (IN with) (NP (NP (DT this) (NN center)) (SBAR (WHADVP-1 (WRB where)) (S (NP-SBJ (PRP you)) (VP (VBP work) (ADVP-LOC (-NONE- *T*-1))))))))) (. ?) (-DFL- E_S))","128",156.112125,161.222125," How old a group,  how old are the children   go with this center where you work? ","How/WRB   old/JJ a/DT group/NN  ,/, how/WRB   old/JJ  are/VBP   the/DT children/NNS  go/VB with/IN   this/DT center/NN  where/WRB   you/PRP  work/VBP ?/."
"83","sw01utt/sw_0189_3266.utt","3/sw3266",3266,82,"sd","B",52,1,"{F Um, } in my room they go from eight weeks to nine months. /","Um/UH ,/, in/IN  [ my/PRP$ room/NN ] [ they/PRP ] go/VBP from/IN  [ eight/CD weeks/NNS ] to/IN  [ nine/CD months/NNS ] ./.","(S (INTJ (UH Um)) (, ,) (PP-LOC (IN in) (NP (PRP$ my) (NN room))) (NP-SBJ (PRP they)) (VP (VBP go) (PP (IN from) (NP (CD eight) (NNS weeks))) (PP (IN to) (NP (CD nine) (NNS months)))) (. .) (-DFL- E_S))","130",161.554,166.664," Um,  in my room they go from eight weeks to nine months. ","Um/UH ,/, in/IN   my/PRP$ room/NN   they/PRP  go/VBP from/IN   eight/CD weeks/NNS  to/IN   nine/CD months/NNS  ./."
"84","sw01utt/sw_0189_3266.utt","3/sw3266",3266,83,"b","A",53,1,"Uh-huh. /","[ Uh-huh/UH ] ./.","(INTJ (UH Uh-huh) (. .) (-DFL- E_S))","112",166.774875,167.204875,"Uhhuh. "," Uhhuh/UH  ./."
"85","sw01utt/sw_0189_3266.utt","3/sw3266",3266,84,"sd","B",54,1,"{C And } throughout the center it goes up to {D like } age twelve. /","And/CC throughout/IN  [ the/DT center/NN ] [ it/PRP ] goes/VBZ up/IN to/IN like/UH  [ age/NN twelve/CD ] ./.","(S (CC And) (PP-LOC (IN throughout) (NP (DT the) (NN center))) (NP-SBJ (PRP it)) (VP (VBZ goes) (PP (IN up) (PP (IN to) (INTJ (UH like)) (NP (NN age) (CD twelve))))) (. .) (-DFL- E_S))","134",167.44725,170.15725," And  throughout the center it goes up to  like  age twelve. ","And/CC throughout/IN   the/DT center/NN   it/PRP  goes/VBZ up/IN to/IN like/UH   age/NN twelve/CD  ./."
"86","sw01utt/sw_0189_3266.utt","3/sw3266",3266,85,"b","A",55,1,"Uh-huh. /","[ Uh-huh/UH ] ./.","(INTJ (UH Uh-huh) (. .) (-DFL- E_S))","112",170.669,171.199,"Uhhuh. "," Uhhuh/UH  ./."
"87","sw01utt/sw_0189_3266.utt","3/sw3266",3266,86,"sd","B",56,1,"{D So, }  I have the [ real, + real ]  young ones <laughter> in my room. /","So/RB ,/,  [ I/PRP ] have/VBP  [ the/DT real/RB ] ,/,  [ real/RB young/JJ ones/NNS ] in/IN  [ my/PRP$ room/NN ] ./.","(S (INTJ (UH So)) (, ,) (NP-SBJ (PRP I)) (VP (VBP have) (NP (DT the) (RM (-DFL- \[)) (ADJP (RB real) (, ,) (IP (-DFL- \+)) (RB real) (RS (-DFL- \])) (JJ young)) (NNS ones)) (PP-LOC (IN in) (NP (PRP$ my) (NN room)))) (. .) (-DFL- E_S))","138",173.1115,175.3915," So,   I have the  real,  real   young ones laughter in my room. ","So/RB ,/,   I/PRP  have/VBP   the/DT real/RB  ,/,   real/RB young/JJ ones/NNS  in/IN   my/PRP$ room/NN  ./."
"88","sw01utt/sw_0189_3266.utt","3/sw3266",3266,87,"bf","A",57,1,"You've got the little bitty ones. /","[ You/PRP ] 've/VBP got/VBN  [ the/DT little/JJ bitty/JJ ones/NNS ] ./.","(S (NP-SBJ (PRP You)) (VP (VBP 've) (VP (VBN got) (NP (DT the) (JJ little) (JJ bitty) (NNS ones)))) (. .) (-DFL- E_S))","140",175.08,176.75,"You've got the little bitty ones. "," You/PRP  've/VBP got/VBN   the/DT little/JJ bitty/JJ ones/NNS  ./."
"89","sw01utt/sw_0189_3266.utt","3/sw3266",3266,88,"aa","B",58,1,"Uh-huh. /","[ Uh-huh/UH ] ./.","(INTJ (UH Uh-huh) (. .) (-DFL- E_S))","117",176.549625,176.839625,"Uhhuh. "," Uhhuh/UH  ./."
"90","sw01utt/sw_0189_3266.utt","3/sw3266",3266,89,"sv","A",59,1,"Those are the, probably [ the  (( bestes-, )) +   the best ] group to have. /","[ Those/DT ] are/VBP  [ the/DT ] ,/, probably/RB  [ the/DT bestes/JJS ] ,/,  [ the/DT best/JJS group/NN ] to/TO have/VB ./.","(S (NP-SBJ (DT Those)) (VP (VBP are) (EDITED (NP-PRD-UNF (DT the))) (, ,) (ADVP (RB probably)) (EDITED (RM (-DFL- \[)) (NP-PRD-UNF (DT the) (JJS bestes-)) (, ,) (IP (-DFL- \+))) (NP-PRD (NP (DT the) (JJS best) (RS (-DFL- \])) (NN group)) (SBAR (WHNP-1 (-NONE- 0)) (S (NP-SBJ (-NONE- *)) (VP (TO to) (VP (VB have) (NP (-NONE- *T*-1)))))))) (. .) (-DFL- E_S))","144",177.24,180.22,"Those are the, probably  the   bestes,     the best  group to have. "," Those/DT  are/VBP   the/DT  ,/, probably/RB   the/DT bestes/JJS  ,/,   the/DT best/JJS group/NN  to/TO have/VB ./."
"91","sw01utt/sw_0189_3266.utt","3/sw3266",3266,90,"sd","B",60,1,"[ They're, + {D you know, } they're ] wonderful.  /","[ They/PRP ] 're/VBP ,/,  [ you/PRP ] know/VBP ,/,  [ they/PRP ] 're/VBP wonderful/JJ ./.","(S (EDITED (RM (-DFL- \[)) (S (NP-SBJ (PRP They)) (VP-UNF (VBP 're))) (, ,) (IP (-DFL- \+))) (PRN (S (NP-SBJ (PRP you)) (VP (VBP know))) (, ,)) (NP-SBJ (PRP they)) (VP (VBP 're) (RS (-DFL- \])) (ADJP-PRD (JJ wonderful))) (. .) (-DFL- E_S))","146",180.244,183.044," They're,   you know,  they're  wonderful.  "," They/PRP  're/VBP ,/,   you/PRP  know/VBP ,/,   they/PRP  're/VBP wonderful/JJ ./."
"92","sw01utt/sw_0189_3266.utt","3/sw3266",3266,91,"sd","B",60,2,"They don't complain too much <laughter>. /","[ They/PRP ] do/VBP n't/RB complain/VB too/RB much/RB ./.","(S (NP-SBJ (PRP They)) (VP (VBP do) (RB n't) (VP (VB complain) (ADVP (RB too) (RB much)))) (. .) (-DFL- E_S))","147",180.244,183.044,"They don't complain too much laughter. "," They/PRP  do/VBP n't/RB complain/VB too/RB much/RB ./."
"93","sw01utt/sw_0189_3266.utt","3/sw3266",3266,92,"sv","A",61,1,"{C And } they're fun. /","And/CC  [ they/PRP ] 're/VBP fun/JJ ./.","(S (CC And) (NP-SBJ (PRP they)) (VP (VBP 're) (ADJP-PRD (JJ fun))) (. .) (-DFL- E_S))","149",183.24625,184.05625," And  they're fun. ","And/CC   they/PRP  're/VBP fun/JJ ./."
"94","sw01utt/sw_0189_3266.utt","3/sw3266",3266,93,"aa","B",62,1,"Yes.  /","Yes/UH ./.","(INTJ (UH Yes) (. .) (-DFL- E_S))","151",184.070875,185.770875,"Yes.  ","Yes/UH ./."
"95","sw01utt/sw_0189_3266.utt","3/sw3266",3266,94,"sd","B",62,2,"They are a lot of fun. /","[ They/PRP ] are/VBP  [ a/DT lot/NN ] of/IN  [ fun/NN ] ./.","(S (NP-SBJ (PRP They)) (VP (VBP are) (NP-PRD (NP (DT a) (NN lot)) (PP (IN of) (NP (NN fun))))) (. .) (-DFL- E_S))","152",184.070875,185.770875,"They are a lot of fun. "," They/PRP  are/VBP   a/DT lot/NN  of/IN   fun/NN  ./."
"96","sw01utt/sw_0189_3266.utt","3/sw3266",3266,95,"sv","A",63,1,"Babies are fun,  /","[ Babies/NNS ] are/VBP fun/NN ,/,","(S (NP-SBJ (NNS Babies)) (VP (VBP are) (NP-PRD (NN fun))) (, ,) (-DFL- E_S))","154",185.763,189.463,"Babies are fun,  "," Babies/NNS  are/VBP fun/NN ,/,"
"97","sw01utt/sw_0189_3266.utt","3/sw3266",3266,96,"sv","A",63,2,"{C and } they're not quite big enough to be getting into everything yet,  /","and/CC  [ they/PRP ] 're/VBP not/RB quite/RB big/JJ enough/RB to/TO be/VB getting/VBG into/IN  [ everything/NN ] yet/RB ,/,","(S (CC and) (NP-SBJ (PRP they)) (VP (VBP 're) (RB not) (ADJP-PRD (RB quite) (JJ big) (RB enough) (S (NP-SBJ (-NONE- *)) (VP (TO to) (VP (VB be) (VP (VBG getting) (PP (IN into) (NP (NN everything)))))))) (ADVP-TMP (RB yet))) (, ,) (-DFL- E_S))","155",185.763,189.463," and  they're not quite big enough to be getting into everything yet,  ","and/CC   they/PRP  're/VBP not/RB quite/RB big/JJ enough/RB to/TO be/VB getting/VBG into/IN   everything/NN  yet/RB ,/,"
"98","sw01utt/sw_0189_3266.utt","3/sw3266",3266,97,"%","A",63,3,"{C so. } -/","so/RB ./.","(S-UNF (RB so) (. .) (-DFL- N_S))","156",185.763,189.463," so.  ","so/RB ./."
"99","sw01utt/sw_0189_3266.utt","3/sw3266",3266,98,"aa","B",64,1,"Not quite.  /","Not/RB quite/RB ./.","(ADVP (RB Not) (RB quite) (. .) (-DFL- E_S))","158",189.367375,194.237375,"Not quite.  ","Not/RB quite/RB ./."
"100","sw01utt/sw_0189_3266.utt","3/sw3266",3266,99,"%","B",64,2,"It's a, - /","[ It/PRP ] 's/BES  [ a/DT ] ,/,","(S (NP-SBJ (PRP It)) (VP (BES 's) (NP-PRD-UNF (DT a))) (, ,) (-DFL- N_S))","159",189.367375,194.237375,"It's a,  "," It/PRP  's/BES   a/DT  ,/,"
"101","sw01utt/sw_0189_3266.utt","3/sw3266",3266,100,"sd","B",64,3,"when they start to crawl they try to climb up on things  /","when/WRB  [ they/PRP ] start/VBP to/TO crawl/VB  [ they/PRP ] try/VBP to/TO climb/VB up/IN on/IN  [ things/NNS ]","(S (SBAR-TMP (WHADVP-3 (WRB when)) (S (NP-SBJ-2 (PRP they)) (VP (VBP start) (S (NP-SBJ (-NONE- *-2)) (VP (TO to) (VP (VB crawl)))) (ADVP-TMP (-NONE- *T*-3))))) (NP-SBJ-1 (PRP they)) (VP (VBP try) (S (NP-SBJ (-NONE- *-1)) (VP (TO to) (VP (VB climb) (PP-DIR (IN up) (PP (IN on) (NP (NNS things)))))))) (-DFL- E_S))","160",189.367375,194.237375,"when they start to crawl they try to climb up on things  ","when/WRB   they/PRP  start/VBP to/TO crawl/VB   they/PRP  try/VBP to/TO climb/VB up/IN on/IN   things/NNS "
"102","sw01utt/sw_0189_3266.utt","3/sw3266",3266,101,"%","B",64,4,"and -- -/","and/CC --/:","(S-UNF (CC and) (-DFL- N_S))","161",189.367375,194.237375,"and  ","and/CC /:"
"103","sw01utt/sw_0189_3266.utt","3/sw3266",3266,102,"b","A",65,1,"Uh-huh. /","[ Uh-huh/UH ] ./.","(INTJ (UH Uh-huh) (. .) (-DFL- E_S))","132",194.47875,194.88875,"Uhhuh. "," Uhhuh/UH  ./."
"104","sw01utt/sw_0189_3266.utt","3/sw3266",3266,103,"sd","B",66,1,"-- you have to be real careful [ all  the, +  everything ] is baby proof.  /","--/:  [ you/PRP ] have/VBP to/TO be/VB real/RB careful/JJ  [ all/PDT the/DT ] ,/,  [ everything/NN ] is/VBZ  [ baby/NN proof/JJ ] ./.","(S (NP-SBJ-1 (PRP you)) (VP (VBP have) (S (NP-SBJ (-NONE- *-1)) (VP (TO to) (VP (VB be) (ADJP-PRD (RB real) (JJ careful) (SBAR (-NONE- 0) (S (EDITED (RM (-DFL- \[)) (NP-SBJ-UNF (PDT all) (DT the)) (, ,) (IP (-DFL- \+))) (NP-SBJ (NN everything)) (RS (-DFL- \])) (VP (VBZ is) (ADJP-PRD (NN baby) (JJ proof)))))))))) (. .) (-DFL- E_S))","165",195.042625,202.142625," you have to be real careful  all  the,   everything  is baby proof.  ","/:   you/PRP  have/VBP to/TO be/VB real/RB careful/JJ   all/PDT the/DT  ,/,   everything/NN  is/VBZ   baby/NN proof/JJ  ./."
"105","sw01utt/sw_0189_3266.utt","3/sw3266",3266,104,"sd","B",66,2,"{D You know, } all the doors have latches  and stuff so they can't get into anything  /","[ You/PRP ] know/VBP ,/,  [ all/PDT the/DT doors/NNS ] have/VBP  [ latches/NNS ] and/CC  [ stuff/NN ] so/IN  [ they/PRP ] ca/MD n't/RB get/VB into/IN  [ anything/NN ]","(S (PRN (S (NP-SBJ (PRP You)) (VP (VBP know))) (, ,)) (NP-SBJ (PDT all) (DT the) (NNS doors)) (VP (VBP have) (NP (NNS latches) (CC and) (NN stuff)) (SBAR-PRP (IN so) (S (NP-SBJ (PRP they)) (VP (MD ca) (RB n't) (VP (VB get) (PP (IN into) (NP (NN anything)))))))) (-DFL- E_S))","166",195.042625,202.142625," You know,  all the doors have latches  and stuff so they can't get into anything  "," You/PRP  know/VBP ,/,   all/PDT the/DT doors/NNS  have/VBP   latches/NNS  and/CC   stuff/NN  so/IN   they/PRP  ca/MD n't/RB get/VB into/IN   anything/NN "
"106","sw01utt/sw_0189_3266.utt","3/sw3266",3266,105,"sd","B",66,3,"{C but } they try. /","but/CC  [ they/PRP ] try/VBP ./.","(S (CC but) (NP-SBJ (PRP they)) (VP (VBP try)) (. .) (-DFL- E_S))","167",195.042625,202.142625," but  they try. ","but/CC   they/PRP  try/VBP ./."
"107","sw01utt/sw_0189_3266.utt","3/sw3266",3266,106,"b","A",67,1,"Uh-huh.  /","[ Uh-huh/UH ] ./.","(INTJ (UH Uh-huh) (. .) (-DFL- E_S))","136",203.02275,207.18275,"Uhhuh.  "," Uhhuh/UH  ./."
"108","sw01utt/sw_0189_3266.utt","3/sw3266",3266,107,"qy","A",67,2,"Do you --","Do/VBP  [ you/PRP ] --/:","(SQ (VBP Do) (NP-SBJ (PRP you)) (VP (VB think) (SBAR (-NONE- 0) (S (NP-SBJ (EX there)) (VP (BES 's) (NP-PRD (ADJP (RB very) (JJ many)) (ADJP (RB really) (JJ good)) (NN day-care) (NNS centers)) (PP-LOC (IN around) (NP (PRP$ your) (NN area))))))) (. ?) (-DFL- E_S))","170",203.02275,207.18275,"Do you ","Do/VBP   you/PRP  /:"
"109","sw01utt/sw_0189_3266.utt","3/sw3266",3266,108,"b","B",68,1,"{C But, }  yeah, /","But/CC ,/, yeah/UH ,/,","(FRAG (CC But) (, ,) (INTJ (UH yeah)) (, ,) (-DFL- E_S))","172",202.142625,208.398375," But,   yeah, ","But/CC ,/, yeah/UH ,/,"
"110","sw01utt/sw_0189_3266.utt","3/sw3266",3266,109,"+","A",69,1,"-- think there's very many really good day-care centers around your area? /","--/: think/VB  [ there/EX ] 's/BES very/RB many/JJ really/RB  [ good/JJ day-care/NN centers/NNS ] around/IN  [ your/PRP$ area/NN ] ?/.","(SQ (VBP Do) (NP-SBJ (PRP you)) (VP (VB think) (SBAR (-NONE- 0) (S (NP-SBJ (EX there)) (VP (BES 's) (NP-PRD (ADJP (RB very) (JJ many)) (ADJP (RB really) (JJ good)) (NN day-care) (NNS centers)) (PP-LOC (IN around) (NP (PRP$ your) (NN area))))))) (. ?) (-DFL- E_S))","170",NA,NA," think there's very many really good daycare centers around your area? ","/: think/VB   there/EX  's/BES very/RB many/JJ really/RB   good/JJ daycare/NN centers/NNS  around/IN   your/PRP$ area/NN  ?/."
"111","sw01utt/sw_0189_3266.utt","3/sw3266",3266,110,"b^m","B",70,1,"In my area - /","In/IN  [ my/PRP$ area/NN ]","(PP-LOC (IN In) (NP (PRP$ my) (NN area)) (-DFL- N_S))","175",208.398375,212.348375,"In my area  ","In/IN   my/PRP$ area/NN "
"112","sw01utt/sw_0189_3266.utt","3/sw3266",3266,111,"sd","B",70,2,"{C because } [ w-, + I ]  live in a college town in Penn State University -- /","because/IN  [ w-/PRP ] ,/,  [ I/PRP ] live/VBP in/IN  [ a/DT college/NN town/NN ] in/IN  [ Penn/NNP State/NNP University/NNP ] --/:","(SBAR-PRP (IN because) (S (EDITED (RM (-DFL- \[)) (NP-SBJ-UNF (PRP w-)) (, ,) (IP (-DFL- \+))) (NP-SBJ (PRP I)) (RS (-DFL- \])) (VP (VBP live) (PP-LOC (IN in) (NP (DT a) (NN college) (NN town))) (PP-LOC (IN in) (NP (NNP Penn) (NNP State) (NNP University))))) (-DFL- E_S))","176",208.398375,212.348375," because   w,  I   live in a college town in Penn State University  ","because/IN   w/PRP  ,/,   I/PRP  live/VBP in/IN   a/DT college/NN town/NN  in/IN   Penn/NNP State/NNP University/NNP  /:"
"113","sw01utt/sw_0189_3266.utt","3/sw3266",3266,112,"b","A",71,1,"Uh-huh. /","[ Uh-huh/UH ] ./.","(INTJ (UH Uh-huh) (. .) (-DFL- E_S))","163",212.502125,212.882125,"Uhhuh. "," Uhhuh/UH  ./."
"114","sw01utt/sw_0189_3266.utt","3/sw3266",3266,113,"%","B",72,1,"-- {C so } I, - /","--/: so/RB  [ I/PRP ] ,/,","(S-UNF (RB so) (NP-SBJ (PRP I)) (, ,) (-DFL- N_S))","180",212.808375,222.807375,"  so  I,  ","/: so/RB   I/PRP  ,/,"
"115","sw01utt/sw_0189_3266.utt","3/sw3266",3266,114,"sd","B",72,2,"there is [ a lot of, +  <lipsmack> a lot of ] college educated people and stuff that are in the centers that really seem to have an idea of what's going on. /","[ there/EX ] is/VBZ  [ a/DT lot/NN ] of/IN ,/,  [ a/DT lot/NN ] of/IN  [ college/NN ] educated/JJ  [ people/NNS ] and/CC  [ stuff/NN ] [ that/WDT ] are/VBP in/IN  [ the/DT centers/NNS ] [ that/WDT ] really/RB seem/VBP to/TO have/VB  [ an/DT idea/NN ] of/IN  [ what/WP ] 's/BES going/VBG on/RP ./.","(S (NP-SBJ (EX there)) (VP (VBZ is) (EDITED (RM (-DFL- \[)) (NP-PRD (NP (DT a) (NN lot)) (PP-UNF (IN of))) (, ,) (IP (-DFL- \+))) (NP-PRD (NP (DT a) (NN lot)) (PP (IN of) (RS (-DFL- \])) (NP (NP (NP (ADJP (NN college) (JJ educated)) (NNS people)) (CC and) (NP (NN stuff))) (SBAR (WHNP-2 (WDT that)) (S (NP-SBJ (-NONE- *T*-2)) (VP (VBP are) (PP-LOC-PRD (IN in) (NP (DT the) (NNS centers)))))) (SBAR (WHNP-1 (WDT that)) (S (NP-SBJ-3 (-NONE- *T*-1)) (ADVP (RB really)) (VP (VBP seem) (S (NP-SBJ (-NONE- *-3)) (VP (TO to) (VP (VB have) (NP (NP (DT an) (NN idea)) (PP (IN of) (SBAR-NOM (WHNP-4 (WP what)) (S (NP-SBJ (-NONE- *T*-4)) (VP (BES 's) (VP (VBG going) (PRT (RP on)))))))))))))))))) (. .) (-DFL- E_S))","181",212.808375,222.807375,"there is  a lot of,   lipsmack a lot of  college educated people and stuff that are in the centers that really seem to have an idea of what's going on. "," there/EX  is/VBZ   a/DT lot/NN  of/IN ,/,   a/DT lot/NN  of/IN   college/NN  educated/JJ   people/NNS  and/CC   stuff/NN   that/WDT  are/VBP in/IN   the/DT centers/NNS   that/WDT  really/RB seem/VBP to/TO have/VB   an/DT idea/NN  of/IN   what/WP  's/BES going/VBG on/RP ./."
"116","sw01utt/sw_0189_3266.utt","3/sw3266",3266,115,"b","A",73,1,"Uh-huh. /","[ Uh-huh/UH ] ./.","(INTJ (UH Uh-huh) (. .) (-DFL- E_S))","163",223.090375,223.530375,"Uhhuh. "," Uhhuh/UH  ./."
"117","sw01utt/sw_0189_3266.utt","3/sw3266",3266,116,"sd","B",74,1,"{C And, }  {F uh, } in general though  [ I've, +  I've ] been really disappointed with a lot --","And/CC ,/,  [ uh/UH ] ,/, in/IN  [ general/JJ ] though/IN  [ I/PRP ] 've/VBP ,/,  [ I/PRP ] 've/VBP been/VBN really/RB disappointed/JJ with/IN  [ a/DT lot/NN ] --/:","(S (CC And) (, ,) (INTJ (UH uh)) (, ,) (PP (IN in) (ADJP (JJ general))) (ADVP (IN though)) (EDITED (RM (-DFL- \[)) (S (NP-SBJ (PRP I)) (VP-UNF (VBP 've))) (, ,) (IP (-DFL- \+))) (NP-SBJ (PRP I)) (VP (VBP 've) (RS (-DFL- \])) (VP (VP (VBN been) (ADJP-PRD (RB really) (JJ disappointed) (PP (IN with) (NP (NP (DT a) (NN lot)) (PP (IN of) (NP (NP (JJ other) (NNS centers)) (SBAR (WHNP-1 (-NONE- 0)) (S (NP-SBJ (PRP I)) (VP (VBP 've) (VP (VBN worked) (PP-LOC (IN at) (NP (-NONE- *T*-1))))))))))))) (, ,) (EDITED (RM (-DFL- \[)) (CC and) (NP (PRP it)) (, ,) (NP (DT all)) (IP (-DFL- \+))) (CC and) (NP-ETC (DT all)) (RS (-DFL- \])))) (-DFL- E_S))","185",223.417375,231.971375," And,    uh,  in general though   I've,   I've  been really disappointed with a lot ","And/CC ,/,   uh/UH  ,/, in/IN   general/JJ  though/IN   I/PRP  've/VBP ,/,   I/PRP  've/VBP been/VBN really/RB disappointed/JJ with/IN   a/DT lot/NN  /:"
"118","sw01utt/sw_0189_3266.utt","3/sw3266",3266,117,"b","A",75,1,"Uh-huh. /","[ Uh-huh/UH ] ./.","(INTJ (UH Uh-huh) (. .) (-DFL- E_S))","163",228.055,228.455,"Uhhuh. "," Uhhuh/UH  ./."
"119","sw01utt/sw_0189_3266.utt","3/sw3266",3266,118,"+","B",76,1,"-- of other centers I've worked at,    [ and it, all + and all  ]  /","--/: of/IN  [ other/JJ centers/NNS I/PRP ] 've/VBP worked/VBN at/IN ,/, and/CC  [ it/PRP ] ,/,  [ all/DT ] and/CC  [ all/DT","(S (CC And) (, ,) (INTJ (UH uh)) (, ,) (PP (IN in) (ADJP (JJ general))) (ADVP (IN though)) (EDITED (RM (-DFL- \[)) (S (NP-SBJ (PRP I)) (VP-UNF (VBP 've))) (, ,) (IP (-DFL- \+))) (NP-SBJ (PRP I)) (VP (VBP 've) (RS (-DFL- \])) (VP (VP (VBN been) (ADJP-PRD (RB really) (JJ disappointed) (PP (IN with) (NP (NP (DT a) (NN lot)) (PP (IN of) (NP (NP (JJ other) (NNS centers)) (SBAR (WHNP-1 (-NONE- 0)) (S (NP-SBJ (PRP I)) (VP (VBP 've) (VP (VBN worked) (PP-LOC (IN at) (NP (-NONE- *T*-1))))))))))))) (, ,) (EDITED (RM (-DFL- \[)) (CC and) (NP (PRP it)) (, ,) (NP (DT all)) (IP (-DFL- \+))) (CC and) (NP-ETC (DT all)) (RS (-DFL- \])))) (-DFL- E_S))","185",231.971375,237.551625," of other centers I've worked at,     and it, all  and all    ","/: of/IN   other/JJ centers/NNS I/PRP  've/VBP worked/VBN at/IN ,/, and/CC   it/PRP  ,/,   all/DT  and/CC   all/DT"
"120","sw01utt/sw_0189_3266.utt","3/sw3266",3266,119,"sd","B",76,2,"it's  not my choice for [ when, +  when ]  I have children  /","it/PRP ] 's/BES not/RB  [ my/PRP$ choice/NN ] for/IN when/WRB ,/, when/WRB  [ I/PRP ] have/VBP  [ children/NNS ]","(S (NP-SBJ (PRP it)) (VP (BES 's) (RB not) (NP-PRD (NP (PRP$ my) (NN choice)) (PP (IN for) (SBAR (EDITED (RM (-DFL- \[)) (WHADVP (WRB when)) (, ,) (IP (-DFL- \+))) (WHADVP-1 (WRB when)) (RS (-DFL- \])) (S (NP-SBJ (PRP I)) (VP (VBP have) (NP (NNS children)) (ADVP-TMP (-NONE- *T*-1)))))))) (-DFL- E_S))","189",231.971375,237.551625,"it's  not my choice for  when,   when   I have children  ","it/PRP  's/BES not/RB   my/PRP$ choice/NN  for/IN when/WRB ,/, when/WRB   I/PRP  have/VBP   children/NNS "
"121","sw01utt/sw_0189_3266.utt","3/sw3266",3266,120,"sd","B",76,3,"[ {C but, } +   {C but } ] some people don't have a choice. /","but/CC ,/, but/CC  [ some/DT people/NNS ] do/VBP n't/RB have/VB  [ a/DT choice/NN ] ./.","(S (EDITED (RM (-DFL- \[)) (CC but) (, ,) (IP (-DFL- \+))) (CC but) (RS (-DFL- \])) (NP-SBJ (DT some) (NNS people)) (VP (VBP do) (RB n't) (VP (VB have) (NP (DT a) (NN choice)))) (. .) (-DFL- E_S))","190",231.971375,237.551625,"  but,      but   some people don't have a choice. ","but/CC ,/, but/CC   some/DT people/NNS  do/VBP n't/RB have/VB   a/DT choice/NN  ./."
"122","sw01utt/sw_0189_3266.utt","3/sw3266",3266,121,"bf","A",77,1,"Sometimes it's a have to. /","Sometimes/RB  [ it/PRP ] 's/BES  [ a/DT ] have/VB to/TO ./.","(S (ADVP-TMP (RB Sometimes)) (NP-SBJ (PRP it)) (VP (BES 's) (NP-PRD (DT a) (S (NP-SBJ-1 (-NONE- *)) (VP (VB have) (S (NP-SBJ (-NONE- *-1)) (VP (TO to) (VP (-NONE- *?*)))))))) (. .) (-DFL- E_S))","192",236.68775,237.85775,"Sometimes it's a have to. ","Sometimes/RB   it/PRP  's/BES   a/DT  have/VB to/TO ./."
"123","sw01utt/sw_0189_3266.utt","3/sw3266",3266,122,"aa","B",78,1,"Yes. /","Yes/UH ./.","(INTJ (UH Yes) (. .) (-DFL- E_S))","194",237.97475,238.50475,"Yes. ","Yes/UH ./."
"124","sw01utt/sw_0189_3266.utt","3/sw3266",3266,123,"sd","A",79,1,"I hear a lot of the girls I work with,  {F uh, } constantly, {F oh, } - /","[ I/PRP ] hear/VBP  [ a/DT lot/NN ] of/IN  [ the/DT girls/NNS I/PRP ] work/VBP with/IN ,/,  [ uh/UH ] ,/, constantly/RB ,/, oh/UH ,/,","(S (NP-SBJ (PRP I)) (VP (VBP hear) (S-UNF (NP-SBJ (NP (DT a) (NN lot)) (PP (IN of) (NP (NP (DT the) (NNS girls)) (SBAR (WHNP-1 (-NONE- 0)) (S (NP-SBJ (PRP I)) (VP (VBP work) (PP (IN with) (NP (-NONE- *T*-1))))))))) (, ,) (INTJ (UH uh)) (, ,) (ADVP-TMP (RB constantly)) (, ,) (INTJ (UH oh)))) (, ,) (-DFL- N_S))","196",238.749375,245.869375,"I hear a lot of the girls I work with,   uh,  constantly,  oh,   "," I/PRP  hear/VBP   a/DT lot/NN  of/IN   the/DT girls/NNS I/PRP  work/VBP with/IN ,/,   uh/UH  ,/, constantly/RB ,/, oh/UH ,/,"
"125","sw01utt/sw_0189_3266.utt","3/sw3266",3266,124,"^q","A",79,2,"I wish I could find someplace I really felt good about. {D You know? } /","[ I/PRP ] wish/VBP  [ I/PRP ] could/MD find/VB  [ someplace/NN ] [ I/PRP ] really/RB felt/VBD  [ good/JJ ] about/IN ./.  [ You/PRP ] know/VBP ?/.","(S (NP-SBJ (PRP I)) (VP (VBP wish) (SBAR (-NONE- 0) (S (NP-SBJ (PRP I)) (VP (MD could) (VP (VB find) (NP (NP (NN someplace)) (SBAR (WHNP-1 (-NONE- 0)) (S (NP-SBJ (PRP I)) (ADVP (RB really)) (VP (VBD felt) (ADJP-PRD (JJ good) (PP (IN about) (NP (-NONE- *T*-1))))))))))))) (. .))|||(S (NP-SBJ (PRP You)) (VP (VBP know)) (. ?) (-DFL- E_S))","197|||198",238.749375,245.869375,"I wish I could find someplace I really felt good about.  You know?  "," I/PRP  wish/VBP   I/PRP  could/MD find/VB   someplace/NN   I/PRP  really/RB felt/VBD   good/JJ  about/IN ./.   You/PRP  know/VBP ?/."
"126","sw01utt/sw_0189_3266.utt","3/sw3266",3266,125,"b","B",80,1,"Uh-huh. /","[ Uh-huh/UH ] ./.","(INTJ (UH Uh-huh) (. .) (-DFL- E_S))","178",246.137,246.727,"Uhhuh. "," Uhhuh/UH  ./."
"127","sw01utt/sw_0189_3266.utt","3/sw3266",3266,126,"sd","A",81,1,"Most of them don't really feel that it's a great place to leave their kids. /","Most/RBS of/IN  [ them/PRP ] do/VBP n't/RB really/RB feel/VB that/IN  [ it/PRP ] 's/BES  [ a/DT great/JJ place/NN ] to/TO leave/VB  [ their/PRP$ kids/NNS ] ./.","(S (NP-SBJ (NP (RBS Most)) (PP (IN of) (NP (PRP them)))) (VP (VBP do) (RB n't) (ADVP (RB really)) (VP (VB feel) (SBAR (IN that) (S (NP-SBJ (PRP it)) (VP (BES 's) (NP-PRD (NP (DT a) (JJ great) (NN place)) (SBAR (WHADVP-1 (-NONE- 0)) (S (NP-SBJ (-NONE- *)) (VP (TO to) (VP (VB leave) (NP (PRP$ their) (NNS kids)) (ADVP-LOC (-NONE- *T*-1)))))))))))) (. .) (-DFL- E_S))","202",246.644875,250.314875,"Most of them don't really feel that it's a great place to leave their kids. ","Most/RBS of/IN   them/PRP  do/VBP n't/RB really/RB feel/VB that/IN   it/PRP  's/BES   a/DT great/JJ place/NN  to/TO leave/VB   their/PRP$ kids/NNS  ./."
"128","sw01utt/sw_0189_3266.utt","3/sw3266",3266,127,"ba","B",82,1,"That is sad. /","[ That/DT ] is/VBZ sad/JJ ./.","(S (NP-SBJ (DT That)) (VP (VBZ is) (ADJP-PRD (JJ sad))) (. .) (-DFL- E_S))","204",250.484,251.624,"That is sad. "," That/DT  is/VBZ sad/JJ ./."
"129","sw01utt/sw_0189_3266.utt","3/sw3266",3266,128,"sv","A",83,1,"{C And } it's really bad, {D you know. }  /","And/CC  [ it/PRP ] 's/BES really/RB  [ bad/JJ ] ,/,  [ you/PRP ] know/VBP ./.","(S (CC And) (NP-SBJ (PRP it)) (VP (BES 's) (ADJP-PRD (RB really) (JJ bad)) (PRN (, ,) (S (NP-SBJ (PRP you)) (VP (VBP know))))) (. .) (-DFL- E_S))","206",252.07475,266.9695," And  it's really bad,  you know.   ","And/CC   it/PRP  's/BES really/RB   bad/JJ  ,/,   you/PRP  know/VBP ./."
"130","sw01utt/sw_0189_3266.utt","3/sw3266",3266,129,"sd","A",83,2,"One of the girls she was leaving hers at where she felt like was a really good place,  /","[ One/CD ] of/IN  [ the/DT girls/NNS ] [ she/PRP ] was/VBD leaving/VBG  [ hers/JJ ] at/IN where/WRB  [ she/PRP ] felt/VBD like/IN was/VBD  [ a/DT ] really/RB  [ good/JJ place/NN ] ,/,","(S (NP-TPC (NP (CD One)) (PP (IN of) (NP (DT the) (NNS girls)))) (NP-SBJ (PRP she)) (VP (VBD was) (VP (VBG leaving) (NP (JJ hers)) (PP-LOC (IN at) (SBAR (WHNP-1 (WRB where)) (S (NP-SBJ (PRP she)) (VP (VBD felt) (SBAR (IN like) (S (NP-SBJ (-NONE- *T*-1)) (VP (VBD was) (NP-PRD (DT a) (ADJP (RB really) (JJ good)) (NN place))))))))))) (, ,) (-DFL- E_S))","207",252.07475,266.9695,"One of the girls she was leaving hers at where she felt like was a really good place,  "," One/CD  of/IN   the/DT girls/NNS   she/PRP  was/VBD leaving/VBG   hers/JJ  at/IN where/WRB   she/PRP  felt/VBD like/IN was/VBD   a/DT  really/RB   good/JJ place/NN  ,/,"
"131","sw01utt/sw_0189_3266.utt","3/sw3266",3266,130,"sd(^q)","A",83,3,"{C and  then } they called her one afternoon and said, {D well, } we thought we'd better call and tell you before you got over here.  /","and/CC then/RB  [ they/PRP ] called/VBD  [ her/PRP ] [ one/CD afternoon/NN ] and/CC said/VBD ,/, well/UH ,/,  [ we/PRP ] thought/VBD  [ we/PRP ] 'd/MD better/RB call/VB and/CC tell/VB  [ you/PRP ] before/IN  [ you/PRP ] got/VBD over/IN here/RB ./.","(S (CONJP (CC and) (RB then)) (NP-SBJ (PRP they)) (VP (VP (VBD called) (NP (PRP her)) (NP-TMP (CD one) (NN afternoon))) (CC and) (VP (VBD said) (, ,) (S-SEZ (INTJ (UH well)) (, ,) (NP-SBJ (PRP we)) (VP (VBD thought) (SBAR (-NONE- 0) (S (NP-SBJ (PRP we)) (VP (MD 'd) (ADVP (RB better)) (VP (VP (VB call)) (CC and) (VP (VB tell) (NP (PRP you))) (SBAR-TMP (IN before) (S (NP-SBJ (PRP you)) (VP (VBD got) (PP-LOC (IN over) (ADVP (RB here)))))))))))))) (. .) (-DFL- E_S))","208",252.07475,266.9695," and  then  they called her one afternoon and said,  well,  we thought we'd better call and tell you before you got over here.  ","and/CC then/RB   they/PRP  called/VBD   her/PRP   one/CD afternoon/NN  and/CC said/VBD ,/, well/UH ,/,   we/PRP  thought/VBD   we/PRP  'd/MD better/RB call/VB and/CC tell/VB   you/PRP  before/IN   you/PRP  got/VBD over/IN here/RB ./."
"132","sw01utt/sw_0189_3266.utt","3/sw3266",3266,131,"^q","A",83,4,"Lacy fell asleep on the bus after our field trip today,  /","[ Lacy/NNP ] fell/VBD asleep/RB on/IN  [ the/DT bus/NN ] after/IN  [ our/PRP$ field/NN trip/NN today/NN ] ,/,","(S (NP-SBJ (NNP Lacy)) (VP (VBD fell) (ADJP-PRD (RB asleep)) (PP-LOC (IN on) (NP (DT the) (NN bus))) (PP-TMP (IN after) (NP (NP (PRP$ our) (NN field) (NN trip)) (NP-TMP (NN today))))) (, ,) (-DFL- E_S))","209",252.07475,266.9695,"Lacy fell asleep on the bus after our field trip today,  "," Lacy/NNP  fell/VBD asleep/RB on/IN   the/DT bus/NN  after/IN   our/PRP$ field/NN trip/NN today/NN  ,/,"
"133","sw01utt/sw_0189_3266.utt","3/sw3266",3266,132,"^q","A",83,5,"{C and } we just now found her. /","and/CC  [ we/PRP ] just/RB now/RB found/VBD  [ her/PRP ] ./.","(S (CC and) (NP-SBJ (PRP we)) (ADVP-TMP (RB just) (RB now)) (VP (VBD found) (NP (PRP her))) (. .) (-DFL- E_S))","210",252.07475,266.9695," and  we just now found her. ","and/CC   we/PRP  just/RB now/RB found/VBD   her/PRP  ./."
"134","sw01utt/sw_0189_3266.utt","3/sw3266",3266,133,"br","B",84,1,"What? /","[ What/UH ] ?/.","(WHNP (UH What) (. ?) (-DFL- E_S))","212",267.253,267.423,"What? "," What/UH  ?/."
"135","sw01utt/sw_0189_3266.utt","3/sw3266",3266,134,"sd","A",85,1,"They had left her on the bus closed up all afternoon. /","[ They/PRP ] had/VBD left/VBN  [ her/PRP ] on/IN  [ the/DT bus/NN ] closed/VBN up/RP  [ all/DT afternoon/NN ] ./.","(S (NP-SBJ (PRP They)) (VP (VBD had) (VP (VBN left) (NP-2 (PRP her)) (PP-LOC (IN on) (NP (DT the) (NN bus))) (S-ADV (NP-SBJ-1 (-NONE- *-2)) (VP (VBN closed) (NP (-NONE- *-1)) (PRT (RP up)))) (NP-TMP (DT all) (NN afternoon)))) (. .) (-DFL- E_S))","214",268.234125,270.714125,"They had left her on the bus closed up all afternoon. "," They/PRP  had/VBD left/VBN   her/PRP  on/IN   the/DT bus/NN  closed/VBN up/RP   all/DT afternoon/NN  ./."
"136","sw01utt/sw_0189_3266.utt","3/sw3266",3266,135,"ba","B",86,1,"{F Oh, } my God. /","Oh/UH ,/,  [ my/PRP$ God/NNP ] ./.","(INTJ (INTJ (UH Oh)) (, ,) (INTJ (PRP$ my) (NNP God)) (. .) (-DFL- E_S))","216",271.93125,273.26125," Oh,  my God. ","Oh/UH ,/,   my/PRP$ God/NNP  ./."
"137","sw01utt/sw_0189_3266.utt","3/sw3266",3266,136,"sd(^q)","A",87,1,"{C And so } immediately she says,  {D well, } I can't have any confidence in them anymore,  /","And/CC so/RB immediately/RB  [ she/PRP ] says/VBZ ,/, well/UH ,/,  [ I/PRP ] ca/MD n't/RB have/VB  [ any/DT confidence/NN ] in/IN  [ them/PRP ] anymore/RB ,/,","(S (CONJP (CC And) (RB so)) (ADVP (RB immediately)) (NP-SBJ (PRP she)) (VP (VBZ says) (, ,) (S-SEZ (INTJ (UH well)) (, ,) (NP-SBJ (PRP I)) (VP (MD ca) (RB n't) (VP (VB have) (NP (NP (DT any) (NN confidence)) (PP (IN in) (NP (PRP them)))) (ADVP-TMP (RB anymore)))))) (, ,) (-DFL- E_S))","218",273.12175,282.78175," And so  immediately she says,   well,  I can't have any confidence in them anymore,  ","And/CC so/RB immediately/RB   she/PRP  says/VBZ ,/, well/UH ,/,   I/PRP  ca/MD n't/RB have/VB   any/DT confidence/NN  in/IN   them/PRP  anymore/RB ,/,"
"138","sw01utt/sw_0189_3266.utt","3/sw3266",3266,137,"^q","A",87,2,"if they'll take a group of kids to the zoo or somewhere and then come back and not even count them and realize they're one short. /","if/IN  [ they/PRP ] 'll/MD take/VB  [ a/DT group/NN ] of/IN  [ kids/NNS ] to/IN  [ the/DT zoo/NN ] or/CC somewhere/RB and/CC then/RB come/VB back/RB  and/CC not/RB even/RB count/VB  [ them/PRP ] and/CC realize/VB  [ they/PRP ] 're/VBP  [ one/CD ] short/JJ ./.","(SBAR-ADV (IN if) (S (NP-SBJ (PRP they)) (VP (MD 'll) (VP (VP (VB take) (NP (NP (DT a) (NN group)) (PP (IN of) (NP (NNS kids)))) (PP-DIR (IN to) (UCP (NP (DT the) (NN zoo)) (CC or) (ADVP (RB somewhere))))) (CONJP (CC and) (RB then)) (VP (VB come) (ADVP-DIR (RB back))) (CC and) (VP (RB not) (ADVP (RB even)) (VB count) (NP (PRP them))) (CC and) (VP (VB realize) (SBAR (-NONE- 0) (S (NP-SBJ (PRP they)) (VP (VBP 're) (ADJP-PRD (NP-ADV (CD one)) (JJ short))))))))) (. .) (-DFL- E_S))","219",273.12175,282.78175,"if they'll take a group of kids to the zoo or somewhere and then come back and not even count them and realize they're one short. ","if/IN   they/PRP  'll/MD take/VB   a/DT group/NN  of/IN   kids/NNS  to/IN   the/DT zoo/NN  or/CC somewhere/RB and/CC then/RB come/VB back/RB  and/CC not/RB even/RB count/VB   them/PRP  and/CC realize/VB   they/PRP  're/VBP   one/CD  short/JJ ./."
"139","sw01utt/sw_0189_3266.utt","3/sw3266",3266,138,"b","B",88,1,"Oh. /","Oh/UH ./.","(INTJ (UH Oh) (. .) (-DFL- E_S))","221",NA,NA,"Oh. ","Oh/UH ./."
"140","sw01utt/sw_0189_3266.utt","3/sw3266",3266,139,"sd","A",89,1,"{C But } one of the teachers happened to walk by  and see her pounding on the window trying to get out of the bus. /","But/CC  [ one/CD ] of/IN  [ the/DT teachers/NNS ] happened/VBD to/TO walk/VB by/IN and/CC see/VB  [ her/PRP ] pounding/VBG on/IN  [ the/DT window/NN ] trying/VBG to/TO get/VB out/IN of/IN  [ the/DT bus/NN ] ./.","(S (CC But) (NP-SBJ-1 (NP (CD one)) (PP (IN of) (NP (DT the) (NNS teachers)))) (VP (VBD happened) (S (NP-SBJ (-NONE- *-1)) (VP (TO to) (VP (VP (VB walk) (ADVP-DIR (IN by))) (CC and) (VP (VB see) (S (NP-SBJ-2 (PRP her)) (VP (VBG pounding) (PP (IN on) (NP (DT the) (NN window))) (S-ADV (NP-SBJ-3 (-NONE- *-2)) (VP (VBG trying) (S (NP-SBJ (-NONE- *-3)) (VP (TO to) (VP (VB get) (PP (IN out) (PP (IN of) (NP (DT the) (NN bus)))))))))))))))) (. .) (-DFL- E_S))","223",283.219625,287.099625," But  one of the teachers happened to walk by  and see her pounding on the window trying to get out of the bus. ","But/CC   one/CD  of/IN   the/DT teachers/NNS  happened/VBD to/TO walk/VB by/IN and/CC see/VB   her/PRP  pounding/VBG on/IN   the/DT window/NN  trying/VBG to/TO get/VB out/IN of/IN   the/DT bus/NN  ./."
"141","sw01utt/sw_0189_3266.utt","3/sw3266",3266,140,"ba","B",90,1,"{F Oh, } my God. /","Oh/UH ,/,  [ my/PRP$ God/NNP ] ./.","(INTJ (INTJ (UH Oh)) (, ,) (INTJ (PRP$ my) (NNP God)) (. .) (-DFL- E_S))","216",287.003,287.723," Oh,  my God. ","Oh/UH ,/,   my/PRP$ God/NNP  ./."
"142","sw01utt/sw_0189_3266.utt","3/sw3266",3266,141,"sd","A",91,1,"{C And } this was four hours later, {D you know. } /","And/CC  [ this/DT ] was/VBD  [ four/CD hours/NNS ] later/RB ,/,  [ you/PRP ] know/VBP ./.","(S (CC And) (NP-SBJ (DT this)) (VP (VBD was) (ADVP-TMP-PRD (NP (CD four) (NNS hours)) (RB later)) (PRN (, ,) (S (NP-SBJ (PRP you)) (VP (VBP know))))) (. .) (-DFL- E_S))","227",287.629625,289.509625," And  this was four hours later,  you know.  ","And/CC   this/DT  was/VBD   four/CD hours/NNS  later/RB ,/,   you/PRP  know/VBP ./."
"143","sw01utt/sw_0189_3266.utt","3/sw3266",3266,142,"ba","B",92,1,"<Gasp> {F Oh, } that poor child. /","Oh/UH ,/,  [ that/DT poor/JJ child/NN ] ./.","(FRAG (INTJ (UH Oh)) (, ,) (NP (DT that) (JJ poor) (NN child)) (. .) (-DFL- E_S))","229",289.795,291.135,"Gasp  Oh,  that poor child. ","Oh/UH ,/,   that/DT poor/JJ child/NN  ./."
"144","sw01utt/sw_0189_3266.utt","3/sw3266",3266,143,"%","A",93,1,"[ {C And, } + {F uh, } {C so, } ] {D you know,  i-, - /","And/CC ,/,  [ uh/UH ] ,/, so/RB ,/,  [ you/PRP ] know/VBP ,/,  [ i-/PRP ] ,/,","(S-UNF (EDITED (RM (-DFL- \[)) (CC And) (, ,) (IP (-DFL- \+))) (INTJ (UH uh)) (, ,) (RB so) (PRN (, ,) (RS (-DFL- \])) (S (NP-SBJ (PRP you)) (VP (VBP know))) (, ,)) (X (PRP i-)) (, ,) (-DFL- N_S))","231",291.50075,294.55075,"  And,    uh,   so,    you know,  i,  ","And/CC ,/,   uh/UH  ,/, so/RB ,/,   you/PRP  know/VBP ,/,   i/PRP  ,/,"
"145","sw01utt/sw_0189_3266.utt","3/sw3266",3266,144,"qh","A",93,2,"what do you do? /","[ what/WP ] do/VBP  [ you/PRP ] do/VB ?/.","(SBARQ (WHNP-1 (WP what)) (SQ (VBP do) (NP-SBJ (PRP you)) (VP (VB do) (NP (-NONE- *T*-1)))) (. ?) (-DFL- E_S))","232",291.50075,294.55075,"what do you do? "," what/WP  do/VBP   you/PRP  do/VB ?/."
"146","sw01utt/sw_0189_3266.utt","3/sw3266",3266,145,"ba","B",94,1,"That's awful. /","[ That/DT ] 's/BES awful/JJ ./.","(S (NP-SBJ (DT That)) (VP (BES 's) (ADJP-PRD (JJ awful))) (. .) (-DFL- E_S))","234",294.891375,296.051375,"That's awful. "," That/DT  's/BES awful/JJ ./."
"147","sw01utt/sw_0189_3266.utt","3/sw3266",3266,146,"sd","A",95,1,"{C So } she has switched to a different  center now  /","So/RB  [ she/PRP ] has/VBZ switched/VBN to/IN  [ a/DT different/JJ center/NN ] now/RB","(S (RB So) (NP-SBJ (PRP she)) (VP (VBZ has) (VP (VBN switched) (PP (IN to) (NP (DT a) (JJ different) (NN center))) (ADVP-TMP (RB now)))) (-DFL- E_S))","236",296.503875,300.173875," So  she has switched to a different  center now  ","So/RB   she/PRP  has/VBZ switched/VBN to/IN   a/DT different/JJ center/NN  now/RB"
"148","sw01utt/sw_0189_3266.utt","3/sw3266",3266,147,"%","A",95,2,"{C and, }  {F uh, } -/","and/CC ,/,  [ uh/UH ] ,/,","(S-UNF (CC and) (, ,) (INTJ (UH uh)) (, ,) (-DFL- N_S))","237",296.503875,300.173875," and,    uh,  ","and/CC ,/,   uh/UH  ,/,"
"149","sw01utt/sw_0189_3266.utt","3/sw3266",3266,148,"%","B",96,1,"<<Very faint>> {D Well, } I, -/","Well/UH ,/,  [ I/PRP ] ,/,","(S-UNF (INTJ (UH Well)) (, ,) (NP-SBJ (PRP I)) (, ,) (-DFL- N_S))","239",NA,NA,"Very faint  Well,  I, ","Well/UH ,/,   I/PRP  ,/,"
