"","swda_filename","ptb_basename","conversation_no","transcript_index","act_tag","caller","turn_index","subutterance_index","text","pos","trees","ptb_treenumbers","start_turn","end_turn","newtext","newpos"
"1","sw05utt/sw_0557_3333.utt","3/sw3333",3333,0,"o","A",1,1,"All right.  /","[ All/RB right/JJ ] ./.","(INTJ (RB All) (JJ right) (. .) (-DFL- E_S))","1",0.04,3.272125,"All right.  "," All/RB right/JJ  ./."
"2","sw05utt/sw_0557_3333.utt","3/sw3333",3333,1,"sd^t","A",1,2,"I've never done it before,  /","[ I/PRP ] 've/VBP never/RB done/VBN  [ it/PRP ] before/IN ,/,","(S (NP-SBJ (PRP I)) (VP (VBP 've) (ADVP-TMP (RB never)) (VP (VBN done) (NP (PRP it)) (ADVP-TMP (IN before)))) (, ,) (-DFL- E_S))","2",0.04,3.272125,"I've never done it before,  "," I/PRP  've/VBP never/RB done/VBN   it/PRP  before/IN ,/,"
"3","sw05utt/sw_0557_3333.utt","3/sw3333",3333,2,"qy^g^t","A",1,3,"{C so } I guess that's all I have to do, right <laughter>. /","so/RB  [ I/PRP ] guess/VBP that/DT  [ 's/BES all/DT ] [ I/PRP ] have/VBP to/TO do/VB ,/, right/JJ ./.","(S (RB so) (NP-SBJ (PRP I)) (VP (VBP guess) (SBAR (-NONE- 0) (S (NP-SBJ (DT that)) (VP (BES 's) (NP-PRD (NP (DT all)) (SBAR (WHNP-2 (-NONE- 0)) (S (NP-SBJ-1 (PRP I)) (VP (VBP have) (S (NP-SBJ (-NONE- *-1)) (VP (TO to) (VP (VB do) (NP (-NONE- *T*-2)))))))))))) (, ,) (INTJ (JJ right))) (. .) (-DFL- E_S))","3",0.04,3.272125," so  I guess that's all I have to do, right laughter. ","so/RB   I/PRP  guess/VBP that/DT   's/BES all/DT   I/PRP  have/VBP to/TO do/VB ,/, right/JJ ./."
"4","sw05utt/sw_0557_3333.utt","3/sw3333",3333,3,"no^t","B",2,1,"<Laughter>  I guess so. /","[ I/PRP ] guess/VBP so/RB ./.","(S (NP-SBJ (PRP I)) (VP (VBP guess) (ADVP (RB so))) (. .) (-DFL- E_S))","5",2.80575,5.3255,"Laughter  I guess so. "," I/PRP  guess/VBP so/RB ./."
"5","sw05utt/sw_0557_3333.utt","3/sw3333",3333,4,"sd^t","A",3,1,"I've been called several times,  /","[ I/PRP ] 've/VBP been/VBN called/VBN  [ several/JJ times/NNS ] ,/,","(S (NP-SBJ-1 (PRP I)) (VP (VBP 've) (VP (VBN been) (VP (VBN called) (NP (-NONE- *-1)) (NP-TMP (JJ several) (NNS times))))) (, ,) (-DFL- E_S))","7",3.735375,9.669125,"I've been called several times,  "," I/PRP  've/VBP been/VBN called/VBN   several/JJ times/NNS  ,/,"
"6","sw05utt/sw_0557_3333.utt","3/sw3333",3333,5,"sd^t","A",3,2,"{C and } I [ push in, + pushed in  ] my number,  /","and/CC  [ I/PRP ] push/VBP in/RB ,/, pushed/VBD in/RB  [ my/PRP$ number/NN ] ,/,","(S (CC and) (NP-SBJ (PRP I)) (EDITED (RM (-DFL- \[)) (VP-UNF (VBP push) (PRT (RB in))) (, ,) (IP (-DFL- \+))) (VP (VBD pushed) (PRT (RB in)) (RS (-DFL- \])) (NP (PRP$ my) (NN number))) (, ,) (-DFL- E_S))","8",3.735375,9.669125," and  I  push in,  pushed in   my number,  ","and/CC   I/PRP  push/VBP in/RB ,/, pushed/VBD in/RB   my/PRP$ number/NN  ,/,"
"7","sw05utt/sw_0557_3333.utt","3/sw3333",3333,6,"sd^t","A",3,3,"they kept saying you have the invalid code -- /","[ they/PRP ] kept/VBD saying/VBG  [ you/PRP ] have/VBP  [ the/DT invalid/JJ code/NN ] --/:","(S (NP-SBJ-1 (PRP they)) (VP (VBD kept) (S (NP-SBJ (-NONE- *-1)) (VP (VBG saying) (S-SEZ (NP-SBJ (PRP you)) (VP (VBP have) (NP (DT the) (JJ invalid) (NN code))))))) (-DFL- E_S))","9",3.735375,9.669125,"they kept saying you have the invalid code  "," they/PRP  kept/VBD saying/VBG   you/PRP  have/VBP   the/DT invalid/JJ code/NN  /:"
"8","sw05utt/sw_0557_3333.utt","3/sw3333",3333,7,"b","B",4,1,"{F Oh, } really. /","Oh/UH ,/, really/UH ./.","(INTJ (INTJ (UH Oh)) (, ,) (INTJ (UH really)) (. .) (-DFL- E_S))","11",9.776375,10.824625," Oh,  really. ","Oh/UH ,/, really/UH ./."
"9","sw05utt/sw_0557_3333.utt","3/sw3333",3333,8,"sd^t","A",5,1,"-- {C and then } I found out that my new phone wasn't working right. /","--/: and/CC then/RB  [ I/PRP ] found/VBD out/RP  [ that/DT my/PRP$ new/JJ phone/NN was/VBD n't/RB working/VBG right/JJ ] ./.","(S (CONJP (CC and) (RB then)) (NP-SBJ (PRP I)) (VP (VBD found) (PRT (RP out)) (SBAR (DT that) (S (NP-SBJ (PRP$ my) (JJ new) (NN phone)) (VP (VBD was) (RB n't) (VP (VBG working) (ADVP-MNR (JJ right))))))) (. .) (-DFL- E_S))","13",9.669125,12.614,"  and then  I found out that my new phone wasn't working right. ","/: and/CC then/RB   I/PRP  found/VBD out/RP   that/DT my/PRP$ new/JJ phone/NN was/VBD n't/RB working/VBG right/JJ  ./."
"10","sw05utt/sw_0557_3333.utt","3/sw3333",3333,9,"b","B",6,1,"Oh <laughter>. /","Oh/UH ./.","(INTJ (UH Oh) (. .) (-DFL- E_S))","15",12.265,13.925125,"Oh laughter. ","Oh/UH ./."
"11","sw05utt/sw_0557_3333.utt","3/sw3333",3333,10,"sd^t","A",7,1,"{F Oh, } {C so } this is the first time I've even done it. /","Oh/UH ,/, so/RB  [ this/DT ] is/VBZ  [ the/DT first/JJ time/NN ] [ I/PRP ] 've/VBP even/RB done/VBN  [ it/PRP ] ./.","(S (INTJ (UH Oh)) (, ,) (RB so) (NP-SBJ (DT this)) (VP (VBZ is) (NP-PRD (NP (DT the) (JJ first) (NN time)) (SBAR (WHADVP-1 (-NONE- 0)) (S (NP-SBJ (PRP I)) (VP (VBP 've) (ADVP (RB even)) (VP (VBN done) (NP (PRP it)) (ADVP-TMP (-NONE- *T*-1)))))))) (. .) (-DFL- E_S))","17",13.38625,16.463125," Oh,   so  this is the first time I've even done it. ","Oh/UH ,/, so/RB   this/DT  is/VBZ   the/DT first/JJ time/NN   I/PRP  've/VBP even/RB done/VBN   it/PRP  ./."
"12","sw05utt/sw_0557_3333.utt","3/sw3333",3333,11,"b","B",8,1,"Yeah. /","Yeah/UH ./.","(INTJ (UH Yeah) (. .) (-DFL- E_S))","19",16.3085,17.151375,"Yeah. ","Yeah/UH ./."
"13","sw05utt/sw_0557_3333.utt","3/sw3333",3333,12,"qw^t","A",9,1,"I wonder how long it's going to be on for. /","[ I/PRP ] wonder/VBP how/WRB  [ long/JJ ] [ it/PRP ] 's/BES going/VBG to/TO be/VB on/RP for/IN ./.","(S (NP-SBJ (PRP I)) (VP (VBP wonder) (SBAR (WHADVP-2 (WRB how) (JJ long)) (S (NP-SBJ-1 (PRP it)) (VP (BES 's) (VP (VBG going) (S (NP-SBJ (-NONE- *-1)) (VP (TO to) (VP (VB be) (ADVP-PRD (RP on)) (PP-TMP (IN for) (ADVP (-NONE- *T*-2))))))))))) (. .) (-DFL- E_S))","21",17.129125,19.279375,"I wonder how long it's going to be on for. "," I/PRP  wonder/VBP how/WRB   long/JJ   it/PRP  's/BES going/VBG to/TO be/VB on/RP for/IN ./."
"14","sw05utt/sw_0557_3333.utt","3/sw3333",3333,13,"sd^t","B",10,1,"I think five minutes is the max. /","[ I/PRP ] think/VBP  [ five/CD minutes/NNS ] is/VBZ  [ the/DT max/NN ] ./.","(S (NP-SBJ (PRP I)) (VP (VBP think) (SBAR (-NONE- 0) (S (NP-SBJ (CD five) (NNS minutes)) (VP (VBZ is) (NP-PRD (DT the) (NN max)))))) (. .) (-DFL- E_S))","23",19.223125,21.594875,"I think five minutes is the max. "," I/PRP  think/VBP   five/CD minutes/NNS  is/VBZ   the/DT max/NN  ./."
"15","sw05utt/sw_0557_3333.utt","3/sw3333",3333,14,"ba","A",11,1,"{F Oh, } no,  /","Oh/UH ,/, no/UH ,/,","(INTJ (INTJ (UH Oh)) (, ,) (INTJ (UH no)) (, ,) (-DFL- E_S))","25",20.5135,23.832375," Oh,  no,  ","Oh/UH ,/, no/UH ,/,"
"16","sw05utt/sw_0557_3333.utt","3/sw3333",3333,15,"sd^t","A",11,2,"{E I mean, } this whole thing, like for two months or something,  /","[ I/PRP ] mean/VBP ,/,  [ this/DT whole/JJ thing/NN ] ,/, like/UH for/IN  [ two/CD months/NNS ] or/CC  [ something/NN ] ,/,","(S (NP-SBJ (PRP I)) (VP (VBP mean) (, ,) (NP (DT this) (JJ whole) (NN thing))) (, ,))|||(FRAG (INTJ (UH like)) (PP-TMP (IN for) (NP (NP (CD two) (NNS months)) (CC or) (NP (NN something)))) (, ,) (-DFL- E_S))","26|||27",20.5135,23.832375," I mean,  this whole thing, like for two months or something,  "," I/PRP  mean/VBP ,/,   this/DT whole/JJ thing/NN  ,/, like/UH for/IN   two/CD months/NNS  or/CC   something/NN  ,/,"
"17","sw05utt/sw_0557_3333.utt","3/sw3333",3333,16,"qy^t","A",11,3,"do you know? /","do/VBP  [ you/PRP ] know/VBP ?/.","(SQ (VBP do) (NP-SBJ (PRP you)) (VP (VBP know)) (. ?) (-DFL- E_S))","28",20.5135,23.832375,"do you know? ","do/VBP   you/PRP  know/VBP ?/."
"18","sw05utt/sw_0557_3333.utt","3/sw3333",3333,17,"no^t","B",12,1,"{F Oh, } I don't know. /","Oh/UH ,/,  [ I/PRP ] do/VBP n't/RB know/VB ./.","(S (INTJ (UH Oh)) (, ,) (NP-SBJ (PRP I)) (VP (VBP do) (RB n't) (VP (VB know))) (. .) (-DFL- E_S))","30",22.84875,23.62625," Oh,  I don't know. ","Oh/UH ,/,   I/PRP  do/VBP n't/RB know/VB ./."
"19","sw05utt/sw_0557_3333.utt","3/sw3333",3333,18,"b","A",13,1,"Yeah,  /","Yeah/UH ,/,","(INTJ (UH Yeah) (, ,) (-DFL- E_S))","32",24.92475,27.867375,"Yeah,  ","Yeah/UH ,/,"
"20","sw05utt/sw_0557_3333.utt","3/sw3333",3333,19,"%","A",13,2,"okay,  /","okay/UH ,/,","(INTJ (UH okay) (, ,) (-DFL- E_S))","33",24.92475,27.867375,"okay,  ","okay/UH ,/,"
"21","sw05utt/sw_0557_3333.utt","3/sw3333",3333,20,"sd^t","A",13,3,"{D well } back to  crime,  /","well/UH back/RB to/IN  [ crime/NN ] ,/,","(FRAG (INTJ (UH well)) (ADVP (RB back)) (PP (IN to) (NP (NN crime))) (, ,) (-DFL- E_S))","34",24.92475,27.867375," well  back to  crime,  ","well/UH back/RB to/IN   crime/NN  ,/,"
"22","sw05utt/sw_0557_3333.utt","3/sw3333",3333,21,"sv^t","A",13,4,"I guess we're supposed to talk about that. /","[ I/PRP ] guess/VBP  [ we/PRP ] 're/VBP supposed/VBN to/TO talk/VB about/IN  [ that/DT ] ./.","(S (NP-SBJ (PRP I)) (VP (VBP guess) (SBAR (-NONE- 0) (S (NP-SBJ-1 (PRP we)) (VP (VBP 're) (VP (VBN supposed) (S (NP-SBJ (-NONE- *-1)) (VP (TO to) (VP (VB talk) (PP (IN about) (NP (DT that))))))))))) (. .) (-DFL- E_S))","35",24.92475,27.867375,"I guess we're supposed to talk about that. "," I/PRP  guess/VBP   we/PRP  're/VBP supposed/VBN to/TO talk/VB about/IN   that/DT  ./."
"23","sw05utt/sw_0557_3333.utt","3/sw3333.pos",3333,22,"x","B",14,1,"<Laughter>.","./.","","",NA,NA,"Laughter.","./."
"24","sw05utt/sw_0557_3333.utt","3/sw3333",3333,23,"o^t","A",15,1,"They say what aspect are you worried about,  /","[ They/PRP ] say/VBP  [ what/WP aspect/NN ] are/VBP  [ you/PRP ] worried/JJ about/IN ,/,","(S (NP-SBJ (PRP They)) (VP (VBP say) (SBARQ-SEZ (WHNP-1 (WP what) (NN aspect)) (SQ (VBP are) (NP-SBJ (PRP you)) (VP (JJ worried) (PP (IN about) (NP (-NONE- *T*-1))))))) (, ,) (-DFL- E_S))","38",28.770625,34.80525,"They say what aspect are you worried about,  "," They/PRP  say/VBP   what/WP aspect/NN  are/VBP   you/PRP  worried/JJ about/IN ,/,"
"25","sw05utt/sw_0557_3333.utt","3/sw3333",3333,24,"sd","A",15,2,"{D well, } I think at this point, I for one am worried about every aspect <laughter>. /","well/UH ,/,  [ I/PRP ] think/VBP at/IN  [ this/DT point/NN ] ,/,  [ I/PRP ] for/IN  [ one/NN ] am/VBP worried/JJ about/IN  [ every/DT aspect/NN ] ./.","(S (INTJ (UH well)) (, ,) (NP-SBJ (PRP I)) (VP (VBP think) (SBAR (-NONE- 0) (S (PP-TMP (IN at) (NP (DT this) (NN point))) (, ,) (NP-SBJ (NP (PRP I)) (PP (IN for) (NP (NN one)))) (VP (VBP am) (ADJP-PRD (JJ worried) (PP (IN about) (NP (DT every) (NN aspect)))))))) (. .) (-DFL- E_S))","39",28.770625,34.80525," well,  I think at this point, I for one am worried about every aspect laughter. ","well/UH ,/,   I/PRP  think/VBP at/IN   this/DT point/NN  ,/,   I/PRP  for/IN   one/NN  am/VBP worried/JJ about/IN   every/DT aspect/NN  ./."
"26","sw05utt/sw_0557_3333.utt","3/sw3333",3333,25,"aa","B",16,1,"Right,  /","Right/UH ,/,","(INTJ (UH Right) (, ,) (-DFL- E_S))","41",23.825875,39.899875,"Right,  ","Right/UH ,/,"
"27","sw05utt/sw_0557_3333.utt","3/sw3333",3333,26,"sd","B",16,2,"especially, {F uh, } you, since you're in the same metroplex,  /","especially/RB ,/,  [ uh/UH ] ,/,  [ you/PRP ] ,/, since/IN  [ you/PRP ] 're/VBP in/IN  [ the/DT same/JJ metroplex/NN ] ,/,","(FRAG (ADVP (RB especially)) (, ,) (INTJ (UH uh)) (, ,) (NP (PRP you)) (, ,) (SBAR-PRP (IN since) (S (NP-SBJ (PRP you)) (VP (VBP 're) (PP-LOC-PRD (IN in) (NP (DT the) (JJ same) (NN metroplex)))))) (, ,) (-DFL- E_S) (PRN (S (NP-SBJ (PRP you)) (VP (VBP know)))) (, ,))","42",23.825875,39.899875,"especially,  uh,  you, since you're in the same metroplex,  ","especially/RB ,/,   uh/UH  ,/,   you/PRP  ,/, since/IN   you/PRP  're/VBP in/IN   the/DT same/JJ metroplex/NN  ,/,"
"28","sw05utt/sw_0557_3333.utt","3/sw3333",3333,27,"sv","B",16,3,"{D you know, } there's so much going on here. /","[ you/PRP ] know/VBP ,/,  [ there/EX ] 's/BES so/RB much/RB going/VBG on/RP here/RB ./.","(FRAG (ADVP (RB especially)) (, ,) (INTJ (UH uh)) (, ,) (NP (PRP you)) (, ,) (SBAR-PRP (IN since) (S (NP-SBJ (PRP you)) (VP (VBP 're) (PP-LOC-PRD (IN in) (NP (DT the) (JJ same) (NN metroplex)))))) (, ,) (-DFL- E_S) (PRN (S (NP-SBJ (PRP you)) (VP (VBP know)))) (, ,))|||(S (NP-SBJ (EX there)) (VP (BES 's) (NP-PRD (NP (ADJP (RB so) (RB much))) (VP (VBG going) (PRT (RP on)) (ADVP-LOC (RB here))))) (. .) (-DFL- E_S))","42|||43",23.825875,39.899875," you know,  there's so much going on here. "," you/PRP  know/VBP ,/,   there/EX  's/BES so/RB much/RB going/VBG on/RP here/RB ./."
"29","sw05utt/sw_0557_3333.utt","3/sw3333",3333,28,"sd","A",17,1,"I think the drive by shootings are getting to be so common, that's really [ a, + ] something you got to protect yourself from. /","[ I/PRP ] think/VBP  [ the/DT drive/NN ] by/IN  [ shootings/NNS ] are/VBP getting/VBG to/TO be/VB so/RB common/JJ ,/,  [ that/WDT ] 's/BES really/RB  [ a/DT ] ,/,  [ something/NN ] [ you/PRP ] got/VBN to/TO protect/VB  [ yourself/PRP ] from/IN ./.","(S (NP-SBJ (PRP I)) (VP (VBP think) (SBAR (-NONE- 0) (S (NP-SBJ-1 (DT the) (ADJP (NN drive) (IN by)) (NNS shootings)) (VP (VBP are) (VP (VBG getting) (S (NP-SBJ (-NONE- *-1)) (VP (TO to) (VP (VB be) (ADJP-PRD (ADJP (RB so) (JJ common)) (, ,) (SBAR (-NONE- 0) (S (NP-SBJ (WDT that)) (VP (BES 's) (ADVP (RB really)) (EDITED (RM (-DFL- \[)) (NP-PRD-UNF (DT a)) (, ,) (IP (-DFL- \+)) (RS (-DFL- \]))) (NP-PRD (NP (NN something)) (SBAR (WHNP-3 (-NONE- 0)) (S (NP-SBJ-2 (PRP you)) (VP (VBN got) (S (NP-SBJ (-NONE- *-2)) (VP (TO to) (VP (VB protect) (NP (PRP yourself)) (PP (IN from) (NP (-NONE- *T*-3)))))))))))))))))))))) (. .) (-DFL- E_S))","45",39.73,45.363625,"I think the drive by shootings are getting to be so common, that's really  a,   something you got to protect yourself from. "," I/PRP  think/VBP   the/DT drive/NN  by/IN   shootings/NNS  are/VBP getting/VBG to/TO be/VB so/RB common/JJ ,/,   that/WDT  's/BES really/RB   a/DT  ,/,   something/NN   you/PRP  got/VBN to/TO protect/VB   yourself/PRP  from/IN ./."
"30","sw05utt/sw_0557_3333.utt","3/sw3333",3333,29,"sv","B",18,1,"{D Well, } that, and in the schools, too --","Well/UH ,/, that/IN ,/, and/CC in/IN  [ the/DT schools/NNS ] ,/, too/RB --/:","(FRAG (INTJ (UH Well)) (, ,) (UCP (NP (IN that)) (, ,) (CC and) (S-ADV (NP-SBJ (-NONE- *)) (PP-LOC (IN in) (NP (DT the) (NNS schools))) (, ,) (ADVP (RB too)) (VP (VBG starting) (S (NP-SBJ (-NONE- *)) (VP (TO to) (VP (VB put) (NP (NN metal) (NNS detectors)) (PRT (IN in)))))))) (, ,) (-DFL- E_S))","47",45.218875,50.910875," Well,  that, and in the schools, too ","Well/UH ,/, that/IN ,/, and/CC in/IN   the/DT schools/NNS  ,/, too/RB /:"
"31","sw05utt/sw_0557_3333.utt","3/sw3333",3333,30,"b","A",19,1,"Uh-huh,  /","[ Uh-huh/UH ] ,/,","(INTJ (UH Uh-huh) (, ,) (-DFL- E_S))","49",47.55425,49.185,"Uhhuh,  "," Uhhuh/UH  ,/,"
"32","sw05utt/sw_0557_3333.utt","3/sw3333",3333,31,"fe","A",19,2,"golly  /","golly/UH","(INTJ (UH golly) (-DFL- E_S))","50",47.55425,49.185,"golly  ","golly/UH"
"33","sw05utt/sw_0557_3333.utt","3/sw3333",3333,32,"aa","A",19,3,"I know. /","[ I/PRP ] know/VBP ./.","(S (NP-SBJ (PRP I)) (VP (VBP know)) (. .) (-DFL- E_S))","51",47.55425,49.185,"I know. "," I/PRP  know/VBP ./."
"34","sw05utt/sw_0557_3333.utt","3/sw3333",3333,33,"+","B",20,1,"-- starting to put metal detectors in,  /","--/: starting/VBG to/TO put/VB  [ metal/NN detectors/NNS ] in/IN ,/,","(FRAG (INTJ (UH Well)) (, ,) (UCP (NP (IN that)) (, ,) (CC and) (S-ADV (NP-SBJ (-NONE- *)) (PP-LOC (IN in) (NP (DT the) (NNS schools))) (, ,) (ADVP (RB too)) (VP (VBG starting) (S (NP-SBJ (-NONE- *)) (VP (TO to) (VP (VB put) (NP (NN metal) (NNS detectors)) (PRT (IN in)))))))) (, ,) (-DFL- E_S))","47",50.910875,51.7525," starting to put metal detectors in,  ","/: starting/VBG to/TO put/VB   metal/NN detectors/NNS  in/IN ,/,"
"35","sw05utt/sw_0557_3333.utt","3/sw3333",3333,34,"%","B",20,2,"{C and, } -/","and/CC ,/,","(S-UNF (CC and) (, ,) (-DFL- N_S))","53",50.910875,51.7525," and,  ","and/CC ,/,"
"36","sw05utt/sw_0557_3333.utt","3/sw3333",3333,35,"qy","A",21,1,"Have they done that in Garland? /","Have/VBP  [ they/PRP ] done/VBN that/IN in/IN  [ Garland/NNP ] ?/.","(SQ (VBP Have) (NP-SBJ (PRP they)) (VP (VBN done) (NP (IN that)) (PP-LOC (IN in) (NP (NNP Garland)))) (. ?) (-DFL- E_S))","55",51.39825,52.79625,"Have they done that in Garland? ","Have/VBP   they/PRP  done/VBN that/IN in/IN   Garland/NNP  ?/."
"37","sw05utt/sw_0557_3333.utt","3/sw3333",3333,36,"nn","B",22,1,"No,  /","No/UH ,/,","(INTJ (UH No) (, ,) (-DFL- E_S))","57",53.0155,55.333875,"No,  ","No/UH ,/,"
"38","sw05utt/sw_0557_3333.utt","3/sw3333",3333,37,"%","B",22,2,"I, - /","[ I/PRP ] ,/,","(S-UNF (NP-SBJ (PRP I)) (, ,) (-DFL- N_S))","58",53.0155,55.333875,"I,  "," I/PRP  ,/,"
"39","sw05utt/sw_0557_3333.utt","3/sw3333",3333,38,"sd^e","B",22,3,"not that I'm aware of. /","not/RB that/IN  [ I/PRP ] 'm/VBP aware/JJ of/IN ./.","(FRAG (RB not) (SBAR (IN that) (S (NP-SBJ (PRP I)) (VP (VBP 'm) (ADJP-PRD (JJ aware) (IN of))))) (. .) (-DFL- E_S))","59",53.0155,55.333875,"not that I'm aware of. ","not/RB that/IN   I/PRP  'm/VBP aware/JJ of/IN ./."
"40","sw05utt/sw_0557_3333.utt","3/sw3333",3333,39,"%","A",23,1,"Now, {F um, } -/","Now/UH ,/, um/UH ,/,","(INTJ (INTJ (UH Now)) (, ,) (INTJ (UH um)) (, ,) (-DFL- N_S))","61",55.721875,56.754,"Now,  um,  ","Now/UH ,/, um/UH ,/,"
"41","sw05utt/sw_0557_3333.utt","3/sw3333",3333,40,"sd","B",24,1,"I just heard, {D you know, } <throat_clearing> last week at that one school, they started putting them in because there was that one shooting -- /","[ I/PRP ] just/RB heard/VBD ,/,  [ you/PRP ] know/VBP ,/,  [ last/JJ week/NN ] at/IN  [ that/DT one/CD school/NN ] ,/,  [ they/PRP ] started/VBD putting/VBG  [ them/PRP ] in/RB because/IN  [ there/EX ] was/VBD  [ that/DT one/CD shooting/NN ] --/:","(S (NP-SBJ (PRP I)) (ADVP (RB just)) (VP (VBD heard) (PRN (, ,) (S (NP-SBJ (PRP you)) (VP (VBP know))) (, ,)) (SBAR (-NONE- 0) (S (NP-TMP (JJ last) (NN week)) (PP-LOC (IN at) (NP (DT that) (CD one) (NN school))) (, ,) (NP-SBJ-1 (PRP they)) (VP (VBD started) (S (NP-SBJ (-NONE- *-1)) (VP (VBG putting) (NP (PRP them)) (PRT (RB in)))) (SBAR-PRP (IN because) (S (NP-SBJ (EX there)) (VP (VBD was) (NP-PRD (DT that) (CD one) (NN shooting))))))))) (-DFL- E_S))","63",56.4625,61.553125,"I just heard,  you know,  throat_clearing last week at that one school, they started putting them in because there was that one shooting  "," I/PRP  just/RB heard/VBD ,/,   you/PRP  know/VBP ,/,   last/JJ week/NN  at/IN   that/DT one/CD school/NN  ,/,   they/PRP  started/VBD putting/VBG   them/PRP  in/RB because/IN   there/EX  was/VBD   that/DT one/CD shooting/NN  /:"
"42","sw05utt/sw_0557_3333.utt","3/sw3333",3333,41,"b","A",25,1,"Right. /","[ Right/UH ] ./.","(INTJ (UH Right) (. .) (-DFL- E_S))","65",61.15175,62.08575,"Right. "," Right/UH  ./."
"43","sw05utt/sw_0557_3333.utt","3/sw3333",3333,42,"%","B",26,1,"-- {C so, } {F um, } -/","--/: so/UH ,/, um/UH ,/,","(S-UNF (RB so) (, ,) (INTJ (UH um)) (, ,) (-DFL- N_S))","67",62.539875,63.524375,"  so,   um,  ","/: so/UH ,/, um/UH ,/,"
"44","sw05utt/sw_0557_3333.utt","3/sw3333",3333,43,"sd","A",27,1,"{D Well, } we had a vice principal shot at here --","Well/UH ,/,  [ we/PRP ] had/VBD  [ a/DT vice/NN principal/NN ] shot/VBN at/IN here/RB --/:","(S (INTJ (UH Well)) (, ,) (NP-SBJ (PRP we)) (VP (VBD had) (NP (NP (DT a) (NN vice) (NN principal)) (VP (VBN shot))) (PP-LOC (IN at) (ADVP (RB here))) (NP-TMP (JJ last) (NN year)) (EDITED (RM (-DFL- \[)) (PP-LOC (IN on) (NP-UNF (DT the))) (, ,) (IP (-DFL- \+))) (PRN (S (NP-SBJ (PRP you)) (VP (VBP know))) (, ,)) (PP-LOC (IN on) (NP (DT the) (RS (-DFL- \])) (NN school) (NNS grounds))) (PP-TMP (IN after) (NP (NN school)))) (. .) (-DFL- E_S))","69",63.220125,69.320625," Well,  we had a vice principal shot at here ","Well/UH ,/,   we/PRP  had/VBD   a/DT vice/NN principal/NN  shot/VBN at/IN here/RB /:"
"45","sw05utt/sw_0557_3333.utt","3/sw3333",3333,44,"bh","B",28,1,"Is that right? /","Is/VBZ  [ that/DT right/JJ ] ?/.","(SQ (VBZ Is) (NP-SBJ (DT that)) (ADJP-PRD (JJ right)) (. ?) (-DFL- E_S))","71",65.392125,66.216875,"Is that right? ","Is/VBZ   that/DT right/JJ  ?/."
"46","sw05utt/sw_0557_3333.utt","3/sw3333",3333,45,"+","A",29,1,"-- last year [ on the, + {D you know, } on the ] school grounds after school.  /","--/:  [ last/JJ year/NN ] on/IN  [ the/DT ] ,/,  [ you/PRP ] know/VBP ,/, on/IN  [ the/DT school/NN grounds/NNS ] after/IN  [ school/NN ] ./.","(S (INTJ (UH Well)) (, ,) (NP-SBJ (PRP we)) (VP (VBD had) (NP (NP (DT a) (NN vice) (NN principal)) (VP (VBN shot))) (PP-LOC (IN at) (ADVP (RB here))) (NP-TMP (JJ last) (NN year)) (EDITED (RM (-DFL- \[)) (PP-LOC (IN on) (NP-UNF (DT the))) (, ,) (IP (-DFL- \+))) (PRN (S (NP-SBJ (PRP you)) (VP (VBP know))) (, ,)) (PP-LOC (IN on) (NP (DT the) (RS (-DFL- \])) (NN school) (NNS grounds))) (PP-TMP (IN after) (NP (NN school)))) (. .) (-DFL- E_S))","69",70.29025,81.20425," last year  on the,   you know,  on the  school grounds after school.  ","/:   last/JJ year/NN  on/IN   the/DT  ,/,   you/PRP  know/VBP ,/, on/IN   the/DT school/NN grounds/NNS  after/IN   school/NN  ./."
"47","sw05utt/sw_0557_3333.utt","3/sw3333",3333,46,"sd","A",29,2,"{C And } the one boy killed himself a few years ago, [ in the, + in a  ] grade school,  /","And/CC  [ the/DT one/CD boy/NN ] killed/VBD  [ himself/PRP ] [ a/DT few/JJ years/NNS ] ago/RB ,/, in/IN  [ the/DT ] ,/, in/IN  [ a/DT grade/NN school/NN ] ,/,","(S (CC And) (NP-SBJ (DT the) (CD one) (NN boy)) (VP (VBD killed) (NP (PRP himself)) (ADVP-TMP (NP (DT a) (JJ few) (NNS years)) (RB ago)) (, ,) (EDITED (RM (-DFL- \[)) (PP-LOC (IN in) (NP-UNF (DT the))) (, ,) (IP (-DFL- \+))) (PP-LOC (IN in) (NP (DT a) (RS (-DFL- \])) (NN grade) (NN school)))) (, ,) (-DFL- E_S))","73",70.29025,81.20425," And  the one boy killed himself a few years ago,  in the,  in a   grade school,  ","And/CC   the/DT one/CD boy/NN  killed/VBD   himself/PRP   a/DT few/JJ years/NNS  ago/RB ,/, in/IN   the/DT  ,/, in/IN   a/DT grade/NN school/NN  ,/,"
"48","sw05utt/sw_0557_3333.utt","3/sw3333",3333,47,"sv","A",29,3,"{C so } --","so/RB --/:","(S (NP-SBJ (PRP I)) (VP (VBP think) (SBAR (-NONE- 0) (S (NP-SBJ-1 (DT the) (ADJP (NN drive) (IN by)) (NNS shootings)) (VP (VBP are) (VP (VBG getting) (S (NP-SBJ (-NONE- *-1)) (VP (TO to) (VP (VB be) (ADJP-PRD (ADJP (RB so) (JJ common)) (, ,) (SBAR (-NONE- 0) (S (NP-SBJ (WDT that)) (VP (BES 's) (ADVP (RB really)) (EDITED (RM (-DFL- \[)) (NP-PRD-UNF (DT a)) (, ,) (IP (-DFL- \+)) (RS (-DFL- \]))) (NP-PRD (NP (NN something)) (SBAR (WHNP-3 (-NONE- 0)) (S (NP-SBJ-2 (PRP you)) (VP (VBN got) (S (NP-SBJ (-NONE- *-2)) (VP (TO to) (VP (VB protect) (NP (PRP yourself)) (PP (IN from) (NP (-NONE- *T*-3)))))))))))))))))))))) (. .) (-DFL- E_S))","45",70.29025,81.20425," so  ","so/RB /:"
"49","sw05utt/sw_0557_3333.utt","3/sw3333",3333,48,"b","B",30,1,"Uh-huh. /","[ Uh-huh/UH ] ./.","(INTJ (UH Uh-huh) (. .) (-DFL- E_S))","76",74.945,75.44575,"Uhhuh. "," Uhhuh/UH  ./."
"50","sw05utt/sw_0557_3333.utt","3/sw3333",3333,49,"+","A",31,1,"-- {D you know, } these kids don't have any trouble getting a hold of guns  [ in any -- +","--/:  [ you/PRP ] know/VBP ,/,  [ these/DT kids/NNS ] do/VBP n't/RB have/VBP  [ any/DT trouble/NN ] getting/VBG  [ a/DT hold/NN ] of/IN  [ guns/NNS ] in/IN  [ any/DT ] --/:","(S (S-TPC-3 (RB so) (PRN (S (NP-SBJ (PRP you)) (VP (VBP know))) (, ,)) (NP-SBJ-1 (DT these) (NNS kids)) (VP (VBP do) (RB n't) (VP (VBP have) (NP (NP (DT any) (NN trouble)) (S-NOM (NP-SBJ (-NONE- *-1)) (VP (VBG getting) (NP (NP (DT a) (NN hold)) (PP (IN of) (NP (NNS guns)))) (EDITED (RM (-DFL- \[)) (PP-LOC (IN in) (NP-UNF (DT any))) (IP (-DFL- \+))) (PP-LOC (IN in) (NP (DT any) (RS (-DFL- \])) (NN neighborhood))))))))) (, ,) (NP-SBJ (-NONE- *)) (VP (VBZ does) (RB n't) (VP (VB seem) (SBAR (IN like) (S (-NONE- *T*-3))))) (. .) (-DFL- E_S))","74",NA,NA,"  you know,  these kids don't have any trouble getting a hold of guns   in any  ","/:   you/PRP  know/VBP ,/,   these/DT kids/NNS  do/VBP n't/RB have/VBP   any/DT trouble/NN  getting/VBG   a/DT hold/NN  of/IN   guns/NNS  in/IN   any/DT  /:"
"51","sw05utt/sw_0557_3333.utt","3/sw3333",3333,50,"aa@","B",32,1,"Not at all.   *[[slash error]]","Not/RB at/IN  [ all/DT ] ./.","(ADVP (RB Not) (IN at) (DT all) (. .))","79",78.351125,82.008125,"Not at all.   *slash error","Not/RB at/IN   all/DT  ./."
"52","sw05utt/sw_0557_3333.utt","3/sw3333",3333,51,"+","A",33,1,"--  in any  ] neighborhood, doesn't seem like. /","--/: in/IN  [ any/DT neighborhood/NN ] ,/, does/VBZ n't/RB seem/VB like/IN ./.","(S (S-TPC-3 (RB so) (PRN (S (NP-SBJ (PRP you)) (VP (VBP know))) (, ,)) (NP-SBJ-1 (DT these) (NNS kids)) (VP (VBP do) (RB n't) (VP (VBP have) (NP (NP (DT any) (NN trouble)) (S-NOM (NP-SBJ (-NONE- *-1)) (VP (VBG getting) (NP (NP (DT a) (NN hold)) (PP (IN of) (NP (NNS guns)))) (EDITED (RM (-DFL- \[)) (PP-LOC (IN in) (NP-UNF (DT any))) (IP (-DFL- \+))) (PP-LOC (IN in) (NP (DT any) (RS (-DFL- \])) (NN neighborhood))))))))) (, ,) (NP-SBJ (-NONE- *)) (VP (VBZ does) (RB n't) (VP (VB seem) (SBAR (IN like) (S (-NONE- *T*-3))))) (. .) (-DFL- E_S))","74",NA,NA,"  in any   neighborhood, doesn't seem like. ","/: in/IN   any/DT neighborhood/NN  ,/, does/VBZ n't/RB seem/VB like/IN ./."
"53","sw05utt/sw_0557_3333.utt","3/sw3333",3333,52,"+","B",34,1,"Yeah,  /","Yeah/UH ,/,","(INTJ (UH Yeah) (, ,) (-DFL- E_S))","80",82.268,82.849875,"Yeah,  ","Yeah/UH ,/,"
"54","sw05utt/sw_0557_3333.utt","3/sw3333",3333,53,"b^r","B",34,2,"yeah. /","yeah/UH ./.","(INTJ (UH yeah) (. .) (-DFL- E_S))","83",82.268,82.849875,"yeah. ","yeah/UH ./."
"55","sw05utt/sw_0557_3333.utt","3/sw3333",3333,54,"b","A",35,1,"{C So. }  Yeah,  /","So/UH ./.  Yeah/UH ,/,","(INTJ (RB So) (. .))|||(INTJ (UH Yeah) (, ,) (-DFL- E_S))","85|||86",82.300875,90.024625," So.   Yeah,  ","So/UH ./.  Yeah/UH ,/,"
"56","sw05utt/sw_0557_3333.utt","3/sw3333",3333,55,"sd","A",35,2,"it's kind of scary to think, you send your child to school  /","[ it/PRP ] 's/BES  [ kind/RB ] of/RB  [ scary/JJ ] to/TO think/VB ,/,  [ you/PRP ] send/VBP  [ your/PRP$ child/NN ] to/IN  [ school/NN ]","(S (NP-SBJ (NP (PRP it)) (S (-NONE- *EXP*-1))) (VP (BES 's) (ADJP-PRD (ADVP (RB kind) (RB of)) (JJ scary)) (S-1 (NP-SBJ (-NONE- *)) (VP (TO to) (VP (VB think) (, ,) (SBAR (-NONE- 0) (S (NP-SBJ (PRP you)) (VP (VBP send) (NP (PRP$ your) (NN child)) (PP-DIR (IN to) (NP (NN school)))))))))) (-DFL- E_S))","87",82.300875,90.024625,"it's kind of scary to think, you send your child to school  "," it/PRP  's/BES   kind/RB  of/RB   scary/JJ  to/TO think/VB ,/,   you/PRP  send/VBP   your/PRP$ child/NN  to/IN   school/NN "
"57","sw05utt/sw_0557_3333.utt","3/sw3333",3333,56,"sd","A",35,3,"{C and } you wonder if he's going to get shot.  /","and/CC  [ you/PRP ] wonder/VBP if/IN  [ he/PRP ] 's/BES going/VBG to/TO get/VB  [ shot/VBN ] ./.","(S (CC and) (NP-SBJ (PRP you)) (VP (VBP wonder) (SBAR (IN if) (S (NP-SBJ-1 (PRP he)) (VP (BES 's) (VP (VBG going) (S (NP-SBJ-2 (-NONE- *-1)) (VP (TO to) (VP (VB get) (VP (VBN shot) (NP (-NONE- *-2))))))))))) (. .) (-DFL- E_S))","88",82.300875,90.024625," and  you wonder if he's going to get shot.  ","and/CC   you/PRP  wonder/VBP if/IN   he/PRP  's/BES going/VBG to/TO get/VB   shot/VBN  ./."
"58","sw05utt/sw_0557_3333.utt","3/sw3333",3333,57,"sd","A",35,4,"{E I mean, } we didn't have to <laughter> worry about that before. /","[ I/PRP ] mean/VBP ,/,  [ we/PRP ] did/VBD n't/RB have/VB to/TO worry/VB about/IN  [ that/DT ] before/IN ./.","(S (PRN (S (NP-SBJ (PRP I)) (VP (VBP mean))) (, ,)) (NP-SBJ-1 (PRP we)) (VP (VBD did) (RB n't) (VP (VB have) (S (NP-SBJ (-NONE- *-1)) (VP (TO to) (VP (VB worry) (PP (IN about) (NP (DT that))) (ADVP-TMP (IN before))))))) (. .) (-DFL- E_S))","89",82.300875,90.024625," I mean,  we didn't have to laughter worry about that before. "," I/PRP  mean/VBP ,/,   we/PRP  did/VBD n't/RB have/VB to/TO worry/VB about/IN   that/DT  before/IN ./."
"59","sw05utt/sw_0557_3333.utt","3/sw3333",3333,58,"aa","B",36,1,"I know <laughter>. /","[ I/PRP ] know/VBP ./.","(S (NP-SBJ (PRP I)) (VP (VBP know)) (. .) (-DFL- E_S))","91",89.523375,91.43475,"I know laughter. "," I/PRP  know/VBP ./."
"60","sw05utt/sw_0557_3333.utt","3/sw3333",3333,59,"qh","A",37,1,"What next? /","[ What/WP ] [ next/RB ] ?/.","(FRAG (WHNP (WP What)) (ADVP (RB next)) (. ?) (-DFL- E_S))","93",91.10075,92.3205,"What next? "," What/WP   next/RB  ?/."
"61","sw05utt/sw_0557_3333.utt","3/sw3333",3333,60,"aa","B",38,1,"I know,  /","[ I/PRP ] know/VBP ,/,","(S (NP-SBJ (PRP I)) (VP (VBP know)) (, ,) (-DFL- E_S))","95",91.43475,97.87975,"I know,  "," I/PRP  know/VBP ,/,"
"62","sw05utt/sw_0557_3333.utt","3/sw3333",3333,61,"sv","B",38,2,"[ [ it's, + it's, ] + it's ] getting, - /","[ it/PRP ] 's/BES ,/,  [ it/PRP ] 's/BES ,/,  [ it/PRP ] 's/BES getting/VBG ,/,","(S (EDITED (RM (-DFL- \[)) (EDITED (RM (-DFL- \[)) (S (NP-SBJ (PRP it)) (VP-UNF (BES 's))) (, ,) (IP (-DFL- \+))) (S (NP-SBJ (PRP it)) (VP-UNF (BES 's) (, ,))) (RS (-DFL- \])) (IP (-DFL- \+))) (NP-SBJ (PRP it)) (VP (BES 's) (RS (-DFL- \])) (VP-UNF (VBG getting))) (, ,) (-DFL- N_S))","96",91.43475,97.87975,"  it's,  it's,   it's  getting,  "," it/PRP  's/BES ,/,   it/PRP  's/BES ,/,   it/PRP  's/BES getting/VBG ,/,"
"63","sw05utt/sw_0557_3333.utt","3/sw3333",3333,62,"sv","B",38,3,"it's been out of hand, I think, for a while,  /","[ it/PRP ] 's/HVS been/VBN out/IN of/IN  [ hand/NN ] ,/,  [ I/PRP ] think/VBP ,/, for/IN  [ a/DT while/NN ] ,/,","(S-1 (NP-SBJ (PRP it)) (VP (HVS 's) (VP (VBN been) (PP-PRD (IN out) (PP (IN of) (NP (NN hand)))) (PRN (, ,) (S (NP-SBJ (PRP I)) (VP (VBP think) (SBAR (-NONE- 0) (S (-NONE- *T*-1))))) (, ,)) (PP-TMP (IN for) (NP (DT a) (NN while))))) (, ,) (-DFL- E_S))","97",91.43475,97.87975,"it's been out of hand, I think, for a while,  "," it/PRP  's/HVS been/VBN out/IN of/IN   hand/NN  ,/,   I/PRP  think/VBP ,/, for/IN   a/DT while/NN  ,/,"
"64","sw05utt/sw_0557_3333.utt","3/sw3333",3333,63,"sv","B",38,4,"{C and } it just continues to get worse. /","and/CC  [ it/PRP ] just/RB continues/VBZ to/TO get/VB  [ worse/JJR ] ./.","(S (CC and) (NP-SBJ-1 (PRP it)) (ADVP (RB just)) (VP (VBZ continues) (S (NP-SBJ (-NONE- *-1)) (VP (TO to) (VP (VB get) (ADJP-PRD (JJR worse)))))) (. .) (-DFL- E_S))","98",91.43475,97.87975," and  it just continues to get worse. ","and/CC   it/PRP  just/RB continues/VBZ to/TO get/VB   worse/JJR  ./."
"65","sw05utt/sw_0557_3333.utt","3/sw3333",3333,64,"aa","A",39,1,"Right,  /","Right/UH ,/,","(INTJ (UH Right) (, ,) (-DFL- E_S))","100",98.451625,103.799875,"Right,  ","Right/UH ,/,"
"66","sw05utt/sw_0557_3333.utt","3/sw3333",3333,65,"sv","A",39,2,"{C and, } {D you know, } we can't really depend on the police to solve all this,  /","and/CC ,/,  [ you/PRP ] know/VBP ,/,  [ we/PRP ] ca/MD n't/RB really/RB depend/VB on/IN  [ the/DT police/NN ] to/TO solve/VB  [ all/PDT this/DT ] ,/,","(S (CC and) (PRN (, ,) (S (NP-SBJ (PRP you)) (VP (VBP know))) (, ,)) (NP-SBJ (PRP we)) (VP (MD ca) (RB n't) (ADVP (RB really)) (VP (VB depend) (PP (IN on) (NP (DT the) (NN police))) (S (NP-SBJ (-NONE- *)) (VP (TO to) (VP (VB solve) (NP (PDT all) (DT this))))))) (, ,) (-DFL- E_S))","101",98.451625,103.799875," and,   you know,  we can't really depend on the police to solve all this,  ","and/CC ,/,   you/PRP  know/VBP ,/,   we/PRP  ca/MD n't/RB really/RB depend/VB on/IN   the/DT police/NN  to/TO solve/VB   all/PDT this/DT  ,/,"
"67","sw05utt/sw_0557_3333.utt","3/sw3333",3333,66,"sv","A",39,3,"they just can't do it. /","[ they/PRP ] just/RB ca/MD n't/RB do/VB  [ it/PRP ] ./.","(S (NP-SBJ (PRP they)) (ADVP (RB just)) (VP (MD ca) (RB n't) (VP (VB do) (NP (PRP it)))) (. .) (-DFL- E_S))","102",98.451625,103.799875,"they just can't do it. "," they/PRP  just/RB ca/MD n't/RB do/VB   it/PRP  ./."
"68","sw05utt/sw_0557_3333.utt","3/sw3333",3333,67,"b","B",40,1,"Yeah. /","Yeah/UH ./.","(INTJ (UH Yeah) (. .) (-DFL- E_S))","104",103.9455,104.46575,"Yeah. ","Yeah/UH ./."
"69","sw05utt/sw_0557_3333.utt","3/sw3333",3333,68,"sv","A",41,1,"I think it goes all the way back to the break up of the family --","[ I/PRP ] think/VBP  [ it/PRP ] goes/VBZ  [ all/PDT the/DT way/NN ] back/RB to/TO  [ the/DT break/GW ] up/^NN of/IN  [ the/DT family/NN ] --/:","(S (NP-SBJ (PRP I)) (VP (VBP think) (SBAR (-NONE- 0) (S (NP-SBJ (PRP it)) (VP (VBZ goes) (ADVP (NP (PDT all) (DT the) (NN way)) (RB back)) (PP (TO to) (NP (NP (DT the) (TYPO (GW break) (^NN up))) (PP (IN of) (NP (DT the) (NN family))))) (PP (IN to) (NP (DT a) (JJ certain) (NN extent))))))) (-DFL- E_S))","106",104.321625,108.69475,"I think it goes all the way back to the break up of the family "," I/PRP  think/VBP   it/PRP  goes/VBZ   all/PDT the/DT way/NN  back/RB to/TO   the/DT break/GW  up/^NN of/IN   the/DT family/NN  /:"
"70","sw05utt/sw_0557_3333.utt","3/sw3333",3333,69,"b","B",42,1,"Right. /","[ Right/UH ] ./.","(INTJ (UH Right) (. .) (-DFL- E_S))","108",107.755375,108.329,"Right. "," Right/UH  ./."
"71","sw05utt/sw_0557_3333.utt","3/sw3333",3333,70,"+","A",43,1,"-- to a certain extent  /","--/: to/IN  [ a/DT certain/JJ extent/NN ]","(S (NP-SBJ (PRP I)) (VP (VBP think) (SBAR (-NONE- 0) (S (NP-SBJ (PRP it)) (VP (VBZ goes) (ADVP (NP (PDT all) (DT the) (NN way)) (RB back)) (PP (TO to) (NP (NP (DT the) (TYPO (GW break) (^NN up))) (PP (IN of) (NP (DT the) (NN family))))) (PP (IN to) (NP (DT a) (JJ certain) (NN extent))))))) (-DFL- E_S))","106",108.69475,110.8945," to a certain extent  ","/: to/IN   a/DT certain/JJ extent/NN "
"72","sw05utt/sw_0557_3333.utt","3/sw3333",3333,71,"sv","A",43,2,"[ {C and, } + {F uh, } {C and }  ] how we going to bring that back together.  /","and/CC ,/,  [ uh/UH ] ,/, and/CC how/WRB  [ we/PRP ] going/VBG to/TO bring/VB that/IN back/RB together/RB ./.","(SBARQ (EDITED (RM (-DFL- \[)) (CC and) (, ,) (IP (-DFL- \+))) (INTJ (UH uh)) (, ,) (CC and) (RS (-DFL- \])) (WHADVP-2 (WRB how)) (SQ (NP-SBJ-1 (PRP we)) (VP (VBG going) (S (NP-SBJ (-NONE- *-1)) (VP (TO to) (VP (VB bring) (NP (IN that)) (ADVP (RB back) (RB together))))) (ADVP-MNR (-NONE- *T*-2)))) (. .) (-DFL- E_S))","110",108.69475,110.8945,"  and,    uh,   and    how we going to bring that back together.  ","and/CC ,/,   uh/UH  ,/, and/CC how/WRB   we/PRP  going/VBG to/TO bring/VB that/IN back/RB together/RB ./."
"73","sw05utt/sw_0557_3333.utt","3/sw3333",3333,72,"aa","B",44,1,"Yeah,  /","Yeah/UH ,/,","(INTJ (UH Yeah) (, ,) (-DFL- E_S))","80",110.8995,123.141125,"Yeah,  ","Yeah/UH ,/,"
"74","sw05utt/sw_0557_3333.utt","3/sw3333",3333,73,"%","B",44,2,"that's, - /","[ that/DT ] 's/BES ,/,","(S (NP-SBJ (DT that)) (VP-UNF (BES 's)) (, ,) (-DFL- N_S))","113",110.8995,123.141125,"that's,  "," that/DT  's/BES ,/,"
"75","sw05utt/sw_0557_3333.utt","3/sw3333",3333,74,"%","B",44,3,"I thi-, - /","[ I/PRP thi-/XX ] ,/,","(S (NP-SBJ (PRP I)) (VP-UNF (XX thi-)) (, ,) (-DFL- N_S))","114",110.8995,123.141125,"I thi,  "," I/PRP thi/XX  ,/,"
"76","sw05utt/sw_0557_3333.utt","3/sw3333",3333,75,"aa","B",44,4,"I agree,  /","[ I/PRP ] agree/VBP ,/,","(S (NP-SBJ (PRP I)) (VP (VBP agree)) (, ,) (-DFL- E_S))","115",110.8995,123.141125,"I agree,  "," I/PRP  agree/VBP ,/,"
"77","sw05utt/sw_0557_3333.utt","3/sw3333",3333,76,"sv","B",44,5,"I think that's where it stems from, is that and, {F um, } {D you know, } you've got [ a lot of, + a lot   more ] women that are working nowadays --","[ I/PRP ] think/VBP  [ that/DT ] 's/BES where/WRB  [ it/PRP ] stems/VBZ from/IN ,/, is/VBZ that/IN and/CC ,/, um/UH ,/,  [ you/PRP ] know/VBP ,/,  [ you/PRP ] 've/VBP got/VBN  [ a/DT lot/NN ] of/IN ,/,  [ a/DT lot/NN more/JJR women/NNS ] [ that/WDT ] are/VBP working/VBG nowadays/RB --/:","(S (NP-SBJ (PRP I)) (VP (VBP think) (SBAR (-NONE- 0) (S (S-SBJ (NP-SBJ (DT that)) (VP (BES 's) (SBAR-LOC-PRD (WHADVP-1 (WRB where)) (S (NP-SBJ (PRP it)) (VP (VBZ stems) (PP (IN from) (ADVP (-NONE- *T*-1)))))))) (, ,) (VP (VBZ is) (NP-PRD (IN that)))))))|||(S (CC and) (, ,) (INTJ (UH um)) (PRN (, ,) (S (NP-SBJ (PRP you)) (VP (VBP know))) (, ,)) (NP-SBJ (PRP you)) (VP (VBP 've) (VP (VBN got) (EDITED (RM (-DFL- \[)) (NP (NP (DT a) (NN lot)) (PP-UNF (IN of))) (, ,) (IP (-DFL- \+))) (NP (NP (ADJP (NP-ADV (DT a) (NN lot)) (JJR more)) (RS (-DFL- \])) (NNS women)) (SBAR (WHNP-2 (WDT that)) (S (NP-SBJ (-NONE- *T*-2)) (VP (VBP are) (VP (VBG working) (ADVP-TMP (RB nowadays)))))) (SBAR (WHNP-3 (WDT that)) (S (NP-SBJ (-NONE- *T*-3)) (VP (VBP are) (RB n't) (ADVP-LOC-PRD (RB home)) (PP (IN with) (NP (DT the) (NNS children))))))))) (-DFL- E_S))","116|||117",110.8995,123.141125,"I think that's where it stems from, is that and,  um,   you know,  you've got  a lot of,  a lot   more  women that are working nowadays "," I/PRP  think/VBP   that/DT  's/BES where/WRB   it/PRP  stems/VBZ from/IN ,/, is/VBZ that/IN and/CC ,/, um/UH ,/,   you/PRP  know/VBP ,/,   you/PRP  've/VBP got/VBN   a/DT lot/NN  of/IN ,/,   a/DT lot/NN more/JJR women/NNS   that/WDT  are/VBP working/VBG nowadays/RB /:"
"78","sw05utt/sw_0557_3333.utt","3/sw3333",3333,77,"b","A",45,1,"Uh-huh. /","[ Uh-huh/UH ] ./.","(INTJ (UH Uh-huh) (. .) (-DFL- E_S))","119",121.616875,122.289,"Uhhuh. "," Uhhuh/UH  ./."
"79","sw05utt/sw_0557_3333.utt","3/sw3333",3333,78,"+","B",46,1,"-- that aren't home with the children -- /","--/:  [ that/WDT ] are/VBP n't/RB  [ home/RB ] with/IN  [ the/DT children/NNS ] --/:","(S (CC and) (, ,) (INTJ (UH um)) (PRN (, ,) (S (NP-SBJ (PRP you)) (VP (VBP know))) (, ,)) (NP-SBJ (PRP you)) (VP (VBP 've) (VP (VBN got) (EDITED (RM (-DFL- \[)) (NP (NP (DT a) (NN lot)) (PP-UNF (IN of))) (, ,) (IP (-DFL- \+))) (NP (NP (ADJP (NP-ADV (DT a) (NN lot)) (JJR more)) (RS (-DFL- \])) (NNS women)) (SBAR (WHNP-2 (WDT that)) (S (NP-SBJ (-NONE- *T*-2)) (VP (VBP are) (VP (VBG working) (ADVP-TMP (RB nowadays)))))) (SBAR (WHNP-3 (WDT that)) (S (NP-SBJ (-NONE- *T*-3)) (VP (VBP are) (RB n't) (ADVP-LOC-PRD (RB home)) (PP (IN with) (NP (DT the) (NNS children))))))))) (-DFL- E_S))","117",NA,NA," that aren't home with the children  ","/:   that/WDT  are/VBP n't/RB   home/RB  with/IN   the/DT children/NNS  /:"
"80","sw05utt/sw_0557_3333.utt","3/sw3333",3333,79,"b","A",47,1,"Right  /","[ Right/UH ]","(INTJ (UH Right) (-DFL- E_S))","122",122.98975,124.178,"Right  "," Right/UH "
"81","sw05utt/sw_0557_3333.utt","3/sw3333",3333,80,"%","A",47,2,"{C and, } -/","and/CC ,/,","(S-UNF (CC and) (, ,) (-DFL- N_S))","123",122.98975,124.178," and,  ","and/CC ,/,"
"82","sw05utt/sw_0557_3333.utt","3/sw3333",3333,81,"sv","B",48,1,"-- {C and } that may impact it as well. /","--/: and/CC  [ that/DT ] may/MD impact/VB  [ it/PRP ] as/RB well/RB ./.","(S (CC and) (NP-SBJ (DT that)) (VP (MD may) (VP (VB impact) (NP (PRP it)) (ADVP (RB as) (RB well)))) (. .) (-DFL- E_S))","125",123.672125,125.81975,"  and  that may impact it as well. ","/: and/CC   that/DT  may/MD impact/VB   it/PRP  as/RB well/RB ./."
"83","sw05utt/sw_0557_3333.utt","3/sw3333",3333,82,"aa","A",49,1,"I think so,  /","[ I/PRP ] think/VBP so/RB ,/,","(S (NP-SBJ (PRP I)) (VP (VBP think) (ADVP (RB so))) (, ,) (-DFL- E_S))","127",125.620375,130.624375,"I think so,  "," I/PRP  think/VBP so/RB ,/,"
"84","sw05utt/sw_0557_3333.utt","3/sw3333",3333,83,"sv","A",49,2,"[ {C and, } + {C and }  ] then there's a drop in, {F uh, } the training of morals, really, {D you know. } /","and/CC ,/, and/CC then/RB  [ there/EX ] 's/BES  [ a/DT drop/NN ] in/IN ,/,  [ uh/UH ] ,/,  [ the/DT training/NN ] of/IN  [ morals/NNS ] ,/, really/RB ,/,  [ you/PRP ] know/VBP ./.","(S (EDITED (RM (-DFL- \[)) (CC and) (, ,) (IP (-DFL- \+))) (CONJP (CC and) (RS (-DFL- \])) (RB then)) (NP-SBJ (EX there)) (VP (BES 's) (NP-PRD (NP (DT a) (NN drop)) (PP (IN in) (, ,) (INTJ (UH uh)) (, ,) (NP (NP (DT the) (NN training)) (PP (IN of) (NP (NNS morals)))))) (, ,) (ADVP (RB really)) (PRN (, ,) (S (NP-SBJ (PRP you)) (VP (VBP know))))) (. .) (-DFL- E_S))","128",125.620375,130.624375,"  and,    and    then there's a drop in,  uh,  the training of morals, really,  you know.  ","and/CC ,/, and/CC then/RB   there/EX  's/BES   a/DT drop/NN  in/IN ,/,   uh/UH  ,/,   the/DT training/NN  of/IN   morals/NNS  ,/, really/RB ,/,   you/PRP  know/VBP ./."
"85","sw05utt/sw_0557_3333.utt","3/sw3333",3333,84,"aa","B",50,1,"Right,  /","Right/UH ,/,","(INTJ (UH Right) (, ,) (-DFL- E_S))","100",130.21,131.62375,"Right,  ","Right/UH ,/,"
"86","sw05utt/sw_0557_3333.utt","3/sw3333",3333,85,"aa^r","B",50,2,"right. /","right/UH ./.","(INTJ (UH right) (. .) (-DFL- E_S))","131",130.21,131.62375,"right. ","right/UH ./."
"87","sw05utt/sw_0557_3333.utt","3/sw3333",3333,86,"sv","A",51,1,"[ These, + some of these  ] young kids you read about, just doesn't bother them to kill someone at all -- /","[ These/DT ] ,/,  [ some/DT ] of/IN  [ these/DT young/JJ kids/NNS you/PRP ] read/VB about/IN ,/, just/RB does/VBZ n't/RB bother/VB  [ them/PRP ] to/TO kill/VB  [ someone/NN ] at/IN  [ all/DT ] --/:","(S (EDITED (RM (-DFL- \[)) (NP-TPC-UNF (DT These)) (, ,) (IP (-DFL- \+))) (NP-TPC (NP (DT some)) (PP (IN of) (NP (DT these) (RS (-DFL- \])) (JJ young) (NNS kids))) (SBAR (WHNP-1 (-NONE- 0)) (S (NP-SBJ (PRP you)) (VP (VB read) (PP (IN about) (NP (-NONE- *T*-1))))))) (, ,) (NP-SBJ (NP (-NONE- *)) (S (-NONE- *EXP*-2))) (ADVP (RB just)) (VP (VBZ does) (RB n't) (VP (VB bother) (NP (PRP them)) (S-2 (NP-SBJ (-NONE- *)) (VP (TO to) (VP (VB kill) (NP (NN someone)) (ADVP (IN at) (DT all))))))) (-DFL- E_S))","133",131.511125,136.38375," These,  some of these   young kids you read about, just doesn't bother them to kill someone at all  "," These/DT  ,/,   some/DT  of/IN   these/DT young/JJ kids/NNS you/PRP  read/VB about/IN ,/, just/RB does/VBZ n't/RB bother/VB   them/PRP  to/TO kill/VB   someone/NN  at/IN   all/DT  /:"
"88","sw05utt/sw_0557_3333.utt","3/sw3333",3333,87,"aa","B",52,1,"Yeah -- /","Yeah/UH --/:","(INTJ (UH Yeah) (-DFL- E_S))","135",136.42575,137.01375,"Yeah  ","Yeah/UH /:"
"89","sw05utt/sw_0557_3333.utt","3/sw3333",3333,88,"sv","A",53,1,"-- [ I think -- +","--/:  [ I/PRP ] think/VBP --/:","(S (NP-SBJ (PRP I)) (VP (VBP think) (SBAR (-NONE- 0) (S (NP-SBJ (PRP it)) (VP (VBZ goes) (ADVP (NP (PDT all) (DT the) (NN way)) (RB back)) (PP (TO to) (NP (NP (DT the) (TYPO (GW break) (^NN up))) (PP (IN of) (NP (DT the) (NN family))))) (PP (IN to) (NP (DT a) (JJ certain) (NN extent))))))) (-DFL- E_S))","106",136.877125,145.262625,"  I think  ","/:   I/PRP  think/VBP /:"
"90","sw05utt/sw_0557_3333.utt","3/sw3333",3333,89,"sv","B",54,1,"-- they don't think twice about it. /","--/:  [ they/PRP ] do/VBP n't/RB think/VB twice/RB about/IN  [ it/PRP ] ./.","(S (NP-SBJ (PRP they)) (VP (VBP do) (RB n't) (VP (VB think) (ADVP (RB twice)) (PP (IN about) (NP (PRP it))))) (. .) (-DFL- E_S))","139",137.01375,138.425625," they don't think twice about it. ","/:   they/PRP  do/VBP n't/RB think/VB twice/RB about/IN   it/PRP  ./."
"91","sw05utt/sw_0557_3333.utt","3/sw3333",3333,90,"+","A",55,1,"-- I think  ] years past maybe our criminals had a little more <laughter> morals, {D you know } --","--/:  [ I/PRP ] think/VBP  [ years/NNS ] past/JJ maybe/RB  [ our/PRP$ criminals/NNS ] had/VBD  [ a/DT little/RB more/JJR morals/NNS ] ,/,  [ you/PRP ] know/VBP --/:","(S (EDITED (RM (-DFL- \[)) (S (NP-SBJ (PRP I)) (VP-UNF (VBP think))) (IP (-DFL- \+))) (NP-SBJ (PRP I)) (VP (VBP think) (RS (-DFL- \])) (SBAR (-NONE- 0) (S (NP-TMP (NP (NNS years)) (ADVP (JJ past))) (ADVP (RB maybe)) (NP-SBJ (PRP$ our) (NNS criminals)) (VP (VP (VBD had) (NP (ADJP (NP-ADV (DT a) (RB little)) (JJR more)) (NNS morals))) (PRN (, ,) (S (NP-SBJ (PRP you)) (VP (VBP know)))) (VP (MD would) (RB n't) (VP (VB kill) (NP (NN somebody)) (PP (IN in) (NP (JJ cold) (NN blood))))))))) (. .) (-DFL- E_S))","137",NA,NA," I think   years past maybe our criminals had a little more laughter morals,  you know  ","/:   I/PRP  think/VBP   years/NNS  past/JJ maybe/RB   our/PRP$ criminals/NNS  had/VBD   a/DT little/RB more/JJR morals/NNS  ,/,   you/PRP  know/VBP /:"
"92","sw05utt/sw_0557_3333.utt","3/sw3333",3333,91,"b","B",56,1,"<Laughter> Yeah. /","Yeah/UH ./.","(INTJ (UH Yeah) (. .) (-DFL- E_S))","142",142.8465,143.442125,"Laughter Yeah. ","Yeah/UH ./."
"93","sw05utt/sw_0557_3333.utt","3/sw3333",3333,92,"+","A",57,1,"-- wouldn't kill somebody in cold blood. /","--/: would/MD n't/RB kill/VB  [ somebody/NN ] in/IN  [ cold/JJ blood/NN ] ./.","(S (EDITED (RM (-DFL- \[)) (S (NP-SBJ (PRP I)) (VP-UNF (VBP think))) (IP (-DFL- \+))) (NP-SBJ (PRP I)) (VP (VBP think) (RS (-DFL- \])) (SBAR (-NONE- 0) (S (NP-TMP (NP (NNS years)) (ADVP (JJ past))) (ADVP (RB maybe)) (NP-SBJ (PRP$ our) (NNS criminals)) (VP (VP (VBD had) (NP (ADJP (NP-ADV (DT a) (RB little)) (JJR more)) (NNS morals))) (PRN (, ,) (S (NP-SBJ (PRP you)) (VP (VBP know)))) (VP (MD would) (RB n't) (VP (VB kill) (NP (NN somebody)) (PP (IN in) (NP (JJ cold) (NN blood))))))))) (. .) (-DFL- E_S))","137",NA,NA," wouldn't kill somebody in cold blood. ","/: would/MD n't/RB kill/VB   somebody/NN  in/IN   cold/JJ blood/NN  ./."
"94","sw05utt/sw_0557_3333.utt","3/sw3333",3333,93,"h","B",58,1,"Either that or I don't know if it happened and it wasn't as highly publicized as it is now, or [ what the, + what the,  ] -/","Either/CC  [ that/DT ] or/CC  [ I/PRP ] do/VBP n't/RB know/VB if/IN  [ it/PRP ] happened/VBD and/CC  [ it/PRP ] was/VBD n't/RB as/RB highly/RB publicized/VBN as/IN  [ it/PRP ] is/VBZ now/RB ,/, or/CC  [ what/WP ] [ the/DT ] ,/,  [ what/WP ] [ the/DT ] ,/,","(UCP (CC Either) (NP (DT that)) (CC or) (S (NP-SBJ (PRP I)) (VP (VBP do) (RB n't) (VP (VB know) (SBAR (IN if) (S (S (NP-SBJ (PRP it)) (VP (VBD happened))) (CC and) (S (NP-SBJ (PRP it)) (VP (VBD was) (RB n't) (ADJP-PRD (ADJP (RB as) (RB highly) (VBN publicized)) (SBAR (IN as) (S (NP-SBJ (PRP it)) (VP (VBZ is) (ADJP-PRD (-NONE- *?*)) (ADVP-TMP (RB now))))))))))))) (, ,) (CC or) (EDITED (RM (-DFL- \[)) (SBAR (WHNP (WP what)) (S (NP-SBJ-UNF (DT the)))) (, ,) (IP (-DFL- \+))) (SBAR (WHNP (WP what)) (S (NP-SBJ-UNF (DT the)))) (, ,) (RS (-DFL- \])) (-DFL- N_S))","145",145.69725,151.638375,"Either that or I don't know if it happened and it wasn't as highly publicized as it is now, or  what the,  what the,   ","Either/CC   that/DT  or/CC   I/PRP  do/VBP n't/RB know/VB if/IN   it/PRP  happened/VBD and/CC   it/PRP  was/VBD n't/RB as/RB highly/RB publicized/VBN as/IN   it/PRP  is/VBZ now/RB ,/, or/CC   what/WP   the/DT  ,/,   what/WP   the/DT  ,/,"
"95","sw05utt/sw_0557_3333.utt","3/sw3333",3333,94,"sv","A",59,1,"I think it was just rare,  /","[ I/PRP ] think/VBP  [ it/PRP ] was/VBD just/RB  [ rare/JJ ] ,/,","(S (NP-SBJ (PRP I)) (VP (VBP think) (SBAR (-NONE- 0) (S (NP-SBJ (PRP it)) (VP (VBD was) (ADJP-PRD (RB just) (JJ rare)))))) (, ,) (-DFL- E_S))","147",151.190625,153.370625,"I think it was just rare,  "," I/PRP  think/VBP   it/PRP  was/VBD just/RB   rare/JJ  ,/,"
"96","sw05utt/sw_0557_3333.utt","3/sw3333",3333,95,"sv","A",59,2,"I really do. /","[ I/PRP ] really/RB do/VBP ./.","(S (NP-SBJ (PRP I)) (ADVP (RB really)) (VP (VBP do)) (. .) (-DFL- E_S))","148",151.190625,153.370625,"I really do. "," I/PRP  really/RB do/VBP ./."
"97","sw05utt/sw_0557_3333.utt","3/sw3333",3333,96,"b","B",60,1,"Uh-huh. /","[ Uh-huh/UH ] ./.","(INTJ (UH Uh-huh) (. .) (-DFL- E_S))","150",161.6015,162.195625,"Uhhuh. "," Uhhuh/UH  ./."
"98","sw05utt/sw_0557_3333.utt","3/sw3333",3333,97,"sd","A",61,1,"My mother, {D well, } she's {D like } seventy-four now.  /","[ My/PRP$ mother/NN ] ,/, well/UH ,/,  [ she/PRP ] 's/BES like/IN  [ seventy-four/CD ] now/RB ./.","(S (NP-TPC (PRP$ My) (NN mother)) (PRN (, ,) (S (INTJ (UH well)) (, ,) (NP-SBJ (PRP she)) (VP (BES 's) (INTJ (UH like)) (NP-PRD (CD seventy-four)) (ADVP-TMP (RB now))))) (. .) (-DFL- E_S) (EDITED (RM (-DFL- \[)) (NP-SBJ (PRP She)) (, ,) (IP (-DFL- \+))) (SBAR-TMP (WHADVP-2 (WRB when)) (S (NP-SBJ (PRP she)) (RS (-DFL- \])) (VP (VBD was) (NP-PRD (DT a) (JJ young) (NN girl)) (ADVP-TMP (-NONE- *T*-2))))) (, ,) (NP-SBJ (PRP she)) (VP (VBD had) (NP (NP (DT a) (JJ beautiful) (, ,) (JJ beautiful) (NN cousin)) (SBAR (WHNP-1 (WDT that)) (S (NP-SBJ (-NONE- *T*-1)) (VP (VBD lived) (PP-LOC (IN in) (NP (NNP California)))))))) (, ,) (-DFL- E_S))","152",153.853375,169.889375,"My mother,  well,  she's  like  seventyfour now.  "," My/PRP$ mother/NN  ,/, well/UH ,/,   she/PRP  's/BES like/IN   seventyfour/CD  now/RB ./."
"99","sw05utt/sw_0557_3333.utt","3/sw3333",3333,98,"sd","A",61,2,"[ She, + when she  ] was a young girl, she had a beautiful, beautiful cousin that lived in California,  /","[ She/PRP ] ,/, when/WRB  [ she/PRP ] was/VBD  [ a/DT young/JJ girl/NN ] ,/,  [ she/PRP ] had/VBD  [ a/DT beautiful/JJ ] ,/,  [ beautiful/JJ cousin/NN ] [ that/WDT ] lived/VBD in/IN  [ California/NNP ] ,/,","(S (NP-TPC (PRP$ My) (NN mother)) (PRN (, ,) (S (INTJ (UH well)) (, ,) (NP-SBJ (PRP she)) (VP (BES 's) (INTJ (UH like)) (NP-PRD (CD seventy-four)) (ADVP-TMP (RB now))))) (. .) (-DFL- E_S) (EDITED (RM (-DFL- \[)) (NP-SBJ (PRP She)) (, ,) (IP (-DFL- \+))) (SBAR-TMP (WHADVP-2 (WRB when)) (S (NP-SBJ (PRP she)) (RS (-DFL- \])) (VP (VBD was) (NP-PRD (DT a) (JJ young) (NN girl)) (ADVP-TMP (-NONE- *T*-2))))) (, ,) (NP-SBJ (PRP she)) (VP (VBD had) (NP (NP (DT a) (JJ beautiful) (, ,) (JJ beautiful) (NN cousin)) (SBAR (WHNP-1 (WDT that)) (S (NP-SBJ (-NONE- *T*-1)) (VP (VBD lived) (PP-LOC (IN in) (NP (NNP California)))))))) (, ,) (-DFL- E_S))","152",153.853375,169.889375," She,  when she   was a young girl, she had a beautiful, beautiful cousin that lived in California,  "," She/PRP  ,/, when/WRB   she/PRP  was/VBD   a/DT young/JJ girl/NN  ,/,   she/PRP  had/VBD   a/DT beautiful/JJ  ,/,   beautiful/JJ cousin/NN   that/WDT  lived/VBD in/IN   California/NNP  ,/,"
"100","sw05utt/sw_0557_3333.utt","3/sw3333",3333,99,"sd","A",61,3,"{C and } she was dating this millionaire's son  /","and/CC  [ she/PRP ] was/VBD dating/VBG  [ this/DT millionaire/NN 's/POS son/NN ]","(S (CC and) (NP-SBJ (PRP she)) (VP (VBD was) (VP (VBG dating) (NP (NP (DT this) (NN millionaire) (POS 's)) (NN son)))) (-DFL- E_S))","153",153.853375,169.889375," and  she was dating this millionaire's son  ","and/CC   she/PRP  was/VBD dating/VBG   this/DT millionaire/NN 's/POS son/NN "
"101","sw05utt/sw_0557_3333.utt","3/sw3333",3333,100,"sd","A",61,4,"{C and } he wanted to marry her,  /","and/CC  [ he/PRP ] wanted/VBD to/TO marry/VB  [ her/PRP ] ,/,","(S (CC and) (NP-SBJ-1 (PRP he)) (VP (VBD wanted) (S (NP-SBJ (-NONE- *-1)) (VP (TO to) (VP (VB marry) (NP (PRP her)))))) (, ,) (-DFL- E_S))","154",153.853375,169.889375," and  he wanted to marry her,  ","and/CC   he/PRP  wanted/VBD to/TO marry/VB   her/PRP  ,/,"
"102","sw05utt/sw_0557_3333.utt","3/sw3333",3333,101,"sd","A",61,5,"{C and } she wouldn't marry him  /","and/CC  [ she/PRP ] would/MD n't/RB marry/VB  [ him/PRP ]","(S (CC and) (NP-SBJ (PRP she)) (VP (MD would) (RB n't) (VP (VB marry) (NP (PRP him)))) (-DFL- E_S))","155",153.853375,169.889375," and  she wouldn't marry him  ","and/CC   she/PRP  would/MD n't/RB marry/VB   him/PRP "
"103","sw05utt/sw_0557_3333.utt","3/sw3333",3333,102,"sd","A",61,6,"{C and so } he drove out in the country one day  and shot them both,  /","and/CC so/RB  [ he/PRP ] drove/VBD out/RB in/IN  [ the/DT country/NN one/CD day/NN ] and/CC shot/VBD  [ them/PRP ] [ both/DT ] ,/,","(S (CONJP (CC and) (RB so)) (NP-SBJ (PRP he)) (VP (VP (VBD drove) (PRT (RB out)) (PP-LOC (IN in) (NP (DT the) (NN country))) (NP-TMP (CD one) (NN day))) (CC and) (VP (VBD shot) (NP (NP (PRP them)) (NP (DT both))))) (, ,) (-DFL- E_S))","156",153.853375,169.889375," and so  he drove out in the country one day  and shot them both,  ","and/CC so/RB   he/PRP  drove/VBD out/RB in/IN   the/DT country/NN one/CD day/NN  and/CC shot/VBD   them/PRP   both/DT  ,/,"
"104","sw05utt/sw_0557_3333.utt","3/sw3333",3333,103,"%","A",61,7,"{C and, } {F uh, } -/","and/CC ,/,  [ uh/UH ] ,/,","(S-UNF (CC and) (, ,) (INTJ (UH uh)) (, ,) (-DFL- N_S))","157",153.853375,169.889375," and,   uh,  ","and/CC ,/,   uh/UH  ,/,"
"105","sw05utt/sw_0557_3333.utt","3/sw3333",3333,104,"ba","B",62,1,"You're kidding. /","[ You/PRP ] 're/VBP kidding/VBG ./.","(S (NP-SBJ (PRP You)) (VP (VBP 're) (VP (VBG kidding))) (. .) (-DFL- E_S))","159",169.22725,170.443625,"You're kidding. "," You/PRP  're/VBP kidding/VBG ./."
"106","sw05utt/sw_0557_3333.utt","3/sw3333",3333,105,"aa","A",63,1,"No,  /","No/UH ,/,","(INTJ (UH No) (, ,) (-DFL- E_S))","161",170.195,171.616,"No,  ","No/UH ,/,"
"107","sw05utt/sw_0557_3333.utt","3/sw3333",3333,106,"%","A",63,2,"I'm the one, -/","[ I/PRP ] 'm/VBP  [ the/DT one/CD ] ,/,","(S (NP-SBJ (PRP I)) (VP-UNF (VBP 'm) (NP-PRD (DT the) (CD one))) (, ,) (-DFL- N_S))","162",170.195,171.616,"I'm the one, "," I/PRP  'm/VBP   the/DT one/CD  ,/,"
"108","sw05utt/sw_0557_3333.utt","3/sw3333",3333,107,"qy","B",64,1,"Himself and her? /","[ Himself/PRP ] and/CC  [ her/PRP$ ] ?/.","(NP (PRP Himself) (CC and) (PRP$ her) (. ?) (-DFL- E_S))","164",171.176625,172.597625,"Himself and her? "," Himself/PRP  and/CC   her/PRP$  ?/."
"109","sw05utt/sw_0557_3333.utt","3/sw3333",3333,108,"by","A",65,1,"Yeah,  /","Yeah/UH ,/,","(INTJ (UH Yeah) (, ,) (-DFL- E_S))","166",172.377375,184.651125,"Yeah,  ","Yeah/UH ,/,"
"110","sw05utt/sw_0557_3333.utt","3/sw3333",3333,109,"sd^e","A",65,2,"that must have been at least fifty years ago or more,  /","that/DT must/MD have/VB been/VBN at/IN  [ least/JJS fifty/CD years/NNS ] ago/RB or/CC more/JJR ,/,","(S (NP-SBJ (DT that)) (VP (MD must) (VP (VB have) (VP (VBN been) (ADVP-TMP-PRD (NP (QP (IN at) (JJS least) (CD fifty)) (NNS years)) (RB ago) (QP (CC or) (JJR more)))))) (, ,) (-DFL- E_S))","167",172.377375,184.651125,"that must have been at least fifty years ago or more,  ","that/DT must/MD have/VB been/VBN at/IN   least/JJS fifty/CD years/NNS  ago/RB or/CC more/JJR ,/,"
"111","sw05utt/sw_0557_3333.utt","3/sw3333",3333,110,"sd","A",65,3,"{C but } --","but/CC --/:","(S (CC but) (NP-SBJ (NP (DT the) (NN point)) (PP (IN of) (NP (DT the) (NN story)))) (VP (VBZ is) (SBAR-PRD (IN that) (, ,) (S (NP-SBJ (DT that)) (VP (VBD was) (NP-PRD (NP (ADJP (RB so) (JJ unbelievable)) (DT a) (NN thing)) (SBAR (-NONE- *ICH*-1))) (PP-TMP (IN in) (NP (DT those) (NNS days))) (SBAR-1 (IN that) (S (NP-SBJ (PRP it)) (VP (VBD was) (PP-PRD (IN in) (NP (PDT all) (DT the) (NNS papers))) (, ,) (PP-LOC (ADVP (DT all)) (IN over) (NP (DT the) (NN country))) (PP-TMP (IN for) (NP (NNS weeks)))))))))) (-DFL- E_S))","168",172.377375,184.651125," but  ","but/CC /:"
"112","sw05utt/sw_0557_3333.utt","3/sw3333",3333,111,"ba","B",66,1,"{F Oh, } wow, /","Oh/UH ,/, wow/UH ,/,","(INTJ (INTJ (UH Oh)) (, ,) (INTJ (UH wow)) (, ,) (-DFL- E_S))","170",172.597625,184.330625," Oh,  wow, ","Oh/UH ,/, wow/UH ,/,"
"113","sw05utt/sw_0557_3333.utt","3/sw3333",3333,112,"+","A",67,1,"-- the point of the story is that, that was so unbelievable a thing in those days that it was in all the papers, all over the country for weeks -- /","--/:  [ the/DT point/NN ] of/IN  [ the/DT story/NN ] is/VBZ that/IN ,/, that/DT was/VBD so/RB unbelievable/JJ  [ a/DT thing/NN ] in/IN  [ those/DT days/NNS ] that/IN  [ it/PRP ] was/VBD in/IN  [ all/PDT the/DT papers/NNS ] ,/,  [ all/DT ] over/IN  [ the/DT country/NN ] for/IN  [ weeks/NNS ] --/:","(S (CC but) (NP-SBJ (NP (DT the) (NN point)) (PP (IN of) (NP (DT the) (NN story)))) (VP (VBZ is) (SBAR-PRD (IN that) (, ,) (S (NP-SBJ (DT that)) (VP (VBD was) (NP-PRD (NP (ADJP (RB so) (JJ unbelievable)) (DT a) (NN thing)) (SBAR (-NONE- *ICH*-1))) (PP-TMP (IN in) (NP (DT those) (NNS days))) (SBAR-1 (IN that) (S (NP-SBJ (PRP it)) (VP (VBD was) (PP-PRD (IN in) (NP (PDT all) (DT the) (NNS papers))) (, ,) (PP-LOC (ADVP (DT all)) (IN over) (NP (DT the) (NN country))) (PP-TMP (IN for) (NP (NNS weeks)))))))))) (-DFL- E_S))","168",NA,NA," the point of the story is that, that was so unbelievable a thing in those days that it was in all the papers, all over the country for weeks  ","/:   the/DT point/NN  of/IN   the/DT story/NN  is/VBZ that/IN ,/, that/DT was/VBD so/RB unbelievable/JJ   a/DT thing/NN  in/IN   those/DT days/NNS  that/IN   it/PRP  was/VBD in/IN   all/PDT the/DT papers/NNS  ,/,   all/DT  over/IN   the/DT country/NN  for/IN   weeks/NNS  /:"
"114","sw05utt/sw_0557_3333.utt","3/sw3333",3333,113,"ba","B",68,1,"I bet. /","[ I/PRP ] bet/VBP ./.","(S (NP-SBJ (PRP I)) (VP (VBP bet)) (. .) (-DFL- E_S))","173",184.330625,185.643625,"I bet. "," I/PRP  bet/VBP ./."
"115","sw05utt/sw_0557_3333.utt","3/sw3333",3333,114,"sv","A",69,1,"-- {C but } now, {D you know, } you wouldn't probably read about it here in Texas -- /","--/: but/CC now/RB ,/,  [ you/PRP ] know/VBP ,/,  [ you/PRP ] would/MD n't/RB probably/RB read/VB about/IN  [ it/PRP ] here/RB in/IN  [ Texas/NNP ] --/:","(S (CC but) (ADVP-TMP (RB now)) (PRN (, ,) (S (NP-SBJ (PRP you)) (VP (VBP know))) (, ,)) (NP-SBJ (PRP you)) (VP (MD would) (RB n't) (ADVP (RB probably)) (VP (VB read) (PP (IN about) (NP (PRP it))) (ADVP-LOC (RB here) (PP (IN in) (NP (NNP Texas)))))) (-DFL- E_S))","175",185.154625,188.151875,"  but  now,  you know,  you wouldn't probably read about it here in Texas  ","/: but/CC now/RB ,/,   you/PRP  know/VBP ,/,   you/PRP  would/MD n't/RB probably/RB read/VB about/IN   it/PRP  here/RB in/IN   Texas/NNP  /:"
"116","sw05utt/sw_0557_3333.utt","3/sw3333",3333,115,"aa","B",70,1,"{F Oh, } I know, /","Oh/UH ,/,  [ I/PRP ] know/VBP ,/,","(S (INTJ (UH Oh)) (, ,) (NP-SBJ (PRP I)) (VP (VBP know)) (, ,) (-DFL- E_S))","177",188.077375,189.195125," Oh,  I know, ","Oh/UH ,/,   I/PRP  know/VBP ,/,"
"117","sw05utt/sw_0557_3333.utt","3/sw3333",3333,116,"sv","A",71,1,"-- it's just, {D you know, } another killing. /","--/:  [ it/PRP ] 's/BES just/RB ,/,  [ you/PRP ] know/VBP ,/,  [ another/DT killing/NN ] ./.","(S (NP-SBJ (PRP it)) (VP (BES 's) (ADVP (RB just)) (PRN (, ,) (S (NP-SBJ (PRP you)) (VP (VBP know))) (, ,)) (NP-PRD (DT another) (NN killing))) (. .) (-DFL- E_S))","179",189.225375,191.8845," it's just,  you know,  another killing. ","/:   it/PRP  's/BES just/RB ,/,   you/PRP  know/VBP ,/,   another/DT killing/NN  ./."
"118","sw05utt/sw_0557_3333.utt","3/sw3333",3333,117,"%","B",72,1,"{D Well, } they were, - /","Well/UH ,/,  [ they/PRP ] were/VBD ,/,","(S (INTJ (UH Well)) (, ,) (NP-SBJ (PRP they)) (VP-UNF (VBD were)) (, ,) (-DFL- N_S))","181",192.3795,197.155375," Well,  they were,  ","Well/UH ,/,   they/PRP  were/VBD ,/,"
"119","sw05utt/sw_0557_3333.utt","3/sw3333",3333,118,"sd","B",72,2,"I was watching some show the other day,  /","[ I/PRP ] was/VBD watching/VBG  [ some/DT ] show/NN  [ the/DT other/JJ day/NN ] ,/,","(S (NP-SBJ (PRP I)) (VP (VBD was) (VP (VBG watching) (NP (DT some) (NN show)) (NP-TMP (DT the) (JJ other) (NN day)))) (, ,) (-DFL- E_S))","182",192.3795,197.155375,"I was watching some show the other day,  "," I/PRP  was/VBD watching/VBG   some/DT  show/NN   the/DT other/JJ day/NN  ,/,"
"120","sw05utt/sw_0557_3333.utt","3/sw3333",3333,119,"sd","B",72,3,"{C and } they were talking about, {F uh, } mass murderers -- /","and/CC  [ they/PRP ] were/VBD talking/VBG about/IN ,/,  [ uh/UH ] ,/,  [ mass/NN murderers/NNS ] --/:","(S (CC and) (NP-SBJ (PRP they)) (VP (VBD were) (VP (VBG talking) (PP (IN about) (, ,) (INTJ (UH uh)) (, ,) (NP (NN mass) (NNS murderers))))) (-DFL- E_S))","183",192.3795,197.155375," and  they were talking about,  uh,  mass murderers  ","and/CC   they/PRP  were/VBD talking/VBG about/IN ,/,   uh/UH  ,/,   mass/NN murderers/NNS  /:"
"121","sw05utt/sw_0557_3333.utt","3/sw3333",3333,120,"b","A",73,1,"Uh-huh. /","[ Uh-huh/UH ] ./.","(INTJ (UH Uh-huh) (. .) (-DFL- E_S))","185",197.200625,197.91975,"Uhhuh. "," Uhhuh/UH  ./."
"122","sw05utt/sw_0557_3333.utt","3/sw3333",3333,121,"sd","B",74,1,"-- {C and } they brought up what happened in Killeen here recently,  /","--/: and/CC  [ they/PRP ] brought/VBD up/RP  [ what/WP ] happened/VBD in/IN  [ Killeen/NNP ] here/RB recently/RB ,/,","(S (CC and) (NP-SBJ (PRP they)) (VP (VBD brought) (PRT (RP up)) (SBAR-NOM (WHNP-1 (WP what)) (S (NP-SBJ (-NONE- *T*-1)) (VP (VBD happened) (PP-LOC (IN in) (NP (NNP Killeen))) (ADVP-LOC (RB here)) (ADVP-TMP (RB recently)))))) (, ,) (-DFL- E_S))","187",197.155375,212.286375,"  and  they brought up what happened in Killeen here recently,  ","/: and/CC   they/PRP  brought/VBD up/RP   what/WP  happened/VBD in/IN   Killeen/NNP  here/RB recently/RB ,/,"
"123","sw05utt/sw_0557_3333.utt","3/sw3333",3333,122,"sd","B",74,2,"{C and } --","and/CC --/:","(NP (PRP Himself) (CC and) (PRP$ her) (. ?) (-DFL- E_S))","164",197.155375,212.286375," and  ","and/CC /:"
"124","sw05utt/sw_0557_3333.utt","3/sw3333",3333,123,"b","A",75,1,"{F Um. } /","Um/UH ./.","(INTJ (UH Um) (. .) (-DFL- E_S))","190",199.621375,200.663625," Um.  ","Um/UH ./."
"125","sw05utt/sw_0557_3333.utt","3/sw3333",3333,124,"+","B",76,1,"-- they were saying, {D you know, } that these guys want attention, and that when it happens they're glorified because [ all the newspaper, +  it's on --","--/:  [ they/PRP ] were/VBD saying/VBG ,/,  [ you/PRP ] know/VBP ,/, that/IN  [ these/DT guys/NNS ] want/VBP  [ attention/NN ] ,/, and/CC that/IN when/WRB  [ it/PRP ] happens/VBZ  [ they/PRP ] 're/VBP glorified/VBN because/IN  [ all/PDT the/DT newspaper/NN ] ,/,  [ it/PRP ] 's/BES on/IN --/:","(S (CC and) (NP-SBJ (PRP they)) (VP (VBD were) (VP (VBG saying) (PRN (, ,) (S (NP-SBJ (PRP you)) (VP (VBP know))) (, ,)) (SBAR (SBAR (IN that) (S (NP-SBJ (DT these) (NNS guys)) (VP (VBP want) (NP (NN attention))))) (, ,) (CC and) (SBAR (IN that) (S-UNF (SBAR-TMP (WHADVP-2 (WRB when)) (S (NP-SBJ (PRP it)) (VP (VBZ happens) (SBAR (-NONE- 0) (S (NP-SBJ-1 (PRP they)) (VP (VBP 're) (VP (VBN glorified) (NP (-NONE- *-1)) (SBAR-PRP (IN because) (S (EDITED (RM (-DFL- \[)) (NP-SBJ-UNF (PDT all) (DT the) (NN newspaper)) (, ,) (IP (-DFL- \+))) (NP-SBJ (PRP it)) (VP (BES 's) (PP-PRD (IN on) (NP (PDT all) (DT the) (NNS newspapers) (RS (-DFL- \])) (CC and) (NN T) (NN V) (NNS -s) (CC and) (NN everything))) (ADVP-TMP (-NONE- *T*-2))))))))))))))))) (, ,) (-DFL- E_S))","188",NA,NA," they were saying,  you know,  that these guys want attention, and that when it happens they're glorified because  all the newspaper,   it's on ","/:   they/PRP  were/VBD saying/VBG ,/,   you/PRP  know/VBP ,/, that/IN   these/DT guys/NNS  want/VBP   attention/NN  ,/, and/CC that/IN when/WRB   it/PRP  happens/VBZ   they/PRP  're/VBP glorified/VBN because/IN   all/PDT the/DT newspaper/NN  ,/,   it/PRP  's/BES on/IN /:"
"126","sw05utt/sw_0557_3333.utt","3/sw3333",3333,125,"b","A",77,1,"Uh-huh. /","[ Uh-huh/UH ] ./.","(INTJ (UH Uh-huh) (. .) (-DFL- E_S))","185",208.828,209.57375,"Uhhuh. "," Uhhuh/UH  ./."
"127","sw05utt/sw_0557_3333.utt","3/sw3333",3333,126,"+","B",78,1,"-- all the newspapers ] --","--/:  [ all/PDT the/DT newspapers/NNS ] --/:","(S (CC and) (NP-SBJ (PRP they)) (VP (VBD were) (VP (VBG saying) (PRN (, ,) (S (NP-SBJ (PRP you)) (VP (VBP know))) (, ,)) (SBAR (SBAR (IN that) (S (NP-SBJ (DT these) (NNS guys)) (VP (VBP want) (NP (NN attention))))) (, ,) (CC and) (SBAR (IN that) (S-UNF (SBAR-TMP (WHADVP-2 (WRB when)) (S (NP-SBJ (PRP it)) (VP (VBZ happens) (SBAR (-NONE- 0) (S (NP-SBJ-1 (PRP they)) (VP (VBP 're) (VP (VBN glorified) (NP (-NONE- *-1)) (SBAR-PRP (IN because) (S (EDITED (RM (-DFL- \[)) (NP-SBJ-UNF (PDT all) (DT the) (NN newspaper)) (, ,) (IP (-DFL- \+))) (NP-SBJ (PRP it)) (VP (BES 's) (PP-PRD (IN on) (NP (PDT all) (DT the) (NNS newspapers) (RS (-DFL- \])) (CC and) (NN T) (NN V) (NNS -s) (CC and) (NN everything))) (ADVP-TMP (-NONE- *T*-2))))))))))))))))) (, ,) (-DFL- E_S))","188",NA,NA," all the newspapers  ","/:   all/PDT the/DT newspapers/NNS  /:"
"128","sw05utt/sw_0557_3333.utt","3/sw3333",3333,127,"b","A",79,1,"Uh-huh. /","[ Uh-huh/UH ] ./.","(INTJ (UH Uh-huh) (. .) (-DFL- E_S))","185",209.57375,210.295625,"Uhhuh. "," Uhhuh/UH  ./."
"129","sw05utt/sw_0557_3333.utt","3/sw3333",3333,128,"+","B",80,1,"-- and T V -s and everything, /","--/: and/CC  [ T/NN V/NN -s/NNS ] and/CC  [ everything/NN ] ,/,","(S (CC and) (NP-SBJ (PRP they)) (VP (VBD were) (VP (VBG saying) (PRN (, ,) (S (NP-SBJ (PRP you)) (VP (VBP know))) (, ,)) (SBAR (SBAR (IN that) (S (NP-SBJ (DT these) (NNS guys)) (VP (VBP want) (NP (NN attention))))) (, ,) (CC and) (SBAR (IN that) (S-UNF (SBAR-TMP (WHADVP-2 (WRB when)) (S (NP-SBJ (PRP it)) (VP (VBZ happens) (SBAR (-NONE- 0) (S (NP-SBJ-1 (PRP they)) (VP (VBP 're) (VP (VBN glorified) (NP (-NONE- *-1)) (SBAR-PRP (IN because) (S (EDITED (RM (-DFL- \[)) (NP-SBJ-UNF (PDT all) (DT the) (NN newspaper)) (, ,) (IP (-DFL- \+))) (NP-SBJ (PRP it)) (VP (BES 's) (PP-PRD (IN on) (NP (PDT all) (DT the) (NNS newspapers) (RS (-DFL- \])) (CC and) (NN T) (NN V) (NNS -s) (CC and) (NN everything))) (ADVP-TMP (-NONE- *T*-2))))))))))))))))) (, ,) (-DFL- E_S))","188",NA,NA," and T V s and everything, ","/: and/CC   T/NN V/NN s/NNS  and/CC   everything/NN  ,/,"
"130","sw05utt/sw_0557_3333.utt","3/sw3333",3333,129,"aa","A",81,1,"Right,  /","Right/UH ,/,","(INTJ (UH Right) (, ,) (-DFL- E_S))","199",211.086,214.800375,"Right,  ","Right/UH ,/,"
"131","sw05utt/sw_0557_3333.utt","3/sw3333",3333,130,"sd","A",81,2,"lots of their picture and life story and everything. /","[ lots/NNS ] of/IN  [ their/PRP$ picture/NN ] and/CC  [ life/NN story/NN ] and/CC  [ everything/NN ] ./.","(NP (NP (NNS lots)) (PP (IN of) (NP (NP (PRP$ their) (NN picture)) (CC and) (NP (NN life) (NN story)) (CC and) (NP (NN everything)))) (. .) (-DFL- E_S))","200",211.086,214.800375,"lots of their picture and life story and everything. "," lots/NNS  of/IN   their/PRP$ picture/NN  and/CC   life/NN story/NN  and/CC   everything/NN  ./."
"132","sw05utt/sw_0557_3333.utt","3/sw3333",3333,131,"aa","B",82,1,"Right,  /","Right/UH ,/,","(INTJ (UH Right) (, ,) (-DFL- E_S))","199",214.692875,218.820125,"Right,  ","Right/UH ,/,"
"133","sw05utt/sw_0557_3333.utt","3/sw3333",3333,132,"sd","B",82,2,"{C and then } you get to their life story,  /","and/CC then/RB  [ you/PRP ] get/VBP to/IN  [ their/PRP$ life/NN story/NN ] ,/,","(S (CONJP (CC and) (RB then)) (NP-SBJ (PRP you)) (VP (VBP get) (PP (IN to) (NP (PRP$ their) (NN life) (NN story)))) (, ,) (-DFL- E_S))","203",214.692875,218.820125," and then  you get to their life story,  ","and/CC then/RB   you/PRP  get/VBP to/IN   their/PRP$ life/NN story/NN  ,/,"
"134","sw05utt/sw_0557_3333.utt","3/sw3333",3333,133,"sd","B",82,3,"{F Oh, } they came from a broken family -- /","Oh/UH ,/,  [ they/PRP ] came/VBD from/IN  [ a/DT broken/JJ family/NN ] --/:","(S (INTJ (UH Oh)) (, ,) (NP-SBJ (PRP they)) (VP (VBD came) (PP (IN from) (NP (DT a) (JJ broken) (NN family)))) (-DFL- E_S))","204",214.692875,218.820125," Oh,  they came from a broken family  ","Oh/UH ,/,   they/PRP  came/VBD from/IN   a/DT broken/JJ family/NN  /:"
"135","sw05utt/sw_0557_3333.utt","3/sw3333",3333,134,"b","A",83,1,"Uh-huh. /","[ Uh-huh/UH ] ./.","(INTJ (UH Uh-huh) (. .) (-DFL- E_S))","185",218.776875,219.5415,"Uhhuh. "," Uhhuh/UH  ./."
"136","sw05utt/sw_0557_3333.utt","3/sw3333",3333,135,"sd","B",84,1,"-- {F oh } this person had mental problems -- /","--/: oh/UH  [ this/DT person/NN ] had/VBD  [ mental/JJ problems/NNS ] --/:","(S (INTJ (UH oh)) (NP-SBJ (DT this) (NN person)) (VP (VBD had) (NP (JJ mental) (NNS problems))) (-DFL- E_S))","208",219.242,221.459,"  oh  this person had mental problems  ","/: oh/UH   this/DT person/NN  had/VBD   mental/JJ problems/NNS  /:"
"137","sw05utt/sw_0557_3333.utt","3/sw3333",3333,136,"b","A",85,1,"Right. /","[ Right/UH ] ./.","(INTJ (UH Right) (. .) (-DFL- E_S))","210",221.281875,221.998,"Right. "," Right/UH  ./."
"138","sw05utt/sw_0557_3333.utt","3/sw3333",3333,137,"^q","B",86,1,"-- {F oh } {F duh, } {F duh, } {F duh } --","--/: oh/UH  [ duh/UH ] ,/,  [ duh/UH ] ,/,  [ duh/UH ] --/:","(FRAG (INTJ (UH oh)) (INTJ (UH duh)) (, ,) (INTJ (UH duh)) (, ,) (INTJ (UH duh)) (PRN (S (NP-SBJ (PRP you)) (VP (VBP know)))) (, ,) (-DFL- E_S))","212",221.79425,224.454875,"  oh   duh,   duh,   duh  ","/: oh/UH   duh/UH  ,/,   duh/UH  ,/,   duh/UH  /:"
"139","sw05utt/sw_0557_3333.utt","3/sw3333",3333,138,"b","A",87,1,"Right. /","[ Right/UH ] ./.","(INTJ (UH Right) (. .) (-DFL- E_S))","210",222.788125,223.473125,"Right. "," Right/UH  ./."
"140","sw05utt/sw_0557_3333.utt","3/sw3333",3333,139,"+","B",88,1,"-- {D you know, } /","--/:  [ you/PRP ] know/VBP ,/,","(FRAG (INTJ (UH oh)) (INTJ (UH duh)) (, ,) (INTJ (UH duh)) (, ,) (INTJ (UH duh)) (PRN (S (NP-SBJ (PRP you)) (VP (VBP know)))) (, ,) (-DFL- E_S))","212",NA,NA,"  you know,  ","/:   you/PRP  know/VBP ,/,"
"141","sw05utt/sw_0557_3333.utt","3/sw3333",3333,140,"qh","A",89,1,"I know, how we  ((   )) [ and + ] straighten up all these twisted people before they do something terrible, /","[ I/PRP ] know/VBP ,/, how/WRB  [ we/PRP ] MUMBLEx/XX and/CC straighten/VB up/RP  [ all/DT these/DT ] twisted/JJ  [ people/NNS ] before/IN  [ they/PRP ] do/VBP  [ something/NN ] terrible/JJ ,/,","(S (NP-SBJ (PRP I)) (VP (VBP know)) (, ,))|||(SBAR (WHADVP-1 (WRB how)) (S (NP-SBJ (PRP we)) (VP (VP (X (XX MUMBLEx))) (RM (-DFL- \[)) (CC and) (IP (-DFL- \+)) (RS (-DFL- \])) (VP (VB straighten) (PRT (RP up)) (NP (DT all) (DT these) (JJ twisted) (NNS people)) (SBAR-TMP (IN before) (S (NP-SBJ (PRP they)) (VP (VBP do) (NP (NP (NN something)) (ADJP (JJ terrible))))))) (ADVP-MNR (-NONE- *T*-1)))) (, ,) (-DFL- E_S))","217|||218",224.322,230.34625,"I know, how we       and   straighten up all these twisted people before they do something terrible, "," I/PRP  know/VBP ,/, how/WRB   we/PRP  MUMBLEx/XX and/CC straighten/VB up/RP   all/DT these/DT  twisted/JJ   people/NNS  before/IN   they/PRP  do/VBP   something/NN  terrible/JJ ,/,"
"142","sw05utt/sw_0557_3333.utt","3/sw3333",3333,141,"b","B",90,1,"Yeah. /","Yeah/UH ./.","(INTJ (UH Yeah) (. .) (-DFL- E_S))","220",230.411375,231.076125,"Yeah. ","Yeah/UH ./."
"143","sw05utt/sw_0557_3333.utt","3/sw3333",3333,142,"sd","A",91,1,"{C So, } {F uh, } that story I just told you about my mother's beautiful cousin,  {D well, } the same thing happened here in Arlington,  when was it, I think  [ it was, + {F oh, } it was ] almost a year ago in December to a girl that my daughter had graduated from high school with. /","So/RB ,/,  [ uh/UH ] ,/,  [ that/DT story/NN ] [ I/PRP ] just/RB told/VBD  [ you/PRP ] about/IN  [ my/PRP$ mother/NN 's/POS beautiful/JJ cousin/NN ] ,/, well/UH ,/,  [ the/DT same/JJ thing/NN ] happened/VBD here/RB in/IN  [ Arlington/NNP ] ,/, when/WRB was/VBD  [ it/PRP ] ,/,  [ I/PRP ] think/VBP  [ it/PRP ] was/VBD ,/, oh/UH ,/,  [ it/PRP ] was/VBD almost/RB  [ a/DT year/NN ] ago/RB in/IN  [ December/NNP ] to/IN  [ a/DT girl/NN ] that/WDT  [ my/PRP$ daughter/NN ] had/VBD graduated/VBN from/IN  [ high/JJ school/NN ] with/IN ./.","(S (RB So) (, ,) (INTJ (UH uh)) (, ,) (NP-ADV (NP (DT that) (NN story)) (SBAR (WHNP-4 (-NONE- 0)) (S (NP-SBJ (PRP I)) (ADVP (RB just)) (VP (VBD told) (NP (PRP you)) (NP (-NONE- *T*-4)) (PP (IN about) (NP (NP (PRP$ my) (NN mother) (POS 's)) (JJ beautiful) (NN cousin))))))) (, ,) (INTJ (UH well)) (, ,) (NP-SBJ (DT the) (JJ same) (NN thing)) (VP (VBD happened) (ADVP-LOC (RB here) (PP (IN in) (NP (NNP Arlington)))) (PRN (, ,) (SBARQ (WHADVP-1 (WRB when)) (SQ (VBD was) (NP-SBJ (PRP it)) (ADVP-TMP-PRD (-NONE- *T*-1))))) (PRN (, ,) (S (NP-SBJ (PRP I)) (VP (VBP think) (SBAR (-NONE- 0) (S (EDITED (RM (-DFL- \[)) (S (NP-SBJ (PRP it)) (VP-UNF (VBD was))) (, ,) (IP (-DFL- \+))) (INTJ (UH oh)) (, ,) (NP-SBJ (PRP it)) (VP (VBD was) (ADVP-TMP-PRD (-NONE- *RNR*-2)) (RS (-DFL- \])) (ADVP-TMP-2 (NP (RB almost) (DT a) (NN year)) (RB ago) (PP (IN in) (NP (NNP December)))))))))) (PP (IN to) (NP (NP (DT a) (NN girl)) (SBAR (WHNP-3 (WDT that)) (S (NP-SBJ (PRP$ my) (NN daughter)) (VP (VBD had) (VP (VBN graduated) (PP (IN from) (NP (JJ high) (NN school))) (PP (IN with) (NP (-NONE- *T*-3)))))))))) (. .) (-DFL- E_S))","222",231.158,245.58725," So,   uh,  that story I just told you about my mother's beautiful cousin,   well,  the same thing happened here in Arlington,  when was it, I think   it was,   oh,  it was  almost a year ago in December to a girl that my daughter had graduated from high school with. ","So/RB ,/,   uh/UH  ,/,   that/DT story/NN   I/PRP  just/RB told/VBD   you/PRP  about/IN   my/PRP$ mother/NN 's/POS beautiful/JJ cousin/NN  ,/, well/UH ,/,   the/DT same/JJ thing/NN  happened/VBD here/RB in/IN   Arlington/NNP  ,/, when/WRB was/VBD   it/PRP  ,/,   I/PRP  think/VBP   it/PRP  was/VBD ,/, oh/UH ,/,   it/PRP  was/VBD almost/RB   a/DT year/NN  ago/RB in/IN   December/NNP  to/IN   a/DT girl/NN  that/WDT   my/PRP$ daughter/NN  had/VBD graduated/VBN from/IN   high/JJ school/NN  with/IN ./."
"144","sw05utt/sw_0557_3333.utt","3/sw3333",3333,143,"bh","B",92,1,"Is that right? /","Is/VBZ  [ that/DT right/NN ] ?/.","(SQ (VBZ Is) (NP-SBJ (DT that)) (ADJP-PRD (NN right)) (. ?) (-DFL- E_S))","224",245.69225,246.866375,"Is that right? ","Is/VBZ   that/DT right/NN  ?/."
"145","sw05utt/sw_0557_3333.utt","3/sw3333",3333,144,"ny","A",93,1,"Yeah,  /","[ Yeah/UH ] ,/,","(INTJ (UH Yeah) (, ,) (-DFL- E_S))","226",246.1955,252.63925,"Yeah,  "," Yeah/UH  ,/,"
"146","sw05utt/sw_0557_3333.utt","3/sw3333",3333,145,"sd^e","A",93,2,"I think it was on a Hard Copy,  /","[ I/PRP ] think/VBP  [ it/PRP ] was/VBD on/IN  [ a/DT Hard/NNP Copy/NNP ] ,/,","(S (NP-SBJ (PRP I)) (VP (VBP think) (SBAR (-NONE- 0) (S (NP-SBJ (PRP it)) (VP (VBD was) (PP-PRD (IN on) (NP (DT a) (NNP Hard) (NNP Copy))))))) (, ,) (-DFL- E_S))","227",246.1955,252.63925,"I think it was on a Hard Copy,  "," I/PRP  think/VBP   it/PRP  was/VBD on/IN   a/DT Hard/NNP Copy/NNP  ,/,"
"147","sw05utt/sw_0557_3333.utt","3/sw3333",3333,146,"sd","A",93,3,"she was a real attractive blond girl, [ in, + in ] her freshman year of college -- /","[ she/PRP ] was/VBD  [ a/DT real/RB attractive/JJ blond/NN girl/NN ] ,/, in/IN ,/, in/IN  [ her/PRP$ freshman/NN year/NN ] of/IN  [ college/NN ] --/:","(S (NP-SBJ (PRP she)) (VP (VBD was) (NP-PRD (NP (DT a) (ADJP (RB real) (JJ attractive)) (NN blond) (NN girl)) (, ,) (EDITED (RM (-DFL- \[)) (PP-UNF (IN in)) (, ,) (IP (-DFL- \+))) (PP (IN in) (RS (-DFL- \])) (NP (NP (PRP$ her) (NN freshman) (NN year)) (PP (IN of) (NP (NN college))))))) (-DFL- E_S))","228",246.1955,252.63925,"she was a real attractive blond girl,  in,  in  her freshman year of college  "," she/PRP  was/VBD   a/DT real/RB attractive/JJ blond/NN girl/NN  ,/, in/IN ,/, in/IN   her/PRP$ freshman/NN year/NN  of/IN   college/NN  /:"
"148","sw05utt/sw_0557_3333.utt","3/sw3333",3333,147,"b","B",94,1,"Uh-huh. /","[ Uh-huh/UH ] ./.","(INTJ (UH Uh-huh) (. .) (-DFL- E_S))","206",252.7215,253.343125,"Uhhuh. "," Uhhuh/UH  ./."
"149","sw05utt/sw_0557_3333.utt","3/sw3333",3333,148,"sd","A",95,1,"-- {C and } some boy she tried to get rid of, he was like in his twenties, -/","--/: and/CC  [ some/DT boy/NN ] [ she/PRP ] tried/VBD to/TO get/VB rid/VBN of/IN ,/,  [ he/PRP ] was/VBD like/UH in/UH  [ his/PRP$ twenties/NNS ] ,/,","(S (CC and) (NP-TPC (NP (DT some) (NN boy)) (SBAR (WHNP-3 (-NONE- 0)) (S (NP-SBJ-1 (PRP she)) (VP (VBD tried) (S (NP-SBJ-2 (-NONE- *-1)) (VP (TO to) (VP (VB get) (VP (VBN rid) (NP (-NONE- *-2)) (PP (IN of) (NP (-NONE- *T*-3))))))))))) (, ,) (NP-SBJ (PRP he)) (VP (VBD was) (INTJ (UH like)) (PP-PRD (UH in) (NP (PRP$ his) (NNS twenties)))) (, ,) (-DFL- N_S))","232",252.9255,255.719375,"  and  some boy she tried to get rid of, he was like in his twenties, ","/: and/CC   some/DT boy/NN   she/PRP  tried/VBD to/TO get/VB rid/VBN of/IN ,/,   he/PRP  was/VBD like/UH in/UH   his/PRP$ twenties/NNS  ,/,"
"150","sw05utt/sw_0557_3333.utt","3/sw3333",3333,149,"sd","B",96,1,"{F Uh, } I remember seeing that, /","[ Uh/UH ] ,/,  [ I/PRP ] remember/VBP seeing/VBG  [ that/DT ] ,/,","(S (INTJ (UH Uh)) (, ,) (NP-SBJ-1 (PRP I)) (VP (VBP remember) (S (NP-SBJ (-NONE- *-1)) (VP (VBG seeing) (NP (DT that))))) (, ,) (-DFL- E_S))","234",253.343125,256.675125," Uh,  I remember seeing that, "," Uh/UH  ,/,   I/PRP  remember/VBP seeing/VBG   that/DT  ,/,"
"151","sw05utt/sw_0557_3333.utt","3/sw3333",3333,150,"qy","A",97,1,"Remember that? /","Remember/VBP  [ that/DT ] ?/.","(VP (VBP Remember) (NP (DT that)) (. ?) (-DFL- E_S))","236",255.9415,256.744,"Remember that? ","Remember/VBP   that/DT  ?/."
"152","sw05utt/sw_0557_3333.utt","3/sw3333",3333,151,"na","B",98,1,"I saw that on Hard Copy <laughter>. /","[ I/PRP ] saw/VBD that/IN on/IN  [ Hard/NNP Copy/NNP ] ./.","(S (NP-SBJ (PRP I)) (VP (VBD saw) (NP (IN that)) (PP (IN on) (NP (NNP Hard) (NNP Copy)))) (. .) (-DFL- E_S))","238",256.675125,259.607375,"I saw that on Hard Copy laughter. "," I/PRP  saw/VBD that/IN on/IN   Hard/NNP Copy/NNP  ./."
"153","sw05utt/sw_0557_3333.utt","3/sw3333",3333,152,"aa","A",99,1,"Right,  /","Right/UH ,/,","(INTJ (UH Right) (, ,) (-DFL- E_S))","240",257.9435,260.898,"Right,  ","Right/UH ,/,"
"154","sw05utt/sw_0557_3333.utt","3/sw3333",3333,153,"aa^r","A",99,2,"right, <laughter>  /","right/UH ,/,","(INTJ (UH right) (, ,) (-DFL- E_S))","241",257.9435,260.898,"right, laughter  ","right/UH ,/,"
"155","sw05utt/sw_0557_3333.utt","3/sw3333",3333,154,"%","A",99,3,"that's, {F uh, } -/","[ that/DT ] 's/BES ,/,  [ uh/UH ] ,/,","(S (NP-SBJ (DT that)) (VP-UNF (BES 's) (, ,) (INTJ (UH uh))) (, ,) (-DFL- N_S))","242",257.9435,260.898,"that's,  uh,  "," that/DT  's/BES ,/,   uh/UH  ,/,"
"156","sw05utt/sw_0557_3333.utt","3/sw3333",3333,155,"aa","B",100,1,"Yes. /","Yes/UH ./.","(INTJ (UH Yes) (. .) (-DFL- E_S))","244",260.264625,261.291125,"Yes. ","Yes/UH ./."
"157","sw05utt/sw_0557_3333.utt","3/sw3333",3333,156,"sd","A",101,1,"My daughter graduated with her from Arlington High School. /","[ My/PRP$ daughter/NN ] graduated/VBD with/IN  [ her/PRP$ ] from/IN  [ Arlington/NNP High/NNP School/NNP ] ./.","(S (NP-SBJ (PRP$ My) (NN daughter)) (VP (VBD graduated) (PP (IN with) (NP (PRP$ her))) (PP (IN from) (NP (NNP Arlington) (NNP High) (NNP School)))) (. .) (-DFL- E_S))","246",261.068,264.075375,"My daughter graduated with her from Arlington High School. "," My/PRP$ daughter/NN  graduated/VBD with/IN   her/PRP$  from/IN   Arlington/NNP High/NNP School/NNP  ./."
"158","sw05utt/sw_0557_3333.utt","3/sw3333",3333,157,"bh","B",102,1,"Is that right? /","Is/VBZ  [ that/DT right/NN ] ?/.","(SQ (VBZ Is) (NP-SBJ (DT that)) (ADJP-PRD (NN right)) (. ?) (-DFL- E_S))","224",263.895875,265.483125,"Is that right? ","Is/VBZ   that/DT right/NN  ?/."
"159","sw05utt/sw_0557_3333.utt","3/sw3333",3333,158,"ny","A",103,1,"Yeah,  /","Yeah/UH ,/,","(INTJ (UH Yeah) (, ,) (-DFL- E_S))","226",264.94275,268.102125,"Yeah,  ","Yeah/UH ,/,"
"160","sw05utt/sw_0557_3333.utt","3/sw3333",3333,159,"qh","A",103,2,"can you believe it,  /","can/MD  [ you/PRP ] believe/VB  [ it/PRP ] ,/,","(SQ (MD can) (NP-SBJ (PRP you)) (VP (VB believe) (NP (PRP it))) (, ,) (-DFL- E_S))","251",264.94275,268.102125,"can you believe it,  ","can/MD   you/PRP  believe/VB   it/PRP  ,/,"
"161","sw05utt/sw_0557_3333.utt","3/sw3333",3333,160,"%","A",103,3,"that's just, {F uh, } -/","[ that/DT ] 's/BES just/RB ,/,  [ uh/UH ] ,/,","(S (NP-SBJ (DT that)) (VP-UNF (BES 's) (ADVP (RB just)) (, ,) (INTJ (UH uh))) (, ,) (-DFL- N_S))","252",264.94275,268.102125,"that's just,  uh,  "," that/DT  's/BES just/RB ,/,   uh/UH  ,/,"
"162","sw05utt/sw_0557_3333.utt","3/sw3333",3333,161,"^h","B",104,1,"I'm trying to remember,  /","[ I/PRP ] 'm/VBP trying/VBG to/TO remember/VB ,/,","(S (NP-SBJ-1 (PRP I)) (VP (VBP 'm) (VP (VBG trying) (S (NP-SBJ (-NONE- *-1)) (VP (TO to) (VP (VB remember)))))) (, ,) (-DFL- E_S))","254",267.763125,272.667875,"I'm trying to remember,  "," I/PRP  'm/VBP trying/VBG to/TO remember/VB ,/,"
"163","sw05utt/sw_0557_3333.utt","3/sw3333",3333,162,"sd","B",104,2,"he, {F um, } had her in the car in front of a Taco  ((   )) or something -- /","[ he/PRP ] ,/, um/UH ,/, had/VBD  [ her/PRP ] in/IN  [ the/DT car/NN ] in/IN  [ front/NN ] of/IN  [ a/DT Taco/NNP MUMBLEx/XX ] or/CC  [ something/NN ] --/:","(S (NP-SBJ (PRP he)) (, ,) (INTJ (UH um)) (, ,) (VP (VBD had) (NP (PRP her)) (PP-LOC (IN in) (NP (DT the) (NN car))) (PP-LOC (IN in) (NP (NP (NN front)) (PP (IN of) (NP (NP (DT a) (NNP Taco) (X (XX MUMBLEx))) (CC or) (NP (NN something))))))) (-DFL- E_S))","255",267.763125,272.667875,"he,  um,  had her in the car in front of a Taco      or something  "," he/PRP  ,/, um/UH ,/, had/VBD   her/PRP  in/IN   the/DT car/NN  in/IN   front/NN  of/IN   a/DT Taco/NNP MUMBLEx/XX  or/CC   something/NN  /:"
"164","sw05utt/sw_0557_3333.utt","3/sw3333",3333,163,"sd","A",105,1,"Taco Bueno,  /","[ Taco/NNP Bueno/NNP ] ,/,","(NP (NNP Taco) (NNP Bueno) (, ,) (-DFL- E_S))","257",271.186625,273.498625,"Taco Bueno,  "," Taco/NNP Bueno/NNP  ,/,"
"165","sw05utt/sw_0557_3333.utt","3/sw3333",3333,164,"aa","A",105,2,"right,  /","right/UH ,/,","(INTJ (UH right) (, ,) (-DFL- E_S))","241",271.186625,273.498625,"right,  ","right/UH ,/,"
"166","sw05utt/sw_0557_3333.utt","3/sw3333",3333,165,"b","A",105,3,"uh-huh. /","[ uh-huh/UH ] ./.","(INTJ (UH uh-huh) (. .) (-DFL- E_S))","259",271.186625,273.498625,"uhhuh. "," uhhuh/UH  ./."
"167","sw05utt/sw_0557_3333.utt","3/sw3333",3333,166,"sd","B",106,1,"-- {C and } he just shot them --","--/: and/CC  [ he/PRP ] just/RB shot/VBD  [ them/PRP ] --/:","(S (CC and) (NP-SBJ (PRP he)) (ADVP (RB just)) (VP (VBD shot) (NP (NP (PRP them)) (NP (PRP himself) (CC and) (PRP$ her)))) (. .) (-DFL- E_S))","261",273.244875,275.95425,"  and  he just shot them ","/: and/CC   he/PRP  just/RB shot/VBD   them/PRP  /:"
"168","sw05utt/sw_0557_3333.utt","3/sw3333",3333,167,"b","A",107,1,"Uh-huh. /","[ Uh-huh/UH ] ./.","(INTJ (UH Uh-huh) (. .) (-DFL- E_S))","263",274.16375,274.818125,"Uhhuh. "," Uhhuh/UH  ./."
"169","sw05utt/sw_0557_3333.utt","3/sw3333",3333,168,"+","B",108,1,"-- himself and her. /","--/:  [ himself/PRP ] and/CC  [ her/PRP$ ] ./.","(S (CC and) (NP-SBJ (PRP he)) (ADVP (RB just)) (VP (VBD shot) (NP (NP (PRP them)) (NP (PRP himself) (CC and) (PRP$ her)))) (. .) (-DFL- E_S))","261",NA,NA," himself and her. ","/:   himself/PRP  and/CC   her/PRP$  ./."
"170","sw05utt/sw_0557_3333.utt","3/sw3333",3333,169,"aa","A",109,1,"Right. /","[ Right/UH ] ./.","(INTJ (UH Right) (. .) (-DFL- E_S))","266",275.3605,275.962,"Right. "," Right/UH  ./."
"171","sw05utt/sw_0557_3333.utt","3/sw3333",3333,170,"sd","B",110,1,"I remember seeing that. /","[ I/PRP ] remember/VBP seeing/VBG  [ that/DT ] ./.","(S (NP-SBJ-1 (PRP I)) (VP (VBP remember) (S (NP-SBJ (-NONE- *-1)) (VP (VBG seeing) (NP (DT that))))) (. .) (-DFL- E_S))","268",275.95425,277.675375,"I remember seeing that. "," I/PRP  remember/VBP seeing/VBG   that/DT  ./."
"172","sw05utt/sw_0557_3333.utt","3/sw3333",3333,171,"b","A",111,1,"Yeah, {F uh, } {F uh, }  /","Yeah/UH ,/,  [ uh/UH ] ,/,  [ uh/UH ] ,/,","(INTJ (INTJ (UH Yeah)) (, ,) (INTJ (UH uh)) (, ,) (INTJ (UH uh)) (, ,) (-DFL- E_S))","270",277.51175,280.25175,"Yeah,  uh,   uh,   ","Yeah/UH ,/,   uh/UH  ,/,   uh/UH  ,/,"
"173","sw05utt/sw_0557_3333.utt","3/sw3333",3333,172,"qy","A",111,2,"isn't that weird? /","is/VBZ n't/RB  [ that/DT weird/JJ ] ?/.","(SQ (VBZ is) (RB n't) (NP-SBJ (DT that)) (ADJP-PRD (JJ weird)) (. ?) (-DFL- E_S))","271",277.51175,280.25175,"isn't that weird? ","is/VBZ n't/RB   that/DT weird/JJ  ?/."
"174","sw05utt/sw_0557_3333.utt","3/sw3333",3333,173,"ny","B",112,1,"Yeah,  /","Yeah/UH ,/,","(INTJ (UH Yeah) (, ,) (-DFL- E_S))","250",279.97175,283.75025,"Yeah,  ","Yeah/UH ,/,"
"175","sw05utt/sw_0557_3333.utt","3/sw3333",3333,174,"sv^e","B",112,2,"there's just too many crazy people out there these days. /","[ there/EX ] 's/BES just/RB  [ too/RB many/JJ crazy/JJ people/NNS ] out/IN  [ there/RB ] [ these/DT days/NNS ] ./.","(S (NP-SBJ (EX there)) (VP (BES 's) (ADVP (RB just)) (NP-PRD (ADJP (RB too) (JJ many)) (JJ crazy) (NNS people)) (PP-LOC (IN out) (ADVP (RB there))) (NP-TMP (DT these) (NNS days))) (. .) (-DFL- E_S))","274",279.97175,283.75025,"there's just too many crazy people out there these days. "," there/EX  's/BES just/RB   too/RB many/JJ crazy/JJ people/NNS  out/IN   there/RB   these/DT days/NNS  ./."
"176","sw05utt/sw_0557_3333.utt","3/sw3333",3333,175,"aa","A",113,1,"I know,  /","[ I/PRP ] know/VBP ,/,","(S (NP-SBJ (PRP I)) (VP (VBP know)) (, ,) (-DFL- E_S))","276",284.025625,293.37075,"I know,  "," I/PRP  know/VBP ,/,"
"177","sw05utt/sw_0557_3333.utt","3/sw3333",3333,176,"sv","A",113,2,"{C and, } {F uh, } the police are not going to do anything until  [ they, +  they've ] committed some sort of a crime.  /","and/CC ,/,  [ uh/UH ] ,/,  [ the/DT police/NNS ] are/VBP not/RB going/VBG to/TO do/VB  [ anything/NN ] until/IN  [ they/PRP ] ,/,  [ they/PRP ] 've/VBP committed/VBN  [ some/DT sort/NN ] of/IN  [ a/DT crime/NN ] ./.","(S (CC and) (, ,) (INTJ (UH uh)) (, ,) (NP-SBJ-1 (DT the) (NNS police)) (VP (VBP are) (RB not) (VP (VBG going) (S (NP-SBJ (-NONE- *-1)) (VP (TO to) (VP (VB do) (NP (NN anything)) (SBAR-TMP (IN until) (S (EDITED (RM (-DFL- \[)) (NP-SBJ (PRP they)) (, ,) (IP (-DFL- \+))) (NP-SBJ (PRP they)) (VP (VBP 've) (RS (-DFL- \])) (VP (VBN committed) (NP (NP (DT some) (NN sort)) (PP (IN of) (NP (DT a) (NN crime))))))))))))) (. .) (-DFL- E_S))","277",284.025625,293.37075," and,   uh,  the police are not going to do anything until   they,   they've  committed some sort of a crime.  ","and/CC ,/,   uh/UH  ,/,   the/DT police/NNS  are/VBP not/RB going/VBG to/TO do/VB   anything/NN  until/IN   they/PRP  ,/,   they/PRP  've/VBP committed/VBN   some/DT sort/NN  of/IN   a/DT crime/NN  ./."
"178","sw05utt/sw_0557_3333.utt","3/sw3333",3333,177,"sv","A",113,3,"{D You know, } he was just begging   her on the phone,  /","[ You/PRP ] know/VBP ,/,  [ he/PRP ] was/VBD just/RB begging/VBG  [ her/PRP ] on/IN  [ the/DT phone/NN ] ,/,","(S (PRN (S (NP-SBJ (PRP You)) (VP (VBP know))) (, ,)) (NP-SBJ (PRP he)) (VP (VBD was) (ADVP (RB just)) (VP (VBG begging) (NP (PRP her)) (PP (IN on) (NP (DT the) (NN phone))))) (, ,) (-DFL- E_S))","278",284.025625,293.37075," You know,  he was just begging   her on the phone,  "," You/PRP  know/VBP ,/,   he/PRP  was/VBD just/RB begging/VBG   her/PRP  on/IN   the/DT phone/NN  ,/,"
"179","sw05utt/sw_0557_3333.utt","3/sw3333",3333,178,"sv","A",113,4,"that's not doing anything. /","[ that/WDT ] 's/BES not/RB doing/VBG  [ anything/NN ] ./.","(S (NP-SBJ (WDT that)) (VP (BES 's) (RB not) (VP (VBG doing) (NP (NN anything)))) (. .) (-DFL- E_S))","279",284.025625,293.37075,"that's not doing anything. "," that/WDT  's/BES not/RB doing/VBG   anything/NN  ./."
"180","sw05utt/sw_0557_3333.utt","3/sw3333",3333,179,"b","B",114,1,"Yeah. /","Yeah/UH ./.","(INTJ (UH Yeah) (. .) (-DFL- E_S))","281",293.360125,294.1315,"Yeah. ","Yeah/UH ./."
"181","sw05utt/sw_0557_3333.utt","3/sw3333",3333,180,"sd","A",115,1,"{C And } there are times I think, gee, I  ((   ))  should give my kids gu-, -/","And/CC  [ there/EX ] are/VBP  [ times/NNS I/PRP ] think/VBP ,/, gee/UH ,/,  [ I/PRP MUMBLEx/XX ] should/MD give/VB  [ my/PRP$ kids/NNS gu-/NNS ] ,/,","(S (CC And) (NP-SBJ (EX there)) (VP (VBP are) (NP-PRD (NP (NNS times)) (SBAR (WHADVP (-NONE- 0)) (S (NP-SBJ (PRP I)) (VP (VBP think) (, ,) (S-SEZ (INTJ (UH gee)) (, ,) (NP-SBJ (PRP I)) (X (XX MUMBLEx)) (VP (MD should)) (VP (VB give) (NP (PRP$ my) (NNS kids)) (NP-UNF (NNS gu-))))))))) (, ,) (-DFL- N_S))","283",294.49475,297.758125," And  there are times I think, gee, I       should give my kids gu, ","And/CC   there/EX  are/VBP   times/NNS I/PRP  think/VBP ,/, gee/UH ,/,   I/PRP MUMBLEx/XX  should/MD give/VB   my/PRP$ kids/NNS gu/NNS  ,/,"
