"","swda_filename","ptb_basename","conversation_no","transcript_index","act_tag","caller","turn_index","subutterance_index","text","pos","trees","ptb_treenumbers","start_turn","end_turn","newtext","newpos"
"1","sw04utt/sw_0424_3328.utt","3/sw3328",3328,0,"o","A",1,1,"Yeah,  /","Yeah/UH ,/,","(INTJ (UH Yeah) (, ,) (-DFL- E_S))","1",0.6,3.249875,"Yeah,  ","Yeah/UH ,/,"
"2","sw04utt/sw_0424_3328.utt","3/sw3328",3328,1,"sd","A",1,2,"they just raised our taxes up here about a year ago. /","[ they/PRP ] just/RB raised/VBD  [ our/PRP$ taxes/NNS ] up/IN here/RB about/RB  [ a/DT year/NN ] ago/RB ./.","(S (NP-SBJ (PRP they)) (ADVP (RB just)) (VP (VBD raised) (NP (PRP$ our) (NNS taxes)) (PP-LOC (IN up) (ADVP (RB here))) (ADVP-TMP (NP (QP (RB about) (DT a)) (NN year)) (RB ago))) (. .) (-DFL- E_S))","2",0.6,3.249875,"they just raised our taxes up here about a year ago. "," they/PRP  just/RB raised/VBD   our/PRP$ taxes/NNS  up/IN here/RB about/RB   a/DT year/NN  ago/RB ./."
"3","sw04utt/sw_0424_3328.utt","3/sw3328",3328,2,"sd","B",2,1,"{D Well, } they've, {F uh, } statewide raises,  /","Well/UH ,/,  [ they/PRP ] 've/VBP ,/,  [ uh/UH ] ,/,  [ statewide/JJ raises/NNS ] ,/,","(S (INTJ (UH Well)) (, ,) (NP-SBJ (PRP they)) (VP (VBP 've) (, ,) (INTJ (UH uh)) (, ,) (NP (JJ statewide) (NNS raises))) (, ,) (-DFL- E_S))","4",4.977875,23.97175," Well,  they've,  uh,  statewide raises,  ","Well/UH ,/,   they/PRP  've/VBP ,/,   uh/UH  ,/,   statewide/JJ raises/NNS  ,/,"
"4","sw04utt/sw_0424_3328.utt","3/sw3328",3328,3,"sd","B",2,2,"they raise ours it seems {D like }  constantly.  /","[ they/PRP ] raise/VBP  [ ours/PRP$ ] [ it/PRP ] seems/VBZ like/IN constantly/RB ./.","(S-1 (NP-SBJ (PRP they)) (VP (VBP raise) (NP (PRP$ ours)) (PRN (S (NP-SBJ (PRP it)) (VP (VBZ seems) (SBAR (UH like) (S (-NONE- *T*-1)))))) (ADVP-TMP (RB constantly))) (. .) (-DFL- E_S))","5",4.977875,23.97175,"they raise ours it seems  like   constantly.  "," they/PRP  raise/VBP   ours/PRP$   it/PRP  seems/VBZ like/IN constantly/RB ./."
"5","sw04utt/sw_0424_3328.utt","3/sw3328",3328,4,"sd","B",2,3,"We just, {F uh, } passed a new one, {F uh, }  /","[ We/PRP ] just/RB ,/,  [ uh/UH ] ,/, passed/VBD  [ a/DT new/JJ one/NN ] ,/,  [ uh/UH ] ,/,","(S (NP-SBJ (PRP We)) (ADVP (RB just)) (, ,) (INTJ (UH uh)) (, ,) (VP (VBD passed) (NP (DT a) (JJ new) (NN one))) (, ,))|||(S (INTJ (UH uh)) (, ,) (-DFL- E_S) (ADVP (RB fortunately) (CC or) (RB unfortunately)) (NP-SBJ (PRP it)) (VP (VBZ does) (RB n't) (VP (VB go) (PP (IN into) (NP (NN effect))) (SBAR-PRP (IN because) (S (NP-SBJ (PRP we)) (VP (VBD did) (RB not) (VP (VB get) (NP (DT the) (NNP United) (NNPS Airlines)))))))) (. .) (-DFL- E_S))","6|||7",4.977875,23.97175,"We just,  uh,  passed a new one,  uh,   "," We/PRP  just/RB ,/,   uh/UH  ,/, passed/VBD   a/DT new/JJ one/NN  ,/,   uh/UH  ,/,"
"6","sw04utt/sw_0424_3328.utt","3/sw3328",3328,5,"sd","B",2,4,"fortunately or unfortunately  it doesn't go into effect because we did not get the United Airlines. /","fortunately/RB or/CC unfortunately/RB  [ it/PRP ] does/VBZ n't/RB go/VB into/IN  [ effect/NN ] because/IN  [ we/PRP ] did/VBD not/RB get/VB  [ the/DT United/NNP Airlines/NNPS ] ./.","(S (INTJ (UH uh)) (, ,) (-DFL- E_S) (ADVP (RB fortunately) (CC or) (RB unfortunately)) (NP-SBJ (PRP it)) (VP (VBZ does) (RB n't) (VP (VB go) (PP (IN into) (NP (NN effect))) (SBAR-PRP (IN because) (S (NP-SBJ (PRP we)) (VP (VBD did) (RB not) (VP (VB get) (NP (DT the) (NNP United) (NNPS Airlines)))))))) (. .) (-DFL- E_S))","7",4.977875,23.97175,"fortunately or unfortunately  it doesn't go into effect because we did not get the United Airlines. ","fortunately/RB or/CC unfortunately/RB   it/PRP  does/VBZ n't/RB go/VB into/IN   effect/NN  because/IN   we/PRP  did/VBD not/RB get/VB   the/DT United/NNP Airlines/NNPS  ./."
"7","sw04utt/sw_0424_3328.utt","3/sw3328",3328,6,"b","A",3,1,"{F Oh, } right  /","Oh/UH ,/,  [ right/UH","(INTJ (INTJ (UH Oh)) (, ,) (INTJ (UH right)) (-DFL- E_S))","9",24.1855,26.623625," Oh,  right  ","Oh/UH ,/,   right/UH"
"8","sw04utt/sw_0424_3328.utt","3/sw3328",3328,7,"qy^g","A",3,2,"Indianapolis got that, didn't they? /","Indianapolis/NNS ] got/VBD that/DT ,/, did/VBD n't/RB  [ they/PRP ] ?/.","(SQ (S (NP-SBJ (NNS Indianapolis)) (VP (VBD got) (NP (DT that)))) (, ,) (SQ (VBD did) (RB n't) (NP-SBJ (PRP they))) (. ?) (-DFL- E_S))","10",24.1855,26.623625,"Indianapolis got that, didn't they? ","Indianapolis/NNS  got/VBD that/DT ,/, did/VBD n't/RB   they/PRP  ?/."
"9","sw04utt/sw_0424_3328.utt","3/sw3328",3328,8,"na","B",4,1,"Right.  /","[ Right/UH ] ./.","(INTJ (UH Right) (. .) (-DFL- E_S))","12",26.333375,44.48325,"Right.  "," Right/UH  ./."
"10","sw04utt/sw_0424_3328.utt","3/sw3328",3328,9,"sd","B",4,2,"{C And, }  {F uh, } we had passed [ a, + a ]  provisional one that  [ [ if, + if it did, ] + if they did ] locate here we would raise our taxes.  /","And/CC ,/,  [ uh/UH ] ,/,  [ we/PRP ] had/VBD passed/VBN  [ a/DT ] ,/,  [ a/DT provisional/JJ one/NN ] that/WDT if/IN ,/, if/IN  [ it/PRP ] did/VBD ,/, if/IN  [ they/PRP ] did/VBD locate/VB here/RB  [ we/PRP ] would/MD raise/VB  [ our/PRP$ taxes/NNS ] ./.","(S (CC And) (, ,) (INTJ (UH uh)) (, ,) (NP-SBJ (PRP we)) (VP (VBD had) (VP (VBN passed) (EDITED (RM (-DFL- \[)) (NP-UNF (DT a)) (, ,) (IP (-DFL- \+))) (NP (NP (DT a) (RS (-DFL- \])) (JJ provisional) (NN one)) (SBAR (WHADVP-1 (WDT that)) (S (SBAR-ADV (EDITED (RM (-DFL- \[)) (EDITED (RM (-DFL- \[)) (SBAR-ADV-UNF (IN if)) (, ,) (IP (-DFL- \+))) (SBAR-ADV (IN if) (S (NP-SBJ (PRP it)) (VP-UNF (VBD did)))) (, ,) (RS (-DFL- \])) (IP (-DFL- \+))) (IN if) (S (NP-SBJ (PRP they)) (VP (VBD did) (RS (-DFL- \])) (VP (VB locate) (ADVP-LOC (RB here)))))) (NP-SBJ (PRP we)) (VP (MD would) (VP (VB raise) (NP (PRP$ our) (NNS taxes)) (ADVP (-NONE- *T*-1))))))))) (. .) (-DFL- E_S))","13",26.333375,44.48325," And,    uh,  we had passed  a,  a   provisional one that    if,  if it did,   if they did  locate here we would raise our taxes.  ","And/CC ,/,   uh/UH  ,/,   we/PRP  had/VBD passed/VBN   a/DT  ,/,   a/DT provisional/JJ one/NN  that/WDT if/IN ,/, if/IN   it/PRP  did/VBD ,/, if/IN   they/PRP  did/VBD locate/VB here/RB   we/PRP  would/MD raise/VB   our/PRP$ taxes/NNS  ./."
"11","sw04utt/sw_0424_3328.utt","3/sw3328",3328,10,"sd","B",4,3,"{C But, }  {F uh, } at least we thought we'd get something back from that. /","But/CC ,/,  [ uh/UH ] ,/, at/IN  [ least/JJS we/PRP ] thought/VBD  [ we/PRP ] 'd/MD get/VB  [ something/NN ] back/RB from/IN  [ that/DT ] ./.","(S (CC But) (, ,) (INTJ (UH uh)) (, ,) (ADVP (IN at) (JJS least)) (NP-SBJ (PRP we)) (VP (VBD thought) (SBAR (-NONE- 0) (S (NP-SBJ (PRP we)) (VP (MD 'd) (VP (VB get) (NP (NN something)) (ADVP (RB back)) (PP (IN from) (NP (DT that)))))))) (. .) (-DFL- E_S))","14",26.333375,44.48325," But,    uh,  at least we thought we'd get something back from that. ","But/CC ,/,   uh/UH  ,/, at/IN   least/JJS we/PRP  thought/VBD   we/PRP  'd/MD get/VB   something/NN  back/RB from/IN   that/DT  ./."
"12","sw04utt/sw_0424_3328.utt","3/sw3328",3328,11,"b","A",5,1,"Yeah. /","Yeah/UH ./.","(INTJ (UH Yeah) (. .) (-DFL- E_S))","16",44.317125,44.8615,"Yeah. ","Yeah/UH ./."
"13","sw04utt/sw_0424_3328.utt","3/sw3328",3328,12,"qo","B",6,1,"{F Uh, } how do you feel about taxes? /","[ Uh/UH ] ,/, how/WRB do/VBP  [ you/PRP ] feel/VB about/IN  [ taxes/NNS ] ?/.","(SBARQ (INTJ (UH Uh)) (, ,) (WHADVP-1 (WRB how)) (SQ (VBP do) (NP-SBJ (PRP you)) (VP (VB feel) (PP (IN about) (NP (NNS taxes))) (ADVP-MNR (-NONE- *T*-1)))) (. ?) (-DFL- E_S))","18",45.863625,48.000375," Uh,  how do you feel about taxes? "," Uh/UH  ,/, how/WRB do/VBP   you/PRP  feel/VB about/IN   taxes/NNS  ?/."
"14","sw04utt/sw_0424_3328.utt","3/sw3328",3328,13,"sv","A",7,1,"{D Well, } it seems like a big politics game  /","Well/UH ,/,  [ it/PRP ] seems/VBZ like/IN  [ a/DT big/JJ politics/NNS game/NN ]","(S (INTJ (UH Well)) (, ,) (NP-SBJ (PRP it)) (VP (VBZ seems) (PP (IN like) (NP (DT a) (JJ big) (NNS politics) (NN game)))) (-DFL- E_S))","20",48.679625,63.485," Well,  it seems like a big politics game  ","Well/UH ,/,   it/PRP  seems/VBZ like/IN   a/DT big/JJ politics/NNS game/NN "
"15","sw04utt/sw_0424_3328.utt","3/sw3328",3328,14,"sd","A",7,2,"{D like }  up here, last year, the governor was up for re-election  /","like/IN up/IN here/RB ,/,  [ last/JJ year/NN ] ,/,  [ the/DT governor/NN ] was/VBD up/IN for/IN  [ re-election/NN ]","(S (INTJ (UH like)) (PP-LOC (IN up) (ADVP (RB here))) (, ,) (NP-TMP (JJ last) (NN year)) (, ,) (NP-SBJ (DT the) (NN governor)) (VP (VBD was) (PP-PRD (IN up) (PP (IN for) (NP (NN re-election))))) (-DFL- E_S))","21",48.679625,63.485," like   up here, last year, the governor was up for reelection  ","like/IN up/IN here/RB ,/,   last/JJ year/NN  ,/,   the/DT governor/NN  was/VBD up/IN for/IN   reelection/NN "
"16","sw04utt/sw_0424_3328.utt","3/sw3328",3328,15,"sd","A",7,3,"{C so } he said the budget was fine,  /","so/RB  [ he/PRP ] said/VBD  [ the/DT budget/NN ] was/VBD fine/JJ ,/,","(S (RB so) (NP-SBJ (PRP he)) (VP (VBD said) (SBAR (-NONE- 0) (S (NP-SBJ (DT the) (NN budget)) (VP (VBD was) (ADJP-PRD (JJ fine)))))) (, ,) (-DFL- E_S))","22",48.679625,63.485," so  he said the budget was fine,  ","so/RB   he/PRP  said/VBD   the/DT budget/NN  was/VBD fine/JJ ,/,"
"17","sw04utt/sw_0424_3328.utt","3/sw3328",3328,16,"sd","A",7,4,"the state didn't have any money  /","[ the/DT state/NN ] did/VBD n't/RB have/VB  [ any/DT money/NN ]","(S (NP-SBJ (DT the) (NN state)) (VP (VBD did) (RB n't) (VP (VB have) (NP (DT any) (NN money)))) (-DFL- E_S))","23",48.679625,63.485,"the state didn't have any money  "," the/DT state/NN  did/VBD n't/RB have/VB   any/DT money/NN "
"18","sw04utt/sw_0424_3328.utt","3/sw3328",3328,17,"sd","A",7,5,"{C and then } right after he won the election he said we owed a lot of money  /","and/CC then/RB right/RB after/IN  [ he/PRP ] won/VBD  [ the/DT election/NN ] [ he/PRP ] said/VBD  [ we/PRP ] owed/VBD  [ a/DT lot/NN ] of/IN  [ money/NN ]","(S (CONJP (CC and) (RB then)) (SBAR-TMP (ADVP (RB right)) (IN after) (S (NP-SBJ (PRP he)) (VP (VBD won) (NP (DT the) (NN election))))) (NP-SBJ (PRP he)) (VP (VBD said) (SBAR (-NONE- 0) (S (NP-SBJ (PRP we)) (VP (VBD owed) (NP (NP (DT a) (NN lot)) (PP (IN of) (NP (NN money)))))))) (-DFL- E_S))","24",48.679625,63.485," and then  right after he won the election he said we owed a lot of money  ","and/CC then/RB right/RB after/IN   he/PRP  won/VBD   the/DT election/NN   he/PRP  said/VBD   we/PRP  owed/VBD   a/DT lot/NN  of/IN   money/NN "
"19","sw04utt/sw_0424_3328.utt","3/sw3328",3328,18,"sd","A",7,6,"{C so } they raised all our taxes. /","so/RB  [ they/PRP ] raised/VBD  [ all/DT our/PRP$ taxes/NNS ] ./.","(S (RB so) (NP-SBJ (PRP they)) (VP (VBD raised) (NP (DT all) (PRP$ our) (NNS taxes))) (. .) (-DFL- E_S))","25",48.679625,63.485," so  they raised all our taxes. ","so/RB   they/PRP  raised/VBD   all/DT our/PRP$ taxes/NNS  ./."
"20","sw04utt/sw_0424_3328.utt","3/sw3328.pos",3328,19,"x","B",8,1,"<Laughter>.","./.","","",NA,NA,"Laughter.","./."
"21","sw04utt/sw_0424_3328.utt","3/sw3328",3328,20,"sd","A",9,1,"{C And } now it's election time again  /","And/CC now/RB  [ it/PRP ] [ 's/BES election/NN time/NN ] again/RB","(S (CC And) (ADVP-TMP (RB now)) (NP-SBJ (PRP it)) (VP (BES 's) (NP-PRD (NN election) (NN time)) (ADVP (RB again))) (-DFL- E_S))","28",64.7405,67.9605," And  now it's election time again  ","And/CC now/RB   it/PRP   's/BES election/NN time/NN  again/RB"
"22","sw04utt/sw_0424_3328.utt","3/sw3328",3328,21,"sd","A",9,2,"{C so } they're trying to lower them. /","so/RB  [ they/PRP ] 're/VBP trying/VBG to/TO lower/VB  [ them/PRP ] ./.","(S (RB so) (NP-SBJ-1 (PRP they)) (VP (VBP 're) (VP (VBG trying) (S (NP-SBJ (-NONE- *-1)) (VP (TO to) (VP (VB lower) (NP (PRP them))))))) (. .) (-DFL- E_S))","29",64.7405,67.9605," so  they're trying to lower them. ","so/RB   they/PRP  're/VBP trying/VBG to/TO lower/VB   them/PRP  ./."
"23","sw04utt/sw_0424_3328.utt","3/sw3328",3328,22,"b","B",10,1,"Oh. /","Oh/UH ./.","(INTJ (UH Oh) (. .) (-DFL- E_S))","31",68.639875,69.39675,"Oh. ","Oh/UH ./."
"24","sw04utt/sw_0424_3328.utt","3/sw3328",3328,23,"sd","A",11,1,"{C So } they're just talk about lowering them  /","So/RB  [ they/PRP ] 're/VBP just/RB  [ talk/VB ]  about/IN lowering/VBG  [ them/PRP ]","(S (RB So) (NP-SBJ-1 (PRP they)) (VP (VBP 're) (ADVP (RB just)) (VP (VB talk) (PP (IN about) (S-NOM (NP-SBJ (-NONE- *-1)) (VP (VBG lowering) (NP (PRP them))))))) (-DFL- E_S))","33",69.471125,72.6835," So  they're just talk about lowering them  ","So/RB   they/PRP  're/VBP just/RB   talk/VB   about/IN lowering/VBG   them/PRP "
"25","sw04utt/sw_0424_3328.utt","3/sw3328",3328,24,"sd","A",11,2,"{C but } they never do,  /","but/CC  [ they/PRP ] never/RB do/VBP ,/,","(S (CC but) (NP-SBJ (PRP they)) (ADVP-TMP (RB never)) (VP (VBP do)) (, ,) (-DFL- E_S))","34",69.471125,72.6835," but  they never do,  ","but/CC   they/PRP  never/RB do/VBP ,/,"
"26","sw04utt/sw_0424_3328.utt","3/sw3328",3328,25,"sd","A",11,3,"they just keep raising them. /","[ they/PRP ] just/RB keep/VBP raising/VBG  [ them/PRP ] ./.","(S (NP-SBJ-1 (PRP they)) (ADVP (RB just)) (VP (VBP keep) (S (NP-SBJ (-NONE- *-1)) (VP (VBG raising) (NP (PRP them))))) (. .) (-DFL- E_S))","35",69.471125,72.6835,"they just keep raising them. "," they/PRP  just/RB keep/VBP raising/VBG   them/PRP  ./."
"27","sw04utt/sw_0424_3328.utt","3/sw3328",3328,26,"sd","B",12,1,"I've never seen taxes really go down. /","[ I/PRP ] 've/VBP never/RB seen/VBN  [ taxes/NNS ] really/RB go/VBP down/RB ./.","(S (NP-SBJ (PRP I)) (VP (VBP 've) (ADVP-TMP (RB never)) (VP (VBN seen) (S (NP-SBJ (NNS taxes)) (ADVP (RB really)) (VP (VBP go) (ADVP (RB down)))))) (. .) (-DFL- E_S))","37",73.411125,76.1355,"I've never seen taxes really go down. "," I/PRP  've/VBP never/RB seen/VBN   taxes/NNS  really/RB go/VBP down/RB ./."
"28","sw04utt/sw_0424_3328.utt","3/sw3328",3328,27,"b","A",13,1,"Yeah,  /","Yeah/UH ,/,","(INTJ (UH Yeah) (, ,) (-DFL- E_S))","1",76.02925,87.67925,"Yeah,  ","Yeah/UH ,/,"
"29","sw04utt/sw_0424_3328.utt","3/sw3328",3328,28,"sd","A",13,2,"me neither.   /","[ me/PRP ] neither/RB ./.","(FRAG (NP (PRP me)) (ADVP (RB neither)) (. .) (-DFL- E_S))","40",76.02925,87.67925,"me neither.   "," me/PRP  neither/RB ./."
"30","sw04utt/sw_0424_3328.utt","3/sw3328",3328,29,"sd","A",13,3,"{D Well, } actually they're going to here because they didn't have a budget for so long  /","Well/UH ,/, actually/RB  [ they/PRP ] 're/VBP going/VBG to/TO here/RB because/IN  [ they/PRP ] did/VBD n't/RB have/VB  [ a/DT budget/NN ] for/IN so/RB long/JJ","(S (INTJ (UH Well)) (, ,) (ADVP (RB actually)) (NP-SBJ-1 (PRP they)) (VP (VBP 're) (VP (VBG going) (S (NP-SBJ (-NONE- *-1)) (VP (TO to) (VP (-NONE- *?*)))) (ADVP-LOC (RB here)) (SBAR-PRP (IN because) (S (NP-SBJ (PRP they)) (VP (VBD did) (RB n't) (VP (VB have) (NP (DT a) (NN budget)) (PP-TMP (IN for) (ADVP (RB so) (JJ long))))))))) (-DFL- E_S))","41",76.02925,87.67925," Well,  actually they're going to here because they didn't have a budget for so long  ","Well/UH ,/, actually/RB   they/PRP  're/VBP going/VBG to/TO here/RB because/IN   they/PRP  did/VBD n't/RB have/VB   a/DT budget/NN  for/IN so/RB long/JJ"
"31","sw04utt/sw_0424_3328.utt","3/sw3328",3328,30,"sd","A",13,4,"{C so } they raised the tax rate real high for the last three months of this year  /","so/RB  [ they/PRP ] raised/VBD  [ the/DT tax/NN rate/NN ] real/RB high/RB for/IN  [ the/DT last/JJ three/CD months/NNS ] of/IN  [ this/DT year/NN ]","(S (RB so) (NP-SBJ (PRP they)) (VP (VBD raised) (NP-1 (DT the) (NN tax) (NN rate)) (S-ADV (NP-SBJ (-NONE- *-1)) (ADJP-PRD (RB real) (RB high)) (PP-TMP (IN for) (NP (NP (DT the) (JJ last) (CD three) (NNS months)) (PP (IN of) (NP (DT this) (NN year))))))) (-DFL- E_S))","42",76.02925,87.67925," so  they raised the tax rate real high for the last three months of this year  ","so/RB   they/PRP  raised/VBD   the/DT tax/NN rate/NN  real/RB high/RB for/IN   the/DT last/JJ three/CD months/NNS  of/IN   this/DT year/NN "
"32","sw04utt/sw_0424_3328.utt","3/sw3328",3328,31,"sd","A",13,5,"{C and } they're going to lower it for next year. /","and/CC  [ they/PRP ] 're/VBP going/VBG to/TO lower/VB  [ it/PRP ] for/IN  [ next/JJ year/NN ] ./.","(S (CC and) (NP-SBJ-1 (PRP they)) (VP (VBP 're) (VP (VBG going) (S (NP-SBJ (-NONE- *-1)) (VP (TO to) (VP (VB lower) (NP (PRP it)) (PP (IN for) (NP (JJ next) (NN year)))))))) (. .) (-DFL- E_S))","43",76.02925,87.67925," and  they're going to lower it for next year. ","and/CC   they/PRP  're/VBP going/VBG to/TO lower/VB   it/PRP  for/IN   next/JJ year/NN  ./."
"33","sw04utt/sw_0424_3328.utt","3/sw3328",3328,32,"b","B",14,1,"Oh. /","Oh/UH ./.","(INTJ (UH Oh) (. .) (-DFL- E_S))","31",89.7565,90.288875,"Oh. ","Oh/UH ./."
"34","sw04utt/sw_0424_3328.utt","3/sw3328",3328,33,"sv","A",15,1,"I guess they figure they're going to make up for all they didn't get when they should have had a budget. /","[ I/PRP ] guess/VBP  [ they/PRP ] figure/VBP  [ they/PRP ] 're/VBP going/VBG to/TO make/VB up/RP for/IN  [ all/DT ] [ they/PRP ] did/VBD n't/RB get/VB when/WRB  [ they/PRP ] should/MD have/VB had/VBN  [ a/DT budget/NN ] ./.","(S (NP-SBJ (PRP I)) (VP (VBP guess) (SBAR (-NONE- 0) (S (NP-SBJ (PRP they)) (VP (VBP figure) (SBAR (-NONE- 0) (S (NP-SBJ-1 (PRP they)) (VP (VBP 're) (VP (VBG going) (S (NP-SBJ (-NONE- *-1)) (VP (TO to) (VP (VB make) (PRT (RP up)) (PP (IN for) (NP (NP (DT all)) (SBAR (WHNP-3 (-NONE- 0)) (S (NP-SBJ (PRP they)) (VP (VBD did) (RB n't) (VP (VB get) (NP (-NONE- *T*-3)) (SBAR-TMP (WHADVP-2 (WRB when)) (S (NP-SBJ (PRP they)) (VP (MD should) (VP (VB have) (VP (VBN had) (NP (DT a) (NN budget)) (ADVP-TMP (-NONE- *T*-2)))))))))))))))))))))))) (. .) (-DFL- E_S))","47",89.7725,93.250375,"I guess they figure they're going to make up for all they didn't get when they should have had a budget. "," I/PRP  guess/VBP   they/PRP  figure/VBP   they/PRP  're/VBP going/VBG to/TO make/VB up/RP for/IN   all/DT   they/PRP  did/VBD n't/RB get/VB when/WRB   they/PRP  should/MD have/VB had/VBN   a/DT budget/NN  ./."
"35","sw04utt/sw_0424_3328.utt","3/sw3328",3328,34,"sd","B",16,1,"I hope they put that in writing <laughter>. /","[ I/PRP ] hope/VBP  [ they/PRP ] put/VBP that/DT in/IN  [ writing/NN ] ./.","(S (NP-SBJ (PRP I)) (VP (VBP hope) (SBAR (-NONE- 0) (S (NP-SBJ (PRP they)) (VP (VBP put) (NP (DT that)) (PP (IN in) (NP (NN writing))))))) (. .) (-DFL- E_S))","49",94.473375,96.421,"I hope they put that in writing laughter. "," I/PRP  hope/VBP   they/PRP  put/VBP that/DT in/IN   writing/NN  ./."
"36","sw04utt/sw_0424_3328.utt","3/sw3328",3328,35,"aa","A",17,1,"Yeah,  /","Yeah/UH ,/,","(INTJ (UH Yeah) (, ,) (-DFL- E_S))","39",96.564,100.559125,"Yeah,  ","Yeah/UH ,/,"
"37","sw04utt/sw_0424_3328.utt","3/sw3328",3328,36,"aa^r","A",17,2,"<laughter> yeah,  /","yeah/UH ,/,","(INTJ (UH yeah) (, ,) (-DFL- E_S))","52",96.564,100.559125,"laughter yeah,  ","yeah/UH ,/,"
"38","sw04utt/sw_0424_3328.utt","3/sw3328",3328,37,"sd","A",17,3,"they say they're going to lower,  /","[ they/PRP ] say/VBP  [ they/PRP ] 're/VBP going/VBG to/TO lower/VB ,/,","(S (NP-SBJ (PRP they)) (VP (VBP say) (SBAR (-NONE- 0) (S (NP-SBJ-1 (PRP they)) (VP (VBP 're) (VP (VBG going) (S (NP-SBJ (-NONE- *-1)) (VP (TO to) (VP (VB lower))))))))) (, ,) (-DFL- E_S))","53",96.564,100.559125,"they say they're going to lower,  "," they/PRP  say/VBP   they/PRP  're/VBP going/VBG to/TO lower/VB ,/,"
"39","sw04utt/sw_0424_3328.utt","3/sw3328",3328,38,"sd","A",17,4,"{C but } I'll see. /","but/CC  [ I/PRP ] 'll/MD see/VB ./.","(S (CC but) (NP-SBJ (PRP I)) (VP (MD 'll) (VP (VB see))) (. .) (-DFL- E_S))","54",96.564,100.559125," but  I'll see. ","but/CC   I/PRP  'll/MD see/VB ./."
"40","sw04utt/sw_0424_3328.utt","3/sw3328",3328,39,"sv","B",18,1,"I feel like the middle class people are supporting the nation   and, {F uh, } that the rich are not paying their share  /","[ I/PRP ] feel/VBP like/IN  [ the/DT middle/JJ class/NN people/NNS ] are/VBP supporting/VBG  [ the/DT nation/NN ] and/CC ,/,  [ uh/UH ] ,/, that/IN  [ the/DT rich/JJ ] are/VBP not/RB paying/VBG  [ their/PRP$ share/NN ]","(S (NP-SBJ (PRP I)) (VP (VBP feel) (SBAR (SBAR (IN like) (S (NP-SBJ (DT the) (JJ middle) (NN class) (NNS people)) (VP (VBP are) (VP (VBG supporting) (NP (DT the) (NN nation)))))) (CC and) (, ,) (INTJ (UH uh)) (, ,) (SBAR (IN that) (S (NP-SBJ (DT the) (JJ rich)) (VP (VBP are) (RB not) (VP (VBG paying) (NP (PRP$ their) (NN share)))))))) (-DFL- E_S))","56",101.289375,129.73725,"I feel like the middle class people are supporting the nation   and,  uh,  that the rich are not paying their share  "," I/PRP  feel/VBP like/IN   the/DT middle/JJ class/NN people/NNS  are/VBP supporting/VBG   the/DT nation/NN  and/CC ,/,   uh/UH  ,/, that/IN   the/DT rich/JJ  are/VBP not/RB paying/VBG   their/PRP$ share/NN "
"41","sw04utt/sw_0424_3328.utt","3/sw3328",3328,40,"sv","B",18,2,"{C and } of course the poor can't afford it either,  /","and/CC of/IN  [ course/NN ] [ the/DT poor/NN ] ca/MD n't/RB afford/VB  [ it/PRP ] either/RB ,/,","(S (CC and) (PP (IN of) (NP (NN course))) (NP-SBJ (DT the) (NN poor)) (VP (MD ca) (RB n't) (VP (VB afford) (NP (PRP it)) (ADVP (RB either)))) (, ,) (-DFL- E_S))","57",101.289375,129.73725," and  of course the poor can't afford it either,  ","and/CC of/IN   course/NN   the/DT poor/NN  ca/MD n't/RB afford/VB   it/PRP  either/RB ,/,"
"42","sw04utt/sw_0424_3328.utt","3/sw3328",3328,41,"%","B",18,3,"{C but, }  {F uh, } I really feel like - /","but/CC ,/,  [ uh/UH ] ,/,  [ I/PRP ] really/RB feel/VBP like/IN","(S (CC but) (, ,) (INTJ (UH uh)) (, ,) (NP-SBJ (PRP I)) (ADVP (RB really)) (VP (VBP feel) (SBAR-UNF (IN like))) (-DFL- N_S))","58",101.289375,129.73725," but,    uh,  I really feel like  ","but/CC ,/,   uh/UH  ,/,   I/PRP  really/RB feel/VBP like/IN"
"43","sw04utt/sw_0424_3328.utt","3/sw3328",3328,42,"%","B",18,4,"[ {C and, } + {C and } ]  I feel like, {D you know, } - /","and/CC ,/, and/CC  [ I/PRP ] feel/VBP like/IN ,/,  [ you/PRP ] know/VBP ,/,","(S (EDITED (RM (-DFL- \[)) (CC and) (, ,) (IP (-DFL- \+))) (CC and) (RS (-DFL- \])) (NP-SBJ (PRP I)) (VP (VBP feel) (SBAR-UNF (IN like) (PRN (, ,) (S (NP-SBJ (PRP you)) (VP (VBP know)))))) (, ,) (-DFL- N_S))","59",101.289375,129.73725,"  and,    and    I feel like,  you know,   ","and/CC ,/, and/CC   I/PRP  feel/VBP like/IN ,/,   you/PRP  know/VBP ,/,"
"44","sw04utt/sw_0424_3328.utt","3/sw3328",3328,43,"sd","B",18,5,"I'm a middle class person income wise anyway  /","[ I/PRP ] 'm/VBP  [ a/DT middle/JJ class/NN person/NN income/NN ] wise/RB anyway/RB","(S (NP-SBJ (PRP I)) (VP (VBP 'm) (NP-PRD (DT a) (JJ middle) (NN class) (NN person)) (ADVP (NN income) (RB wise)) (ADVP (RB anyway))) (-DFL- E_S))","60",101.289375,129.73725,"I'm a middle class person income wise anyway  "," I/PRP  'm/VBP   a/DT middle/JJ class/NN person/NN income/NN  wise/RB anyway/RB"
"45","sw04utt/sw_0424_3328.utt","3/sw3328",3328,44,"sd","B",18,6,"{C and, }  {F uh, } I get tired of supporting the whole country. /","and/CC ,/,  [ uh/UH ] ,/,  [ I/PRP ] get/VBP tired/JJ of/IN supporting/VBG  [ the/DT whole/JJ country/NN ] ./.","(S (CC and) (, ,) (INTJ (UH uh)) (, ,) (NP-SBJ-1 (PRP I)) (VP (VBP get) (ADJP-PRD (JJ tired) (PP (IN of) (S-NOM (NP-SBJ (-NONE- *-1)) (VP (VBG supporting) (NP (DT the) (JJ whole) (NN country))))))) (. .) (-DFL- E_S))","61",101.289375,129.73725," and,    uh,  I get tired of supporting the whole country. ","and/CC ,/,   uh/UH  ,/,   I/PRP  get/VBP tired/JJ of/IN supporting/VBG   the/DT whole/JJ country/NN  ./."
"46","sw04utt/sw_0424_3328.utt","3/sw3328",3328,45,"b","A",19,1,"Yeah,  /","Yeah/UH ,/,","(INTJ (UH Yeah) (, ,) (-DFL- E_S))","39",129.98825,137.66375,"Yeah,  ","Yeah/UH ,/,"
"47","sw04utt/sw_0424_3328.utt","3/sw3328",3328,46,"sd","A",19,2,"so do I.  /","so/RB do/VBP  [ I/PRP ] ./.","(SINV (ADVP-TPC-1 (RB so)) (VP (VBP do) (ADVP (-NONE- *T*-1))) (NP-SBJ (PRP I)) (. .) (-DFL- E_S))","64",129.98825,137.66375,"so do I.  ","so/RB do/VBP   I/PRP  ./."
"48","sw04utt/sw_0424_3328.utt","3/sw3328",3328,47,"sd","A",19,3,"{E I mean, } I'm [ [ a, + a ] + ]  middle class barely,  /","[ I/PRP ] mean/VBP ,/,  [ I/PRP ] 'm/VBP  [ a/DT ] ,/,  [ a/DT middle/JJ class/NN ] barely/RB ,/,","(S (PRN (S (NP-SBJ (PRP I)) (VP (VBP mean))) (, ,)) (NP-SBJ (PRP I)) (VP (VBP 'm) (EDITED (RM (-DFL- \[)) (EDITED (RM (-DFL- \[)) (NP-PRD-UNF (DT a)) (, ,) (IP (-DFL- \+))) (NP-PRD-UNF (DT a)) (RS (-DFL- \])) (IP (-DFL- \+)) (RS (-DFL- \]))) (NP-PRD (JJ middle) (NN class)) (ADVP (RB barely))) (, ,) (-DFL- E_S))","65",129.98825,137.66375," I mean,  I'm   a,  a     middle class barely,  "," I/PRP  mean/VBP ,/,   I/PRP  'm/VBP   a/DT  ,/,   a/DT middle/JJ class/NN  barely/RB ,/,"
"49","sw04utt/sw_0424_3328.utt","3/sw3328",3328,48,"sv","A",19,4,"{C but, }  {F uh, } I don't think the rich are paying [ [ mo-, + less, ] + not enough, ]  /","but/CC ,/,  [ uh/UH ] ,/,  [ I/PRP ] do/VBP n't/RB think/VB  [ the/DT rich/JJ ] are/VBP paying/VBG  [ mo-/RBR ] ,/, less/RBR ,/, not/RB enough/RB ,/,","(S (CC but) (, ,) (INTJ (UH uh)) (, ,) (NP-SBJ (PRP I)) (VP (VBP do) (RB n't) (VP (VB think) (SBAR (-NONE- 0) (S (NP-SBJ (DT the) (JJ rich)) (VP (VBP are) (VP (VBG paying) (EDITED (RM (-DFL- \[)) (EDITED (RM (-DFL- \[)) (NP-UNF (RBR mo-)) (, ,) (IP (-DFL- \+))) (NP-UNF (RBR less)) (, ,) (RS (-DFL- \])) (IP (-DFL- \+))) (NP (ADJP (RB not) (RB enough))))))))) (, ,) (RS (-DFL- \])) (-DFL- E_S))","66",129.98825,137.66375," but,    uh,  I don't think the rich are paying   mo,  less,   not enough,   ","but/CC ,/,   uh/UH  ,/,   I/PRP  do/VBP n't/RB think/VB   the/DT rich/JJ  are/VBP paying/VBG   mo/RBR  ,/, less/RBR ,/, not/RB enough/RB ,/,"
"50","sw04utt/sw_0424_3328.utt","3/sw3328",3328,49,"sv","A",19,5,"I think they're paying too much. /","[ I/PRP ] think/VBP  [ they/PRP ] 're/VBP paying/VBG too/RB much/RB ./.","(S (NP-SBJ (PRP I)) (VP (VBP think) (SBAR (-NONE- 0) (S (NP-SBJ (PRP they)) (VP (VBP 're) (VP (VBG paying) (NP (ADJP (RB too) (RB much)))))))) (. .) (-DFL- E_S))","67",129.98825,137.66375,"I think they're paying too much. "," I/PRP  think/VBP   they/PRP  're/VBP paying/VBG too/RB much/RB ./."
"51","sw04utt/sw_0424_3328.utt","3/sw3328",3328,50,"qy","B",20,1,"You think the rich are paying too much? /","[ You/PRP ] think/VBP  [ the/DT rich/JJ ] are/VBP paying/VBG too/RB much/RB ?/.","(S (NP-SBJ (PRP You)) (VP (VBP think) (SBAR (-NONE- 0) (S (NP-SBJ (DT the) (JJ rich)) (VP (VBP are) (VP (VBG paying) (NP (ADJP (RB too) (RB much)))))))) (. ?) (-DFL- E_S))","69",138.6045,140.7045,"You think the rich are paying too much? "," You/PRP  think/VBP   the/DT rich/JJ  are/VBP paying/VBG too/RB much/RB ?/."
"52","sw04utt/sw_0424_3328.utt","3/sw3328",3328,51,"ny","A",21,1,"Yeah,  /","[ Yeah/UH ] ,/,","(INTJ (UH Yeah) (, ,) (-DFL- E_S))","39",140.90075,148.6435,"Yeah,  "," Yeah/UH  ,/,"
"53","sw04utt/sw_0424_3328.utt","3/sw3328",3328,52,"sv^e","A",21,2,"{E I mean } if you're in [ the, +  the ] [ three, + three ] percent bracket  and they take a third of your check every month, {D well, } that's ridiculous.  /","[ I/PRP ] mean/VBP if/IN  [ you/PRP ] 're/VBP in/IN  [ the/DT ] ,/,  [ the/DT three/CD ] ,/,  [ three/CD percent/NN ] bracket/NN and/CC  [ they/PRP ] take/VBP  [ a/DT third/NN ] of/IN  [ your/PRP$ check/NN ] [ every/DT month/NN ] ,/, well/UH ,/,  [ that/DT ] 's/BES ridiculous/JJ ./.","(S (PRN (S (NP-SBJ (PRP I)) (VP (VBP mean)))) (SBAR-ADV (IN if) (S (S (NP-SBJ (PRP you)) (VP (VBP 're) (PP-PRD (IN in) (EDITED (RM (-DFL- \[)) (NP-UNF (DT the)) (, ,) (IP (-DFL- \+))) (NP (DT the) (RS (-DFL- \])) (EDITED (RM (-DFL- \[)) (CD three) (, ,) (IP (-DFL- \+))) (CD three) (RS (-DFL- \])) (NN percent) (NN bracket))))) (CC and) (S (NP-SBJ (PRP they)) (VP (VBP take) (NP (NP (DT a) (NN third)) (PP (IN of) (NP (PRP$ your) (NN check)))) (NP-TMP (DT every) (NN month)))))) (, ,) (INTJ (UH well)) (, ,) (NP-SBJ (DT that)) (VP (BES 's) (ADJP-PRD (JJ ridiculous))) (. .) (-DFL- E_S))","72",140.90075,148.6435," I mean  if you're in  the,   the   three,  three  percent bracket  and they take a third of your check every month,  well,  that's ridiculous.  "," I/PRP  mean/VBP if/IN   you/PRP  're/VBP in/IN   the/DT  ,/,   the/DT three/CD  ,/,   three/CD percent/NN  bracket/NN and/CC   they/PRP  take/VBP   a/DT third/NN  of/IN   your/PRP$ check/NN   every/DT month/NN  ,/, well/UH ,/,   that/DT  's/BES ridiculous/JJ ./."
"54","sw04utt/sw_0424_3328.utt","3/sw3328",3328,53,"qh","A",21,3,"Why bother working? /","Why/WRB bother/VBP working/VBG ?/.","(SBARQ (WHADVP-2 (WRB Why)) (SQ (NP-SBJ-1 (-NONE- *)) (VP (VBP bother) (S (NP-SBJ (-NONE- *-1)) (VP (VBG working))) (ADVP-PRP (-NONE- *T*-2)))) (. ?) (-DFL- E_S))","73",140.90075,148.6435,"Why bother working? ","Why/WRB bother/VBP working/VBG ?/."
"55","sw04utt/sw_0424_3328.utt","3/sw3328",3328,54,"sd","B",22,1,"{D Well, } I don't know many rich that don't have enough tax breaks to, - /","Well/UH ,/,  [ I/PRP ] do/VBP n't/RB know/VB many/RB rich/JJ that/WDT do/VBP  n't/RB have/VB  [ enough/RB tax/NN ] breaks/NNS to/TO ,/,","(S (INTJ (UH Well)) (, ,) (NP-SBJ (PRP I)) (VP (VBP do) (RB n't) (VP (VB know) (NP (NP (RB many) (JJ rich)) (SBAR (WHNP-1 (WDT that)) (S (NP-SBJ (-NONE- *T*-1)) (VP (VBP do) (RB n't) (VP (VB have) (NP (RB enough) (NN tax) (NNS breaks) (S (NP-SBJ (-NONE- *)) (VP-UNF (TO to))))))))))) (, ,) (-DFL- N_S))","75",149.7885,157.99775," Well,  I don't know many rich that don't have enough tax breaks to,  ","Well/UH ,/,   I/PRP  do/VBP n't/RB know/VB many/RB rich/JJ that/WDT do/VBP  n't/RB have/VB   enough/RB tax/NN  breaks/NNS to/TO ,/,"
"56","sw04utt/sw_0424_3328.utt","3/sw3328",3328,55,"sd","B",22,2,"{E I mean, } I'm talking about the really rich. /","[ I/PRP ] mean/VBP ,/,  [ I/PRP ] 'm/VBP talking/VBG about/IN  [ the/DT ] really/RB rich/JJ ./.","(S (PRN (S (NP-SBJ (PRP I)) (VP (VBP mean))) (, ,)) (NP-SBJ (PRP I)) (VP (VBP 'm) (VP (VBG talking) (PP (IN about) (NP (DT the) (ADJP (RB really) (JJ rich)))))) (. .) (-DFL- E_S))","76",149.7885,157.99775," I mean,  I'm talking about the really rich. "," I/PRP  mean/VBP ,/,   I/PRP  'm/VBP talking/VBG about/IN   the/DT  really/RB rich/JJ ./."
"57","sw04utt/sw_0424_3328.utt","3/sw3328",3328,56,"sv","A",23,1,"{D Well, } they should just tax everybody the same amount no matter what you make. /","Well/UH ,/,  [ they/PRP ] should/MD just/RB tax/VB  [ everybody/NN the/DT same/JJ amount/NN ] [ no/DT matter/NN ] [ what/WP ] [ you/PRP ] make/VBP ./.","(S (INTJ (UH Well)) (, ,) (NP-SBJ (PRP they)) (VP (MD should) (ADVP (RB just)) (VP (VB tax) (NP (NN everybody)) (NP (DT the) (JJ same) (NN amount)) (ADVP (DT no) (NN matter) (SBAR (WHNP-1 (WP what)) (S (NP-SBJ (PRP you)) (VP (VBP make) (NP (-NONE- *T*-1)))))))) (. .) (-DFL- E_S))","78",158.099375,161.569375," Well,  they should just tax everybody the same amount no matter what you make. ","Well/UH ,/,   they/PRP  should/MD just/RB tax/VB   everybody/NN the/DT same/JJ amount/NN   no/DT matter/NN   what/WP   you/PRP  make/VBP ./."
"58","sw04utt/sw_0424_3328.utt","3/sw3328",3328,57,"b","B",24,1,"Right. /","[ Right/UH ] ./.","(INTJ (UH Right) (. .) (-DFL- E_S))","80",161.76525,162.39,"Right. "," Right/UH  ./."
"59","sw04utt/sw_0424_3328.utt","3/sw3328",3328,58,"sv","A",25,1,"That would be fair. /","[ That/DT ] would/MD be/VB fair/JJ ./.","(S (NP-SBJ (DT That)) (VP (MD would) (VP (VB be) (ADJP-PRD (JJ fair)))) (. .) (-DFL- E_S))","82",162.683,163.363,"That would be fair. "," That/DT  would/MD be/VB fair/JJ ./."
"60","sw04utt/sw_0424_3328.utt","3/sw3328",3328,59,"aa","B",26,1,"{D Now } I'll go along with that.","Now/RB  [ I/PRP ] 'll/MD go/VB along/IN with/IN  [ that/DT ] ./.","(S (INTJ (RB Now)) (NP-SBJ (PRP I)) (VP (MD 'll) (VP (VB go) (PP (IN along) (PP (IN with) (NP (DT that)))) (PRN (. .) (S (NP-SBJ (PRP You)) (VP (VBP know)))))) (, ,) (-DFL- E_S))","84",163.78425,166.5225," Now  I'll go along with that.","Now/RB   I/PRP  'll/MD go/VB along/IN with/IN   that/DT  ./."
"61","sw04utt/sw_0424_3328.utt","3/sw3328",3328,60,"b","A",27,1,"Yeah -- /","Yeah/UH --/:","(INTJ (UH Yeah) (-DFL- E_S))","86",165.47,165.79,"Yeah  ","Yeah/UH /:"
"62","sw04utt/sw_0424_3328.utt","3/sw3328",3328,61,"+","B",28,1,"{D You know, } /","[ You/PRP ] know/VBP ,/,","(S (INTJ (RB Now)) (NP-SBJ (PRP I)) (VP (MD 'll) (VP (VB go) (PP (IN along) (PP (IN with) (NP (DT that)))) (PRN (. .) (S (NP-SBJ (PRP You)) (VP (VBP know)))))) (, ,) (-DFL- E_S))","84",NA,NA," You know,  "," You/PRP  know/VBP ,/,"
"63","sw04utt/sw_0424_3328.utt","3/sw3328",3328,62,"sv","A",29,1,"-- no loopholes or anything.  /","--/:  [ no/DT loopholes/NNS ] or/CC  [ anything/NN ] ./.","(NP (DT no) (NNS loopholes) (CC or) (NN anything) (. .) (-DFL- E_S))","89",165.79,169.914875," no loopholes or anything.  ","/:   no/DT loopholes/NNS  or/CC   anything/NN  ./."
"64","sw04utt/sw_0424_3328.utt","3/sw3328",3328,63,"sv","A",29,2,"Everybody pays ten percent or fifteen or  whatever. /","[ Everybody/NN ] pays/VBZ  [ ten/CD percent/NN ] or/CC  [ fifteen/CD ] or/CC  [ whatever/WDT ] ./.","(S (NP-SBJ (NN Everybody)) (VP (VBZ pays) (NP (CD ten) (NN percent) (QP (CC or) (CD fifteen) (CC or) (WDT whatever)))) (. .) (-DFL- E_S))","90",165.79,169.914875,"Everybody pays ten percent or fifteen or  whatever. "," Everybody/NN  pays/VBZ   ten/CD percent/NN  or/CC   fifteen/CD  or/CC   whatever/WDT  ./."
"65","sw04utt/sw_0424_3328.utt","3/sw3328",3328,64,"aa","B",30,1,"Right.  /","[ Right/UH ] ./.","(INTJ (UH Right) (. .) (-DFL- E_S))","80",170.251875,173.33325,"Right.  "," Right/UH  ./."
"66","sw04utt/sw_0424_3328.utt","3/sw3328",3328,65,"aa","B",30,2,"{D Now, } I think that would be fair. /","Now/RB ,/,  [ I/PRP ] think/VBP  [ that/DT ] would/MD be/VB fair/JJ ./.","(S (INTJ (RB Now)) (, ,) (NP-SBJ (PRP I)) (VP (VBP think) (SBAR (-NONE- 0) (S (NP-SBJ (DT that)) (VP (MD would) (VP (VB be) (ADJP-PRD (JJ fair))))))) (. .) (-DFL- E_S))","93",170.251875,173.33325," Now,  I think that would be fair. ","Now/RB ,/,   I/PRP  think/VBP   that/DT  would/MD be/VB fair/JJ ./."
"67","sw04utt/sw_0424_3328.utt","3/sw3328",3328,66,"b","A",31,1,"Right. /","[ Right/UH ] ./.","(INTJ (UH Right) (. .) (-DFL- E_S))","80",173.4815,173.946,"Right. "," Right/UH  ./."
"68","sw04utt/sw_0424_3328.utt","3/sw3328",3328,67,"%","B",32,1,"{C And } I, {D you know, } - /","And/CC  [ I/PRP ] ,/,  [ you/PRP ] know/VBP ,/,","(S-UNF (CC And) (NP-SBJ (PRP I)) (PRN (, ,) (S (NP-SBJ (PRP you)) (VP (VBP know)))) (, ,) (-DFL- N_S))","97",174.040625,198.818875," And  I,  you know,   ","And/CC   I/PRP  ,/,   you/PRP  know/VBP ,/,"
"69","sw04utt/sw_0424_3328.utt","3/sw3328",3328,68,"sv","B",32,2,"[ no, + no ]  ifs, ands and buts, {D you know, }  /","no/DT ,/,  [ no/DT ifs/NNS ] ,/,  [ ands/NNS ] and/CC  [ buts/NNS ] ,/,  [ you/PRP ] know/VBP ,/,","(NP (EDITED (RM (-DFL- \[)) (NP (DT no)) (, ,) (IP (-DFL- \+))) (DT no) (RS (-DFL- \])) (NNS ifs) (, ,) (NNS ands) (CC and) (NNS buts) (PRN (, ,) (S (NP-SBJ (PRP you)) (VP (VBP know)))) (, ,) (-DFL- E_S))","98",174.040625,198.818875," no,  no   ifs, ands and buts,  you know,   ","no/DT ,/,   no/DT ifs/NNS  ,/,   ands/NNS  and/CC   buts/NNS  ,/,   you/PRP  know/VBP ,/,"
"70","sw04utt/sw_0424_3328.utt","3/sw3328",3328,69,"sv","B",32,3,"no big elaborate laws that [ say, + {F uh, } {D you know, } call  ] for a lot of enforcement or a lot of review.  /","[ no/DT big/JJ elaborate/JJ laws/NNS ] [ that/WDT ] say/VBP ,/, uh/UH ,/,  [ you/PRP ] know/VBP ,/, call/VBP for/IN  [ a/DT lot/NN ] of/IN  [ enforcement/NN ] or/CC  [ a/DT lot/NN ] of/IN  [ review/NN ] ./.","(NP (NP (DT no) (JJ big) (JJ elaborate) (NNS laws)) (SBAR (WHNP-1 (WDT that)) (S (NP-SBJ (-NONE- *T*-1)) (EDITED (RM (-DFL- \[)) (VP-UNF (VBP say)) (, ,) (IP (-DFL- \+))) (INTJ (UH uh)) (PRN (, ,) (S (NP-SBJ (PRP you)) (VP (VBP know))) (, ,)) (VP (VBP call) (RS (-DFL- \])) (PP (IN for) (NP (NP (NP (DT a) (NN lot)) (PP (IN of) (NP (NN enforcement)))) (CC or) (NP (NP (DT a) (NN lot)) (PP (IN of) (NP (NN review))))))))) (. .) (-DFL- E_S))","99",174.040625,198.818875,"no big elaborate laws that  say,   uh,   you know,  call   for a lot of enforcement or a lot of review.  "," no/DT big/JJ elaborate/JJ laws/NNS   that/WDT  say/VBP ,/, uh/UH ,/,   you/PRP  know/VBP ,/, call/VBP for/IN   a/DT lot/NN  of/IN   enforcement/NN  or/CC   a/DT lot/NN  of/IN   review/NN  ./."
"71","sw04utt/sw_0424_3328.utt","3/sw3328",3328,70,"sv","B",32,4,"It's just, {D you know, } you make this,  you pay ten percent.  /","[ It/PRP ] 's/BES just/RB ,/,  [ you/PRP ] know/VBP ,/,  [ you/PRP ] make/VBP  [ this/DT ] ,/,  [ you/PRP ] pay/VBP  [ ten/CD percent/NN ] ./.","(S (NP-SBJ (PRP It)) (VP (BES 's) (ADVP (RB just)) (PRN (, ,) (S (NP-SBJ (PRP you)) (VP (VBP know))) (, ,)) (S-SEZ (S-ADV (NP-SBJ (PRP you)) (VP (VBP make) (NP (DT this)))) (, ,) (NP-SBJ (PRP you)) (VP (VBP pay) (NP (CD ten) (NN percent))))) (. .) (-DFL- E_S))","100",174.040625,198.818875,"It's just,  you know,  you make this,  you pay ten percent.  "," It/PRP  's/BES just/RB ,/,   you/PRP  know/VBP ,/,   you/PRP  make/VBP   this/DT  ,/,   you/PRP  pay/VBP   ten/CD percent/NN  ./."
"72","sw04utt/sw_0424_3328.utt","3/sw3328",3328,71,"sv","B",32,5,"If you make a hundred dollars, you pay ten percent,  /","If/IN  [ you/PRP ] make/VBP  [ a/DT hundred/CD dollars/NNS ] ,/,  [ you/PRP ] pay/VBP  [ ten/CD percent/NN ] ,/,","(S (SBAR-ADV (IN If) (S (NP-SBJ (PRP you)) (VP (VBP make) (NP (QP (DT a) (CD hundred)) (NNS dollars))))) (, ,) (NP-SBJ (PRP you)) (VP (VBP pay) (NP (CD ten) (NN percent))) (, ,) (-DFL- E_S))","101",174.040625,198.818875,"If you make a hundred dollars, you pay ten percent,  ","If/IN   you/PRP  make/VBP   a/DT hundred/CD dollars/NNS  ,/,   you/PRP  pay/VBP   ten/CD percent/NN  ,/,"
"73","sw04utt/sw_0424_3328.utt","3/sw3328",3328,72,"sv","B",32,6,"if you make a million dollars, you pay ten percent. /","if/IN  [ you/PRP ] make/VBP  [ a/DT million/CD dollars/NNS ] ,/,  [ you/PRP ] pay/VBP  [ ten/CD percent/NN ] ./.","(S (SBAR-ADV (IN if) (S (NP-SBJ (PRP you)) (VP (VBP make) (NP (QP (DT a) (CD million)) (NNS dollars))))) (, ,) (NP-SBJ (PRP you)) (VP (VBP pay) (NP (CD ten) (NN percent))) (. .) (-DFL- E_S))","102",174.040625,198.818875,"if you make a million dollars, you pay ten percent. ","if/IN   you/PRP  make/VBP   a/DT million/CD dollars/NNS  ,/,   you/PRP  pay/VBP   ten/CD percent/NN  ./."
"74","sw04utt/sw_0424_3328.utt","3/sw3328",3328,73,"aa","A",33,1,"Yeah,  /","Yeah/UH ,/,","(INTJ (UH Yeah) (, ,) (-DFL- E_S))","71",198.951375,203.987,"Yeah,  ","Yeah/UH ,/,"
"75","sw04utt/sw_0424_3328.utt","3/sw3328",3328,74,"sd","A",33,2,"that's the way our state tax is here.  /","[ that/DT ] 's/BES  [ the/DT way/RB our/PRP$ state/NN tax/NN ] is/VBZ here/RB ./.","(S (NP-SBJ (DT that)) (VP (BES 's) (NP-MNR-PRD (NP (DT the) (RB way)) (SBAR (WHADVP-1 (-NONE- 0)) (S (NP-SBJ (PRP$ our) (NN state) (NN tax)) (VP (VBZ is) (ADVP-MNR-PRD (-NONE- *T*-1)) (ADVP-LOC (RB here))))))) (. .) (-DFL- E_S))","105",198.951375,203.987,"that's the way our state tax is here.  "," that/DT  's/BES   the/DT way/RB our/PRP$ state/NN tax/NN  is/VBZ here/RB ./."
"76","sw04utt/sw_0424_3328.utt","3/sw3328",3328,75,"sv","A",33,3,"I think it's pretty fair. /","[ I/PRP ] think/VBP  [ it/PRP ] 's/BES pretty/RB fair/JJ ./.","(S (NP-SBJ (PRP I)) (VP (VBP think) (SBAR (-NONE- 0) (S (NP-SBJ (PRP it)) (VP (BES 's) (ADJP-PRD (RB pretty) (JJ fair)))))) (. .) (-DFL- E_S))","106",198.951375,203.987,"I think it's pretty fair. "," I/PRP  think/VBP   it/PRP  's/BES pretty/RB fair/JJ ./."
"77","sw04utt/sw_0424_3328.utt","3/sw3328",3328,76,"sd","B",34,1,"Our state taxes are somewhat based on the federal. /","[ Our/PRP$ state/NN taxes/NNS ] are/VBP somewhat/RB based/VBN on/IN  [ the/DT federal/JJ ] ./.","(S (NP-SBJ-1 (PRP$ Our) (NN state) (NNS taxes)) (VP (VBP are) (ADVP (RB somewhat)) (VP (VBN based) (NP (-NONE- *-1)) (PP (IN on) (NP (DT the) (JJ federal))))) (. .) (-DFL- E_S))","108",204.965875,208.41375,"Our state taxes are somewhat based on the federal. "," Our/PRP$ state/NN taxes/NNS  are/VBP somewhat/RB based/VBN on/IN   the/DT federal/JJ  ./."
"78","sw04utt/sw_0424_3328.utt","3/sw3328",3328,77,"b","A",35,1,"Uh-huh. /","[ Uh-huh/UH ] ./.","(INTJ (UH Uh-huh) (. .) (-DFL- E_S))","110",208.928,209.200375,"Uhhuh. "," Uhhuh/UH  ./."
"79","sw04utt/sw_0424_3328.utt","3/sw3328",3328,78,"sd","B",36,1,"{C And, }  {F uh, } they have not gotten it <breathing> where the withholding is accurate. /","And/CC ,/,  [ uh/UH ] ,/,  [ they/PRP ] have/VBP not/RB gotten/VBN  [ it/PRP ] where/WRB  [ the/DT withholding/NN ] is/VBZ accurate/JJ ./.","(S (CC And) (, ,) (INTJ (UH uh)) (, ,) (NP-SBJ (PRP they)) (VP (VBP have) (RB not) (VP (VBN gotten) (NP (PRP it)) (SBAR-ADV (WHADVP-1 (WRB where)) (S (NP-SBJ (DT the) (NN withholding)) (VP (VBZ is) (ADJP-PRD (JJ accurate)) (ADVP (-NONE- *T*-1))))))) (. .) (-DFL- E_S))","112",210.108125,218.323," And,    uh,  they have not gotten it breathing where the withholding is accurate. ","And/CC ,/,   uh/UH  ,/,   they/PRP  have/VBP not/RB gotten/VBN   it/PRP  where/WRB   the/DT withholding/NN  is/VBZ accurate/JJ ./."
"80","sw04utt/sw_0424_3328.utt","3/sw3328",3328,79,"b","A",37,1,"Oh <laughter>. /","Oh/UH ./.","(INTJ (UH Oh) (. .) (-DFL- E_S))","114",218.688375,219.398375,"Oh laughter. ","Oh/UH ./."
"81","sw04utt/sw_0424_3328.utt","3/sw3328",3328,80,"sd","B",38,1,"[ [  {C So, } + {C and, } ] +  {C and } ]  you withhold no matter what you do,  /","So/RB ,/, and/CC ,/, and/CC  [ you/PRP ] withhold/VBP  [ no/DT matter/NN ] [ what/WP ] [ you/PRP ] do/VBP ,/,","(S (EDITED (RM (-DFL- \[)) (EDITED (RM (-DFL- \[)) (RB So) (, ,) (IP (-DFL- \+))) (CC and) (, ,) (RS (-DFL- \])) (IP (-DFL- \+))) (CC and) (RS (-DFL- \])) (NP-SBJ (PRP you)) (VP (VBP withhold) (ADVP (DT no) (NN matter) (SBAR (WHNP-1 (WP what)) (S (NP-SBJ (PRP you)) (VP (VBP do) (NP (-NONE- *T*-1))))))) (, ,) (-DFL- E_S))","116",220.093375,229.065,"    So,    and,      and    you withhold no matter what you do,  ","So/RB ,/, and/CC ,/, and/CC   you/PRP  withhold/VBP   no/DT matter/NN   what/WP   you/PRP  do/VBP ,/,"
"82","sw04utt/sw_0424_3328.utt","3/sw3328",3328,81,"sd","B",38,2,"they withhold what they're supposed to and at the end of the year it's not enough. /","[ they/PRP ] withhold/VBP  [ what/WP ] [ they/PRP ] 're/VBP supposed/VBN to/IN and/CC at/IN  [ the/DT end/NN ] of/IN  [ the/DT year/NN ] [ it/PRP ] 's/BES not/RB enough/RB ./.","(S (NP-SBJ (PRP they)) (VP (VBP withhold) (SBAR-NOM (WHNP-2 (WP what)) (S (NP-SBJ-1 (PRP they)) (VP (VBP 're) (VP (VBN supposed) (S (NP-SBJ (-NONE- *-1)) (VP (IN to) (VP (-NONE- *?*) (NP (-NONE- *T*-2)))))))))))|||(S (CC and) (PP-TMP (IN at) (NP (NP (DT the) (NN end)) (PP (IN of) (NP (DT the) (NN year))))) (NP-SBJ (PRP it)) (VP (BES 's) (RB not) (NP-PRD (RB enough))) (. .) (-DFL- E_S))","117|||118",220.093375,229.065,"they withhold what they're supposed to and at the end of the year it's not enough. "," they/PRP  withhold/VBP   what/WP   they/PRP  're/VBP supposed/VBN to/IN and/CC at/IN   the/DT end/NN  of/IN   the/DT year/NN   it/PRP  's/BES not/RB enough/RB ./."
"83","sw04utt/sw_0424_3328.utt","3/sw3328",3328,82,"ba","A",39,1,"{F Oh, } great,  /","Oh/UH ,/,  [ great/UH ] ,/,","(INTJ (INTJ (UH Oh)) (, ,) (INTJ (UH great)) (, ,) (-DFL- E_S))","120",229.4505,233.604375," Oh,  great,  ","Oh/UH ,/,   great/UH  ,/,"
"84","sw04utt/sw_0424_3328.utt","3/sw3328",3328,83,"sv","A",39,2,"{C so } you ought to be saving up some every month to make up for all what they should be taking out. /","so/RB  [ you/PRP ] ought/MD to/TO be/VB saving/VBG up/RP  [ some/DT ] [ every/DT month/NN ] to/TO make/VB up/RP for/IN  [ all/DT ] [ what/WP ] [ they/PRP ] should/MD be/VB taking/VBG out/RB ./.","(S (RB so) (NP-SBJ-2 (PRP you)) (VP (MD ought) (S (NP-SBJ-3 (-NONE- *-2)) (VP (TO to) (VP (VB be) (VP (VBG saving) (PRT (RP up)) (NP (DT some)) (NP-TMP (DT every) (NN month)))))) (S-PRP (NP-SBJ (-NONE- *-3)) (VP (TO to) (VP (VB make) (PRT (RP up)) (PP (IN for) (NP (NP (DT all)) (SBAR (WHNP-1 (WP what)) (S (NP-SBJ (PRP they)) (VP (MD should) (VP (VB be) (VP (VBG taking) (NP (-NONE- *T*-1)) (PRT (RB out))))))))))))) (. .) (-DFL- E_S))","121",229.4505,233.604375," so  you ought to be saving up some every month to make up for all what they should be taking out. ","so/RB   you/PRP  ought/MD to/TO be/VB saving/VBG up/RP   some/DT   every/DT month/NN  to/TO make/VB up/RP for/IN   all/DT   what/WP   they/PRP  should/MD be/VB taking/VBG out/RB ./."
"85","sw04utt/sw_0424_3328.utt","3/sw3328",3328,84,"aa","B",40,1,"Right,  /","Right/UH ,/,","(INTJ (UH Right) (, ,) (-DFL- E_S))","123",233.681,248.43975,"Right,  ","Right/UH ,/,"
"86","sw04utt/sw_0424_3328.utt","3/sw3328",3328,85,"sd(^q)","B",40,2,"{C so } now, {D you know, } when you sign your [ W-Four form or whatever, + W-Two --","so/RB now/RB ,/,  [ you/PRP ] know/VBP ,/, when/WRB  [ you/PRP ] sign/VBP  [ your/PRP$ W-Four/NNP form/NN ] or/CC  [ whatever/WDT ] ,/,  [ W-Two/NNP ] --/:","(S (RB so) (ADVP-TMP (RB now)) (PRN (, ,) (S (NP-SBJ (PRP you)) (VP (VBP know))) (, ,)) (SBAR-TMP (WHADVP-2 (WRB when)) (S (NP-SBJ (PRP you)) (VP (VBP sign) (NP (NP (PRP$ your) (EDITED (RM (-DFL- \[)) (NNP W-Four) (NN form) (CC or) (NP (WDT whatever)) (, ,) (IP (-DFL- \+))) (NNP W-Two)) (SBAR-NOM (WHNP-1 (WDT whatever)) (RS (-DFL- \])) (S (NP-SBJ (DT that)) (VP (VBZ is) (NP-PRD (-NONE- *T*-1)))))) (ADVP-TMP (-NONE- *T*-2))))) (, ,) (ADVP (RB then)) (NP-SBJ (PRP they)) (ADVP-TMP (RB always)) (VP (VP (VBP say) (, ,) (SQ-SEZ (VBP do) (NP-SBJ (PRP you)) (VP (VB want) (NP (NP (DT a) (JJ extra) (NN amount)) (PP (IN for) (NP (NN state))))))) (. .) (SBAR (WHNP-3 (WDT Which)) (S (NP-SBJ (-NONE- *T*-3)) (VP (VBZ is) (ADJP-PRD (JJ ridiculous)))))) (, ,) (-DFL- E_S))","124",233.681,248.43975," so  now,  you know,  when you sign your  WFour form or whatever,  WTwo ","so/RB now/RB ,/,   you/PRP  know/VBP ,/, when/WRB   you/PRP  sign/VBP   your/PRP$ WFour/NNP form/NN  or/CC   whatever/WDT  ,/,   WTwo/NNP  /:"
"87","sw04utt/sw_0424_3328.utt","3/sw3328",3328,86,"b","A",41,1,"Uh-huh. /","[ Uh-huh/UH ] ./.","(INTJ (UH Uh-huh) (. .) (-DFL- E_S))","110",239.406125,239.806,"Uhhuh. "," Uhhuh/UH  ./."
"88","sw04utt/sw_0424_3328.utt","3/sw3328",3328,87,"+","B",42,1,"-- whatever ] that is, then they always say, do you want a extra amount for state.","--/:  [ whatever/WDT ] [ that/DT ] is/VBZ ,/, then/RB  [ they/PRP ] always/RB say/VBP ,/, do/VBP  [ you/PRP ] want/VB  [ a/DT extra/JJ amount/NN ] for/IN  [ state/NN ] ./.","(S (RB so) (ADVP-TMP (RB now)) (PRN (, ,) (S (NP-SBJ (PRP you)) (VP (VBP know))) (, ,)) (SBAR-TMP (WHADVP-2 (WRB when)) (S (NP-SBJ (PRP you)) (VP (VBP sign) (NP (NP (PRP$ your) (EDITED (RM (-DFL- \[)) (NNP W-Four) (NN form) (CC or) (NP (WDT whatever)) (, ,) (IP (-DFL- \+))) (NNP W-Two)) (SBAR-NOM (WHNP-1 (WDT whatever)) (RS (-DFL- \])) (S (NP-SBJ (DT that)) (VP (VBZ is) (NP-PRD (-NONE- *T*-1)))))) (ADVP-TMP (-NONE- *T*-2))))) (, ,) (ADVP (RB then)) (NP-SBJ (PRP they)) (ADVP-TMP (RB always)) (VP (VP (VBP say) (, ,) (SQ-SEZ (VBP do) (NP-SBJ (PRP you)) (VP (VB want) (NP (NP (DT a) (JJ extra) (NN amount)) (PP (IN for) (NP (NN state))))))) (. .) (SBAR (WHNP-3 (WDT Which)) (S (NP-SBJ (-NONE- *T*-3)) (VP (VBZ is) (ADJP-PRD (JJ ridiculous)))))) (, ,) (-DFL- E_S))","124",NA,NA," whatever  that is, then they always say, do you want a extra amount for state.","/:   whatever/WDT   that/DT  is/VBZ ,/, then/RB   they/PRP  always/RB say/VBP ,/, do/VBP   you/PRP  want/VB   a/DT extra/JJ amount/NN  for/IN   state/NN  ./."
"89","sw04utt/sw_0424_3328.utt","3/sw3328.pos",3328,88,"x","A",43,1,"<Laughter>.","./.","","",NA,NA,"Laughter.","./."
"90","sw04utt/sw_0424_3328.utt","3/sw3328",3328,89,"+","B",44,1,"Which is ridiculous,  /","[ Which/WDT ] is/VBZ ridiculous/JJ ,/,","(S (RB so) (ADVP-TMP (RB now)) (PRN (, ,) (S (NP-SBJ (PRP you)) (VP (VBP know))) (, ,)) (SBAR-TMP (WHADVP-2 (WRB when)) (S (NP-SBJ (PRP you)) (VP (VBP sign) (NP (NP (PRP$ your) (EDITED (RM (-DFL- \[)) (NNP W-Four) (NN form) (CC or) (NP (WDT whatever)) (, ,) (IP (-DFL- \+))) (NNP W-Two)) (SBAR-NOM (WHNP-1 (WDT whatever)) (RS (-DFL- \])) (S (NP-SBJ (DT that)) (VP (VBZ is) (NP-PRD (-NONE- *T*-1)))))) (ADVP-TMP (-NONE- *T*-2))))) (, ,) (ADVP (RB then)) (NP-SBJ (PRP they)) (ADVP-TMP (RB always)) (VP (VP (VBP say) (, ,) (SQ-SEZ (VBP do) (NP-SBJ (PRP you)) (VP (VB want) (NP (NP (DT a) (JJ extra) (NN amount)) (PP (IN for) (NP (NN state))))))) (. .) (SBAR (WHNP-3 (WDT Which)) (S (NP-SBJ (-NONE- *T*-3)) (VP (VBZ is) (ADJP-PRD (JJ ridiculous)))))) (, ,) (-DFL- E_S))","124",248.43975,252.71875,"Which is ridiculous,  "," Which/WDT  is/VBZ ridiculous/JJ ,/,"
"91","sw04utt/sw_0424_3328.utt","3/sw3328",3328,90,"sd","B",44,2,"{C but } it's been that way for the last probably ten years. /","but/CC  [ it/PRP ] 's/HVS been/VBN  [ that/DT way/NN ] for/IN  [ the/DT last/JJ ] probably/RB  [ ten/CD years/NNS ] ./.","(S (CC but) (NP-SBJ (PRP it)) (VP (HVS 's) (VP (VBN been) (NP-MNR-PRD (DT that) (NN way)) (PP-TMP (IN for) (NP (DT the) (JJ last) (QP (RB probably) (CD ten)) (NNS years))))) (. .) (-DFL- E_S))","130",248.43975,252.71875," but  it's been that way for the last probably ten years. ","but/CC   it/PRP  's/HVS been/VBN   that/DT way/NN  for/IN   the/DT last/JJ  probably/RB   ten/CD years/NNS  ./."
"92","sw04utt/sw_0424_3328.utt","3/sw3328",3328,91,"b","A",45,1,"Yeah,  /","[ Yeah/UH ] ,/,","(INTJ (UH Yeah) (, ,) (-DFL- E_S))","104",252.859,256.6485,"Yeah,  "," Yeah/UH  ,/,"
"93","sw04utt/sw_0424_3328.utt","3/sw3328",3328,92,"sv","A",45,2,"I guess you have to check yes  /","[ I/PRP ] guess/VBP  [ you/PRP ] have/VBP to/TO check/VB yes/NN","(S (NP-SBJ (PRP I)) (VP (VBP guess) (SBAR (-NONE- 0) (S (NP-SBJ-1 (PRP you)) (VP (VBP have) (S (NP-SBJ (-NONE- *-1)) (VP (TO to) (VP (VB check) (NP (NN yes))))))))) (-DFL- E_S))","133",252.859,256.6485,"I guess you have to check yes  "," I/PRP  guess/VBP   you/PRP  have/VBP to/TO check/VB yes/NN"
"94","sw04utt/sw_0424_3328.utt","3/sw3328",3328,93,"sv","A",45,3,"{C or } you come down to the end of the year  /","or/CC  [ you/PRP ] come/VBP down/IN to/IN  [ the/DT end/NN ] of/IN  [ the/DT year/NN ]","(S (CC or) (NP-SBJ (PRP you)) (VP (VBP come) (PP (IN down) (PP (IN to) (NP (NP (DT the) (NN end)) (PP (IN of) (NP (DT the) (NN year))))))) (-DFL- E_S))","134",252.859,256.6485," or  you come down to the end of the year  ","or/CC   you/PRP  come/VBP down/IN to/IN   the/DT end/NN  of/IN   the/DT year/NN "
"95","sw04utt/sw_0424_3328.utt","3/sw3328",3328,94,"sv","A",45,4,"{C and } you don't have it to give it to them. /","and/CC  [ you/PRP ] do/VBP n't/RB have/VB  [ it/PRP ] to/TO give/VB  [ it/PRP ] to/IN  [ them/PRP ] ./.","(S (CC and) (NP-SBJ (PRP you)) (VP (VBP do) (RB n't) (VP (VB have) (NP (NP (PRP it)) (SBAR-PRP (WHNP-1 (-NONE- 0)) (S (NP-SBJ (-NONE- *)) (VP (TO to) (VP (VB give) (NP (NP (-NONE- *T*-1)) (NP (PRP it))) (PP-DTV (IN to) (NP (PRP them)))))))))) (. .) (-DFL- E_S))","135",252.859,256.6485," and  you don't have it to give it to them. ","and/CC   you/PRP  do/VBP n't/RB have/VB   it/PRP  to/TO give/VB   it/PRP  to/IN   them/PRP  ./."
"96","sw04utt/sw_0424_3328.utt","3/sw3328",3328,95,"aa","B",46,1,"Right,  /","Right/UH ,/,","(INTJ (UH Right) (, ,) (-DFL- E_S))","123",257.2605,260.4855,"Right,  ","Right/UH ,/,"
"97","sw04utt/sw_0424_3328.utt","3/sw3328",3328,96,"sv","B",46,2,"unless you have a lot of deductions. /","unless/IN  [ you/PRP ] have/VBP  [ a/DT lot/NN ] of/IN  [ deductions/NNS ] ./.","(SBAR-ADV (IN unless) (S (NP-SBJ (PRP you)) (VP (VBP have) (NP (NP (DT a) (NN lot)) (PP (IN of) (NP (NNS deductions)))))) (. .) (-DFL- E_S))","138",257.2605,260.4855,"unless you have a lot of deductions. ","unless/IN   you/PRP  have/VBP   a/DT lot/NN  of/IN   deductions/NNS  ./."
"98","sw04utt/sw_0424_3328.utt","3/sw3328",3328,97,"b","A",47,1,"Yeah. /","Yeah/UH ./.","(INTJ (UH Yeah) (. .) (-DFL- E_S))","140",260.469625,261.006625,"Yeah. ","Yeah/UH ./."
"99","sw04utt/sw_0424_3328.utt","3/sw3328",3328,98,"sv","B",48,1,"{C But, } {D you know, } if you have a lot of federal deduction, it ends up hurting you state wise. /","But/CC ,/,  [ you/PRP ] know/VBP ,/, if/IN  [ you/PRP ] have/VBP  [ a/DT lot/NN ] of/IN  [ federal/JJ deduction/NN ] ,/,  [ it/PRP ] ends/VBZ up/RP hurting/VBG  [ you/PRP ] state/NN  [ wise/RB ] ./.","(S (CC But) (PRN (, ,) (S (NP-SBJ (PRP you)) (VP (VBP know))) (, ,)) (SBAR-ADV (IN if) (S (NP-SBJ (PRP you)) (VP (VBP have) (NP (NP (DT a) (NN lot)) (PP (IN of) (NP (JJ federal) (NN deduction))))))) (, ,) (NP-SBJ-1 (PRP it)) (VP (VBZ ends) (PRT (RP up)) (S (NP-SBJ (-NONE- *-1)) (VP (VBG hurting) (NP (PRP you)) (ADVP (NN state) (RB wise))))) (. .) (-DFL- E_S))","142",261.3565,267.197125," But,   you know,  if you have a lot of federal deduction, it ends up hurting you state wise. ","But/CC ,/,   you/PRP  know/VBP ,/, if/IN   you/PRP  have/VBP   a/DT lot/NN  of/IN   federal/JJ deduction/NN  ,/,   it/PRP  ends/VBZ up/RP hurting/VBG   you/PRP  state/NN   wise/RB  ./."
"100","sw04utt/sw_0424_3328.utt","3/sw3328",3328,99,"bh","A",49,1,"Really? /","Really/UH ?/.","(INTJ (UH Really) (. ?) (-DFL- E_S))","144",266.31225,266.7935,"Really? ","Really/UH ?/."
"101","sw04utt/sw_0424_3328.utt","3/sw3328",3328,100,"sv","B",50,1,"{C And } you end up owing, {D you know, }  /","And/CC  [ you/PRP ] end/VBP up/RP  [ owing/VBG ] ,/,  [ you/PRP ] know/VBP ,/,","(S (CC And) (NP-SBJ-1 (PRP you)) (VP (VBP end) (PRT (RP up)) (S (NP-SBJ (-NONE- *-1)) (VP (VBG owing))) (PRN (, ,) (S (NP-SBJ (PRP you)) (VP (VBP know))))) (, ,) (-DFL- E_S))","146",267.197125,275.215875," And  you end up owing,  you know,   ","And/CC   you/PRP  end/VBP up/RP   owing/VBG  ,/,   you/PRP  know/VBP ,/,"
"102","sw04utt/sw_0424_3328.utt","3/sw3328",3328,101,"sv","B",50,2,"you may get nine hundred dollars back from federal  /","[ you/PRP ] may/MD get/VB  [ nine/CD hundred/CD dollars/NNS ] back/RB from/IN  [ federal/JJ ]","(S (NP-SBJ (PRP you)) (VP (MD may) (VP (VB get) (NP (QP (CD nine) (CD hundred)) (NNS dollars)) (ADVP (RB back)) (PP (IN from) (NP (JJ federal))))) (-DFL- E_S))","147",267.197125,275.215875,"you may get nine hundred dollars back from federal  "," you/PRP  may/MD get/VB   nine/CD hundred/CD dollars/NNS  back/RB from/IN   federal/JJ "
"103","sw04utt/sw_0424_3328.utt","3/sw3328",3328,102,"sv","B",50,3,"{C and } you're going to owe fifteen hundred in state. /","and/CC  [ you/PRP ] 're/VBP going/VBG to/TO owe/VB  [ fifteen/CD hundred/CD ] in/IN  [ state/NN ] ./.","(S (CC and) (NP-SBJ-1 (PRP you)) (VP (VBP 're) (VP (VBG going) (S (NP-SBJ (-NONE- *-1)) (VP (TO to) (VP (VB owe) (NP (NP (QP (CD fifteen) (CD hundred))) (PP (IN in) (NP (NN state))))))))) (. .) (-DFL- E_S))","148",267.197125,275.215875," and  you're going to owe fifteen hundred in state. ","and/CC   you/PRP  're/VBP going/VBG to/TO owe/VB   fifteen/CD hundred/CD  in/IN   state/NN  ./."
"104","sw04utt/sw_0424_3328.utt","3/sw3328",3328,103,"ba","A",51,1,"Ouch <laughter>. /","[ Ouch/UH ] ./.","(INTJ (UH Ouch) (. .) (-DFL- E_S))","150",275.23075,275.71075,"Ouch laughter. "," Ouch/UH  ./."
"105","sw04utt/sw_0424_3328.utt","3/sw3328",3328,104,"sv","B",52,1,"{C And, }  {F uh, } [ it's, + it's ]  just ridiculous.  /","And/CC ,/,  [ uh/UH ] ,/,  [ it/PRP ] 's/BES ,/,  [ it/PRP ] 's/BES just/RB ridiculous/JJ ./.","(S (CC And) (, ,) (INTJ (UH uh)) (, ,) (EDITED (RM (-DFL- \[)) (S (NP-SBJ (PRP it)) (VP-UNF (BES 's))) (, ,) (IP (-DFL- \+))) (NP-SBJ (PRP it)) (VP (BES 's) (RS (-DFL- \])) (ADVP (RB just)) (ADJP-PRD (JJ ridiculous))) (. .) (-DFL- E_S))","152",277.23125,293.352625," And,    uh,   it's,  it's   just ridiculous.  ","And/CC ,/,   uh/UH  ,/,   it/PRP  's/BES ,/,   it/PRP  's/BES just/RB ridiculous/JJ ./."
"106","sw04utt/sw_0424_3328.utt","3/sw3328",3328,105,"h","B",52,2,"{C But, } [  I, + I ] don't know.  /","But/CC ,/,  [ I/PRP ] ,/,  [ I/PRP ] do/VBP n't/RB know/VB ./.","(S (CC But) (, ,) (EDITED (RM (-DFL- \[)) (NP-SBJ (PRP I)) (, ,) (IP (-DFL- \+))) (NP-SBJ (PRP I)) (RS (-DFL- \])) (VP (VBP do) (RB n't) (VP (VB know))) (. .) (-DFL- E_S))","153",277.23125,293.352625," But,    I,  I  don't know.  ","But/CC ,/,   I/PRP  ,/,   I/PRP  do/VBP n't/RB know/VB ./."
"107","sw04utt/sw_0424_3328.utt","3/sw3328",3328,106,"%","B",52,3,"I've, - /","[ I/PRP ] 've/VBP ,/,","(S (NP-SBJ (PRP I)) (VP-UNF (VBP 've)) (, ,) (-DFL- N_S))","154",277.23125,293.352625,"I've,  "," I/PRP  've/VBP ,/,"
"108","sw04utt/sw_0424_3328.utt","3/sw3328",3328,107,"sd","B",52,4,"they just came up with a twenty-five percent increase on personal property [ in, + in ] Oklahoma county and that is a chunk. /","[ they/PRP ] just/RB came/VBD up/RP with/IN  [ a/DT twenty-five/CD percent/NN increase/NN ] on/IN  [ personal/JJ property/NN ] in/IN ,/, in/IN  [ Oklahoma/NNP county/NN ] and/CC  [ that/DT ] is/VBZ  [ a/DT chunk/NN ] ./.","(S (NP-SBJ (PRP they)) (ADVP (RB just)) (VP (VBD came) (PRT (RP up)) (PP (IN with) (NP (NP (DT a) (CD twenty-five) (NN percent) (NN increase)) (PP (IN on) (NP (NP (JJ personal) (NN property)) (EDITED (RM (-DFL- \[)) (PP-LOC-UNF (IN in)) (, ,) (IP (-DFL- \+))) (PP-LOC (IN in) (RS (-DFL- \])) (NP (NNP Oklahoma) (NN county)))))))))|||(S (CC and) (NP-SBJ (DT that)) (VP (VBZ is) (NP-PRD (DT a) (NN chunk))) (. .) (-DFL- E_S))","155|||156",277.23125,293.352625,"they just came up with a twentyfive percent increase on personal property  in,  in  Oklahoma county and that is a chunk. "," they/PRP  just/RB came/VBD up/RP with/IN   a/DT twentyfive/CD percent/NN increase/NN  on/IN   personal/JJ property/NN  in/IN ,/, in/IN   Oklahoma/NNP county/NN  and/CC   that/DT  is/VBZ   a/DT chunk/NN  ./."
"109","sw04utt/sw_0424_3328.utt","3/sw3328",3328,108,"aa","A",53,1,"Yeah,  /","[ Yeah/UH ] ,/,","(INTJ (UH Yeah) (, ,) (-DFL- E_S))","132",293.476625,294.606625,"Yeah,  "," Yeah/UH  ,/,"
"110","sw04utt/sw_0424_3328.utt","3/sw3328",3328,109,"ba","A",53,2,"I'll say <laughter>. /","[ I/PRP ] 'll/MD say/VB ./.","(S (NP-SBJ (PRP I)) (VP (MD 'll) (VP (VB say))) (. .) (-DFL- E_S))","159",293.476625,294.606625,"I'll say laughter. "," I/PRP  'll/MD say/VB ./."
"111","sw04utt/sw_0424_3328.utt","3/sw3328",3328,110,"sd","B",54,1,"I mean twenty-five percent increase. /","[ I/PRP ] mean/VBP  [ twenty-five/CD percent/NN increase/NN ] ./.","(S (NP-SBJ (PRP I)) (VP (VBP mean) (NP (CD twenty-five) (NN percent) (NN increase))) (. .) (-DFL- E_S))","161",295.60825,298.301125,"I mean twentyfive percent increase. "," I/PRP  mean/VBP   twentyfive/CD percent/NN increase/NN  ./."
"112","sw04utt/sw_0424_3328.utt","3/sw3328",3328,111,"%","A",55,1,"Y-, - /","[ Y-/XX ] ,/,","(INTJ-UNF (XX Y-) (, ,) (-DFL- N_S))","163",NA,NA,"Y,  "," Y/XX  ,/,"
"113","sw04utt/sw_0424_3328.utt","3/sw3328",3328,112,"%","A",55,2,"is, -/","is/VBZ ,/,","(SQ-UNF (VBZ is) (, ,) (-DFL- N_S))","164",NA,NA,"is, ","is/VBZ ,/,"
