"","swda_filename","ptb_basename","conversation_no","transcript_index","act_tag","caller","turn_index","subutterance_index","text","pos","trees","ptb_treenumbers","start_turn","end_turn","newtext","newpos"
"1","sw03utt/sw_0359_3393.utt","3/sw3393",3393,0,"o","A",1,1,"Okay. /","Okay/UH ./.","(INTJ (UH Okay) (. .) (-DFL- E_S))","1",0.407375,0.786125,"Okay. ","Okay/UH ./."
"2","sw03utt/sw_0359_3393.utt","3/sw3393",3393,1,"qo","B",2,1,"{C So } what do you guys having up there?  /","So/UH  [ what/WP ] do/VBP  [ you/PRP ] [ guys/NNS ] having/VBG up/IN there/RB ?/.","(SBARQ (RB So) (WHNP-1 (WP what)) (SQ (VBP do) (NP-SBJ (PRP you) (NNS guys)) (VP (VBG having) (NP (-NONE- *T*-1)) (PP-LOC (IN up) (ADVP (RB there))))) (. ?) (-DFL- E_S))","3",0.92575,5.4975," So  what do you guys having up there?  ","So/UH   what/WP  do/VBP   you/PRP   guys/NNS  having/VBG up/IN there/RB ?/."
"3","sw03utt/sw_0359_3393.utt","3/sw3393",3393,2,"sd","B",2,2,"I haven't been  up there since, {F oh, } {D Lord, } forty-eight, I guess <laughter>. /","[ I/PRP ] have/VBP n't/RB been/VBN up/IN there/RB since/IN ,/, oh/UH ,/,  [ Lord/UH ] ,/,  [ forty-eight/CD ] ,/,  [ I/PRP ] guess/VBP ./.","(S (S-TPC-1 (NP-SBJ (PRP I)) (VP (VBP have) (RB n't) (VP (VBN been) (PP-LOC-PRD (IN up) (ADVP (RB there))) (PP-TMP (IN since) (, ,) (INTJ (UH oh)) (, ,) (INTJ (UH Lord)) (, ,) (NP (CD forty-eight)))))) (, ,) (NP-SBJ (PRP I)) (VP (VBP guess) (SBAR (-NONE- 0) (S (-NONE- *T*-1)))) (. .) (-DFL- E_S))","4",0.92575,5.4975,"I haven't been  up there since,  oh,   Lord,  fortyeight, I guess laughter. "," I/PRP  have/VBP n't/RB been/VBN up/IN there/RB since/IN ,/, oh/UH ,/,   Lord/UH  ,/,   fortyeight/CD  ,/,   I/PRP  guess/VBP ./."
"4","sw03utt/sw_0359_3393.utt","3/sw3393",3393,3,"b^m","A",3,1,"Forty-eight.  /","[ Forty-eight/CD ] ./.","(NP (CD Forty-eight) (. .) (-DFL- E_S))","6",5.664875,7.7915,"Fortyeight.  "," Fortyeight/CD  ./."
"5","sw03utt/sw_0359_3393.utt","3/sw3393",3393,4,"sv","A",3,2,"That's a long time.  {F Uh. } /","[ That/DT ] 's/BES  [ a/DT long/JJ time/NN ] ./.  [ Uh/UH ] ./.","(S (NP-SBJ (DT That)) (VP (BES 's) (NP-PRD (DT a) (JJ long) (NN time))) (. .))|||(INTJ (UH Uh) (. .) (-DFL- E_S))","7|||8",5.664875,7.7915,"That's a long time.   Uh.  "," That/DT  's/BES   a/DT long/JJ time/NN  ./.   Uh/UH  ./."
"6","sw03utt/sw_0359_3393.utt","3/sw3393",3393,5,"ar","B",4,1,"{D Well, } no,  /","Well/UH ,/, no/UH ,/,","(INTJ (INTJ (UH Well)) (, ,) (INTJ (UH no)) (, ,) (-DFL- E_S))","10",7.369125,14.559," Well,  no,  ","Well/UH ,/, no/UH ,/,"
"7","sw03utt/sw_0359_3393.utt","3/sw3393",3393,6,"ar","B",4,2,"it wasn't forty-eight,  /","[ it/PRP ] [ was/VBD n't/RB forty-eight/CD ] ,/,","(S (NP-SBJ (PRP it)) (VP (VBD was) (RB n't) (NP-PRD (CD forty-eight))) (, ,) (-DFL- E_S))","11",7.369125,14.559,"it wasn't fortyeight,  "," it/PRP   was/VBD n't/RB fortyeight/CD  ,/,"
"8","sw03utt/sw_0359_3393.utt","3/sw3393",3393,7,"sd","B",4,3,"[ [ it was, + it    was, ] {F uh, } +  let's see, {D yeah, } it was ] forty-eight.  /","[ it/PRP ] was/VBD ,/,  [ it/PRP ] was/VBD ,/,  [ uh/UH ] ,/, let/VB  [ 's/PRP ] see/VB ,/, yeah/UH ,/,  [ it/PRP ] was/VBD forty-eight/CD ./.","(S (EDITED (RM (-DFL- \[)) (EDITED (RM (-DFL- \[)) (S (NP-SBJ (PRP it)) (VP-UNF (VBD was))) (, ,) (IP (-DFL- \+))) (S (NP-SBJ (PRP it)) (VP-UNF (VBD was) (, ,) (RS (-DFL- \])) (INTJ (UH uh)))) (, ,) (IP (-DFL- \+))) (PRN (S-IMP (NP-SBJ (-NONE- *)) (VP (VB let) (S (NP-SBJ (PRP 's)) (VP (VB see))))) (, ,)) (INTJ (UH yeah)) (, ,) (NP-SBJ (PRP it)) (VP (VBD was) (RS (-DFL- \])) (NP-PRD (CD forty-eight))) (. .) (-DFL- E_S))","12",7.369125,14.559,"  it was,  it    was,   uh,    let's see,  yeah,  it was  fortyeight.  "," it/PRP  was/VBD ,/,   it/PRP  was/VBD ,/,   uh/UH  ,/, let/VB   's/PRP  see/VB ,/, yeah/UH ,/,   it/PRP  was/VBD fortyeight/CD ./."
"9","sw03utt/sw_0359_3393.utt","3/sw3393",3393,8,"sd","B",4,4,"I was in the Air Force. /","[ I/PRP ] was/VBD in/IN  [ the/DT Air/NNP Force/NNP ] ./.","(S (NP-SBJ (PRP I)) (VP (VBD was) (PP-PRD (IN in) (NP (DT the) (NNP Air) (NNP Force)))) (. .) (-DFL- E_S))","13",7.369125,14.559,"I was in the Air Force. "," I/PRP  was/VBD in/IN   the/DT Air/NNP Force/NNP  ./."
"10","sw03utt/sw_0359_3393.utt","3/sw3393",3393,9,"b","A",5,1,"Uh-huh. /","[ Uh-huh/UH ] ./.","(INTJ (UH Uh-huh) (. .) (-DFL- E_S))","15",16.277375,16.618,"Uhhuh. "," Uhhuh/UH  ./."
"11","sw03utt/sw_0359_3393.utt","3/sw3393",3393,10,"sd","B",6,1,"We did an air show [ [ out at, + {F uh, } out at, ]  {F uh, } Boone Greene, +  {E no } out at, {F uh } --","[ We/PRP ] did/VBD  [ an/DT air/NN ] show/NN out/IN at/IN ,/,  [ uh/UH ] ,/, out/IN at/IN ,/,  [ uh/UH ] ,/,  [ Boone/NNP Greene/NNP ] ,/, no/UH out/IN at/IN ,/,  [ uh/UH ] --/:","(S (NP-SBJ (PRP We)) (VP (VBD did) (NP (DT an) (NN air) (NN show)) (EDITED (RM (-DFL- \[)) (EDITED (RM (-DFL- \[)) (PP-LOC (IN out) (PP-UNF (IN at))) (, ,) (IP (-DFL- \+))) (INTJ (UH uh)) (, ,) (PP-LOC (IN out) (PP (IN at) (, ,) (RS (-DFL- \])) (INTJ (UH uh)) (, ,) (NP (NNP Boone) (NNP Greene)))) (, ,) (IP (-DFL- \+)) (INTJ (UH no))) (PP-LOC (IN out) (PP (IN at) (, ,) (INTJ (UH uh)) (NP (NNP Andrews)))) (, ,) (RS (-DFL- \]))) (-DFL- E_S))","17",16.21325,24.556875,"We did an air show   out at,   uh,  out at,    uh,  Boone Greene,    no  out at,  uh  "," We/PRP  did/VBD   an/DT air/NN  show/NN out/IN at/IN ,/,   uh/UH  ,/, out/IN at/IN ,/,   uh/UH  ,/,   Boone/NNP Greene/NNP  ,/, no/UH out/IN at/IN ,/,   uh/UH  /:"
"12","sw03utt/sw_0359_3393.utt","3/sw3393",3393,11,"qy^2","A",7,1,"Andrews? /","[ Andrews/NNP ] ?/.","(NP (NNP Andrews) (. ?) (-DFL- E_S))","19",23.339625,23.9375,"Andrews? "," Andrews/NNP  ?/."
"13","sw03utt/sw_0359_3393.utt","3/sw3393",3393,12,"+","B",8,1,"-- Andrews, ]  /","--/:  [ Andrews/NNP ] ,/,","(S (NP-SBJ (PRP We)) (VP (VBD did) (NP (DT an) (NN air) (NN show)) (EDITED (RM (-DFL- \[)) (EDITED (RM (-DFL- \[)) (PP-LOC (IN out) (PP-UNF (IN at))) (, ,) (IP (-DFL- \+))) (INTJ (UH uh)) (, ,) (PP-LOC (IN out) (PP (IN at) (, ,) (RS (-DFL- \])) (INTJ (UH uh)) (, ,) (NP (NNP Boone) (NNP Greene)))) (, ,) (IP (-DFL- \+)) (INTJ (UH no))) (PP-LOC (IN out) (PP (IN at) (, ,) (INTJ (UH uh)) (NP (NNP Andrews)))) (, ,) (RS (-DFL- \]))) (-DFL- E_S))","17",24.556875,28.4475," Andrews,   ","/:   Andrews/NNP  ,/,"
"14","sw03utt/sw_0359_3393.utt","3/sw3393",3393,13,"ny","B",8,2,"yeah.  /","yeah/UH ./.","(INTJ (UH yeah) (. .) (-DFL- E_S))","21",24.556875,28.4475,"yeah.  ","yeah/UH ./."
"15","sw03utt/sw_0359_3393.utt","3/sw3393",3393,14,"qw","B",8,3,"{C So } what's it been  like up there? /","So/RB  [ what/WP ] 's/HVS  [ it/PRP ] been/VBN like/IN up/IN there/RB ?/.","(SBARQ (RB So) (WHNP-1 (WP what)) (SQ (HVS 's) (NP-SBJ (PRP it)) (VP (VBN been) (PP-PRD (IN like) (NP (-NONE- *T*-1))) (PP-LOC (IN up) (ADVP (RB there))))) (. ?) (-DFL- E_S))","22",24.556875,28.4475," So  what's it been  like up there? ","So/RB   what/WP  's/HVS   it/PRP  been/VBN like/IN up/IN there/RB ?/."
"16","sw03utt/sw_0359_3393.utt","3/sw3393",3393,15,"sd","A",9,1,"{D Well, } for the past week or two it's been  cold and wet -- /","Well/UH ,/, for/IN  [ the/DT past/JJ week/NN ] or/CC  [ two/CD it/PRP ] 's/HVS been/VBN cold/JJ and/CC  [ wet/JJ ] --/:","(S (INTJ (UH Well)) (, ,) (PP-TMP (IN for) (NP (DT the) (JJ past) (NN week) (QP (CC or) (CD two)))) (NP-SBJ (PRP it)) (VP (HVS 's) (VP (VBN been) (ADJP-PRD (JJ cold) (CC and) (JJ wet)))) (-DFL- E_S))","24",28.52075,34.110625," Well,  for the past week or two it's been  cold and wet  ","Well/UH ,/, for/IN   the/DT past/JJ week/NN  or/CC   two/CD it/PRP  's/HVS been/VBN cold/JJ and/CC   wet/JJ  /:"
"17","sw03utt/sw_0359_3393.utt","3/sw3393",3393,16,"b","B",10,1,"Uh-huh. /","[ Uh-huh/UH ] ./.","(INTJ (UH Uh-huh) (. .) (-DFL- E_S))","15",34.2915,34.688,"Uhhuh. "," Uhhuh/UH  ./."
"18","sw03utt/sw_0359_3393.utt","3/sw3393",3393,17,"sd","A",11,1,"-- {C but } before that, for most of the year,  it's been hot and dry. /","--/: but/CC before/IN  [ that/DT ] ,/, for/IN most/JJS of/IN  [ the/DT year/NN ] ,/,  [ it/PRP ] 's/HVS been/VBN hot/JJ and/CC  [ dry/JJ ] ./.","(S (CC but) (PP-TMP (IN before) (NP (DT that))) (, ,) (PP-TMP (IN for) (NP (NP (JJS most)) (PP (IN of) (NP (DT the) (NN year))))) (, ,) (NP-SBJ (PRP it)) (VP (HVS 's) (VP (VBN been) (ADJP-PRD (JJ hot) (CC and) (JJ dry)))) (. .) (-DFL- E_S))","28",35.319375,40.52925,"  but  before that, for most of the year,  it's been hot and dry. ","/: but/CC before/IN   that/DT  ,/, for/IN most/JJS of/IN   the/DT year/NN  ,/,   it/PRP  's/HVS been/VBN hot/JJ and/CC   dry/JJ  ./."
"19","sw03utt/sw_0359_3393.utt","3/sw3393",3393,18,"b","B",12,1,"Yeah.  /","Yeah/UH ./.","(INTJ (UH Yeah) (. .) (-DFL- E_S))","30",41.02275,44.726,"Yeah.  ","Yeah/UH ./."
"20","sw03utt/sw_0359_3393.utt","3/sw3393",3393,19,"sd","B",12,2,"{F Uh, } like September was hot and dry,  /","[ Uh/UH ] ,/, like/IN  [ September/NNP ] was/VBD hot/JJ and/CC  [ dry/JJ ] ,/,","(S (INTJ (UH Uh)) (, ,) (INTJ (IN like)) (NP-SBJ (NNP September)) (VP (VBD was) (ADJP-PRD (JJ hot) (CC and) (JJ dry))) (, ,) (-DFL- E_S))","31",41.02275,44.726," Uh,  like September was hot and dry,  "," Uh/UH  ,/, like/IN   September/NNP  was/VBD hot/JJ and/CC   dry/JJ  ,/,"
"21","sw03utt/sw_0359_3393.utt","3/sw3393",3393,20,"%","B",12,3,"October. -/","[ October/NNP ] ./.","(S-UNF (NP-SBJ (NNP October)) (. .) (-DFL- N_S))","32",41.02275,44.726,"October. "," October/NNP  ./."
"22","sw03utt/sw_0359_3393.utt","3/sw3393",3393,21,"aa","A",13,1,"{F Um, } September really was,  /","[ Um/UH ] ,/,  [ September/NNP ] really/RB was/VBD ,/,","(S (INTJ (UH Um)) (, ,) (NP-SBJ (NNP September)) (ADVP (RB really)) (VP (VBD was) (ADJP-PRD (-NONE- *?*))) (, ,) (-DFL- E_S))","34",45.792625,61.561625," Um,  September really was,  "," Um/UH  ,/,   September/NNP  really/RB was/VBD ,/,"
"23","sw03utt/sw_0359_3393.utt","3/sw3393",3393,22,"sd","A",13,2,"I'm not sure about October.  /","[ I/PRP ] 'm/VBP not/RB sure/JJ about/IN  [ October/NNP ] ./.","(S (NP-SBJ (PRP I)) (VP (VBP 'm) (RB not) (ADJP-PRD (JJ sure) (PP (IN about) (NP (NNP October))))) (. .) (-DFL- E_S))","35",45.792625,61.561625,"I'm not sure about October.  "," I/PRP  'm/VBP not/RB sure/JJ about/IN   October/NNP  ./."
"24","sw03utt/sw_0359_3393.utt","3/sw3393",3393,23,"sd","A",13,3,"I think for about twelve months through September [ the, + the ]  average temperature has been higher than normal --","[ I/PRP ] think/VBP for/IN about/RB  [ twelve/CD months/NNS ] through/IN  [ September/NNP ] [ the/DT ] ,/,  [ the/DT average/JJ temperature/NN ] has/VBZ been/VBN higher/JJR than/IN  [ normal/JJ ] --/:","(S (NP-SBJ (PRP I)) (VP (VBP think) (SBAR (-NONE- 0) (S (PP-TMP (IN for) (NP (NP (QP (RB about) (CD twelve)) (NNS months)) (PP-TMP (IN through) (NP (NNP September))))) (EDITED (RM (-DFL- \[)) (NP-SBJ-UNF (DT the)) (, ,) (IP (-DFL- \+))) (NP-SBJ (DT the) (RS (-DFL- \])) (JJ average) (NN temperature)) (VP (VBZ has) (VP (VBN been) (ADJP-PRD (ADJP (JJR higher)) (PP (IN than) (ADJP (JJ normal)))) (NP-TMP (DT each) (NN month))))))) (. .))","36",45.792625,61.561625,"I think for about twelve months through September  the,  the   average temperature has been higher than normal "," I/PRP  think/VBP for/IN about/RB   twelve/CD months/NNS  through/IN   September/NNP   the/DT  ,/,   the/DT average/JJ temperature/NN  has/VBZ been/VBN higher/JJR than/IN   normal/JJ  /:"
"25","sw03utt/sw_0359_3393.utt","3/sw3393",3393,24,"bh","B",14,1,"Really? /","Really/UH ?/.","(INTJ (UH Really) (. ?) (-DFL- E_S))","39",56.588375,57.06825,"Really? ","Really/UH ?/."
"26","sw03utt/sw_0359_3393.utt","3/sw3393",3393,25,"+","A",15,1,"-- each month.","--/:  [ each/DT month/NN ] ./.","(S (NP-SBJ (PRP I)) (VP (VBP think) (SBAR (-NONE- 0) (S (PP-TMP (IN for) (NP (NP (QP (RB about) (CD twelve)) (NNS months)) (PP-TMP (IN through) (NP (NNP September))))) (EDITED (RM (-DFL- \[)) (NP-SBJ-UNF (DT the)) (, ,) (IP (-DFL- \+))) (NP-SBJ (DT the) (RS (-DFL- \])) (JJ average) (NN temperature)) (VP (VBZ has) (VP (VBN been) (ADJP-PRD (ADJP (JJR higher)) (PP (IN than) (ADJP (JJ normal)))) (NP-TMP (DT each) (NN month))))))) (. .))","36",NA,NA," each month.","/:   each/DT month/NN  ./."
"27","sw03utt/sw_0359_3393.utt","3/sw3393",3393,26,"b","B",16,1,"{F Huh. } /","Huh/UH ./.","(INTJ (UH Huh) (. .) (-DFL- E_S))","42",57.517375,57.946375," Huh.  ","Huh/UH ./."
"28","sw03utt/sw_0359_3393.utt","3/sw3393",3393,27,"+","A",17,1,"{F Um, } lots of ninety degree days during the summer. /","Um/UH ,/,  [ lots/NNS ] of/IN  [ ninety/CD degree/NN days/NNS ] during/IN  [ the/DT summer/NN ] ./.","(FRAG (INTJ (UH Um)) (, ,) (NP (NP (NNS lots)) (PP (IN of) (NP (CD ninety) (NN degree) (NNS days)))) (PP-TMP (IN during) (NP (DT the) (NN summer))) (. .) (-DFL- E_S))","37",NA,NA," Um,  lots of ninety degree days during the summer. ","Um/UH ,/,   lots/NNS  of/IN   ninety/CD degree/NN days/NNS  during/IN   the/DT summer/NN  ./."
"29","sw03utt/sw_0359_3393.utt","3/sw3393",3393,28,"sd","B",18,1,"It really has been strange here this year,  /","[ It/PRP ] really/RB has/VBZ been/VBN strange/JJ here/RB  [ this/DT year/NN ] ,/,","(S (NP-SBJ (PRP It)) (ADVP (RB really)) (VP (VBZ has) (VP (VBN been) (ADJP-PRD (JJ strange)) (ADVP-LOC (RB here)) (NP-TMP (DT this) (NN year)))) (, ,) (-DFL- E_S))","45",63.085,69.416125,"It really has been strange here this year,  "," It/PRP  really/RB has/VBZ been/VBN strange/JJ here/RB   this/DT year/NN  ,/,"
"30","sw03utt/sw_0359_3393.utt","3/sw3393",3393,29,"sd","B",18,2,"{E I mean, }  [ this whole ye-, + course this whole year ] <laughter> has been a different year in  more ways than one. /","[ I/PRP ] mean/VBP ,/,  [ this/DT whole/JJ ye-/NN ] ,/,  [ course/NN ] [ this/DT whole/JJ year/NN ] has/VBZ been/VBN  [ a/DT different/JJ year/NN ] in/IN  [ more/JJR ways/NNS ] than/IN  [ one/CD ] ./.","(S (PRN (S (NP-SBJ (PRP I)) (VP (VBP mean))) (, ,)) (EDITED (RM (-DFL- \[)) (NP-SBJ-UNF (DT this) (JJ whole) (NN ye-)) (, ,) (IP (-DFL- \+))) (NP-ADV (NN course)) (NP-SBJ (DT this) (JJ whole) (NN year)) (RS (-DFL- \])) (VP (VBZ has) (VP (VBN been) (NP-PRD (DT a) (JJ different) (NN year)) (PP (IN in) (NP (NP (JJR more) (NNS ways)) (PP (IN than) (NP (CD one))))))) (. .) (-DFL- E_S))","46",63.085,69.416125," I mean,    this whole ye,  course this whole year  laughter has been a different year in  more ways than one. "," I/PRP  mean/VBP ,/,   this/DT whole/JJ ye/NN  ,/,   course/NN   this/DT whole/JJ year/NN  has/VBZ been/VBN   a/DT different/JJ year/NN  in/IN   more/JJR ways/NNS  than/IN   one/CD  ./."
"31","sw03utt/sw_0359_3393.utt","3/sw3393",3393,30,"b","A",19,1,"Uh-huh. /","[ Uh-huh/UH ] ./.","(INTJ (UH Uh-huh) (. .) (-DFL- E_S))","26",NA,NA,"Uhhuh. "," Uhhuh/UH  ./."
"32","sw03utt/sw_0359_3393.utt","3/sw3393",3393,31,"sd","B",20,1,"{C But, }  {F uh, } [ we had, {F uh, } {D you know, }   all these, + we have all these, ]  {F uh, } - /","But/CC ,/,  [ uh/UH ] ,/,  [ we/PRP ] had/VBD ,/,  [ uh/UH ] ,/,  [ you/PRP ] know/VBP ,/,  [ all/PDT these/DT ] ,/,  [ we/PRP ] have/VBP  [ all/PDT these/DT ] ,/,  [ uh/UH ] ,/,","(S (CC But) (, ,) (INTJ (UH uh)) (, ,) (EDITED (RM (-DFL- \[)) (S (NP-SBJ (PRP we)) (VP (VBD had) (, ,) (INTJ (UH uh)) (PRN (, ,) (S (NP-SBJ (PRP you)) (VP (VBP know))) (, ,)) (NP-UNF (PDT all) (DT these)))) (, ,) (IP (-DFL- \+))) (NP-SBJ (PRP we)) (VP (VBP have) (NP-UNF (PDT all) (DT these) (, ,) (RS (-DFL- \])) (INTJ (UH uh)))) (, ,) (-DFL- N_S))","50",69.932125,84.222," But,    uh,   we had,  uh,   you know,    all these,  we have all these,    uh,   ","But/CC ,/,   uh/UH  ,/,   we/PRP  had/VBD ,/,   uh/UH  ,/,   you/PRP  know/VBP ,/,   all/PDT these/DT  ,/,   we/PRP  have/VBP   all/PDT these/DT  ,/,   uh/UH  ,/,"
"33","sw03utt/sw_0359_3393.utt","3/sw3393",3393,32,"sd(^q)","B",20,2,"somebody said, {D you know, } you're either a stranger or a fool to try to  predict Texas weather, <laughter>  /","[ somebody/NN ] said/VBD ,/,  [ you/PRP ] know/VBP ,/,  [ you/PRP ] 're/VBP either/CC  [ a/DT stranger/NN ] or/CC  [ a/DT fool/NN ] to/TO try/VB to/TO predict/VB  [ Texas/NNP weather/NN ] ,/,","(S (NP-SBJ (NN somebody)) (VP (VBD said) (PRN (, ,) (S (NP-SBJ (PRP you)) (VP (VBP know))) (, ,)) (SBAR (-NONE- 0) (S (NP-SBJ-1 (PRP you)) (VP (VBP 're) (NP-PRD (CC either) (NP (DT a) (NN stranger)) (CC or) (NP (DT a) (NN fool))) (S-ADV (NP-SBJ-2 (-NONE- *-1)) (VP (TO to) (VP (VB try) (S (NP-SBJ (-NONE- *-2)) (VP (TO to) (VP (VB predict) (NP (NNP Texas) (NN weather)))))))))))) (, ,) (-DFL- E_S))","51",69.932125,84.222,"somebody said,  you know,  you're either a stranger or a fool to try to  predict Texas weather, laughter  "," somebody/NN  said/VBD ,/,   you/PRP  know/VBP ,/,   you/PRP  're/VBP either/CC   a/DT stranger/NN  or/CC   a/DT fool/NN  to/TO try/VB to/TO predict/VB   Texas/NNP weather/NN  ,/,"
"34","sw03utt/sw_0359_3393.utt","3/sw3393",3393,33,"sd","B",20,3,"{C but. }","but/CC ./.","(S (CC but) (. .) (INTJ (UH Well)) (, ,) (ADVP-TMP (RB always)) (, ,) (NP-SBJ (PRP they)) (VP (VBD were) (VP (VBG saying) (SBAR (-NONE- 0) (S (NP-SBJ-1 (PRP it)) (VP (VBD was) (VP (VBG going) (S (NP-SBJ (-NONE- *-1)) (VP (TO to) (VP (VB be) (NP-PRD (DT the) (JJS hottest) (NN summer)) (ADVP-TMP (RB ever))))))))))) (, ,) (-DFL- E_S))","52",69.932125,84.222," but. ","but/CC ./."
"35","sw03utt/sw_0359_3393.utt","3/sw3393",3393,34,"b","A",21,1,"Uh-huh. /","[ Uh-huh/UH ] ./.","(INTJ (UH Uh-huh) (. .) (-DFL- E_S))","26",NA,NA,"Uhhuh. "," Uhhuh/UH  ./."
"36","sw03utt/sw_0359_3393.utt","3/sw3393",3393,35,"+","B",22,1,"{D Well, } always, they were saying it was going  to be the hottest summer ever,  /","Well/UH ,/, always/RB ,/,  [ they/PRP ] were/VBD saying/VBG  [ it/PRP ] was/VBD going/VBG to/TO be/VB  [ the/DT hottest/JJS summer/NN ] ever/RB ,/,","(S (CC but) (. .) (INTJ (UH Well)) (, ,) (ADVP-TMP (RB always)) (, ,) (NP-SBJ (PRP they)) (VP (VBD were) (VP (VBG saying) (SBAR (-NONE- 0) (S (NP-SBJ-1 (PRP it)) (VP (VBD was) (VP (VBG going) (S (NP-SBJ (-NONE- *-1)) (VP (TO to) (VP (VB be) (NP-PRD (DT the) (JJS hottest) (NN summer)) (ADVP-TMP (RB ever))))))))))) (, ,) (-DFL- E_S))","52",84.542,117.865," Well,  always, they were saying it was going  to be the hottest summer ever,  ","Well/UH ,/, always/RB ,/,   they/PRP  were/VBD saying/VBG   it/PRP  was/VBD going/VBG to/TO be/VB   the/DT hottest/JJS summer/NN  ever/RB ,/,"
"37","sw03utt/sw_0359_3393.utt","3/sw3393",3393,36,"sd","B",22,2,"{C and } we had all this rain,  /","and/CC  [ we/PRP ] had/VBD  [ all/PDT this/DT rain/NN ] ,/,","(S (CC and) (NP-SBJ (PRP we)) (VP (VBD had) (NP (PDT all) (DT this) (NN rain))) (, ,) (-DFL- E_S))","56",84.542,117.865," and  we had all this rain,  ","and/CC   we/PRP  had/VBD   all/PDT this/DT rain/NN  ,/,"
"38","sw03utt/sw_0359_3393.utt","3/sw3393",3393,37,"sd","B",22,3,"{C and } it really is not a bad  summer at all, really cool.  /","and/CC  [ it/PRP ] really/RB is/VBZ not/RB  [ a/DT bad/JJ summer/NN ] at/IN  [ all/DT ] ,/, really/RB cool/JJ ./.","(S (CC and) (NP-SBJ (PRP it)) (ADVP (RB really)) (VP (VBZ is) (RB not) (NP-PRD (DT a) (JJ bad) (NN summer)) (ADVP (IN at) (DT all))) (, ,))|||(ADJP (RB really) (JJ cool) (. .) (-DFL- E_S))","57|||58",84.542,117.865," and  it really is not a bad  summer at all, really cool.  ","and/CC   it/PRP  really/RB is/VBZ not/RB   a/DT bad/JJ summer/NN  at/IN   all/DT  ,/, really/RB cool/JJ ./."
"39","sw03utt/sw_0359_3393.utt","3/sw3393",3393,38,"sd","B",22,4,"{C But } all of a sudden, [ [ in, + in, ] + {F uh, } in ] [ [ October, + {F uh, } September, ] + October ] it got real hot and dry and just stayed that way for a long time.  /","But/CC  [ all/DT ] of/IN  [ a/DT sudden/NN ] ,/, in/IN ,/, in/IN ,/,  [ uh/UH ] ,/, in/IN  [ October/NNP ] ,/,  [ uh/UH ] ,/,  [ September/NNP ] ,/,  [ October/NNP ] [ it/PRP ] got/VBD real/RB hot/JJ and/CC  [ dry/JJ ] and/CC just/RB stayed/VBD  [ that/DT way/NN ] for/IN  [ a/DT long/JJ time/NN ] ./.","(S (CC But) (NP-TMP (NP (DT all)) (PP (IN of) (NP (DT a) (NN sudden)))) (, ,) (EDITED (RM (-DFL- \[)) (EDITED (RM (-DFL- \[)) (PP-TMP-UNF (IN in)) (, ,) (IP (-DFL- \+))) (PP-TMP-UNF (IN in)) (, ,) (RS (-DFL- \])) (IP (-DFL- \+))) (INTJ (UH uh)) (, ,) (PP-TMP (IN in) (RS (-DFL- \])) (EDITED (RM (-DFL- \[)) (EDITED (RM (-DFL- \[)) (NP (NNP October)) (, ,) (IP (-DFL- \+))) (INTJ (UH uh)) (, ,) (NP (NNP September)) (, ,) (RS (-DFL- \])) (IP (-DFL- \+))) (NP (NNP October))) (RS (-DFL- \])) (NP-SBJ (PRP it)) (VP (VP (VBD got) (ADJP-PRD (RB real) (JJ hot) (CC and) (JJ dry))) (CC and) (VP (ADVP (RB just)) (VBD stayed) (NP-MNR (DT that) (NN way)) (PP-TMP (IN for) (NP (DT a) (JJ long) (NN time))))) (. .) (-DFL- E_S))","59",84.542,117.865," But  all of a sudden,   in,  in,    uh,  in    October,   uh,  September,   October  it got real hot and dry and just stayed that way for a long time.  ","But/CC   all/DT  of/IN   a/DT sudden/NN  ,/, in/IN ,/, in/IN ,/,   uh/UH  ,/, in/IN   October/NNP  ,/,   uh/UH  ,/,   September/NNP  ,/,   October/NNP   it/PRP  got/VBD real/RB hot/JJ and/CC   dry/JJ  and/CC just/RB stayed/VBD   that/DT way/NN  for/IN   a/DT long/JJ time/NN  ./."
"40","sw03utt/sw_0359_3393.utt","3/sw3393",3393,39,"sd","B",22,5,"{C And, }  {F uh, } then  the end of October it started <laughter> rain almost a week without stopping, just pouring down, {D you know. }  /","And/CC ,/,  [ uh/UH ] ,/, then/RB  [ the/DT end/NN ] of/IN  [ October/NNP ] [ it/PRP ] started/VBD  [ rain/VB ] almost/RB  [ a/DT week/NN ] without/IN stopping/VBG ,/, just/RB pouring/VBG down/RP ,/,  [ you/PRP ] know/VBP ./.","(S (CC And) (, ,) (INTJ (UH uh)) (, ,) (ADVP-TMP (RB then)) (NP-TMP (NP (DT the) (NN end)) (PP (IN of) (NP (NNP October)))) (NP-SBJ-1 (PRP it)) (VP (VBD started) (S (NP-SBJ (-NONE- *-1)) (X (VP (VB rain) (NP-TMP (RB almost) (DT a) (NN week)) (PP (IN without) (S-NOM (NP-SBJ (-NONE- *)) (VP (VBG stopping)))))))) (, ,))|||(VP (ADVP (RB just)) (VBG pouring) (PRT (RP down)) (PRN (, ,) (S (NP-SBJ (PRP you)) (VP (VBP know)))) (. .) (-DFL- E_S))","60|||61",84.542,117.865," And,    uh,  then  the end of October it started laughter rain almost a week without stopping, just pouring down,  you know.   ","And/CC ,/,   uh/UH  ,/, then/RB   the/DT end/NN  of/IN   October/NNP   it/PRP  started/VBD   rain/VB  almost/RB   a/DT week/NN  without/IN stopping/VBG ,/, just/RB pouring/VBG down/RP ,/,   you/PRP  know/VBP ./."
"41","sw03utt/sw_0359_3393.utt","3/sw3393",3393,40,"sd","B",22,6,"There were flash floods  everywhere, that kind of deal,  /","[ There/EX ] were/VBD  [ flash/NN floods/NNS ] everywhere/RB ,/, that/DT  [ kind/NN ] of/IN  [ deal/NN ] ,/,","(S (NP-SBJ (EX There)) (VP (VBD were) (NP-PRD (NN flash) (NNS floods)) (ADVP-LOC (RB everywhere))) (, ,))|||(NP (NP (DT that) (NN kind)) (PP (IN of) (NP (NN deal))) (, ,) (-DFL- E_S))","62|||63",84.542,117.865,"There were flash floods  everywhere, that kind of deal,  "," There/EX  were/VBD   flash/NN floods/NNS  everywhere/RB ,/, that/DT   kind/NN  of/IN   deal/NN  ,/,"
"42","sw03utt/sw_0359_3393.utt","3/sw3393",3393,41,"sd","B",22,7,"{C and then } --","and/CC then/RB --/:","(S (CONJP (CC and) (RB then)) (INTJ (UH uh)) (, ,) (PP-TMP (IN into) (X (PP-UNF (IN of))) (NP (NNP November))) (, ,) (EDITED (RM (-DFL- \[)) (EDITED (RM (-DFL- \[)) (NP-TMP-UNF (DT the) (JJ first)) (, ,) (IP (-DFL- \+))) (INTJ (UH like)) (NP-TMP (DT the) (JJ second) (RS (-DFL- \])) (NN week)) (, ,) (IP (-DFL- \+))) (INTJ (UH uh)) (PRN (, ,) (S (NP-SBJ (PRP you)) (VP (VBP know))) (, ,)) (NP-TMP (DT the) (JJ first) (NN week)) (RS (-DFL- \])) (ADVP (UH actually)) (, ,) (EDITED (RM (-DFL- \[)) (S (NP-SBJ (PRP we)) (VP-UNF (VBD had))) (, ,) (IP (-DFL- \+))) (NP-SBJ (PRP we)) (VP (VBD had) (RS (-DFL- \])) (NP (DT a) (NN freeze))) (, ,) (-DFL- E_S))","64",84.542,117.865," and then  ","and/CC then/RB /:"
"43","sw03utt/sw_0359_3393.utt","3/sw3393",3393,42,"b","A",23,1,"Uh-huh. /","[ Uh-huh/UH ] ./.","(INTJ (UH Uh-huh) (. .) (-DFL- E_S))","48",89.19925,89.457,"Uhhuh. "," Uhhuh/UH  ./."
"44","sw03utt/sw_0359_3393.utt","3/sw3393",3393,43,"+","B",24,1,"-- {F uh, } into of November, [ [ the first, +  {D like } the  second ] week, +  {F uh, } {D you know, } the first week ] actually, [ we had, + we had ] a freeze,  /","--/:  [ uh/UH ] ,/, into/IN of/IN  [ November/NNP ] ,/,  [ the/DT first/JJ ] ,/, like/IN  [ the/DT second/JJ week/NN ] ,/,  [ uh/UH ] ,/,  [ you/PRP ] know/VBP ,/,  [ the/DT first/JJ week/NN ] actually/UH ,/,  [ we/PRP ] had/VBD ,/,  [ we/PRP ] had/VBD  [ a/DT freeze/NN ] ,/,","(S (CONJP (CC and) (RB then)) (INTJ (UH uh)) (, ,) (PP-TMP (IN into) (X (PP-UNF (IN of))) (NP (NNP November))) (, ,) (EDITED (RM (-DFL- \[)) (EDITED (RM (-DFL- \[)) (NP-TMP-UNF (DT the) (JJ first)) (, ,) (IP (-DFL- \+))) (INTJ (UH like)) (NP-TMP (DT the) (JJ second) (RS (-DFL- \])) (NN week)) (, ,) (IP (-DFL- \+))) (INTJ (UH uh)) (PRN (, ,) (S (NP-SBJ (PRP you)) (VP (VBP know))) (, ,)) (NP-TMP (DT the) (JJ first) (NN week)) (RS (-DFL- \])) (ADVP (UH actually)) (, ,) (EDITED (RM (-DFL- \[)) (S (NP-SBJ (PRP we)) (VP-UNF (VBD had))) (, ,) (IP (-DFL- \+))) (NP-SBJ (PRP we)) (VP (VBD had) (RS (-DFL- \])) (NP (DT a) (NN freeze))) (, ,) (-DFL- E_S))","64",118.55375,122.9,"  uh,  into of November,   the first,    like  the  second  week,    uh,   you know,  the first week  actually,  we had,  we had  a freeze,  ","/:   uh/UH  ,/, into/IN of/IN   November/NNP  ,/,   the/DT first/JJ  ,/, like/IN   the/DT second/JJ week/NN  ,/,   uh/UH  ,/,   you/PRP  know/VBP ,/,   the/DT first/JJ week/NN  actually/UH ,/,   we/PRP  had/VBD ,/,   we/PRP  had/VBD   a/DT freeze/NN  ,/,"
"45","sw03utt/sw_0359_3393.utt","3/sw3393",3393,44,"sd","B",24,2,"{C and }  [ the average, + {D you know, } the average, ] {F uh, } first frost is like the fifteenth of  November here -- /","and/CC  [ the/DT average/NN ] ,/,  [ you/PRP ] know/VBP ,/,  [ the/DT average/NN ] ,/,  [ uh/UH ] ,/,  [ first/JJ frost/NN ] is/VBZ like/IN  [ the/DT fifteenth/JJ ] of/IN  [ November/NNP ] here/RB --/:","(S (CC and) (EDITED (RM (-DFL- \[)) (NP-SBJ-UNF (DT the) (NN average)) (, ,) (IP (-DFL- \+))) (PRN (S (NP-SBJ (PRP you)) (VP (VBP know))) (, ,)) (NP-SBJ (DT the) (NN average) (, ,) (RS (-DFL- \])) (INTJ (UH uh)) (, ,) (JJ first) (NN frost)) (VP (VBZ is) (INTJ (IN like)) (NP-PRD (NP (DT the) (JJ fifteenth)) (PP (IN of) (NP (NNP November)))) (ADVP-LOC (RB here))) (-DFL- E_S))","68",118.55375,122.9," and    the average,   you know,  the average,   uh,  first frost is like the fifteenth of  November here  ","and/CC   the/DT average/NN  ,/,   you/PRP  know/VBP ,/,   the/DT average/NN  ,/,   uh/UH  ,/,   first/JJ frost/NN  is/VBZ like/IN   the/DT fifteenth/JJ  of/IN   November/NNP  here/RB /:"
"46","sw03utt/sw_0359_3393.utt","3/sw3393",3393,45,"qy^d","A",25,1,"{F Oh, } if you had it early. /","Oh/UH ,/, if/IN  [ you/PRP ] had/VBD  [ it/PRP ] early/RB ./.","(FRAG (INTJ (UH Oh)) (, ,) (SBAR-ADV (IN if) (S (NP-SBJ (PRP you)) (VP (VBD had) (NP (PRP it)) (ADVP-TMP (RB early))))) (. .) (-DFL- E_S))","70",123.43275,124.29375," Oh,  if you had it early. ","Oh/UH ,/, if/IN   you/PRP  had/VBD   it/PRP  early/RB ./."
"47","sw03utt/sw_0359_3393.utt","3/sw3393",3393,46,"sd","B",26,1,"-- {C but } usually it's not until later <laughter>.  /","--/: but/CC usually/RB  [ it/PRP ] 's/BES not/RB until/IN later/RB ./.","(S (CC but) (ADVP-TMP (RB usually)) (NP-SBJ (PRP it)) (VP (BES 's) (RB not) (PP-TMP-PRD (IN until) (ADVP (RB later)))) (. .) (-DFL- E_S))","72",123.287875,127.323375,"  but  usually it's not until later laughter.  ","/: but/CC usually/RB   it/PRP  's/BES not/RB until/IN later/RB ./."
"48","sw03utt/sw_0359_3393.utt","3/sw3393",3393,47,"sd","B",26,2,"It's really strange. /","[ It/PRP ] 's/BES really/RB strange/JJ ./.","(S (NP-SBJ (PRP It)) (VP (BES 's) (ADJP-PRD (RB really) (JJ strange))) (. .) (-DFL- E_S))","73",123.287875,127.323375,"It's really strange. "," It/PRP  's/BES really/RB strange/JJ ./."
"49","sw03utt/sw_0359_3393.utt","3/sw3393",3393,48,"b","A",27,1,"Yeah,  /","[ Yeah/UH ] ,/,","(INTJ (UH Yeah) (, ,) (-DFL- E_S))","75",127.627625,129.71625,"Yeah,  "," Yeah/UH  ,/,"
"50","sw03utt/sw_0359_3393.utt","3/sw3393",3393,49,"sd","A",27,2,"I think we usually have a frost in October. /","[ I/PRP ] think/VBP  [ we/PRP ] usually/RB have/VBP  [ a/DT frost/NN ] in/IN  [ October/NNP ] ./.","(S (NP-SBJ (PRP I)) (VP (VBP think) (SBAR (-NONE- 0) (S (NP-SBJ (PRP we)) (ADVP-TMP (RB usually)) (VP (VBP have) (NP (DT a) (NN frost)) (PP-TMP (IN in) (NP (NNP October))))))) (. .) (-DFL- E_S))","76",127.627625,129.71625,"I think we usually have a frost in October. "," I/PRP  think/VBP   we/PRP  usually/RB have/VBP   a/DT frost/NN  in/IN   October/NNP  ./."
"51","sw03utt/sw_0359_3393.utt","3/sw3393",3393,50,"b","B",28,1,"Yeah. /","Yeah/UH ./.","(INTJ (UH Yeah) (. .) (-DFL- E_S))","78",130.45875,130.859,"Yeah. ","Yeah/UH ./."
"52","sw03utt/sw_0359_3393.utt","3/sw3393",3393,51,"sd","A",29,1,"{F Uh, } {C but, } {D you know. } We really need the rain  that we've been getting,  /","[ Uh/UH ] ,/, but/CC ,/,  [ you/PRP ] know/VBP ./.  [ We/PRP ] really/RB need/VBP  [ the/DT rain/NN ] that/WDT  [ we/PRP ] 've/VBP been/VBN getting/VBG ,/,","(S (INTJ (UH Uh)) (, ,) (CC but) (PRN (, ,) (S (NP-SBJ (PRP you)) (VP (VBP know))) (. .)) (NP-SBJ (PRP We)) (ADVP (RB really)) (VP (VBP need) (NP (NP (DT the) (NN rain)) (SBAR (WHNP-1 (WDT that)) (S (NP-SBJ (PRP we)) (VP (VBP 've) (VP (VBN been) (VP (VBG getting) (NP (-NONE- *T*-1))))))))) (, ,) (-DFL- E_S))","80",130.87975,140.29775," Uh,   but,   you know.  We really need the rain  that we've been getting,  "," Uh/UH  ,/, but/CC ,/,   you/PRP  know/VBP ./.   We/PRP  really/RB need/VBP   the/DT rain/NN  that/WDT   we/PRP  've/VBP been/VBN getting/VBG ,/,"
"53","sw03utt/sw_0359_3393.utt","3/sw3393",3393,52,"sd","A",29,2,"{C and } it has not today,  /","and/CC  [ it/PRP ] has/VBZ not/RB  [ today/NN ] ,/,","(S (CC and) (NP-SBJ (PRP it)) (VP (VBZ has) (RB not) (VP (-NONE- *?*) (ADVP-TMP (NN today)))) (, ,) (-DFL- E_S))","81",130.87975,140.29775," and  it has not today,  ","and/CC   it/PRP  has/VBZ not/RB   today/NN  ,/,"
"54","sw03utt/sw_0359_3393.utt","3/sw3393",3393,53,"sd","A",29,3,"{C but } the last few days it's [ been, + been ]  pouring most of the day. /","but/CC  [ the/DT last/JJ few/JJ days/NNS ] [ it/PRP ] 's/HVS been/VBN ,/, been/VBN pouring/VBG most/JJS of/IN  [ the/DT day/NN ] ./.","(S (CC but) (NP-TMP (DT the) (JJ last) (JJ few) (NNS days)) (NP-SBJ (PRP it)) (VP (HVS 's) (EDITED (RM (-DFL- \[)) (VP-UNF (VBN been)) (, ,) (IP (-DFL- \+))) (VP (VBN been) (RS (-DFL- \])) (VP (VBG pouring) (NP-TMP (NP (JJS most)) (PP (IN of) (NP (DT the) (NN day))))))) (. .) (-DFL- E_S))","82",130.87975,140.29775," but  the last few days it's  been,  been   pouring most of the day. ","but/CC   the/DT last/JJ few/JJ days/NNS   it/PRP  's/HVS been/VBN ,/, been/VBN pouring/VBG most/JJS of/IN   the/DT day/NN  ./."
"55","sw03utt/sw_0359_3393.utt","3/sw3393",3393,54,"qy","B",30,1,"[ [ Is it, + is it, ] + is it ] flooding anywhere? /","Is/VBZ  [ it/PRP ] ,/, is/VBZ  [ it/PRP ] ,/, is/VBZ it/PRP flooding/VBG anywhere/RB ?/.","(SQ (EDITED (RM (-DFL- \[)) (EDITED (RM (-DFL- \[)) (SQ-UNF (VBZ Is) (NP-SBJ (PRP it))) (, ,) (IP (-DFL- \+))) (SQ-UNF (VBZ is) (NP-SBJ (PRP it))) (, ,) (RS (-DFL- \])) (IP (-DFL- \+))) (VBZ is) (NP-SBJ (PRP it)) (RS (-DFL- \])) (VP (VBG flooding) (ADVP-LOC (RB anywhere))) (. ?) (-DFL- E_S))","84",141.318,143.45175,"  Is it,  is it,   is it  flooding anywhere? ","Is/VBZ   it/PRP  ,/, is/VBZ   it/PRP  ,/, is/VBZ it/PRP flooding/VBG anywhere/RB ?/."
"56","sw03utt/sw_0359_3393.utt","3/sw3393",3393,55,"^h","A",31,1,"Flooding anywhere.  /","Flooding/VBG anywhere/RB ./.","(VP (VBG Flooding) (ADVP-LOC (RB anywhere)) (. .) (-DFL- E_S))","86",144.2,153.106625,"Flooding anywhere.  ","Flooding/VBG anywhere/RB ./."
"57","sw03utt/sw_0359_3393.utt","3/sw3393",3393,56,"ng","A",31,2,"I have not heard of [ it, +  any  problems of it ] flooding anywhere,  /","[ I/PRP ] have/VBP not/RB heard/VBN of/IN  [ it/PRP ] ,/,  [ any/DT problems/NNS ] of/IN  [ it/PRP ] flooding/VBG anywhere/RB ,/,","(S (NP-SBJ (PRP I)) (VP (VBP have) (RB not) (VP (VBN heard) (PP (IN of) (EDITED (RM (-DFL- \[)) (NP (PRP it)) (, ,) (IP (-DFL- \+))) (NP (NP (DT any) (NNS problems)) (PP (IN of) (S-NOM (NP-SBJ (PRP it)) (RS (-DFL- \])) (VP (VBG flooding) (ADVP-LOC (RB anywhere))))))))) (, ,) (-DFL- E_S))","87",144.2,153.106625,"I have not heard of  it,   any  problems of it  flooding anywhere,  "," I/PRP  have/VBP not/RB heard/VBN of/IN   it/PRP  ,/,   any/DT problems/NNS  of/IN   it/PRP  flooding/VBG anywhere/RB ,/,"
"58","sw03utt/sw_0359_3393.utt","3/sw3393",3393,57,"sd","A",31,3,"{E I mean, } that's occurred certainly at times in  the past,  /","[ I/PRP ] mean/VBP ,/,  [ that/DT ] 's/HVS occurred/VBN certainly/RB at/IN  [ times/NNS ] in/IN  [ the/DT past/NN ] ,/,","(S (PRN (S (NP-SBJ (PRP I)) (VP (VBP mean))) (, ,)) (NP-SBJ-1 (DT that)) (VP (HVS 's) (VP (VBN occurred) (NP (-NONE- *-1)) (ADVP (RB certainly)) (PP-TMP (IN at) (NP (NNS times))) (PP-TMP (IN in) (NP (DT the) (NN past))))) (, ,) (-DFL- E_S))","88",144.2,153.106625," I mean,  that's occurred certainly at times in  the past,  "," I/PRP  mean/VBP ,/,   that/DT  's/HVS occurred/VBN certainly/RB at/IN   times/NNS  in/IN   the/DT past/NN  ,/,"
"59","sw03utt/sw_0359_3393.utt","3/sw3393",3393,58,"nn","A",31,4,"{C but, }  {F uh, }  no,  /","but/CC ,/,  [ uh/UH ] ,/, no/UH ,/,","(FRAG (CC but) (, ,) (INTJ (UH uh)) (, ,) (INTJ (UH no)) (, ,) (-DFL- E_S))","89",144.2,153.106625," but,    uh,   no,  ","but/CC ,/,   uh/UH  ,/, no/UH ,/,"
"60","sw03utt/sw_0359_3393.utt","3/sw3393",3393,59,"sd^e","A",31,5,"I've not heard of any particular problems this time. /","[ I/PRP ] 've/VBP not/RB heard/VBN of/IN  [ any/DT particular/JJ problems/NNS ] [ this/DT time/NN ] ./.","(S (NP-SBJ (PRP I)) (VP (VBP 've) (RB not) (VP (VBN heard) (PP (IN of) (NP (DT any) (JJ particular) (NNS problems))) (NP-TMP (DT this) (NN time)))) (. .) (-DFL- E_S))","90",144.2,153.106625,"I've not heard of any particular problems this time. "," I/PRP  've/VBP not/RB heard/VBN of/IN   any/DT particular/JJ problems/NNS   this/DT time/NN  ./."
"61","sw03utt/sw_0359_3393.utt","3/sw3393",3393,60,"%","B",32,1,"It's just kind of, {F uh, } clou-, - /","[ It/PRP ] 's/BES just/RB kind/RB of/RB ,/,  [ uh/UH ] ,/,  [ clou/JJ ] ,/,","(S (NP-SBJ (PRP It)) (VP (BES 's) (ADVP (RB just)) (ADJP-PRD-UNF (ADVP (RB kind) (RB of)) (, ,) (INTJ (UH uh)) (, ,) (JJ clou-))) (, ,) (-DFL- N_S))","92",153.82175,166.15825,"It's just kind of,  uh,  clou,  "," It/PRP  's/BES just/RB kind/RB of/RB ,/,   uh/UH  ,/,   clou/JJ  ,/,"
"62","sw03utt/sw_0359_3393.utt","3/sw3393",3393,61,"sd","B",32,2,"we're supposed to have a  chance to get some rain the next couple of days here, {F uh, } which will be, {D you know, }  a little bit more typical, {F uh, } autumn weather. But really it's  strange.  /","[ we/PRP ] 're/VBP supposed/VBN to/TO have/VB  [ a/DT chance/NN ] to/TO get/VB  [ some/DT rain/NN ] [ the/DT next/JJ couple/NN ] of/IN  [ days/NNS ] here/RB ,/,  [ uh/UH ] ,/,  [ which/WDT ] will/MD be/VB ,/,  [ you/PRP ] know/VBP ,/,  [ a/DT little/JJ bit/NN ] more/RBR typical/JJ ,/,  [ uh/UH ] ,/,  [ autumn/NN weather/NN ] ./.  But/CC really/RB  [ it/PRP ] 's/BES strange/JJ ./.","(S (NP-SBJ-1 (PRP we)) (VP (VBP 're) (VP (VBN supposed) (S (NP-SBJ (-NONE- *-1)) (VP (TO to) (VP (VB have) (NP (DT a) (NN chance) (S (NP-SBJ (-NONE- *)) (VP (TO to) (VP (VP (VB get) (NP (DT some) (NN rain)) (NP-TMP (NP (DT the) (JJ next) (NN couple)) (PP (IN of) (NP (NNS days)))) (ADVP-LOC (RB here))) (, ,) (INTJ (UH uh)) (, ,) (SBAR (WHNP-2 (WDT which)) (S (NP-SBJ (-NONE- *T*-2)) (VP (MD will) (VP (VB be) (PRN (, ,) (S (NP-SBJ (PRP you)) (VP (VBP know))) (, ,)) (NP-PRD (ADJP (ADVP (NP (DT a) (JJ little) (NN bit)) (RBR more)) (JJ typical)) (, ,) (INTJ (UH uh)) (, ,) (NN autumn) (NN weather))))))))))))))) (. .))|||(S (CC But) (ADVP (RB really)) (NP-SBJ (PRP it)) (VP (BES 's) (ADJP-PRD (JJ strange))) (. .) (-DFL- E_S))","93|||94",153.82175,166.15825,"we're supposed to have a  chance to get some rain the next couple of days here,  uh,  which will be,  you know,   a little bit more typical,  uh,  autumn weather. But really it's  strange.  "," we/PRP  're/VBP supposed/VBN to/TO have/VB   a/DT chance/NN  to/TO get/VB   some/DT rain/NN   the/DT next/JJ couple/NN  of/IN   days/NNS  here/RB ,/,   uh/UH  ,/,   which/WDT  will/MD be/VB ,/,   you/PRP  know/VBP ,/,   a/DT little/JJ bit/NN  more/RBR typical/JJ ,/,   uh/UH  ,/,   autumn/NN weather/NN  ./.  But/CC really/RB   it/PRP  's/BES strange/JJ ./."
"63","sw03utt/sw_0359_3393.utt","3/sw3393",3393,62,"sd","B",32,3,"We haven't really had an autumn.  /","[ We/PRP ] have/VBP n't/RB really/RB had/VBN  [ an/DT autumn/NN ] ./.","(S (NP-SBJ (PRP We)) (VP (VBP have) (RB n't) (ADVP (RB really)) (VP (VBN had) (NP (DT an) (NN autumn)))) (. .) (-DFL- E_S))","95",153.82175,166.15825,"We haven't really had an autumn.  "," We/PRP  have/VBP n't/RB really/RB had/VBN   an/DT autumn/NN  ./."
"64","sw03utt/sw_0359_3393.utt","3/sw3393",3393,63,"sd","B",32,4,"It's like we went into winter -- /","[ It/PRP ] [ 's/BES ] like/IN  [ we/PRP ] went/VBD into/IN  [ winter/NN ] --/:","(S (NP-SBJ (PRP It)) (VP (BES 's) (SBAR-PRD (IN like) (S (NP-SBJ (PRP we)) (VP (VBD went) (PP (IN into) (NP (NN winter))))))) (-DFL- E_S))","96",153.82175,166.15825,"It's like we went into winter  "," It/PRP   's/BES  like/IN   we/PRP  went/VBD into/IN   winter/NN  /:"
"65","sw03utt/sw_0359_3393.utt","3/sw3393",3393,64,"b","A",33,1,"Yes. /","Yes/UH ./.","(INTJ (UH Yes) (. .) (-DFL- E_S))","98",167.0275,167.40525,"Yes. ","Yes/UH ./."
"66","sw03utt/sw_0359_3393.utt","3/sw3393",3393,65,"sv(^q)","B",34,1,"-- {D you know, } the poor trees, said what <laughter>, /","--/:  [ you/PRP ] know/VBP ,/,  [ the/DT poor/JJ trees/NNS ] ,/, said/VBD  [ what/WP ] ,/,","(S (PRN (S (NP-SBJ (PRP you)) (VP (VBP know))) (, ,)) (NP-SBJ (DT the) (JJ poor) (NNS trees)) (, ,) (VP (VBD said) (FRAG (WHNP (WP what)))) (, ,) (-DFL- E_S))","100",167.02125,168.686875,"  you know,  the poor trees, said what laughter, ","/:   you/PRP  know/VBP ,/,   the/DT poor/JJ trees/NNS  ,/, said/VBD   what/WP  ,/,"
"67","sw03utt/sw_0359_3393.utt","3/sw3393",3393,66,"b","A",35,1,"Yes,  /","Yes/UH ,/,","(INTJ (UH Yes) (, ,) (-DFL- E_S))","102",167.40525,179.66825,"Yes,  ","Yes/UH ,/,"
"68","sw03utt/sw_0359_3393.utt","3/sw3393",3393,67,"b","A",35,2,"yeah,  /","yeah/UH ,/,","(INTJ (UH yeah) (, ,) (-DFL- E_S))","103",167.40525,179.66825,"yeah,  ","yeah/UH ,/,"
"69","sw03utt/sw_0359_3393.utt","3/sw3393",3393,68,"sd","A",35,3,"we had  ((   ))  summer lasting  long  /","[ we/PRP ] had/VBD  [ MUMBLEx/XX summer/NN ] lasting/VBG long/RB","(S (NP-SBJ (PRP we)) (VP (VBD had) (S (NP-SBJ (X (XX MUMBLEx)) (NN summer)) (VP (VBG lasting) (ADVP (RB long))))) (-DFL- E_S))","104",167.40525,179.66825,"we had       summer lasting  long  "," we/PRP  had/VBD   MUMBLEx/XX summer/NN  lasting/VBG long/RB"
"70","sw03utt/sw_0359_3393.utt","3/sw3393",3393,69,"sd","A",35,4,"[ [ {C and then } it, + then it, ] + then it ] became winter like, {F uh } --","and/CC then/RB  [ it/PRP ] ,/, then/RB  [ it/PRP ] ,/, then/RB  [ it/PRP ] became/VBD  [ winter/NN ] like/IN ,/,  [ uh/UH ] --/:","(S (EDITED (RM (-DFL- \[)) (EDITED (RM (-DFL- \[)) (S-UNF (CONJP (CC and) (RB then)) (NP-SBJ (PRP it))) (, ,) (IP (-DFL- \+))) (S-UNF (ADVP (RB then)) (NP-SBJ (PRP it))) (, ,) (RS (-DFL- \])) (IP (-DFL- \+))) (ADVP (RB then)) (NP-SBJ (PRP it)) (RS (-DFL- \])) (VP (VBD became) (NP-PRD (NN winter))))|||(S (INTJ (IN like)) (, ,) (INTJ (UH uh)) (EDITED (RM (-DFL- \[)) (S (ADVP-TMP (NN today)) (NP-SBJ (PRP it)) (VP-UNF (BES 's))) (, ,) (IP (-DFL- \+))) (ADVP-TMP (NN today)) (NP-SBJ (PRP it)) (VP (BES 's) (RS (-DFL- \])) (ADVP (RB sort) (RB of)) (NP-PRD (NP (VB change)) (PP (PP (IN to) (ADJP (JJR warmer))) (PP (IN to) (NP (ADJP (ADVP (RB sort) (RB of)) (RBR more) (JJ typical)) (NN autumn) (NN day)))))) (. .) (-DFL- E_S))","105|||106",167.40525,179.66825,"   and then  it,  then it,   then it  became winter like,  uh  ","and/CC then/RB   it/PRP  ,/, then/RB   it/PRP  ,/, then/RB   it/PRP  became/VBD   winter/NN  like/IN ,/,   uh/UH  /:"
"71","sw03utt/sw_0359_3393.utt","3/sw3393",3393,70,"b","B",36,1,"Yeah,  /","Yeah/UH ,/,","(INTJ (UH Yeah) (, ,) (-DFL- E_S))","75",174.453125,175.579125,"Yeah,  ","Yeah/UH ,/,"
"72","sw03utt/sw_0359_3393.utt","3/sw3393",3393,71,"%","B",36,2,"{F uh, } it's, -/","[ uh/UH ] ,/,  [ it/PRP ] 's/BES ,/,","(S (INTJ (UH uh)) (, ,) (NP-SBJ (PRP it)) (VP-UNF (BES 's)) (, ,) (-DFL- N_S))","109",174.453125,175.579125," uh,  it's, "," uh/UH  ,/,   it/PRP  's/BES ,/,"
"73","sw03utt/sw_0359_3393.utt","3/sw3393",3393,72,"+","A",37,1,"-- [ today it's, + today it's ] sort of change to  warmer to sort of more typical autumn day. /","--/:  [ today/NN ] [ it/PRP ] 's/BES ,/,  [ today/NN ] [ it/PRP ] [ 's/BES sort/RB ] of/RB  [ change/VB ] to/IN  [ warmer/JJR ] to/IN  [ sort/RB ] of/RB  [ more/RBR typical/JJ autumn/NN day/NN ] ./.","(S (INTJ (IN like)) (, ,) (INTJ (UH uh)) (EDITED (RM (-DFL- \[)) (S (ADVP-TMP (NN today)) (NP-SBJ (PRP it)) (VP-UNF (BES 's))) (, ,) (IP (-DFL- \+))) (ADVP-TMP (NN today)) (NP-SBJ (PRP it)) (VP (BES 's) (RS (-DFL- \])) (ADVP (RB sort) (RB of)) (NP-PRD (NP (VB change)) (PP (PP (IN to) (ADJP (JJR warmer))) (PP (IN to) (NP (ADJP (ADVP (RB sort) (RB of)) (RBR more) (JJ typical)) (NN autumn) (NN day)))))) (. .) (-DFL- E_S))","106",NA,NA,"  today it's,  today it's  sort of change to  warmer to sort of more typical autumn day. ","/:   today/NN   it/PRP  's/BES ,/,   today/NN   it/PRP   's/BES sort/RB  of/RB   change/VB  to/IN   warmer/JJR  to/IN   sort/RB  of/RB   more/RBR typical/JJ autumn/NN day/NN  ./."
"74","sw03utt/sw_0359_3393.utt","3/sw3393",3393,73,"b","B",38,1,"Yeah,  /","Yeah/UH ,/,","(INTJ (UH Yeah) (, ,) (-DFL- E_S))","75",180.011125,194.087875,"Yeah,  ","Yeah/UH ,/,"
"75","sw03utt/sw_0359_3393.utt","3/sw3393",3393,74,"%","B",38,2,"there, you, {D you know, } - /","there/EX ,/,  [ you/PRP ] ,/,  [ you/PRP ] know/VBP ,/,","(S-UNF (NP-SBJ (EX there)) (PRN (, ,) (S (EDITED (NP-SBJ (PRP you))) (, ,) (NP-SBJ (PRP you)) (VP (VBP know)))) (, ,) (-DFL- N_S))","113",180.011125,194.087875,"there, you,  you know,   ","there/EX ,/,   you/PRP  ,/,   you/PRP  know/VBP ,/,"
"76","sw03utt/sw_0359_3393.utt","3/sw3393",3393,75,"%","B",38,3,"usually  there's,  {F uh, } - /","usually/RB  [ there/EX ] 's/BES ,/,  [ uh/UH ] ,/,","(S (ADVP-TMP (RB usually)) (NP-SBJ (EX there)) (VP-UNF (BES 's) (, ,) (INTJ (UH uh))) (, ,) (-DFL- N_S))","114",180.011125,194.087875,"usually  there's,   uh,   ","usually/RB   there/EX  's/BES ,/,   uh/UH  ,/,"
"77","sw03utt/sw_0359_3393.utt","3/sw3393",3393,76,"sd","B",38,4,"I have a farm a hundred miles east of here in East Texas,  /","[ I/PRP ] have/VBP  [ a/DT farm/NN ] [ a/DT hundred/CD miles/NNS ] east/JJ of/IN here/RB in/IN  [ East/NNP Texas/NNP ] ,/,","(S (NP-SBJ (PRP I)) (VP (VBP have) (NP (DT a) (NN farm)) (ADVP-LOC (NP (DT a) (CD hundred) (NNS miles)) (JJ east) (PP (IN of) (ADVP (RB here)))) (PP-LOC (IN in) (NP (NNP East) (NNP Texas)))) (, ,) (-DFL- E_S))","115",180.011125,194.087875,"I have a farm a hundred miles east of here in East Texas,  "," I/PRP  have/VBP   a/DT farm/NN   a/DT hundred/CD miles/NNS  east/JJ of/IN here/RB in/IN   East/NNP Texas/NNP  ,/,"
"78","sw03utt/sw_0359_3393.utt","3/sw3393",3393,77,"sd","B",38,5,"{C and } {D you know, } all  these huge trees just like  the eastern hard wood belt all the way up to Maine, {D you know, }  /","and/CC  [ you/PRP ] know/VBP ,/,  [ all/PDT these/DT huge/JJ trees/NNS ] just/RB like/IN  [ the/DT eastern/JJ hard/JJ wood/NN belt/NN ] [ all/PDT the/DT way/NN ] up/IN to/IN  [ Maine/NNP ] ,/,  [ you/PRP ] know/VBP ,/,","(FRAG (CC and) (PRN (S (NP-SBJ (PRP you)) (VP (VBP know))) (, ,)) (NP (PDT all) (DT these) (JJ huge) (NNS trees)) (PP (ADVP (RB just)) (IN like) (NP (DT the) (JJ eastern) (JJ hard) (NN wood) (NN belt))) (PP-LOC (NP-ADV (PDT all) (DT the) (NN way)) (IN up) (PP (IN to) (NP (NNP Maine)))) (PRN (, ,) (S (NP-SBJ (PRP you)) (VP (VBP know)))) (, ,) (-DFL- E_S))","116",180.011125,194.087875," and   you know,  all  these huge trees just like  the eastern hard wood belt all the way up to Maine,  you know,   ","and/CC   you/PRP  know/VBP ,/,   all/PDT these/DT huge/JJ trees/NNS  just/RB like/IN   the/DT eastern/JJ hard/JJ wood/NN belt/NN   all/PDT the/DT way/NN  up/IN to/IN   Maine/NNP  ,/,   you/PRP  know/VBP ,/,"
"79","sw03utt/sw_0359_3393.utt","3/sw3393",3393,78,"sd","B",38,6,"it's that same trees, pines [ and, + and ] hard woods, {D you know } --","[ it/PRP ] 's/BES  [ that/DT same/JJ trees/NNS ] ,/,  [ pines/NNS ] and/CC ,/, and/CC  [ hard/JJ woods/NNS ] ,/,  [ you/PRP ] know/VBP --/:","(S (NP-SBJ (PRP it)) (VP (BES 's) (NP-PRD (NP (DT that) (JJ same) (NNS trees)) (, ,) (NP (NP (NNS pines)) (EDITED (RM (-DFL- \[)) (CC and) (, ,) (IP (-DFL- \+))) (CC and) (RS (-DFL- \])) (NP (JJ hard) (NNS woods)) (PRN (, ,) (S (NP-SBJ (PRP you)) (VP (VBP know)))) (NP (NNS hickories)) (CC and) (NP (NNS oaks)) (CC and) (NP (NN stuff))))) (, ,) (-DFL- E_S))","117",180.011125,194.087875,"it's that same trees, pines  and,  and  hard woods,  you know  "," it/PRP  's/BES   that/DT same/JJ trees/NNS  ,/,   pines/NNS  and/CC ,/, and/CC   hard/JJ woods/NNS  ,/,   you/PRP  know/VBP /:"
"80","sw03utt/sw_0359_3393.utt","3/sw3393",3393,79,"b","A",39,1,"Yeah. /","Yeah/UH ./.","(INTJ (UH Yeah) (. .) (-DFL- E_S))","78",184.31775,184.5345,"Yeah. ","Yeah/UH ./."
"81","sw03utt/sw_0359_3393.utt","3/sw3393",3393,80,"+","B",40,1,"-- hickories and oaks and stuff,  /","--/:  [ hickories/NNS ] and/CC  [ oaks/NNS ] and/CC  [ stuff/NN ] ,/,","(S (NP-SBJ (PRP it)) (VP (BES 's) (NP-PRD (NP (DT that) (JJ same) (NNS trees)) (, ,) (NP (NP (NNS pines)) (EDITED (RM (-DFL- \[)) (CC and) (, ,) (IP (-DFL- \+))) (CC and) (RS (-DFL- \])) (NP (JJ hard) (NNS woods)) (PRN (, ,) (S (NP-SBJ (PRP you)) (VP (VBP know)))) (NP (NNS hickories)) (CC and) (NP (NNS oaks)) (CC and) (NP (NN stuff))))) (, ,) (-DFL- E_S))","117",194.81475,205.219625," hickories and oaks and stuff,  ","/:   hickories/NNS  and/CC   oaks/NNS  and/CC   stuff/NN  ,/,"
"82","sw03utt/sw_0359_3393.utt","3/sw3393",3393,81,"sd","B",40,2,"{C and, }  {F uh, } I was up  there last weekend,  /","and/CC ,/,  [ uh/UH ] ,/,  [ I/PRP ] was/VBD up/IN there/RB  [ last/JJ weekend/NN ] ,/,","(S (CC and) (, ,) (INTJ (UH uh)) (, ,) (NP-SBJ (PRP I)) (VP (VBD was) (PP-LOC-PRD (IN up) (ADVP (RB there))) (NP-TMP (JJ last) (NN weekend))) (, ,) (-DFL- E_S))","121",194.81475,205.219625," and,    uh,  I was up  there last weekend,  ","and/CC ,/,   uh/UH  ,/,   I/PRP  was/VBD up/IN there/RB   last/JJ weekend/NN  ,/,"
"83","sw03utt/sw_0359_3393.utt","3/sw3393",3393,82,"sd","B",40,3,"{C and } there are trees [ that, + that ] still have their  leaves on,  /","and/CC  [ there/EX ] are/VBP  [ trees/NNS ] [ that/WDT ] ,/,  [ that/WDT ] still/RB have/VBP  [ their/PRP$ leaves/NNS ] on/IN ,/,","(S (CC and) (NP-SBJ (EX there)) (VP (VBP are) (NP-PRD (NP (NNS trees)) (SBAR (EDITED (RM (-DFL- \[)) (WHNP (WDT that)) (, ,) (IP (-DFL- \+))) (WHNP-1 (WDT that)) (RS (-DFL- \])) (S (NP-SBJ (-NONE- *T*-1)) (ADVP-TMP (RB still)) (VP (VBP have) (NP (PRP$ their) (NNS leaves)) (PRT (IN on))))))) (, ,) (-DFL- E_S))","122",194.81475,205.219625," and  there are trees  that,  that  still have their  leaves on,  ","and/CC   there/EX  are/VBP   trees/NNS   that/WDT  ,/,   that/WDT  still/RB have/VBP   their/PRP$ leaves/NNS  on/IN ,/,"
"84","sw03utt/sw_0359_3393.utt","3/sw3393",3393,83,"sd","B",40,4,"{C and } they're green,  /","and/CC  [ they/PRP ] 're/VBP green/JJ ,/,","(S (CC and) (NP-SBJ (PRP they)) (VP (VBP 're) (ADJP-PRD (JJ green))) (, ,) (-DFL- E_S))","123",194.81475,205.219625," and  they're green,  ","and/CC   they/PRP  're/VBP green/JJ ,/,"
"85","sw03utt/sw_0359_3393.utt","3/sw3393",3393,84,"sd","B",40,5,"{C but } they're dead <laughter>.  /","but/CC  [ they/PRP ] 're/VBP dead/JJ ./.","(S (CC but) (NP-SBJ (PRP they)) (VP (VBP 're) (ADJP-PRD (JJ dead))) (. .) (-DFL- E_S))","124",194.81475,205.219625," but  they're dead laughter.  ","but/CC   they/PRP  're/VBP dead/JJ ./."
"86","sw03utt/sw_0359_3393.utt","3/sw3393",3393,85,"sd","B",40,6,"{D You know, } [ the, + the ]  freeze just got them. /","[ You/PRP ] know/VBP ,/,  [ the/DT ] ,/,  [ the/DT freeze/NN ] just/RB got/VBD  [ them/PRP ] ./.","(S (PRN (S (NP-SBJ (PRP You)) (VP (VBP know))) (, ,)) (EDITED (RM (-DFL- \[)) (NP-SBJ-UNF (DT the)) (, ,) (IP (-DFL- \+))) (NP-SBJ (DT the) (RS (-DFL- \])) (NN freeze)) (ADVP (RB just)) (VP (VBD got) (NP (PRP them))) (. .) (-DFL- E_S))","125",194.81475,205.219625," You know,   the,  the   freeze just got them. "," You/PRP  know/VBP ,/,   the/DT  ,/,   the/DT freeze/NN  just/RB got/VBD   them/PRP  ./."
"87","sw03utt/sw_0359_3393.utt","3/sw3393",3393,86,"x","A",41,1,"((   )) . -/","[ MUMBLEx/XX ] ./.","(X (XX MUMBLEx) (. .) (-DFL- N_S))","127",NA,NA,"    . "," MUMBLEx/XX  ./."
"88","sw03utt/sw_0359_3393.utt","3/sw3393",3393,87,"sv","B",42,1,"[ They, + they ] weren't ready for it at all  apparently,  /","[ They/PRP ] ,/,  [ they/PRP ] were/VBD n't/RB ready/JJ for/IN  [ it/PRP ] at/IN  [ all/DT ] apparently/RB ,/,","(S (EDITED (RM (-DFL- \[)) (NP-SBJ (PRP They)) (, ,) (IP (-DFL- \+))) (NP-SBJ (PRP they)) (RS (-DFL- \])) (VP (VBD were) (RB n't) (ADJP-PRD (JJ ready) (PP (IN for) (NP (PRP it)))) (ADVP (IN at) (DT all)) (ADVP (RB apparently))) (, ,) (-DFL- E_S))","129",205.219625,218.677," They,  they  weren't ready for it at all  apparently,  "," They/PRP  ,/,   they/PRP  were/VBD n't/RB ready/JJ for/IN   it/PRP  at/IN   all/DT  apparently/RB ,/,"
"89","sw03utt/sw_0359_3393.utt","3/sw3393",3393,88,"sd","B",42,2,"[ {C and, } + {C and } ] we haven't had a typical fall at all.  /","and/CC ,/, and/CC  [ we/PRP ] have/VBP n't/RB had/VBN  [ a/DT typical/JJ fall/NN ] at/IN  [ all/DT ] ./.","(S (EDITED (RM (-DFL- \[)) (CC and) (, ,) (IP (-DFL- \+))) (CC and) (RS (-DFL- \])) (NP-SBJ (PRP we)) (VP (VBP have) (RB n't) (VP (VBN had) (NP (DT a) (JJ typical) (NN fall)) (ADVP (IN at) (DT all)))) (. .) (-DFL- E_S))","130",205.219625,218.677,"  and,    and   we haven't had a typical fall at all.  ","and/CC ,/, and/CC   we/PRP  have/VBP n't/RB had/VBN   a/DT typical/JJ fall/NN  at/IN   all/DT  ./."
"90","sw03utt/sw_0359_3393.utt","3/sw3393",3393,89,"sd","B",42,3,"Not much color, {D you know, }  changes have occurred at all.  /","Not/RB  [ much/JJ color/NN ] ,/,  [ you/PRP ] know/VBP ,/,  [ changes/NNS ] have/VBP occurred/VBN at/IN  [ all/DT ] ./.","(S (NP-SBJ (RB Not) (JJ much) (NN color) (PRN (, ,) (S (NP-SBJ (PRP you)) (VP (VBP know))) (, ,)) (NNS changes)) (VP (VBP have) (VP (VBN occurred) (ADVP (IN at) (DT all)))) (. .) (-DFL- E_S))","131",205.219625,218.677,"Not much color,  you know,   changes have occurred at all.  ","Not/RB   much/JJ color/NN  ,/,   you/PRP  know/VBP ,/,   changes/NNS  have/VBP occurred/VBN at/IN   all/DT  ./."
"91","sw03utt/sw_0359_3393.utt","3/sw3393",3393,90,"sd","B",42,4,"Really weird this year.  /","Really/RB  [ weird/JJ ] [ this/DT year/NN ] ./.","(FRAG (ADJP (RB Really) (JJ weird)) (NP-TMP (DT this) (NN year)) (. .) (-DFL- E_S))","132",205.219625,218.677,"Really weird this year.  ","Really/RB   weird/JJ   this/DT year/NN  ./."
"92","sw03utt/sw_0359_3393.utt","3/sw3393",3393,91,"sd","B",42,5,"I'm not sure [ what  that, + what that ] means. /","[ I/PRP ] 'm/VBP not/RB sure/JJ  [ what/WP ] [ that/DT ] ,/,  [ what/WP ] [ that/DT means/VBZ ] ./.","(S (NP-SBJ (PRP I)) (VP (VBP 'm) (RB not) (ADJP-PRD (JJ sure) (SBAR (EDITED (RM (-DFL- \[)) (SBAR (WHNP (WP what)) (S-UNF (NP-SBJ (DT that)))) (, ,) (IP (-DFL- \+))) (WHNP-1 (WP what)) (S (NP-SBJ (DT that)) (RS (-DFL- \])) (VP (VBZ means) (NP (-NONE- *T*-1))))))) (. .) (-DFL- E_S))","133",205.219625,218.677,"I'm not sure  what  that,  what that  means. "," I/PRP  'm/VBP not/RB sure/JJ   what/WP   that/DT  ,/,   what/WP   that/DT means/VBZ  ./."
"93","sw03utt/sw_0359_3393.utt","3/sw3393",3393,92,"h","A",43,1,"I don't know.  /","[ I/PRP ] do/VBP n't/RB know/VB ./.","(S (NP-SBJ (PRP I)) (VP (VBP do) (RB n't) (VP (VB know))) (. .) (-DFL- E_S))","135",219.00725,225.69125,"I don't know.  "," I/PRP  do/VBP n't/RB know/VB ./."
"94","sw03utt/sw_0359_3393.utt","3/sw3393",3393,93,"%","A",43,2,"Yeah,  /","Yeah/UH ,/,","(INTJ (UH Yeah) (, ,) (-DFL- E_S))","108",219.00725,225.69125,"Yeah,  ","Yeah/UH ,/,"
"95","sw03utt/sw_0359_3393.utt","3/sw3393",3393,94,"sd","A",43,3,"our leaves [ are, + are ] all  [ on, + on ] the ground now.  /","[ our/PRP$ leaves/NNS ] are/VBP ,/, are/VBP  [ all/DT ] on/IN ,/, on/IN  [ the/DT ground/NN ] now/RB ./.","(S (NP-SBJ (PRP$ our) (NNS leaves)) (EDITED (RM (-DFL- \[)) (VP-UNF (VBP are)) (, ,) (IP (-DFL- \+))) (VP (VBP are) (RS (-DFL- \])) (DT all) (EDITED (RM (-DFL- \[)) (PP-LOC-PRD-UNF (IN on)) (, ,) (IP (-DFL- \+))) (PP-LOC-PRD (IN on) (RS (-DFL- \])) (NP (DT the) (NN ground))) (ADVP-TMP (RB now))) (. .) (-DFL- E_S))","137",219.00725,225.69125,"our leaves  are,  are  all   on,  on  the ground now.  "," our/PRP$ leaves/NNS  are/VBP ,/, are/VBP   all/DT  on/IN ,/, on/IN   the/DT ground/NN  now/RB ./."
"96","sw03utt/sw_0359_3393.utt","3/sw3393",3393,95,"sd","A",43,4,"I think it was an especially good winter for fall colors. /","[ I/PRP ] think/VBP  [ it/PRP ] was/VBD  [ an/DT ] especially/RB  [ good/JJ winter/NN ] for/IN  [ fall/NN colors/NNS ] ./.","(S (NP-SBJ (PRP I)) (VP (VBP think) (SBAR (-NONE- 0) (S (NP-SBJ (PRP it)) (VP (VBD was) (NP-PRD (NP (DT an) (ADJP (RB especially) (JJ good)) (NN winter)) (PP (IN for) (NP (NN fall) (NNS colors)))))))) (. .) (-DFL- E_S))","138",219.00725,225.69125,"I think it was an especially good winter for fall colors. "," I/PRP  think/VBP   it/PRP  was/VBD   an/DT  especially/RB   good/JJ winter/NN  for/IN   fall/NN colors/NNS  ./."
"97","sw03utt/sw_0359_3393.utt","3/sw3393",3393,96,"qy^g","B",44,1,"{C So } [ you, + you ] all actually had some color, {F huh? } /","So/RB  [ you/PRP ] ,/,  [ you/PRP ] [ all/DT ] actually/RB had/VBD  [ some/DT color/NN ] ,/, huh/UH ?/.","(S (RB So) (EDITED (RM (-DFL- \[)) (NP-SBJ (PRP you)) (, ,) (IP (-DFL- \+))) (NP-SBJ (NP (PRP you)) (RS (-DFL- \])) (NP (DT all))) (ADVP (RB actually)) (VP (VBD had) (NP (DT some) (NN color)) (, ,) (INTJ (UH huh))) (. ?) (-DFL- E_S))","140",227.06275,229.136125," So   you,  you  all actually had some color,  huh?  ","So/RB   you/PRP  ,/,   you/PRP   all/DT  actually/RB had/VBD   some/DT color/NN  ,/, huh/UH ?/."
"98","sw03utt/sw_0359_3393.utt","3/sw3393",3393,97,"ny","A",45,1,"{F Oh, } yeah,  /","Oh/UH ,/, yeah/UH ,/,","(INTJ (INTJ (UH Oh)) (, ,) (INTJ (UH yeah)) (, ,) (-DFL- E_S))","142",229.314875,230.06025," Oh,  yeah,  ","Oh/UH ,/, yeah/UH ,/,"
"99","sw03utt/sw_0359_3393.utt","3/sw3393",3393,98,"ny^r","A",45,2,"yeah. /","yeah/UH ./.","(INTJ (UH yeah) (. .) (-DFL- E_S))","143",229.314875,230.06025,"yeah. ","yeah/UH ./."
"100","sw03utt/sw_0359_3393.utt","3/sw3393",3393,99,"qy^d","B",46,1,"It kind of crept in  /","[ It/PRP ] [ kind/RB ] of/RB crept/VBD in/RB","(S (NP-SBJ (PRP It)) (ADVP (RB kind) (RB of)) (VP (VBD crept) (PRT (RB in))) (-DFL- E_S))","145",229.77675,231.079,"It kind of crept in  "," It/PRP   kind/RB  of/RB crept/VBD in/RB"
"101","sw03utt/sw_0359_3393.utt","3/sw3393",3393,100,"%","B",46,2,"{C and, } -/","and/CC ,/,","(S-UNF (CC and) (, ,) (-DFL- N_S))","146",229.77675,231.079," and,  ","and/CC ,/,"
"102","sw03utt/sw_0359_3393.utt","3/sw3393",3393,101,"ny","A",47,1,"Yeah,  /","Yeah/UH ,/,","(INTJ (UH Yeah) (, ,) (-DFL- E_S))","108",231.45325,232.876875,"Yeah,  ","Yeah/UH ,/,"
"103","sw03utt/sw_0359_3393.utt","3/sw3393",3393,102,"sd^e","A",47,2,"[ we, + we ] did, for a time. /","[ we/PRP ] ,/,  [ we/PRP ] did/VBD ,/, for/IN  [ a/DT time/NN ] ./.","(S (EDITED (RM (-DFL- \[)) (NP-SBJ (PRP we)) (, ,) (IP (-DFL- \+))) (NP-SBJ (PRP we)) (RS (-DFL- \])) (VP (VBD did) (, ,) (PP-TMP (IN for) (NP (DT a) (NN time)))) (. .) (-DFL- E_S))","149",231.45325,232.876875," we,  we  did, for a time. "," we/PRP  ,/,   we/PRP  did/VBD ,/, for/IN   a/DT time/NN  ./."
"104","sw03utt/sw_0359_3393.utt","3/sw3393",3393,103,"b","B",48,1,"Yeah,  /","Yeah/UH ,/,","(INTJ (UH Yeah) (, ,) (-DFL- E_S))","108",232.44925,234.225125,"Yeah,  ","Yeah/UH ,/,"
"105","sw03utt/sw_0359_3393.utt","3/sw3393",3393,104,"qy^g","B",48,2,"it's usually beautiful up there isn't it? /","[ it/PRP ] 's/BES usually/RB beautiful/JJ up/IN  [ there/RB ] is/VBZ n't/RB  [ it/PRP ] ?/.","(SQ (S (NP-SBJ (PRP it)) (VP (BES 's) (ADVP-TMP (RB usually)) (ADJP-PRD (JJ beautiful)) (PP-LOC (IN up) (ADVP (RB there))))) (SQ (VBZ is) (RB n't) (NP-SBJ (PRP it)) (ADJP-PRD (-NONE- *?*))) (. ?) (-DFL- E_S))","152",232.44925,234.225125,"it's usually beautiful up there isn't it? "," it/PRP  's/BES usually/RB beautiful/JJ up/IN   there/RB  is/VBZ n't/RB   it/PRP  ?/."
"106","sw03utt/sw_0359_3393.utt","3/sw3393",3393,105,"ny","A",49,1,"Uh-huh. /","[ Uh-huh/UH ] ./.","(INTJ (UH Uh-huh) (. .) (-DFL- E_S))","154",234.319375,234.593125,"Uhhuh. "," Uhhuh/UH  ./."
"107","sw03utt/sw_0359_3393.utt","3/sw3393",3393,106,"ba","B",50,1,"Gorgeous.  /","[ Gorgeous/JJ ] ./.","(ADJP (JJ Gorgeous) (. .) (-DFL- E_S))","156",235.091875,249.29725,"Gorgeous.  "," Gorgeous/JJ  ./."
"108","sw03utt/sw_0359_3393.utt","3/sw3393",3393,107,"%","B",50,2,"That's, {D you know, } - /","[ That/DT ] 's/BES ,/,  [ you/PRP ] know/VBP ,/,","(S (NP-SBJ (DT That)) (VP-UNF (BES 's) (PRN (, ,) (S (NP-SBJ (PRP you)) (VP (VBP know))))) (, ,) (-DFL- N_S))","157",235.091875,249.29725,"That's,  you know,   "," That/DT  's/BES ,/,   you/PRP  know/VBP ,/,"
"109","sw03utt/sw_0359_3393.utt","3/sw3393",3393,108,"sv","B",50,3,"I think you could  drive along in Maryland and  look at the sweet gum trees on each side [ and the, + and the ]  pines and what not,  /","[ I/PRP ] think/VBP  [ you/PRP ] could/MD drive/VB along/IN in/IN  [ Maryland/NNP ] and/CC  [ look/VB ] at/IN  [ the/DT sweet/JJ gum/NN trees/NNS ] on/IN  [ each/DT side/NN ] and/CC  [ the/DT ] ,/, and/CC  [ the/DT pines/NNS ] and/CC  [ what/WP ] not/RB ,/,","(S (NP-SBJ (PRP I)) (VP (VBP think) (SBAR (-NONE- 0) (S (NP-SBJ (PRP you)) (VP (MD could) (VP (VP (VB drive) (ADVP (IN along)) (PP-LOC (IN in) (NP (NNP Maryland)))) (CC and) (VP (VB look) (PP (IN at) (NP (NP (NP (DT the) (JJ sweet) (NN gum) (NNS trees)) (PP-LOC (IN on) (NP (DT each) (NN side)))) (EDITED (RM (-DFL- \[)) (CC and) (NP-UNF (DT the)) (, ,) (IP (-DFL- \+))) (CC and) (NP (DT the) (RS (-DFL- \])) (NNS pines)) (CC and) (NP (WP what) (RB not)))))))))) (, ,) (-DFL- E_S))","158",235.091875,249.29725,"I think you could  drive along in Maryland and  look at the sweet gum trees on each side  and the,  and the   pines and what not,  "," I/PRP  think/VBP   you/PRP  could/MD drive/VB along/IN in/IN   Maryland/NNP  and/CC   look/VB  at/IN   the/DT sweet/JJ gum/NN trees/NNS  on/IN   each/DT side/NN  and/CC   the/DT  ,/, and/CC   the/DT pines/NNS  and/CC   what/WP  not/RB ,/,"
"110","sw03utt/sw_0359_3393.utt","3/sw3393",3393,109,"sv","B",50,4,"{C and } [ you could, + {D you know, } you could ] be driving  along in East Texas and looks just the same.  /","and/CC  [ you/PRP ] could/MD ,/,  [ you/PRP ] know/VBP ,/,  [ you/PRP ] could/MD be/VB driving/VBG along/IN in/IN  [ East/NNP Texas/NNP ] and/CC looks/VBZ just/RB  [ the/DT same/JJ ] ./.","(S (CC and) (EDITED (RM (-DFL- \[)) (S (NP-SBJ (PRP you)) (VP-UNF (MD could))) (, ,) (IP (-DFL- \+))) (PRN (S (NP-SBJ (PRP you)) (VP (VBP know))) (, ,)) (NP-SBJ (PRP you)) (VP (MD could) (RS (-DFL- \])) (VP (VB be) (VP (VBG driving) (ADVP (IN along)) (PP-LOC (IN in) (NP (NNP East) (NNP Texas)))))))|||(S (CC and) (NP-SBJ (-NONE- *)) (VP (VBZ looks) (ADVP (RB just)) (NP-PRD (DT the) (JJ same))) (. .) (-DFL- E_S))","159|||160",235.091875,249.29725," and   you could,   you know,  you could  be driving  along in East Texas and looks just the same.  ","and/CC   you/PRP  could/MD ,/,   you/PRP  know/VBP ,/,   you/PRP  could/MD be/VB driving/VBG along/IN in/IN   East/NNP Texas/NNP  and/CC looks/VBZ just/RB   the/DT same/JJ  ./."
"111","sw03utt/sw_0359_3393.utt","3/sw3393",3393,110,"sv","B",50,5,"It's almost, {D you know, } identical kind of country. /","[ It/PRP ] 's/BES almost/RB ,/,  [ you/PRP ] know/VBP ,/,  [ identical/JJ kind/NN ] of/IN  [ country/NN ] ./.","(S (NP-SBJ (PRP It)) (VP (BES 's) (ADVP (RB almost)) (PRN (, ,) (S (NP-SBJ (PRP you)) (VP (VBP know))) (, ,)) (NP-PRD (NP (JJ identical) (NN kind)) (PP (IN of) (NP (NN country))))) (. .) (-DFL- E_S))","161",235.091875,249.29725,"It's almost,  you know,  identical kind of country. "," It/PRP  's/BES almost/RB ,/,   you/PRP  know/VBP ,/,   identical/JJ kind/NN  of/IN   country/NN  ./."
"112","sw03utt/sw_0359_3393.utt","3/sw3393",3393,111,"b","A",51,1,"Uh-huh. /","[ Uh-huh/UH ] ./.","(INTJ (UH Uh-huh) (. .) (-DFL- E_S))","154",249.11425,249.411,"Uhhuh. "," Uhhuh/UH  ./."
"113","sw03utt/sw_0359_3393.utt","3/sw3393",3393,112,"ba","B",52,1,"Beautiful. /","[ Beautiful/JJ ] ./.","(ADJP (JJ Beautiful) (. .) (-DFL- E_S))","165",250.173125,250.692,"Beautiful. "," Beautiful/JJ  ./."
"114","sw03utt/sw_0359_3393.utt","3/sw3393",3393,113,"sd","A",53,1,"Been that this year --","Been/VBN that/DT  [ this/DT year/NN ] --/:","(VP (VBN Been) (NP-PRD (DT that)) (NP-TMP (DT this) (NN year)) (PP (PP (IN for) (NP (DT the) (NNS trees))) (PP (IN for) (NP (DT the) (NNS leaves)))) (. .) (-DFL- E_S))","167",250.34175,252.76425,"Been that this year ","Been/VBN that/DT   this/DT year/NN  /:"
"115","sw03utt/sw_0359_3393.utt","3/sw3393",3393,114,"b","B",54,1,"Yeah. /","Yeah/UH ./.","(INTJ (UH Yeah) (. .) (-DFL- E_S))","169",251.50175,251.947125,"Yeah. ","Yeah/UH ./."
"116","sw03utt/sw_0359_3393.utt","3/sw3393",3393,115,"+","A",55,1,"-- for the trees --","--/: for/IN  [ the/DT trees/NNS ] --/:","(VP (VBN Been) (NP-PRD (DT that)) (NP-TMP (DT this) (NN year)) (PP (PP (IN for) (NP (DT the) (NNS trees))) (PP (IN for) (NP (DT the) (NNS leaves)))) (. .) (-DFL- E_S))","167",NA,NA," for the trees ","/: for/IN   the/DT trees/NNS  /:"
"117","sw03utt/sw_0359_3393.utt","3/sw3393",3393,116,"b","B",56,1,"Oh. /","Oh/UH ./.","(INTJ (UH Oh) (. .) (-DFL- E_S))","172",252.2635,252.450625,"Oh. ","Oh/UH ./."
"118","sw03utt/sw_0359_3393.utt","3/sw3393",3393,117,"+","A",57,1,"-- for the leaves. /","--/: for/IN  [ the/DT leaves/NNS ] ./.","(VP (VBN Been) (NP-PRD (DT that)) (NP-TMP (DT this) (NN year)) (PP (PP (IN for) (NP (DT the) (NNS trees))) (PP (IN for) (NP (DT the) (NNS leaves)))) (. .) (-DFL- E_S))","167",NA,NA," for the leaves. ","/: for/IN   the/DT leaves/NNS  ./."
"119","sw03utt/sw_0359_3393.utt","3/sw3393",3393,118,"b","B",58,1,"<Breathing> Yeah,  /","[ Yeah/UH ] ,/,","(INTJ (UH Yeah) (, ,) (-DFL- E_S))","148",254.379375,258.93125,"Breathing Yeah,  "," Yeah/UH  ,/,"
"120","sw03utt/sw_0359_3393.utt","3/sw3393",3393,119,"sd","B",58,2,"[ I was up, + I was up ] there cutting  some firewood this weekend,  /","[ I/PRP ] was/VBD up/IN ,/,  [ I/PRP ] was/VBD up/IN there/RB cutting/VBG  [ some/DT firewood/NN ] [ this/DT weekend/NN ] ,/,","(S (EDITED (RM (-DFL- \[)) (S (NP-SBJ (PRP I)) (VP (VBD was) (PP-LOC-PRD-UNF (IN up)))) (, ,) (IP (-DFL- \+))) (NP-SBJ (PRP I)) (VP (VBD was) (PP-LOC-PRD (IN up) (RS (-DFL- \])) (ADVP (RB there))) (VP (VBG cutting) (NP (DT some) (NN firewood)) (NP-TMP (DT this) (NN weekend)))) (, ,) (-DFL- E_S))","176",254.379375,258.93125," I was up,  I was up  there cutting  some firewood this weekend,  "," I/PRP  was/VBD up/IN ,/,   I/PRP  was/VBD up/IN there/RB cutting/VBG   some/DT firewood/NN   this/DT weekend/NN  ,/,"
"121","sw03utt/sw_0359_3393.utt","3/sw3393",3393,120,"%","B",58,3,"{C so. } -/","so/RB ./.","(S-UNF (RB so) (. .) (-DFL- N_S))","177",254.379375,258.93125," so.  ","so/RB ./."
"122","sw03utt/sw_0359_3393.utt","3/sw3393",3393,121,"b","A",59,1,"{F Um. } /","Um/UH ./.","(INTJ (UH Um) (. .) (-DFL- E_S))","179",263.613,263.87625," Um.  ","Um/UH ./."
"123","sw03utt/sw_0359_3393.utt","3/sw3393",3393,122,"sd","B",60,1,"[ Little, + little ] oak tree that was dead, and cut  it up and split it  ((   )) . /","[ Little/JJ ] ,/,  [ little/JJ oak/NN tree/NN ] [ that/WDT ] was/VBD dead/JJ ,/, and/CC cut/VBD  [ it/PRP ] up/RP and/CC split/VBD  [ it/PRP ] [ MUMBLEx/XX ] ./.","(S (EDITED (RM (-DFL- \[)) (NP-UNF (JJ Little)) (, ,) (IP (-DFL- \+))) (NP-TPC (NP (JJ little) (RS (-DFL- \])) (NN oak) (NN tree)) (SBAR (WHNP-1 (WDT that)) (S (NP-SBJ (-NONE- *T*-1)) (VP (VBD was) (ADJP-PRD (JJ dead)))))) (, ,) (CC and) (NP-SBJ (-NONE- *)) (VP (VP (VBD cut) (NP (PRP it)) (PRT (RP up))) (CC and) (VP (VBD split) (NP (PRP it)) (X (XX MUMBLEx)))) (. .) (-DFL- E_S))","181",260.906625,265.870875," Little,  little  oak tree that was dead, and cut  it up and split it      . "," Little/JJ  ,/,   little/JJ oak/NN tree/NN   that/WDT  was/VBD dead/JJ ,/, and/CC cut/VBD   it/PRP  up/RP and/CC split/VBD   it/PRP   MUMBLEx/XX  ./."
"124","sw03utt/sw_0359_3393.utt","3/sw3393",3393,123,"b","A",61,1,"Yeah,  /","Yeah/UH ,/,","(INTJ (UH Yeah) (, ,) (-DFL- E_S))","175",266.101875,270.5515,"Yeah,  ","Yeah/UH ,/,"
"125","sw03utt/sw_0359_3393.utt","3/sw3393",3393,124,"sv","A",61,2,"that's because [ it, + it ] can't tolerate a  freeze this early.  /","[ that/DT ] 's/BES because/IN  [ it/PRP ] ,/,  [ it/PRP ] ca/MD n't/RB tolerate/VB  [ a/DT ] freeze/NN  [ this/DT early/JJ ] ./.","(S (NP-SBJ (DT that)) (VP (BES 's) (SBAR-PRP-PRD (IN because) (S (EDITED (RM (-DFL- \[)) (NP-SBJ (PRP it)) (, ,) (IP (-DFL- \+))) (NP-SBJ (PRP it)) (RS (-DFL- \])) (VP (MD ca) (RB n't) (VP (VB tolerate) (NP (DT a) (NN freeze)) (NP-TMP (DT this) (JJ early))))))) (. .) (-DFL- E_S))","184",266.101875,270.5515,"that's because  it,  it  can't tolerate a  freeze this early.  "," that/DT  's/BES because/IN   it/PRP  ,/,   it/PRP  ca/MD n't/RB tolerate/VB   a/DT  freeze/NN   this/DT early/JJ  ./."
"126","sw03utt/sw_0359_3393.utt","3/sw3393",3393,125,"bh","A",61,3,"Is that right? /","Is/VBZ  [ that/DT right/JJ ] ?/.","(SQ (VBZ Is) (NP-SBJ (DT that)) (ADJP-PRD (JJ right)) (. ?) (-DFL- E_S))","185",266.101875,270.5515,"Is that right? ","Is/VBZ   that/DT right/JJ  ?/."
"127","sw03utt/sw_0359_3393.utt","3/sw3393",3393,126,"%","B",62,1,"{D Well. } -/","Well/UH ./.","(INTJ (UH Well) (. .) (-DFL- N_S))","187",271.503875,271.922375," Well.  ","Well/UH ./."
"128","sw03utt/sw_0359_3393.utt","3/sw3393",3393,127,"qy","A",63,1,"If it would came later it would be all right? /","If/IN  [ it/PRP ] would/MD came/VB later/RB  [ it/PRP ] would/MD be/VB all/RB right/JJ ?/.","(S (SBAR-ADV (IN If) (S (NP-SBJ (PRP it)) (VP (MD would) (VP (VB came) (ADVP-TMP (RB later)))))) (NP-SBJ (PRP it)) (VP (MD would) (VP (VB be) (ADJP-PRD (RB all) (JJ right)))) (. ?) (-DFL- E_S))","189",271.817625,273.461,"If it would came later it would be all right? ","If/IN   it/PRP  would/MD came/VB later/RB   it/PRP  would/MD be/VB all/RB right/JJ ?/."
"129","sw03utt/sw_0359_3393.utt","3/sw3393",3393,128,"%","B",64,1,"{F Uh, } [ it, +  there's ] some trees - /","[ Uh/UH ] ,/,  [ it/PRP ] ,/,  [ there/EX ] 's/BES  [ some/DT trees/NNS ]","(S (INTJ (UH Uh)) (, ,) (EDITED (RM (-DFL- \[)) (NP-SBJ (PRP it)) (, ,) (IP (-DFL- \+))) (NP-SBJ (EX there)) (VP (BES 's) (RS (-DFL- \])) (NP-PRD (NP (DT some) (NNS trees)) (-DFL- N_S) (RM (-DFL- \[)) (PP (UH like) (NP-UNF (DT the) (NNS oaks))))) (, ,) (IP (-DFL- \+)))","191",273.78975,295.116375," Uh,   it,   there's  some trees  "," Uh/UH  ,/,   it/PRP  ,/,   there/EX  's/BES   some/DT trees/NNS "
"130","sw03utt/sw_0359_3393.utt","3/sw3393",3393,129,"sv","B",64,2,"[  {D like } the oaks, + {D like }  the white oaks ] seem to be pretty hardy.  /","like/IN  [ the/DT oaks/NNS ] ,/, like/IN  [ the/DT white/JJ oaks/NNS ] seem/VBP to/TO be/VB pretty/RB hardy/JJ ./.","(S (INTJ (UH Uh)) (, ,) (EDITED (RM (-DFL- \[)) (NP-SBJ (PRP it)) (, ,) (IP (-DFL- \+))) (NP-SBJ (EX there)) (VP (BES 's) (RS (-DFL- \])) (NP-PRD (NP (DT some) (NNS trees)) (-DFL- N_S) (RM (-DFL- \[)) (PP (UH like) (NP-UNF (DT the) (NNS oaks))))) (, ,) (IP (-DFL- \+)))|||(S (INTJ (UH like)) (NP-SBJ-1 (DT the) (JJ white) (NNS oaks)) (RS (-DFL- \])) (VP (VBP seem) (S (NP-SBJ (-NONE- *-1)) (VP (TO to) (VP (VB be) (ADJP-PRD (RB pretty) (JJ hardy)))))) (. .) (-DFL- E_S))","191|||192",273.78975,295.116375,"   like  the oaks,   like   the white oaks  seem to be pretty hardy.  ","like/IN   the/DT oaks/NNS  ,/, like/IN   the/DT white/JJ oaks/NNS  seem/VBP to/TO be/VB pretty/RB hardy/JJ ./."
"131","sw03utt/sw_0359_3393.utt","3/sw3393",3393,130,"%","B",64,3,"There's, - /","[ There/EX ] 's/BES ,/,","(S (NP-SBJ (EX There)) (VP-UNF (BES 's)) (, ,) (-DFL- N_S))","193",273.78975,295.116375,"There's,  "," There/EX  's/BES ,/,"
"132","sw03utt/sw_0359_3393.utt","3/sw3393",3393,131,"sv","B",64,4,"nothing bothers them.  /","[ nothing/NN ] bothers/VBZ  [ them/PRP ] ./.","(S (NP-SBJ (NN nothing)) (VP (VBZ bothers) (NP (PRP them))) (. .) (-DFL- E_S))","194",273.78975,295.116375,"nothing bothers them.  "," nothing/NN  bothers/VBZ   them/PRP  ./."
"133","sw03utt/sw_0359_3393.utt","3/sw3393",3393,132,"sv","B",64,5,"Their leaves are  still green,  /","[ Their/PRP$ leaves/NNS ] are/VBP still/RB  [ green/JJ ] ,/,","(S (NP-SBJ (PRP$ Their) (NNS leaves)) (VP (VBP are) (ADVP-TMP (RB still)) (ADJP-PRD (JJ green))) (, ,) (-DFL- E_S))","195",273.78975,295.116375,"Their leaves are  still green,  "," Their/PRP$ leaves/NNS  are/VBP still/RB   green/JJ  ,/,"
"134","sw03utt/sw_0359_3393.utt","3/sw3393",3393,133,"sv","B",64,6,"{C and } [ some of the other oaks. +   There are a few oaks ] that  have lost their leaves.  /","and/CC  [ some/DT ] of/IN  [ the/DT other/JJ oaks/NNS ] ./.  [ There/EX ] are/VBP  [ a/DT few/JJ oaks/NNS ] [ that/WDT ] have/VBP lost/VBN  [ their/PRP$ leaves/NNS ] ./.","(S (CC and) (EDITED (RM (-DFL- \[)) (NP-SBJ (NP (DT some)) (PP (IN of) (NP (DT the) (JJ other) (NNS oaks))) (. .) (IP (-DFL- \+)))) (NP-SBJ (EX There)) (VP (VBP are) (NP-PRD (NP (DT a) (JJ few) (NNS oaks)) (RS (-DFL- \])) (SBAR (WHNP-1 (WDT that)) (S (NP-SBJ (-NONE- *T*-1)) (VP (VBP have) (VP (VBN lost) (NP (PRP$ their) (NNS leaves)))))))) (. .) (-DFL- E_S))","196",273.78975,295.116375," and   some of the other oaks.    There are a few oaks  that  have lost their leaves.  ","and/CC   some/DT  of/IN   the/DT other/JJ oaks/NNS  ./.   There/EX  are/VBP   a/DT few/JJ oaks/NNS   that/WDT  have/VBP lost/VBN   their/PRP$ leaves/NNS  ./."
"135","sw03utt/sw_0359_3393.utt","3/sw3393",3393,134,"sd","B",64,7,"{F Um, } what I notice mostly is the red maples, that the leaves are  just dead, the dogwoods [ still look, +  still look,  ]  {D you know, }  they got, {F uh, } bit on the ends of the leaves a little bit,  /","Um/UH ,/,  [ what/WP ] [ I/PRP ] notice/VBP mostly/RB is/VBZ  [ the/DT red/JJ maples/NNS ] ,/, that/IN  [ the/DT leaves/NNS ] are/VBP just/RB dead/JJ ,/,  [ the/DT dogwoods/NNS ] still/RB look/VBP ,/, still/RB look/VBP ,/,  [ you/PRP ] know/VBP ,/,  [ they/PRP ] got/VBD ,/,  [ uh/UH ] ,/, bit/VBN on/IN  [ the/DT ends/NNS ] of/IN  [ the/DT leaves/NNS ] [ a/DT little/JJ bit/NN ] ,/,","(S (INTJ (UH Um)) (, ,) (SBAR-NOM-SBJ (WHNP-1 (WP what)) (S (NP-SBJ (PRP I)) (VP (VBP notice) (NP (-NONE- *T*-1)) (ADVP (RB mostly))))) (VP (VBZ is) (UCP-PRD (NP (DT the) (JJ red) (NNS maples)) (, ,) (SBAR (IN that) (S (NP-SBJ (DT the) (NNS leaves)) (VP (VBP are) (ADJP-PRD (RB just) (JJ dead))))))) (, ,))|||(S (NP-SBJ (DT the) (NNS dogwoods)) (EDITED (RM (-DFL- \[)) (VP-UNF (ADVP-TMP (RB still)) (VBP look)) (, ,) (IP (-DFL- \+))) (ADVP-TMP (RB still)) (VP-UNF (VBP look) (, ,) (RS (-DFL- \])) (PRN (S (NP-SBJ (PRP you)) (VP (VBP know))))) (, ,))|||(S (NP-SBJ (PRP they)) (VP (VBD got) (, ,) (INTJ (UH uh)) (, ,) (VP (VBN bit) (PP-LOC (IN on) (NP (NP (DT the) (NNS ends)) (PP (IN of) (NP (DT the) (NNS leaves))))) (NP-ADV (DT a) (JJ little) (NN bit)))) (, ,) (-DFL- E_S))","197|||198|||199",273.78975,295.116375," Um,  what I notice mostly is the red maples, that the leaves are  just dead, the dogwoods  still look,   still look,     you know,   they got,  uh,  bit on the ends of the leaves a little bit,  ","Um/UH ,/,   what/WP   I/PRP  notice/VBP mostly/RB is/VBZ   the/DT red/JJ maples/NNS  ,/, that/IN   the/DT leaves/NNS  are/VBP just/RB dead/JJ ,/,   the/DT dogwoods/NNS  still/RB look/VBP ,/, still/RB look/VBP ,/,   you/PRP  know/VBP ,/,   they/PRP  got/VBD ,/,   uh/UH  ,/, bit/VBN on/IN   the/DT ends/NNS  of/IN   the/DT leaves/NNS   a/DT little/JJ bit/NN  ,/,"
"136","sw03utt/sw_0359_3393.utt","3/sw3393",3393,135,"sv","B",64,8,"{C but } they still look pretty good. /","but/CC  [ they/PRP ] still/RB look/VBP pretty/RB good/JJ ./.","(S (CC but) (NP-SBJ (PRP they)) (ADVP-TMP (RB still)) (VP (VBP look) (ADJP-PRD (RB pretty) (JJ good))) (. .) (-DFL- E_S))","200",273.78975,295.116375," but  they still look pretty good. ","but/CC   they/PRP  still/RB look/VBP pretty/RB good/JJ ./."
"137","sw03utt/sw_0359_3393.utt","3/sw3393",3393,136,"b","A",65,1,"{F Um. } /","Um/UH ./.","(INTJ (UH Um) (. .) (-DFL- E_S))","179",288.062,288.265125," Um.  ","Um/UH ./."
"138","sw03utt/sw_0359_3393.utt","3/sw3393",3393,137,"sv","B",66,1,"It just depends [ [ on the, + on the, ] + {F uh, } on the tree. ] /","[ It/PRP ] just/RB depends/VBZ on/IN  [ the/DT ] ,/, on/IN  [ the/DT ] ,/,  [ uh/UH ] ,/, on/IN  [ the/DT tree/NN ] ./.","(S (NP-SBJ (PRP It)) (ADVP (RB just)) (VP (VBZ depends) (EDITED (RM (-DFL- \[)) (EDITED (RM (-DFL- \[)) (PP (IN on) (NP-UNF (DT the))) (, ,) (IP (-DFL- \+))) (PP (IN on) (NP-UNF (DT the))) (, ,) (RS (-DFL- \])) (IP (-DFL- \+)) (INTJ (UH uh))) (, ,) (PP (IN on) (NP (DT the) (NN tree)))) (. .) (RS (-DFL- \])) (-DFL- E_S))","204",295.7845,298.24425,"It just depends   on the,  on the,    uh,  on the tree.  "," It/PRP  just/RB depends/VBZ on/IN   the/DT  ,/, on/IN   the/DT  ,/,   uh/UH  ,/, on/IN   the/DT tree/NN  ./."
