"","swda_filename","ptb_basename","conversation_no","transcript_index","act_tag","caller","turn_index","subutterance_index","text","pos","trees","ptb_treenumbers","start_turn","end_turn","newtext","newpos"
"1","sw03utt/sw_0307_3375.utt","3/sw3375",3375,0,"sd","A",1,1,"<Child_talking> {F Uh, } {D well, } [ I, + I ] guess  it's a subject I haven't thought too much about.  /","[ Uh/UH ] ,/, well/UH ,/,  [ I/PRP ] ,/,  [ I/PRP ] guess/VBP  [ it/PRP ] 's/BES  [ a/DT subject/NN ] [ I/PRP ] have/VBP n't/RB thought/VBN too/RB much/RB about/IN ./.","(S (INTJ (UH Uh)) (, ,) (INTJ (UH well)) (, ,) (EDITED (RM (-DFL- \[)) (NP-SBJ (PRP I)) (, ,) (IP (-DFL- \+))) (NP-SBJ (PRP I)) (RS (-DFL- \])) (VP (VBP guess) (SBAR (-NONE- 0) (S (NP-SBJ (PRP it)) (VP (BES 's) (NP-PRD (NP (DT a) (NN subject)) (SBAR (WHNP-1 (-NONE- 0)) (S (NP-SBJ (PRP I)) (VP (VBP have) (RB n't) (VP (VBN thought) (NP-ADV (ADJP (RB too) (RB much))) (PP (IN about) (NP (-NONE- *T*-1)))))))))))) (. .) (-DFL- E_S))",1,0.845625,11.585625,"Child_talking  Uh,   well,   I,  I  guess  it's a subject I haven't thought too much about.  "," Uh/UH  ,/, well/UH ,/,   I/PRP  ,/,   I/PRP  guess/VBP   it/PRP  's/BES   a/DT subject/NN   I/PRP  have/VBP n't/RB thought/VBN too/RB much/RB about/IN ./."
"2","sw03utt/sw_0307_3375.utt","3/sw3375",3375,1,"sv","A",1,2,"{F Uh, } I don't know if there's so much wrong with the public schools, {F uh, } as much as,","[ Uh/UH ] ,/,  [ I/PRP ] do/VBP n't/RB know/VB if/IN  [ there/EX ] 's/BES so/RB much/RB wrong/JJ with/IN  [ the/DT public/NN schools/NNS ] ,/,  [ uh/UH ] ,/, as/RB much/RB as/IN ,/,","(S (INTJ (UH Uh)) (, ,) (NP-SBJ (PRP I)) (VP (VBP do) (RB n't) (VP (VB know) (SBAR (IN if) (S (NP-SBJ (EX there)) (VP (BES 's) (NP-PRD (NP (ADJP (RB so) (RB much))) (ADJP (JJ wrong) (PP (IN with) (NP (DT the) (NN public) (NNS schools))))) (, ,) (INTJ (UH uh)) (, ,) (ADVP (ADVP (RB as) (RB much)) (SBAR (IN as) (, ,) (S (NP-SBJ (PRP we)) (VP (VBP 're) (VP (VBG expecting) (NP (ADJP (RB too) (RB much))) (PP (IN out) (PP (IN of) (NP (PRP them)))))))))))))) (. .) (-DFL- E_S))",2,0.845625,11.585625," Uh,  I don't know if there's so much wrong with the public schools,  uh,  as much as,"," Uh/UH  ,/,   I/PRP  do/VBP n't/RB know/VB if/IN   there/EX  's/BES so/RB much/RB wrong/JJ with/IN   the/DT public/NN schools/NNS  ,/,   uh/UH  ,/, as/RB much/RB as/IN ,/,"
"3","sw03utt/sw_0307_3375.utt","3/sw3375.pos",3375,2,"x","B",2,1,"<Noise> <<sounds like a printer>>.","./.","",NA,NA,NA,"Noise sounds like a printer.","./."
"4","sw03utt/sw_0307_3375.utt","3/sw3375",3375,3,"+","A",3,1,"we're expecting too much out of them. /","[ we/PRP ] 're/VBP expecting/VBG too/RB much/RB out/IN of/IN  [ them/PRP ] ./.","(S (INTJ (UH Uh)) (, ,) (NP-SBJ (PRP I)) (VP (VBP do) (RB n't) (VP (VB know) (SBAR (IN if) (S (NP-SBJ (EX there)) (VP (BES 's) (NP-PRD (NP (ADJP (RB so) (RB much))) (ADJP (JJ wrong) (PP (IN with) (NP (DT the) (NN public) (NNS schools))))) (, ,) (INTJ (UH uh)) (, ,) (ADVP (ADVP (RB as) (RB much)) (SBAR (IN as) (, ,) (S (NP-SBJ (PRP we)) (VP (VBP 're) (VP (VBG expecting) (NP (ADJP (RB too) (RB much))) (PP (IN out) (PP (IN of) (NP (PRP them)))))))))))))) (. .) (-DFL- E_S))",2,NA,NA,"we're expecting too much out of them. "," we/PRP  're/VBP expecting/VBG too/RB much/RB out/IN of/IN   them/PRP  ./."
"5","sw03utt/sw_0307_3375.utt","3/sw3375",3375,4,"aa","B",4,1,"{F Uh, } that might be a lot to do with it.  /","[ Uh/UH ] ,/,  [ that/DT ] might/MD be/VB  [ a/DT lot/NN ] to/TO do/VB with/IN  [ it/PRP ] ./.","(S (INTJ (UH Uh)) (, ,) (NP-SBJ (DT that)) (VP (MD might) (VP (VB be) (NP-PRD (NP (DT a) (NN lot)) (SBAR (WHNP-1 (-NONE- 0)) (S (NP-SBJ (-NONE- *T*-1)) (VP (TO to) (VP (VB do) (PP (IN with) (NP (PRP it)))))))))) (. .) (-DFL- E_S))",6,11.90925,17.07925," Uh,  that might be a lot to do with it.  "," Uh/UH  ,/,   that/DT  might/MD be/VB   a/DT lot/NN  to/TO do/VB with/IN   it/PRP  ./."
"6","sw03utt/sw_0307_3375.utt","3/sw3375",3375,5,"sd","B",4,2,"I know a lot of  it here in my state, - /","[ I/PRP ] know/VBP  [ a/DT lot/NN ] of/IN  [ it/PRP ] here/RB in/IN  [ my/PRP$ state/NN ] ,/,","(S (NP-SBJ (PRP I)) (VP (VBP know) (SBAR (-NONE- 0) (S-UNF (NP-SBJ (NP (DT a) (NN lot)) (PP (IN of) (NP (PRP it)))) (ADVP-LOC (RB here) (PP (IN in) (NP (PRP$ my) (NN state))))))) (, ,) (-DFL- N_S))",7,11.90925,17.07925,"I know a lot of  it here in my state,  "," I/PRP  know/VBP   a/DT lot/NN  of/IN   it/PRP  here/RB in/IN   my/PRP$ state/NN  ,/,"
"7","sw03utt/sw_0307_3375.utt","3/sw3375",3375,6,"sd","B",4,3,"I'm from Mississippi,  /","[ I/PRP ] 'm/VBP from/IN  [ Mississippi/NNP ] ,/,","(S (NP-SBJ (PRP I)) (VP (VBP 'm) (PP-PRD (IN from) (NP (NNP Mississippi)))) (, ,) (-DFL- E_S))",8,11.90925,17.07925,"I'm from Mississippi,  "," I/PRP  'm/VBP from/IN   Mississippi/NNP  ,/,"
"8","sw03utt/sw_0307_3375.utt","3/sw3375",3375,7,"qw^d","B",4,4,"I'm not sure where you're from. /","[ I/PRP ] 'm/VBP not/RB sure/JJ where/WRB  [ you/PRP ] 're/VBP from/IN ./.","(S (NP-SBJ (PRP I)) (VP (VBP 'm) (RB not) (ADJP-PRD (JJ sure) (SBAR (WHADVP-1 (WRB where)) (S (NP-SBJ (PRP you)) (VP (VBP 're) (PP-PRD (IN from) (ADVP-LOC (-NONE- *T*-1)))))))) (. .) (-DFL- E_S))",9,11.90925,17.07925,"I'm not sure where you're from. "," I/PRP  'm/VBP not/RB sure/JJ where/WRB   you/PRP  're/VBP from/IN ./."
"9","sw03utt/sw_0307_3375.utt","3/sw3375",3375,8,"sd","A",5,1,"Minnesota, # Wisconsin. # /","[ Minnesota/NNP ] ,/,  [ Wisconsin/NNP ] ./.","(NP (NP (NNP Minnesota)) (, ,) (NP (NNP Wisconsin)) (. .) (-DFL- E_S))",11,17.731,19.161,"Minnesota, # Wisconsin. # "," Minnesota/NNP  ,/,   Wisconsin/NNP  ./."
"10","sw03utt/sw_0307_3375.utt","3/sw3375",3375,9,"bk^m","B",6,1,"# Minnesota,  /","[ Minnesota/NNP ] ,/,","(NP (NNP Minnesota) (, ,) (-DFL- E_S))",13,18.38925,22.53925,"# Minnesota,  "," Minnesota/NNP  ,/,"
"11","sw03utt/sw_0307_3375.utt","3/sw3375",3375,10,"bk","B",6,2,"# okay.  /","[ okay/UH ] ./.","(INTJ (UH okay) (. .) (-DFL- E_S))",14,18.38925,22.53925,"# okay.  "," okay/UH  ./."
"12","sw03utt/sw_0307_3375.utt","3/sw3375",3375,11,"sd","B",6,3,"{D Well } a lot of it in Mississippi  here has got to do with funding. /","Well/UH  [ a/DT lot/NN ] of/IN  [ it/PRP ] in/IN  [ Mississippi/NNP ] here/RB has/VBZ got/VBN to/TO do/VB with/IN funding/NN ./.","(S (INTJ (UH Well)) (NP-SBJ-1 (NP (DT a) (NN lot)) (PP (IN of) (NP (PRP it)))) (PP-LOC (IN in) (NP (NNP Mississippi))) (ADVP-LOC (RB here)) (VP (VBZ has) (VP (VBN got) (S (NP-SBJ (-NONE- *-1)) (VP (TO to) (VP (VB do) (PP (IN with) (NP (NN funding)))))))) (. .) (-DFL- E_S))",15,18.38925,22.53925," Well  a lot of it in Mississippi  here has got to do with funding. ","Well/UH   a/DT lot/NN  of/IN   it/PRP  in/IN   Mississippi/NNP  here/RB has/VBZ got/VBN to/TO do/VB with/IN funding/NN ./."
"13","sw03utt/sw_0307_3375.utt","3/sw3375",3375,12,"b","A",7,1,"Yeah. /","Yeah/UH ./.","(INTJ (UH Yeah) (. .) (-DFL- E_S))",17,22.839,23.109,"Yeah. ","Yeah/UH ./."
"14","sw03utt/sw_0307_3375.utt","3/sw3375",3375,13,"sd","B",8,1,"Problems with our educational system,  a lot of it's due to money. /","[ Problems/NNS ] with/IN  [ our/PRP$ educational/JJ system/NN ] ,/,  [ a/DT lot/NN ] of/IN  [ it/PRP ] 's/BES due/IN to/IN  [ money/NN ] ./.","(S (NP-TPC (NP (NNS Problems)) (PP (IN with) (NP (PRP$ our) (JJ educational) (NN system)))) (, ,) (NP-SBJ (NP (DT a) (NN lot)) (PP (IN of) (NP (PRP it)))) (VP (BES 's) (PP-PRP-PRD (IN due) (PP (IN to) (NP (NN money))))) (. .) (-DFL- E_S))",19,23.564625,26.294625,"Problems with our educational system,  a lot of it's due to money. "," Problems/NNS  with/IN   our/PRP$ educational/JJ system/NN  ,/,   a/DT lot/NN  of/IN   it/PRP  's/BES due/IN to/IN   money/NN  ./."
"15","sw03utt/sw_0307_3375.utt","3/sw3375",3375,14,"b","A",9,1,"Uh-huh. /","[ Uh-huh/UH ] ./.","(INTJ (UH Uh-huh) (. .) (-DFL- E_S))",21,26.624,26.903375,"Uhhuh. "," Uhhuh/UH  ./."
"16","sw03utt/sw_0307_3375.utt","3/sw3375",3375,15,"sd","B",10,1,"{C And } they're trying to spend money where  we don't have it  /","And/CC  [ they/PRP ] 're/VBP trying/VBG to/TO spend/VB  [ money/NN ] where/WRB  [ we/PRP ] do/VBP n't/RB have/VB  [ it/PRP ]","(S (CC And) (NP-SBJ-1 (PRP they)) (VP (VBP 're) (VP (VBG trying) (S (NP-SBJ (-NONE- *-1)) (VP (TO to) (VP (VB spend) (NP (NN money)) (SBAR-ADV (WHADVP-2 (WRB where)) (S (NP-SBJ (PRP we)) (VP (VBP do) (RB n't) (VP (VB have) (NP (PRP it)) (ADVP (-NONE- *T*-2))))))))))) (-DFL- E_S))",23,26.724625,32.374625," And  they're trying to spend money where  we don't have it  ","And/CC   they/PRP  're/VBP trying/VBG to/TO spend/VB   money/NN  where/WRB   we/PRP  do/VBP n't/RB have/VB   it/PRP "
"17","sw03utt/sw_0307_3375.utt","3/sw3375",3375,16,"sd","B",10,2,"{C and } there's a lot of things we need that we just can't afford. /","and/CC  [ there/EX ] 's/BES  [ a/DT lot/NN ] of/IN  [ things/NNS we/PRP ] need/VBP that/WDT  [ we/PRP ] just/RB ca/MD n't/RB afford/VB ./.","(S (CC and) (NP-SBJ (EX there)) (VP (BES 's) (NP-PRD (NP (DT a) (NN lot)) (PP (IN of) (NP (NNS things))) (SBAR (WHNP-1 (-NONE- 0)) (S (NP-SBJ (PRP we)) (VP (VBP need) (NP (-NONE- *T*-1))))) (SBAR (WHNP-2 (WDT that)) (S (NP-SBJ (PRP we)) (ADVP (RB just)) (VP (MD ca) (RB n't) (VP (VB afford) (NP (-NONE- *T*-2)))))))) (. .) (-DFL- E_S))",24,26.724625,32.374625," and  there's a lot of things we need that we just can't afford. ","and/CC   there/EX  's/BES   a/DT lot/NN  of/IN   things/NNS we/PRP  need/VBP that/WDT   we/PRP  just/RB ca/MD n't/RB afford/VB ./."
"18","sw03utt/sw_0307_3375.utt","3/sw3375",3375,17,"b","A",11,1,"Yeah.  /","Yeah/UH ./.","(INTJ (UH Yeah) (. .) (-DFL- E_S))",17,33.523875,38.325875,"Yeah.  ","Yeah/UH ./."
"19","sw03utt/sw_0307_3375.utt","3/sw3375",3375,18,"sv","A",11,2,"{D Well, } [ it's, + it is ] getting very  expensive to run schools,  /","Well/UH ,/,  [ it/PRP ] 's/BES ,/,  [ it/PRP ] is/VBZ getting/VBG very/RB expensive/JJ to/TO run/VB  [ schools/NNS ] ,/,","(S (INTJ (UH Well)) (, ,) (EDITED (RM (-DFL- \[)) (S (NP-SBJ (PRP it)) (VP-UNF (BES 's))) (, ,) (IP (-DFL- \+))) (NP-SBJ (NP (PRP it)) (S (-NONE- *EXP*-1))) (VP (VBZ is) (RS (-DFL- \])) (VP (VBG getting) (ADJP-PRD (RB very) (JJ expensive)) (S-1 (NP-SBJ (-NONE- *)) (VP (TO to) (VP (VB run) (NP (NNS schools))))))) (, ,) (-DFL- E_S))",27,33.523875,38.325875," Well,   it's,  it is  getting very  expensive to run schools,  ","Well/UH ,/,   it/PRP  's/BES ,/,   it/PRP  is/VBZ getting/VBG very/RB expensive/JJ to/TO run/VB   schools/NNS  ,/,"
"20","sw03utt/sw_0307_3375.utt","3/sw3375",3375,19,"%","A",11,3,"{C so. } -/","so/RB ./.","(S-UNF (RB so) (. .) (-DFL- N_S))",28,33.523875,38.325875," so.  ","so/RB ./."
"21","sw03utt/sw_0307_3375.utt","3/sw3375",3375,20,"aa","B",12,1,"{D Well } it is. /","Well/UH  [ it/PRP ] is/VBZ ./.","(S (INTJ (UH Well)) (NP-SBJ (PRP it)) (VP (VBZ is) (ADJP-PRD (-NONE- *?*))) (. .) (-DFL- E_S))",30,38.198375,38.908875," Well  it is. ","Well/UH   it/PRP  is/VBZ ./."
"22","sw03utt/sw_0307_3375.utt","3/sw3375",3375,21,"sd","A",13,1,"They've got computers now that you got to train on.  /","[ They/PRP ] 've/VBP got/VBN  [ computers/NNS ] now/RB that/WDT  [ you/PRP ] got/VBD to/TO train/VB on/IN ./.","(S (NP-SBJ (PRP They)) (VP (VBP 've) (VP (VBN got) (NP (NP (NNS computers)) (SBAR (-NONE- *ICH*-3))) (ADVP-TMP (RB now)) (SBAR-3 (WHNP-2 (WDT that)) (S (NP-SBJ-1 (PRP you)) (VP (VBD got) (S (NP-SBJ (-NONE- *-1)) (VP (TO to) (VP (VB train) (PP (IN on) (NP (-NONE- *T*-2))))))))))) (. .) (-DFL- E_S))",32,38.91725,47.076375,"They've got computers now that you got to train on.  "," They/PRP  've/VBP got/VBN   computers/NNS  now/RB that/WDT   you/PRP  got/VBD to/TO train/VB on/IN ./."
"23","sw03utt/sw_0307_3375.utt","3/sw3375",3375,22,"sv","A",13,2,"# There's just # --","[ There/EX ] 's/BES just/RB --/:","(S (NP-SBJ (EX There)) (VP (BES 's) (ADVP (RB just)) (NP-PRD (NP (ADJP (RB so) (JJ much)) (, ,) (INTJ (UH uh)) (, ,) (JJR more)) (CC and) (NP (NP (JJR less) (NN money)) (SBAR (WHNP-1 (-NONE- 0)) (S (NP-SBJ (-NONE- *)) (VP (TO to) (VP (VB do) (NP (PRP it)) (PP (IN with) (NP (-NONE- *T*-1)))))))))) (. .) (-DFL- E_S))",33,38.91725,47.076375,"# There's just # "," There/EX  's/BES just/RB /:"
"24","sw03utt/sw_0307_3375.utt","3/sw3375",3375,23,"b","B",14,1,"# Right. # /","[ Right/UH ] ./.","(INTJ (UH Right) (. .) (-DFL- E_S))",35,42.240875,42.830875,"# Right. # "," Right/UH  ./."
"25","sw03utt/sw_0307_3375.utt","3/sw3375",3375,24,"+","A",15,1,"-- so much, {F uh, } more and less money to do it with. /","--/: so/RB much/JJ ,/,  [ uh/UH ] ,/,  [ more/JJR ] and/CC  [ less/JJR money/NN ] to/TO do/VB  [ it/PRP ] with/IN ./.","(S (NP-SBJ (EX There)) (VP (BES 's) (ADVP (RB just)) (NP-PRD (NP (ADJP (RB so) (JJ much)) (, ,) (INTJ (UH uh)) (, ,) (JJR more)) (CC and) (NP (NP (JJR less) (NN money)) (SBAR (WHNP-1 (-NONE- 0)) (S (NP-SBJ (-NONE- *)) (VP (TO to) (VP (VB do) (NP (PRP it)) (PP (IN with) (NP (-NONE- *T*-1)))))))))) (. .) (-DFL- E_S))",33,NA,NA," so much,  uh,  more and less money to do it with. ","/: so/RB much/JJ ,/,   uh/UH  ,/,   more/JJR  and/CC   less/JJR money/NN  to/TO do/VB   it/PRP  with/IN ./."
"26","sw03utt/sw_0307_3375.utt","3/sw3375",3375,25,"aa","B",16,1,"That's true.  /","[ That/DT ] 's/BES true/JJ ./.","(S (NP-SBJ (DT That)) (VP (BES 's) (ADJP-PRD (JJ true))) (. .) (-DFL- E_S))",38,47.4665,52.9465,"That's true.  "," That/DT  's/BES true/JJ ./."
"27","sw03utt/sw_0307_3375.utt","3/sw3375",3375,26,"sv","B",16,2,"{C And } a [ lot of it, + lot of it ]  has to do with, {F uh, } salaries too, # speaking # --","And/CC  [ a/DT lot/NN ] of/IN  [ it/PRP ] ,/,  [ lot/NN ] of/IN  [ it/PRP ] has/VBZ to/TO do/VB with/IN ,/,  [ uh/UH ] ,/,  [ salaries/NNS ] too/RB ,/, speaking/VBG --/:","(S (CC And) (NP-SBJ-1 (NP (DT a) (EDITED (RM (-DFL- \[)) (NN lot) (PP (IN of) (NP (PRP it))) (, ,) (IP (-DFL- \+))) (NN lot)) (PP (IN of) (NP (PRP it)))) (RS (-DFL- \])) (VP (VBZ has) (S (NP-SBJ (-NONE- *-1)) (VP (TO to) (VP (VB do) (PP (IN with) (, ,) (INTJ (UH uh)) (, ,) (NP (NNS salaries))) (ADVP (RB too)) (, ,) (S-ADV (NP-SBJ (-NONE- *)) (VP (VBG speaking) (PP (IN of) (NP (NN money))))))))) (. .) (-DFL- E_S))",39,47.4665,52.9465," And  a  lot of it,  lot of it   has to do with,  uh,  salaries too, # speaking # ","And/CC   a/DT lot/NN  of/IN   it/PRP  ,/,   lot/NN  of/IN   it/PRP  has/VBZ to/TO do/VB with/IN ,/,   uh/UH  ,/,   salaries/NNS  too/RB ,/, speaking/VBG /:"
"28","sw03utt/sw_0307_3375.utt","3/sw3375",3375,27,"b","A",17,1,"# Right. # /","[ Right/UH ] ./.","(INTJ (UH Right) (. .) (-DFL- E_S))",35,52.282,52.51875,"# Right. # "," Right/UH  ./."
"29","sw03utt/sw_0307_3375.utt","3/sw3375",3375,28,"+","B",18,1,"-- of money. /","--/: of/IN  [ money/NN ] ./.","(S (CC And) (NP-SBJ-1 (NP (DT a) (EDITED (RM (-DFL- \[)) (NN lot) (PP (IN of) (NP (PRP it))) (, ,) (IP (-DFL- \+))) (NN lot)) (PP (IN of) (NP (PRP it)))) (RS (-DFL- \])) (VP (VBZ has) (S (NP-SBJ (-NONE- *-1)) (VP (TO to) (VP (VB do) (PP (IN with) (, ,) (INTJ (UH uh)) (, ,) (NP (NNS salaries))) (ADVP (RB too)) (, ,) (S-ADV (NP-SBJ (-NONE- *)) (VP (VBG speaking) (PP (IN of) (NP (NN money))))))))) (. .) (-DFL- E_S))",39,NA,NA," of money. ","/: of/IN   money/NN  ./."
"30","sw03utt/sw_0307_3375.utt","3/sw3375",3375,29,"b","A",19,1,"Yeah. /","Yeah/UH ./.","(INTJ (UH Yeah) (. .) (-DFL- E_S))",17,53.14025,53.56075,"Yeah. ","Yeah/UH ./."
"31","sw03utt/sw_0307_3375.utt","3/sw3375",3375,30,"sv","B",20,1,"Cause if you can't pay the right people,  {D you know, } [ they're not to be able to do, + they're [ not, + not ] going to get ] the people  that can do a good job. /","Cause/IN if/IN  [ you/PRP ] ca/MD n't/RB pay/VB  [ the/DT right/JJ people/NNS ] ,/,  [ you/PRP ] know/VBP ,/,  [ they/PRP ] 're/VBP not/RB to/TO be/VB able/JJ to/TO do/VB ,/,  [ they/PRP ] 're/VBP not/RB ,/, not/RB going/VBG to/TO get/VB  [ the/DT people/NNS ] [ that/WDT ] can/MD do/VB  [ a/DT good/JJ job/NN ] ./.","(SBAR-PRP (IN Cause) (S (SBAR-ADV (IN if) (S (NP-SBJ (PRP you)) (VP (MD ca) (RB n't) (VP (VB pay) (NP (DT the) (JJ right) (NNS people)))))) (PRN (, ,) (S (NP-SBJ (PRP you)) (VP (VBP know))) (, ,)) (EDITED (RM (-DFL- \[)) (S (NP-SBJ-1 (PRP they)) (VP (VBP 're) (RB not) (S-PRD (NP-SBJ-2 (-NONE- *-1)) (VP (TO to) (VP (VB be) (ADJP-PRD (JJ able) (S (NP-SBJ (-NONE- *-2)) (VP (TO to) (VP-UNF (VB do)))))))))) (, ,) (IP (-DFL- \+))) (NP-SBJ-3 (PRP they)) (VP (VBP 're) (EDITED (RM (-DFL- \[)) (RB not) (, ,) (IP (-DFL- \+))) (RB not) (RS (-DFL- \])) (VP (VBG going) (S (NP-SBJ (-NONE- *-3)) (VP (TO to) (VP (VB get) (RS (-DFL- \])) (NP (NP (DT the) (NNS people)) (SBAR (WHNP-4 (WDT that)) (S (NP-SBJ (-NONE- *T*-4)) (VP (MD can) (VP (VB do) (NP (DT a) (JJ good) (NN job))))))))))))) (. .) (-DFL- E_S))",46,53.372125,59.1865,"Cause if you can't pay the right people,   you know,   they're not to be able to do,  they're  not,  not  going to get  the people  that can do a good job. ","Cause/IN if/IN   you/PRP  ca/MD n't/RB pay/VB   the/DT right/JJ people/NNS  ,/,   you/PRP  know/VBP ,/,   they/PRP  're/VBP not/RB to/TO be/VB able/JJ to/TO do/VB ,/,   they/PRP  're/VBP not/RB ,/, not/RB going/VBG to/TO get/VB   the/DT people/NNS   that/WDT  can/MD do/VB   a/DT good/JJ job/NN  ./."
"32","sw03utt/sw_0307_3375.utt","3/sw3375",3375,31,"aa","A",21,1,"Yeah,  /","Yeah/UH ,/,","(INTJ (UH Yeah) (, ,) (-DFL- E_S))",48,59.33525,75.8995,"Yeah,  ","Yeah/UH ,/,"
"33","sw03utt/sw_0307_3375.utt","3/sw3375",3375,32,"aa^r","A",21,2,"yeah.  /","yeah/UH ./.","(INTJ (UH yeah) (. .) (-DFL- E_S))",49,59.33525,75.8995,"yeah.  ","yeah/UH ./."
"34","sw03utt/sw_0307_3375.utt","3/sw3375",3375,33,"%","A",21,3,"[ [ I, + I, ] + I ] guess  that in, {F uh, } - /","[ I/PRP ] ,/,  [ I/PRP ] ,/,  [ I/PRP ] guess/VBP that/IN in/IN ,/,  [ uh/UH ] ,/,","(S (EDITED (RM (-DFL- \[)) (EDITED (RM (-DFL- \[)) (NP-SBJ (PRP I)) (, ,) (IP (-DFL- \+))) (NP-SBJ (PRP I)) (, ,) (RS (-DFL- \])) (IP (-DFL- \+))) (NP-SBJ (PRP I)) (RS (-DFL- \])) (VP (VBP guess) (SBAR (IN that) (S-UNF (PP-UNF (IN in) (, ,) (INTJ (UH uh)))))) (, ,) (-DFL- N_S))",50,59.33525,75.8995,"  I,  I,   I  guess  that in,  uh,   "," I/PRP  ,/,   I/PRP  ,/,   I/PRP  guess/VBP that/IN in/IN ,/,   uh/UH  ,/,"
"35","sw03utt/sw_0307_3375.utt","3/sw3375",3375,34,"sv","A",21,4,"talking on a lot of the things as far as the discipline in the schools, [ I, + I ] think they're  expecting schools to discipline the kids  /","talking/VBG on/IN  [ a/DT lot/NN ] of/IN  [ the/DT things/NNS ] as/RB far/RB as/IN  [ the/DT discipline/NN ] in/IN  [ the/DT schools/NNS ] ,/,  [ I/PRP ] ,/,  [ I/PRP ] think/VBP  [ they/PRP ] 're/VBP expecting/VBG  [ schools/NNS ] to/TO discipline/VB  [ the/DT kids/NNS ]","(S (S-ADV (NP-SBJ (-NONE- *)) (VP (VBG talking) (PP (IN on) (NP (NP (DT a) (NN lot)) (PP (IN of) (NP (DT the) (NNS things))))))) (ADVP (ADVP (RB as) (RB far)) (PP (IN as) (NP (NP (DT the) (NN discipline)) (PP-LOC (IN in) (NP (DT the) (NNS schools)))))) (, ,) (EDITED (RM (-DFL- \[)) (NP-SBJ (PRP I)) (, ,) (IP (-DFL- \+))) (NP-SBJ (PRP I)) (RS (-DFL- \])) (VP (VBP think) (SBAR (-NONE- 0) (S (NP-SBJ (PRP they)) (VP (VBP 're) (VP (VBG expecting) (S (NP-SBJ (NNS schools)) (VP (TO to) (VP (VB discipline) (NP (DT the) (NNS kids)))))))))) (-DFL- E_S))",51,59.33525,75.8995,"talking on a lot of the things as far as the discipline in the schools,  I,  I  think they're  expecting schools to discipline the kids  ","talking/VBG on/IN   a/DT lot/NN  of/IN   the/DT things/NNS  as/RB far/RB as/IN   the/DT discipline/NN  in/IN   the/DT schools/NNS  ,/,   I/PRP  ,/,   I/PRP  think/VBP   they/PRP  're/VBP expecting/VBG   schools/NNS  to/TO discipline/VB   the/DT kids/NNS "
"36","sw03utt/sw_0307_3375.utt","3/sw3375",3375,35,"sv","A",21,5,"{C and, }  {F uh, } I think it should go right  back to the parents.","and/CC ,/,  [ uh/UH ] ,/,  [ I/PRP ] think/VBP  [ it/PRP ] should/MD go/VB right/RB back/RB to/IN  [ the/DT parents/NNS ] ./.","(S (CC and) (, ,) (INTJ (UH uh)) (, ,) (NP-SBJ (PRP I)) (VP (VBP think) (SBAR (-NONE- 0) (S (NP-SBJ (PRP it)) (VP (MD should) (VP (VB go) (ADVP (RB right) (RB back)) (PP (IN to) (NP (DT the) (NNS parents)))))))) (. .))",52,59.33525,75.8995," and,    uh,  I think it should go right  back to the parents.","and/CC ,/,   uh/UH  ,/,   I/PRP  think/VBP   it/PRP  should/MD go/VB right/RB back/RB to/IN   the/DT parents/NNS  ./."
"37","sw03utt/sw_0307_3375.utt","3/sw3375",3375,36,"aa","B",22,1,"Right. /","[ Right/UH ] ./.","(INTJ (UH Right) (. .) (-DFL- E_S))",35,73.74525,74.29525,"Right. "," Right/UH  ./."
"38","sw03utt/sw_0307_3375.utt","3/sw3375",3375,37,"+","A",23,1,"If you don't train your kids right then <laughter>. /","If/IN  [ you/PRP ] do/VBP n't/RB train/VB  [ your/PRP$ kids/NNS ] right/RB then/RB ./.","(S-UNF (SBAR-ADV (IN If) (S (NP-SBJ (PRP you)) (VP (VBP do) (RB n't) (VP (VB train) (NP (PRP$ your) (NNS kids)) (ADVP (RB right)))))) (ADVP (RB then)) (. .) (-DFL- E_S))",53,NA,NA,"If you don't train your kids right then laughter. ","If/IN   you/PRP  do/VBP n't/RB train/VB   your/PRP$ kids/NNS  right/RB then/RB ./."
"39","sw03utt/sw_0307_3375.utt","3/sw3375",3375,38,"aa","B",24,1,"Right.  /","[ Right/UH ] ./.","(INTJ (UH Right) (. .) (-DFL- E_S))",35,76.326625,79.566625,"Right.  "," Right/UH  ./."
"40","sw03utt/sw_0307_3375.utt","3/sw3375",3375,39,"sd","B",24,2,"I feel the same way.  /","[ I/PRP ] feel/VBP  [ the/DT same/JJ way/NN ] ./.","(S (NP-SBJ (PRP I)) (VP (VBP feel) (NP-MNR (DT the) (JJ same) (NN way))) (. .) (-DFL- E_S))",59,76.326625,79.566625,"I feel the same way.  "," I/PRP  feel/VBP   the/DT same/JJ way/NN  ./."
"41","sw03utt/sw_0307_3375.utt","3/sw3375",3375,40,"sv","B",24,3,"A lot has to do with  how the kids were raised at home. /","[ A/DT lot/NN ] has/VBZ to/TO do/VB with/IN how/WRB  [ the/DT kids/NNS ] were/VBD raised/VBN at/IN  [ home/NN ] ./.","(S (NP-SBJ-1 (DT A) (NN lot)) (VP (VBZ has) (S (NP-SBJ (-NONE- *-1)) (VP (TO to) (VP (VB do) (PP (IN with) (SBAR (WHADVP-3 (WRB how)) (S (NP-SBJ-2 (DT the) (NNS kids)) (VP (VBD were) (VP (VBN raised) (NP (-NONE- *-2)) (ADVP-MNR (-NONE- *T*-3)) (PP-LOC (IN at) (NP (NN home)))))))))))) (. .) (-DFL- E_S))",60,76.326625,79.566625,"A lot has to do with  how the kids were raised at home. "," A/DT lot/NN  has/VBZ to/TO do/VB with/IN how/WRB   the/DT kids/NNS  were/VBD raised/VBN at/IN   home/NN  ./."
"42","sw03utt/sw_0307_3375.utt","3/sw3375",3375,41,"aa","A",25,1,"Right,  /","Right/UH ,/,","(INTJ (UH Right) (, ,) (-DFL- E_S))",62,79.700375,80.610375,"Right,  ","Right/UH ,/,"
"43","sw03utt/sw_0307_3375.utt","3/sw3375",3375,42,"aa","A",25,2,"yeah. /","yeah/UH ./.","(INTJ (UH yeah) (. .) (-DFL- E_S))",49,79.700375,80.610375,"yeah. ","yeah/UH ./."
"44","sw03utt/sw_0307_3375.utt","3/sw3375",3375,43,"sv","B",26,1,"{C And  then } when the kids get to school,  they try to take away a lot of things that they can do to discipline the kids.  /","And/CC then/RB when/WRB  [ the/DT kids/NNS ] get/VBP to/IN  [ school/NN ] ,/,  [ they/PRP ] try/VBP to/TO take/VB away/RB  [ a/DT lot/NN ] of/IN  [ things/NNS ] that/WDT  [ they/PRP ] can/MD do/VB to/TO discipline/VB  [ the/DT kids/NNS ] ./.","(S (CONJP (CC And) (RB then)) (SBAR-TMP (WHADVP-1 (WRB when)) (S (NP-SBJ (DT the) (NNS kids)) (VP (VBP get) (PP (IN to) (NP (NN school))) (ADVP-TMP (-NONE- *T*-1))))) (, ,) (NP-SBJ-2 (PRP they)) (VP (VBP try) (S (NP-SBJ (-NONE- *-2)) (VP (TO to) (VP (VB take) (ADVP (RB away)) (NP (NP (DT a) (NN lot)) (PP (IN of) (NP (NP (NNS things)) (SBAR (WHNP-3 (WDT that)) (S (NP-SBJ-4 (PRP they)) (VP (MD can) (VP (VB do) (NP (-NONE- *T*-3)) (S-PRP (NP-SBJ (-NONE- *-4)) (VP (TO to) (VP (VB discipline) (NP (DT the) (NNS kids)))))))))))))))) (. .) (-DFL- E_S))",65,80.868625,91.80275," And  then  when the kids get to school,  they try to take away a lot of things that they can do to discipline the kids.  ","And/CC then/RB when/WRB   the/DT kids/NNS  get/VBP to/IN   school/NN  ,/,   they/PRP  try/VBP to/TO take/VB away/RB   a/DT lot/NN  of/IN   things/NNS  that/WDT   they/PRP  can/MD do/VB to/TO discipline/VB   the/DT kids/NNS  ./."
"45","sw03utt/sw_0307_3375.utt","3/sw3375",3375,44,"sv","B",26,2,"{E I mean, }  they've so severely limited  /","[ I/PRP ] mean/VBP ,/,  [ they/PRP ] 've/VBP so/RB severely/RB limited/VBN","(S (PRN (S (NP-SBJ (PRP I)) (VP (VBP mean))) (, ,)) (NP-SBJ (PRP they)) (VP (VBP 've) (ADVP (RB so) (RB severely)) (VP (VBN limited) (-DFL- E_S) (SBAR-NOM (WHNP-1 (WDT what) (JJ disciplinary) (NN action)) (S (NP-SBJ (PRP you)) (VP (MD can) (VP (VB do) (NP (-NONE- *T*-1)))))))) (. .) (-DFL- E_S))",66,80.868625,91.80275," I mean,   they've so severely limited  "," I/PRP  mean/VBP ,/,   they/PRP  've/VBP so/RB severely/RB limited/VBN"
"46","sw03utt/sw_0307_3375.utt","3/sw3375",3375,45,"sv","B",26,3,"what disciplinary action you can do. /","[ what/WDT ] [ disciplinary/JJ action/NN ] [ you/PRP ] can/MD do/VB ./.","(S (PRN (S (NP-SBJ (PRP I)) (VP (VBP mean))) (, ,)) (NP-SBJ (PRP they)) (VP (VBP 've) (ADVP (RB so) (RB severely)) (VP (VBN limited) (-DFL- E_S) (SBAR-NOM (WHNP-1 (WDT what) (JJ disciplinary) (NN action)) (S (NP-SBJ (PRP you)) (VP (MD can) (VP (VB do) (NP (-NONE- *T*-1)))))))) (. .) (-DFL- E_S))",66,80.868625,91.80275,"what disciplinary action you can do. "," what/WDT   disciplinary/JJ action/NN   you/PRP  can/MD do/VB ./."
"47","sw03utt/sw_0307_3375.utt","3/sw3375",3375,46,"aa","A",27,1,"Yeah,  /","Yeah/UH ,/,","(INTJ (UH Yeah) (, ,) (-DFL- E_S))",48,92.53625,102.583625,"Yeah,  ","Yeah/UH ,/,"
"48","sw03utt/sw_0307_3375.utt","3/sw3375",3375,47,"aa^r","A",27,2,"yeah.  /","yeah/UH ./.","(INTJ (UH yeah) (. .) (-DFL- E_S))",49,92.53625,102.583625,"yeah.  ","yeah/UH ./."
"49","sw03utt/sw_0307_3375.utt","3/sw3375",3375,48,"sd","A",27,3,"[ I, + I ] know when I,  {F uh, } <child> was going to school it wasn't uncommon for a teacher to strike a student that was misbehaving. /","[ I/PRP ] ,/,  [ I/PRP ] know/VBP when/WRB  [ I/PRP ] ,/,  [ uh/UH ] ,/, was/VBD going/VBG to/IN school/NN  [ it/PRP ] was/VBD n't/RB  [ uncommon/JJ ] for/IN  [ a/DT teacher/NN ] to/TO strike/VB  [ a/DT student/NN ] [ that/WDT ] was/VBD misbehaving/VBG ./.","(S (EDITED (RM (-DFL- \[)) (NP-SBJ (PRP I)) (, ,) (IP (-DFL- \+))) (NP-SBJ (PRP I)) (RS (-DFL- \])) (VP (VBP know) (SBAR (-NONE- 0) (S (SBAR-TMP (WHADVP-1 (WRB when)) (S (NP-SBJ (PRP I)) (, ,) (INTJ (UH uh)) (, ,) (VP (VBD was) (VP (VBG going) (PP (IN to) (NP (NN school))) (ADVP-TMP (-NONE- *T*-1)))))) (NP-SBJ (NP (PRP it)) (SBAR (-NONE- *EXP*-3))) (VP (VBD was) (RB n't) (ADJP-PRD (JJ uncommon)) (SBAR-3 (IN for) (S (NP-SBJ (DT a) (NN teacher)) (VP (TO to) (VP (VB strike) (NP (NP (DT a) (NN student)) (SBAR (WHNP-2 (WDT that)) (S (NP-SBJ (-NONE- *T*-2)) (VP (VBD was) (VP (VBG misbehaving)))))))))))))) (. .) (-DFL- E_S))",70,92.53625,102.583625," I,  I  know when I,   uh,  child was going to school it wasn't uncommon for a teacher to strike a student that was misbehaving. "," I/PRP  ,/,   I/PRP  know/VBP when/WRB   I/PRP  ,/,   uh/UH  ,/, was/VBD going/VBG to/IN school/NN   it/PRP  was/VBD n't/RB   uncommon/JJ  for/IN   a/DT teacher/NN  to/TO strike/VB   a/DT student/NN   that/WDT  was/VBD misbehaving/VBG ./."
"50","sw03utt/sw_0307_3375.utt","3/sw3375",3375,49,"aa","B",28,1,"Exactly.  /","Exactly/UH ./.","(INTJ (UH Exactly) (. .) (-DFL- E_S))",72,101.454875,103.267125,"Exactly.  ","Exactly/UH ./."
"51","sw03utt/sw_0307_3375.utt","3/sw3375",3375,50,"aa","B",28,2,"Right. /","[ Right/UH ] ./.","(INTJ (UH Right) (. .) (-DFL- E_S))",41,101.454875,103.267125,"Right. "," Right/UH  ./."
"52","sw03utt/sw_0307_3375.utt","3/sw3375",3375,51,"sv","A",29,1,"{E I mean } they do that now  /","[ I/PRP ] mean/VBP  [ they/PRP ] do/VBP  [ that/DT ] now/RB","(S (PRN (S (NP-SBJ (PRP I)) (VP (VBP mean)))) (S-ADV (NP-SBJ (PRP they)) (VP (VBP do) (NP (DT that)) (ADVP-TMP (RB now)))) (-DFL- E_S) (CC and) (NP-SBJ (PRP they)) (VP (MD could) (ADVP (RB probably)) (VP (VB lose) (NP (PRP$ their) (NN job)))) (. .) (-DFL- E_S))",75,103.201625,105.92125," I mean  they do that now  "," I/PRP  mean/VBP   they/PRP  do/VBP   that/DT  now/RB"
"53","sw03utt/sw_0307_3375.utt","3/sw3375",3375,52,"sv","A",29,2,"{C and } they could probably  lose their job <laughter>. /","and/CC  [ they/PRP ] could/MD probably/RB lose/VB  [ their/PRP$ job/NN ] ./.","(S (PRN (S (NP-SBJ (PRP I)) (VP (VBP mean)))) (S-ADV (NP-SBJ (PRP they)) (VP (VBP do) (NP (DT that)) (ADVP-TMP (RB now)))) (-DFL- E_S) (CC and) (NP-SBJ (PRP they)) (VP (MD could) (ADVP (RB probably)) (VP (VB lose) (NP (PRP$ their) (NN job)))) (. .) (-DFL- E_S))",75,103.201625,105.92125," and  they could probably  lose their job laughter. ","and/CC   they/PRP  could/MD probably/RB lose/VB   their/PRP$ job/NN  ./."
"54","sw03utt/sw_0307_3375.utt","3/sw3375",3375,53,"sv","B",30,1,"Lose their job and big lawsuit and all that. /","Lose/VBP  [ their/PRP$ job/NN ] and/CC  [ big/JJ lawsuit/NN ] and/CC  [ all/PDT that/DT ] ./.","(UCP (VP (VBP Lose) (NP (PRP$ their) (NN job))) (CC and) (NP (JJ big) (NN lawsuit)) (CC and) (NP (PDT all) (DT that)) (. .) (-DFL- E_S))",77,105.86,108.79,"Lose their job and big lawsuit and all that. ","Lose/VBP   their/PRP$ job/NN  and/CC   big/JJ lawsuit/NN  and/CC   all/PDT that/DT  ./."
"55","sw03utt/sw_0307_3375.utt","3/sw3375",3375,54,"aa","A",31,1,"Yeah,  /","Yeah/UH ,/,","(INTJ (UH Yeah) (, ,) (-DFL- E_S))",48,108.994875,110.056375,"Yeah,  ","Yeah/UH ,/,"
"56","sw03utt/sw_0307_3375.utt","3/sw3375",3375,55,"aa^r","A",31,2,"yeah <noise>. /","yeah/UH ./.","(INTJ (UH yeah) (. .) (-DFL- E_S))",49,108.994875,110.056375,"yeah noise. ","yeah/UH ./."
"57","sw03utt/sw_0307_3375.utt","3/sw3375",3375,56,"sv","B",32,1,"I feel that's got a lot to do with it.  /","[ I/PRP ] feel/VBP that/DT  [ 's/BES ] got/VBN  [ a/DT lot/NN ] to/TO do/VB with/IN  [ it/PRP ] ./.","(S (NP-SBJ (PRP I)) (VP (VBP feel) (SBAR (-NONE- 0) (S (NP-SBJ (DT that)) (VP (BES 's) (VP (VBN got) (NP (NP (DT a) (NN lot)) (SBAR (WHNP-1 (-NONE- 0)) (S (NP-SBJ (-NONE- *T*-1)) (VP (TO to) (VP (VB do) (PP (IN with) (NP (PRP it))))))))))))) (. .) (-DFL- E_S))",82,110.251,114.464,"I feel that's got a lot to do with it.  "," I/PRP  feel/VBP that/DT   's/BES  got/VBN   a/DT lot/NN  to/TO do/VB with/IN   it/PRP  ./."
"58","sw03utt/sw_0307_3375.utt","3/sw3375",3375,57,"sv","B",32,2,"People aren't as afraid of misbehaving as they used to be. /","[ People/NNS ] are/VBP n't/RB as/RB afraid/JJ of/IN misbehaving/VBG as/IN  [ they/PRP ] used/VBD to/TO be/VB ./.","(S (NP-SBJ (NNS People)) (VP (VBP are) (RB n't) (ADJP-PRD (ADJP (RB as) (JJ afraid)) (PP (IN of) (NP (VBG misbehaving))) (SBAR (IN as) (S (NP-SBJ-1 (PRP they)) (VP (VBD used) (S (NP-SBJ (-NONE- *-1)) (VP (TO to) (VP (VB be) (ADJP-PRD (-NONE- *?*)))))))))) (. .) (-DFL- E_S))",83,110.251,114.464,"People aren't as afraid of misbehaving as they used to be. "," People/NNS  are/VBP n't/RB as/RB afraid/JJ of/IN misbehaving/VBG as/IN   they/PRP  used/VBD to/TO be/VB ./."
"59","sw03utt/sw_0307_3375.utt","3/sw3375",3375,58,"aa","A",33,1,"Right,  /","Right/UH ,/,","(INTJ (UH Right) (, ,) (-DFL- E_S))",62,114.84575,125.475375,"Right,  ","Right/UH ,/,"
"60","sw03utt/sw_0307_3375.utt","3/sw3375",3375,59,"aa^r","A",33,2,"right.  /","right/UH ./.","(INTJ (UH right) (. .) (-DFL- E_S))",86,114.84575,125.475375,"right.  ","right/UH ./."
"61","sw03utt/sw_0307_3375.utt","3/sw3375",3375,60,"aa","A",33,3,"Yeah <child_talking>.  /","Yeah/UH ./.","(INTJ (UH Yeah) (. .) (-DFL- E_S))",87,114.84575,125.475375,"Yeah child_talking.  ","Yeah/UH ./."
"62","sw03utt/sw_0307_3375.utt","3/sw3375",3375,61,"sd","A",33,4,"It seems   (( that'd ))  be a subject that [ I, + I ] don't have much to say on # <laughter>. # /","[ It/PRP ] seems/VBZ that/DT 'd/MD be/VB  [ a/DT subject/NN ] that/WDT  [ I/PRP ] ,/,  [ I/PRP ] do/VBP n't/RB have/VB much/JJ to/TO say/VB on/IN ./.","(S (NP-SBJ (PRP It)) (VP (VBZ seems) (SBAR (-NONE- 0) (S (NP-SBJ (DT that)) (VP (MD 'd) (VP (VB be) (NP-PRD (NP (DT a) (NN subject)) (SBAR (WHNP-3 (WDT that)) (S (EDITED (RM (-DFL- \[)) (NP-SBJ (PRP I)) (, ,) (IP (-DFL- \+))) (NP-SBJ-1 (PRP I)) (RS (-DFL- \])) (VP (VBP do) (RB n't) (VP (VB have) (NP (NP (JJ much)) (SBAR (WHNP-2 (-NONE- 0)) (S (NP-SBJ (-NONE- *-1)) (VP (TO to) (VP (VB say) (NP (-NONE- *T*-2)) (PP (IN on) (NP (-NONE- *T*-3)))))))))))))))))) (. .) (-DFL- E_S))",88,114.84575,125.475375,"It seems    that'd   be a subject that  I,  I  don't have much to say on # laughter. # "," It/PRP  seems/VBZ that/DT 'd/MD be/VB   a/DT subject/NN  that/WDT   I/PRP  ,/,   I/PRP  do/VBP n't/RB have/VB much/JJ to/TO say/VB on/IN ./."
"63","sw03utt/sw_0307_3375.utt","3/sw3375",3375,62,"b","B",34,1,"# Really. #  /","Really/UH ./.","(INTJ (UH Really) (. .) (-DFL- E_S))",90,124.196,135.018,"# Really. #  ","Really/UH ./."
"64","sw03utt/sw_0307_3375.utt","3/sw3375",3375,63,"sd","B",34,2,"[ We, + we've ] talked some about it in my  state because we've had a lot of, {F uh, } prob-, - /","[ We/PRP ] ,/,  [ we/PRP ] 've/VBP talked/VBN  [ some/RB ] about/IN  [ it/PRP ] in/IN  [ my/PRP$ state/NN ] because/IN  [ we/PRP ] 've/VBP had/VBN  [ a/DT lot/NN ] of/IN ,/,  [ uh/UH ] ,/,  [ prob-/NNS ] ,/,","(S (EDITED (RM (-DFL- \[)) (NP-SBJ (PRP We)) (, ,) (IP (-DFL- \+))) (NP-SBJ (PRP we)) (VP (VBP 've) (RS (-DFL- \])) (VP (VBN talked) (NP-ADV (RB some)) (PP (IN about) (NP (PRP it))) (PP-LOC (IN in) (NP (PRP$ my) (NN state))) (SBAR-PRP (IN because) (S (NP-SBJ (PRP we)) (VP (VBP 've) (VP (VBN had) (NP (NP (DT a) (NN lot)) (PP (IN of) (, ,) (INTJ (UH uh)) (, ,) (NP-UNF (NNS prob-)))))))))) (, ,) (-DFL- N_S))",91,124.196,135.018," We,  we've  talked some about it in my  state because we've had a lot of,  uh,  prob,  "," We/PRP  ,/,   we/PRP  've/VBP talked/VBN   some/RB  about/IN   it/PRP  in/IN   my/PRP$ state/NN  because/IN   we/PRP  've/VBP had/VBN   a/DT lot/NN  of/IN ,/,   uh/UH  ,/,   prob/NNS  ,/,"
"65","sw03utt/sw_0307_3375.utt","3/sw3375",3375,64,"sd","B",34,3,"our governor that just got thrown out  of office was trying to be real big on education  /","[ our/PRP$ governor/NN ] [ that/WDT ] just/RB got/VBD thrown/VBN out/RP of/IN  [ office/NN ] was/VBD trying/VBG to/TO be/VB real/RB big/JJ on/IN  [ education/NN ]","(S (NP-SBJ-3 (NP (PRP$ our) (NN governor)) (SBAR (WHNP-1 (WDT that)) (S (NP-SBJ-2 (-NONE- *T*-1)) (ADVP (RB just)) (VP (VBD got) (VP (VBN thrown) (NP (-NONE- *-2)) (PP (RP out) (PP (IN of) (NP (NN office))))))))) (VP (VBD was) (VP (VBG trying) (S (NP-SBJ (-NONE- *-3)) (VP (TO to) (VP (VB be) (ADJP-PRD (RB real) (JJ big) (PP (IN on) (NP (NN education))))))))) (-DFL- E_S))",92,124.196,135.018,"our governor that just got thrown out  of office was trying to be real big on education  "," our/PRP$ governor/NN   that/WDT  just/RB got/VBD thrown/VBN out/RP of/IN   office/NN  was/VBD trying/VBG to/TO be/VB real/RB big/JJ on/IN   education/NN "
"66","sw03utt/sw_0307_3375.utt","3/sw3375",3375,65,"sd","B",34,4,"{C but } he wasn't. /","but/CC  [ he/PRP ] [ was/VBD n't/RB ] ./.","(S (CC but) (NP-SBJ (PRP he)) (VP (VBD was) (RB n't) (ADJP-PRD (-NONE- *?*))) (. .) (-DFL- E_S))",93,124.196,135.018," but  he wasn't. ","but/CC   he/PRP   was/VBD n't/RB  ./."
"67","sw03utt/sw_0307_3375.utt","3/sw3375",3375,66,"b","A",35,1,"Yeah. /","Yeah/UH ./.","(INTJ (UH Yeah) (. .) (-DFL- E_S))",87,135.327375,135.587375,"Yeah. ","Yeah/UH ./."
"68","sw03utt/sw_0307_3375.utt","3/sw3375",3375,67,"sd","B",36,1,"{C And } a lot of his problems had to do with money mostly.  /","And/CC  [ a/DT lot/NN ] of/IN  [ his/PRP$ problems/NNS ] had/VBD to/TO do/VB with/IN  [ money/NN ] mostly/RB ./.","(S (CC And) (NP-SBJ-1 (NP (DT a) (NN lot)) (PP (IN of) (NP (PRP$ his) (NNS problems)))) (VP (VBD had) (S (NP-SBJ (-NONE- *-1)) (VP (TO to) (VP (VB do) (PP (IN with) (NP (NN money))) (ADVP (RB mostly)))))) (. .) (-DFL- E_S))",97,135.703625,144.143625," And  a lot of his problems had to do with money mostly.  ","And/CC   a/DT lot/NN  of/IN   his/PRP$ problems/NNS  had/VBD to/TO do/VB with/IN   money/NN  mostly/RB ./."
"69","sw03utt/sw_0307_3375.utt","3/sw3375",3375,68,"%","B",36,2,"I know  [ a lot, + a lot of, ] - /","[ I/PRP ] know/VBP  [ a/DT lot/NN ] ,/,  [ a/DT lot/NN ] of/IN ,/,","(S (NP-SBJ (PRP I)) (VP (VBP know) (SBAR (-NONE- 0) (S (EDITED (RM (-DFL- \[)) (NP-SBJ-UNF (DT a) (NN lot)) (, ,) (IP (-DFL- \+))) (NP-SBJ (NP (DT a) (NN lot)) (PP-UNF (IN of)))))) (, ,) (RS (-DFL- \])) (-DFL- N_S))",98,135.703625,144.143625,"I know   a lot,  a lot of,   "," I/PRP  know/VBP   a/DT lot/NN  ,/,   a/DT lot/NN  of/IN ,/,"
"70","sw03utt/sw_0307_3375.utt","3/sw3375",3375,69,"sv","B",36,3,"if you have  more money it's just logical that you can  provide a better school system. /","if/IN  [ you/PRP ] have/VBP  [ more/JJR money/NN ] [ it/PRP ] 's/BES just/RB logical/JJ that/IN  [ you/PRP ] can/MD provide/VB  [ a/DT better/JJR school/NN system/NN ] ./.","(S (SBAR-ADV (IN if) (S (NP-SBJ (PRP you)) (VP (VBP have) (NP (JJR more) (NN money))))) (NP-SBJ (PRP it)) (VP (BES 's) (ADVP (RB just)) (ADJP-PRD (JJ logical) (SBAR (IN that) (S (NP-SBJ (PRP you)) (VP (MD can) (VP (VB provide) (NP (DT a) (JJR better) (NN school) (NN system)))))))) (. .) (-DFL- E_S))",99,135.703625,144.143625,"if you have  more money it's just logical that you can  provide a better school system. ","if/IN   you/PRP  have/VBP   more/JJR money/NN   it/PRP  's/BES just/RB logical/JJ that/IN   you/PRP  can/MD provide/VB   a/DT better/JJR school/NN system/NN  ./."
"71","sw03utt/sw_0307_3375.utt","3/sw3375",3375,70,"b","A",37,1,"Uh-huh. /","[ Uh-huh/UH ] ./.","(INTJ (UH Uh-huh) (. .) (-DFL- E_S))",101,144.312625,144.652625,"Uhhuh. "," Uhhuh/UH  ./."
"72","sw03utt/sw_0307_3375.utt","3/sw3375",3375,71,"sv","B",38,1,"{C And, }  unfortunately, there's not many places to get that money. /","And/CC ,/, unfortunately/RB ,/,  [ there/EX ] 's/BES not/RB  [ many/JJ places/NNS ] to/TO get/VB  [ that/DT money/NN ] ./.","(S (CC And) (, ,) (ADVP (RB unfortunately)) (, ,) (NP-SBJ (EX there)) (VP (BES 's) (RB not) (NP-PRD (NP (JJ many) (NNS places)) (SBAR (WHADVP-1 (-NONE- 0)) (S (NP-SBJ (-NONE- *)) (VP (TO to) (VP (VB get) (NP (DT that) (NN money)) (ADVP (-NONE- *T*-1)))))))) (. .) (-DFL- E_S))",103,145.0085,147.9485," And,   unfortunately, there's not many places to get that money. ","And/CC ,/, unfortunately/RB ,/,   there/EX  's/BES not/RB   many/JJ places/NNS  to/TO get/VB   that/DT money/NN  ./."
"73","sw03utt/sw_0307_3375.utt","3/sw3375",3375,72,"b","A",39,1,"Yeah </child_talking>. /","Yeah/UH ./.","(INTJ (UH Yeah) (. .) (-DFL- E_S))",87,148.403375,148.703375,"Yeah child_talking. ","Yeah/UH ./."
"74","sw03utt/sw_0307_3375.utt","3/sw3375",3375,73,"sv","B",40,1,"Then if you don't have qualified teachers in the  different  ((   )) , - /","Then/RB if/IN  [ you/PRP ] do/VBP n't/RB have/VB qualified/JJ  [ teachers/NNS ] in/IN  [ the/DT different/JJ MUMBLEx/XX ] ,/,","(FRAG (ADVP (RB Then)) (SBAR-ADV (IN if) (S (NP-SBJ (PRP you)) (VP (VBP do) (RB n't) (VP (VB have) (NP (JJ qualified) (NNS teachers)) (PP-LOC (IN in) (NP-UNF (DT the) (JJ different) (X (XX MUMBLEx)))))))) (, ,) (-DFL- N_S))",107,149.8945,181.270125,"Then if you don't have qualified teachers in the  different      ,  ","Then/RB if/IN   you/PRP  do/VBP n't/RB have/VB qualified/JJ   teachers/NNS  in/IN   the/DT different/JJ MUMBLEx/XX  ,/,"
"75","sw03utt/sw_0307_3375.utt","3/sw3375",3375,74,"sd","B",40,2,"I know one of my physics professors at college has addressed this.  /","[ I/PRP ] know/VBP  [ one/CD ] of/IN  [ my/PRP$ physics/NN professors/NNS ] at/IN  [ college/NN ] has/VBZ addressed/VBN  [ this/DT ] ./.","(S (NP-SBJ (PRP I)) (VP (VBP know) (SBAR (-NONE- 0) (S (NP-SBJ (NP (CD one)) (PP (IN of) (NP (NP (PRP$ my) (NN physics) (NNS professors)) (PP (IN at) (NP (NN college)))))) (VP (VBZ has) (VP (VBN addressed) (NP (DT this))))))) (. .) (-DFL- E_S))",108,149.8945,181.270125,"I know one of my physics professors at college has addressed this.  "," I/PRP  know/VBP   one/CD  of/IN   my/PRP$ physics/NN professors/NNS  at/IN   college/NN  has/VBZ addressed/VBN   this/DT  ./."
"76","sw03utt/sw_0307_3375.utt","3/sw3375",3375,75,"sv","B",40,3,"That most of the teachers at the elementary and high school level aren't scientists,  /","That/IN  [ most/JJS ] of/IN  [ the/DT teachers/NNS ] at/IN  [ the/DT elementary/JJ ] and/CC  [ high/JJ school/NN level/NN ] are/VBP n't/RB  [ scientists/NNS ] ,/,","(SBAR (IN That) (S (NP-SBJ (NP (JJS most)) (PP (IN of) (NP (NP (DT the) (NNS teachers)) (PP (IN at) (NP (DT the) (ADJP (JJ elementary) (CC and) (JJ high)) (NN school) (NN level)))))) (VP (VBP are) (RB n't) (NP-PRD (NNS scientists)))) (, ,) (-DFL- E_S))",109,149.8945,181.270125,"That most of the teachers at the elementary and high school level aren't scientists,  ","That/IN   most/JJS  of/IN   the/DT teachers/NNS  at/IN   the/DT elementary/JJ  and/CC   high/JJ school/NN level/NN  are/VBP n't/RB   scientists/NNS  ,/,"
"77","sw03utt/sw_0307_3375.utt","3/sw3375",3375,76,"sv","B",40,4,"they're teachers.  /","[ they/PRP ] 're/VBP  [ teachers/NNS ] ./.","(S (NP-SBJ (PRP they)) (VP (VBP 're) (NP-PRD (NNS teachers))) (. .) (-DFL- E_S))",110,149.8945,181.270125,"they're teachers.  "," they/PRP  're/VBP   teachers/NNS  ./."
"78","sw03utt/sw_0307_3375.utt","3/sw3375",3375,77,"sv","B",40,5,"{C And } they may not know a lot about <talking>  what they're teaching.  /","And/CC  [ they/PRP ] may/MD not/RB know/VB  [ a/DT lot/NN ] about/IN  [ what/WP ] [ they/PRP ] 're/VBP teaching/VBG ./.","(S (CC And) (NP-SBJ (PRP they)) (VP (MD may) (RB not) (VP (VB know) (NP (NP (DT a) (NN lot)) (PP (IN about) (SBAR-NOM (WHNP-1 (WP what)) (S (NP-SBJ (PRP they)) (VP (VBP 're) (VP (VBG teaching) (NP (-NONE- *T*-1)))))))))) (. .) (-DFL- E_S))",111,149.8945,181.270125," And  they may not know a lot about talking  what they're teaching.  ","And/CC   they/PRP  may/MD not/RB know/VB   a/DT lot/NN  about/IN   what/WP   they/PRP  're/VBP teaching/VBG ./."
"79","sw03utt/sw_0307_3375.utt","3/sw3375",3375,78,"sv","B",40,6,"Where they may have just had a teaching major and then had some social studies courses  /","Where/WRB  [ they/PRP ] may/MD have/VB just/RB had/VBD  [ a/DT ] teaching/NN  [ major/NN ] and/CC then/RB had/VBD  [ some/DT social/JJ studies/NNS courses/NNS ]","(SBAR-LOC (WHADVP-1 (WRB Where)) (S (NP-SBJ (PRP they)) (VP (MD may) (VP (VB have) (ADVP (RB just)) (VP (VP (VBD had) (NP (DT a) (NN teaching) (NN major))) (CONJP (CC and) (RB then)) (VP (VBD had) (NP (DT some) (JJ social) (NNS studies) (NNS courses))) (ADVP (-NONE- *T*-1)))))) (-DFL- E_S))",112,149.8945,181.270125,"Where they may have just had a teaching major and then had some social studies courses  ","Where/WRB   they/PRP  may/MD have/VB just/RB had/VBD   a/DT  teaching/NN   major/NN  and/CC then/RB had/VBD   some/DT social/JJ studies/NNS courses/NNS "
"80","sw03utt/sw_0307_3375.utt","3/sw3375",3375,79,"sv","B",40,7,"{C and } they're trying to teach social studies.  /","and/CC  [ they/PRP ] 're/VBP trying/VBG to/TO teach/VB  [ social/JJ studies/NNS ] ./.","(S (CC and) (NP-SBJ-1 (PRP they)) (VP (VBP 're) (VP (VBG trying) (S (NP-SBJ (-NONE- *-1)) (VP (TO to) (VP (VB teach) (NP (JJ social) (NNS studies))))))) (. .) (-DFL- E_S))",113,149.8945,181.270125," and  they're trying to teach social studies.  ","and/CC   they/PRP  're/VBP trying/VBG to/TO teach/VB   social/JJ studies/NNS  ./."
"81","sw03utt/sw_0307_3375.utt","3/sw3375",3375,80,"sv","B",40,8,"{C And } they  don't know a lot about that </talking>. /","And/CC  [ they/PRP ] do/VBP n't/RB know/VB  [ a/DT lot/NN ] about/IN  [ that/DT ] ./.","(S (CC And) (NP-SBJ (PRP they)) (VP (VBP do) (RB n't) (VP (VB know) (NP (NP (DT a) (NN lot)) (PP (IN about) (NP (DT that)))))) (. .) (-DFL- E_S))",114,149.8945,181.270125," And  they  don't know a lot about that talking. ","And/CC   they/PRP  do/VBP n't/RB know/VB   a/DT lot/NN  about/IN   that/DT  ./."
"82","sw03utt/sw_0307_3375.utt","3/sw3375",3375,81,"b","A",41,1,"Right. /","[ Right/UH ] ./.","(INTJ (UH Right) (. .) (-DFL- E_S))",116,181.47825,181.95825,"Right. "," Right/UH  ./."
"83","sw03utt/sw_0307_3375.utt","3/sw3375",3375,82,"sv","B",42,1,"Where maybe a physics professor, - /","Where/WRB maybe/RB  [ a/DT physics/NN professor/NN ] ,/,","(SBAR (WHADVP (WRB Where)) (S-UNF (ADVP (RB maybe)) (NP-SBJ (DT a) (NN physics) (NN professor))) (, ,) (-DFL- N_S))",118,181.87275,197.292375,"Where maybe a physics professor,  ","Where/WRB maybe/RB   a/DT physics/NN professor/NN  ,/,"
"84","sw03utt/sw_0307_3375.utt","3/sw3375",3375,83,"sd","B",42,2,"[ he, + my ]  professor was a physics professor  /","[ he/PRP ] ,/,  [ my/PRP$ professor/NN ] was/VBD  [ a/DT physics/NN professor/NN ]","(S (EDITED (RM (-DFL- \[)) (NP-SBJ (PRP he)) (, ,) (IP (-DFL- \+))) (NP-SBJ (PRP$ my) (RS (-DFL- \])) (NN professor)) (VP (VBD was) (NP-PRD (DT a) (NN physics) (NN professor))) (-DFL- E_S))",119,181.87275,197.292375," he,  my   professor was a physics professor  "," he/PRP  ,/,   my/PRP$ professor/NN  was/VBD   a/DT physics/NN professor/NN "
"85","sw03utt/sw_0307_3375.utt","3/sw3375",3375,84,"sd","B",42,3,"{C and } he said a lot of teachers teaching physics today have no background of physics at the high school level.  /","and/CC  [ he/PRP ] said/VBD  [ a/DT lot/NN ] of/IN  [ teachers/NNS ] teaching/VBG  [ physics/NN today/RB ] have/VBP  [ no/DT background/NN ] of/IN  [ physics/NN ] at/IN  [ the/DT high/JJ school/NN level/NN ] ./.","(S (CC and) (NP-SBJ (PRP he)) (VP (VBD said) (SBAR (-NONE- 0) (S (NP-SBJ (NP (DT a) (NN lot)) (PP (IN of) (NP (NP (NNS teachers)) (VP (VBG teaching) (NP (NN physics)) (NP-TMP (RB today)) (PP (-NONE- *ICH*-1)))))) (VP (VBP have) (NP (NP (DT no) (NN background)) (PP (IN of) (NP (NN physics)))) (PP-LOC-1 (IN at) (NP (DT the) (JJ high) (NN school) (NN level))))))) (. .) (-DFL- E_S))",120,181.87275,197.292375," and  he said a lot of teachers teaching physics today have no background of physics at the high school level.  ","and/CC   he/PRP  said/VBD   a/DT lot/NN  of/IN   teachers/NNS  teaching/VBG   physics/NN today/RB  have/VBP   no/DT background/NN  of/IN   physics/NN  at/IN   the/DT high/JJ school/NN level/NN  ./."
"86","sw03utt/sw_0307_3375.utt","3/sw3375",3375,85,"sv","B",42,4,"{C So } therefore, they're teaching from a teacher's point of view and not from a physicist point of view.  /","So/RB therefore/RB ,/,  [ they/PRP ] 're/VBP teaching/VBG from/IN  [ a/DT teacher/NN 's/POS point/NN ] of/IN  [ view/NN ] and/CC not/RB from/IN  [ a/DT physicist/NN point/NN ] of/IN  [ view/NN ] ./.","(S (RB So) (ADVP (RB therefore)) (, ,) (NP-SBJ (PRP they)) (VP (VBP 're) (VP (VBG teaching) (PP (PP (IN from) (NP (NP (NP (DT a) (NN teacher) (POS 's)) (NN point)) (PP (IN of) (NP (NN view))))) (CC and) (RB not) (PP (IN from) (NP (NP (DT a) (NN physicist) (NN point)) (PP (IN of) (NP (NN view)))))))) (. .) (-DFL- E_S))",121,181.87275,197.292375," So  therefore, they're teaching from a teacher's point of view and not from a physicist point of view.  ","So/RB therefore/RB ,/,   they/PRP  're/VBP teaching/VBG from/IN   a/DT teacher/NN 's/POS point/NN  of/IN   view/NN  and/CC not/RB from/IN   a/DT physicist/NN point/NN  of/IN   view/NN  ./."
"87","sw03utt/sw_0307_3375.utt","3/sw3375",3375,86,"sv","B",42,5,"{C And } that causes a lot of trouble. /","And/CC  [ that/DT ] causes/VBZ  [ a/DT lot/NN ] of/IN  [ trouble/NN ] ./.","(S (CC And) (NP-SBJ (DT that)) (VP (VBZ causes) (NP (NP (DT a) (NN lot)) (PP (IN of) (NP (NN trouble))))) (. .) (-DFL- E_S))",122,181.87275,197.292375," And  that causes a lot of trouble. ","And/CC   that/DT  causes/VBZ   a/DT lot/NN  of/IN   trouble/NN  ./."
"88","sw03utt/sw_0307_3375.utt","3/sw3375",3375,87,"aa","A",43,1,"Right.  /","[ Right/UH ] ./.","(INTJ (UH Right) (. .) (-DFL- E_S))",116,197.488125,214.93225,"Right.  "," Right/UH  ./."
"89","sw03utt/sw_0307_3375.utt","3/sw3375",3375,88,"aa","A",43,2,"Yeah.  /","Yeah/UH ./.","(INTJ (UH Yeah) (. .) (-DFL- E_S))",87,197.488125,214.93225,"Yeah.  ","Yeah/UH ./."
"90","sw03utt/sw_0307_3375.utt","3/sw3375",3375,89,"h","A",43,3,"I don't know,  /","[ I/PRP ] do/VBP n't/RB know/VB ,/,","(S (NP-SBJ (PRP I)) (VP (VBP do) (RB n't) (VP (VB know))) (, ,) (-DFL- E_S))",126,197.488125,214.93225,"I don't know,  "," I/PRP  do/VBP n't/RB know/VB ,/,"
"91","sw03utt/sw_0307_3375.utt","3/sw3375",3375,90,"sv","A",43,4,"[ [ e-, + e-, ] + maybe ]  they should sit back  [ and, + and ] kind of, {F uh, } decide on where the money's best spent.  /","[ e-/XX ] ,/,  [ e-/XX ] ,/, maybe/RB  [ they/PRP ] should/MD sit/VB back/RB and/CC ,/, and/CC  [ kind/RB ] of/RB ,/,  [ uh/UH ] ,/, decide/VB on/IN where/WRB  [ the/DT money/NN ] 's/BES best/RB spent/VBN ./.","(S (EDITED (RM (-DFL- \[)) (EDITED (RM (-DFL- \[)) (X (XX e-)) (, ,) (IP (-DFL- \+))) (X (XX e-)) (, ,) (RS (-DFL- \])) (IP (-DFL- \+))) (ADVP (RB maybe)) (RS (-DFL- \])) (NP-SBJ (PRP they)) (VP (MD should) (VP (VP (VB sit) (ADVP (RB back))) (EDITED (RM (-DFL- \[)) (CC and) (, ,) (IP (-DFL- \+))) (CC and) (RS (-DFL- \])) (ADVP (RB kind) (RB of)) (, ,) (INTJ (UH uh)) (, ,) (VP (VB decide) (PP (IN on) (SBAR (WHADVP-2 (WRB where)) (S (NP-SBJ-1 (DT the) (NN money)) (VP (BES 's) (ADVP (RB best)) (VP (VBN spent) (NP (-NONE- *-1)) (ADVP (-NONE- *T*-2)))))))))) (. .) (-DFL- E_S))",127,197.488125,214.93225,"  e,  e,   maybe   they should sit back   and,  and  kind of,  uh,  decide on where the money's best spent.  "," e/XX  ,/,   e/XX  ,/, maybe/RB   they/PRP  should/MD sit/VB back/RB and/CC ,/, and/CC   kind/RB  of/RB ,/,   uh/UH  ,/, decide/VB on/IN where/WRB   the/DT money/NN  's/BES best/RB spent/VBN ./."
"92","sw03utt/sw_0307_3375.utt","3/sw3375",3375,91,"sv","A",43,5,"I know in a lot of cases, {F uh, } different districts like to have nice fancy schools. /","[ I/PRP ] know/VBP in/IN  [ a/DT lot/NN ] of/IN  [ cases/NNS ] ,/,  [ uh/UH ] ,/,  [ different/JJ districts/NNS ] like/VBP to/TO have/VB  [ nice/JJ fancy/JJ schools/NNS ] ./.","(S (NP-SBJ (PRP I)) (VP (VBP know) (SBAR (-NONE- 0) (S (PP (IN in) (NP (NP (DT a) (NN lot)) (PP (IN of) (NP (NNS cases))))) (, ,) (INTJ (UH uh)) (, ,) (NP-SBJ-1 (JJ different) (NNS districts)) (VP (VBP like) (S (NP-SBJ (-NONE- *-1)) (VP (TO to) (VP (VB have) (NP (JJ nice) (JJ fancy) (NNS schools))))))))) (. .) (-DFL- E_S))",128,197.488125,214.93225,"I know in a lot of cases,  uh,  different districts like to have nice fancy schools. "," I/PRP  know/VBP in/IN   a/DT lot/NN  of/IN   cases/NNS  ,/,   uh/UH  ,/,   different/JJ districts/NNS  like/VBP to/TO have/VB   nice/JJ fancy/JJ schools/NNS  ./."
"93","sw03utt/sw_0307_3375.utt","3/sw3375",3375,92,"b","B",44,1,"Right. /","[ Right/UH ] ./.","(INTJ (UH Right) (. .) (-DFL- E_S))",116,215.050625,215.620625,"Right. "," Right/UH  ./."
"94","sw03utt/sw_0307_3375.utt","3/sw3375",3375,93,"sv","A",45,1,"{C And } maybe they should be a little more,  {F uh, } {F uh, } concerned with paying the right people to teach [ and, + and ]  be, {F uh, } satisfied with maybe a little older school. /","And/CC maybe/RB  [ they/PRP ] should/MD be/VB  [ a/DT little/RB more/RBR ] ,/,  [ uh/UH ] ,/,  [ uh/UH ] ,/, concerned/JJ with/IN paying/VBG  [ the/DT right/JJ people/NNS ] to/TO teach/VB and/CC ,/, and/CC be/VB ,/,  [ uh/UH ] ,/, satisfied/JJ with/IN maybe/RB  [ a/DT little/RB older/JJR school/NN ] ./.","(S (CC And) (ADVP (RB maybe)) (NP-SBJ-1 (PRP they)) (VP (MD should) (VP (VP (VB be) (ADJP-PRD (ADVP (NP (DT a) (RB little)) (RBR more)) (, ,) (INTJ (UH uh)) (, ,) (INTJ (UH uh)) (, ,) (JJ concerned) (PP (IN with) (S-NOM (NP-SBJ (-NONE- *-1)) (VP (VBG paying) (NP-2 (DT the) (JJ right) (NNS people)) (S-PRP (NP-SBJ (-NONE- *-2)) (VP (TO to) (VP (VB teach))))))))) (EDITED (RM (-DFL- \[)) (CC and) (, ,) (IP (-DFL- \+))) (CC and) (RS (-DFL- \])) (VP (VB be) (, ,) (INTJ (UH uh)) (, ,) (ADJP-PRD (JJ satisfied) (PP (IN with) (ADVP (RB maybe)) (NP (ADJP (NP-ADV (DT a) (RB little)) (JJR older)) (NN school))))))) (. .) (-DFL- E_S))",132,215.7395,227.46," And  maybe they should be a little more,   uh,   uh,  concerned with paying the right people to teach  and,  and   be,  uh,  satisfied with maybe a little older school. ","And/CC maybe/RB   they/PRP  should/MD be/VB   a/DT little/RB more/RBR  ,/,   uh/UH  ,/,   uh/UH  ,/, concerned/JJ with/IN paying/VBG   the/DT right/JJ people/NNS  to/TO teach/VB and/CC ,/, and/CC be/VB ,/,   uh/UH  ,/, satisfied/JJ with/IN maybe/RB   a/DT little/RB older/JJR school/NN  ./."
"95","sw03utt/sw_0307_3375.utt","3/sw3375",3375,94,"aa","B",46,1,"Exactly.  /","Exactly/UH ./.","(INTJ (UH Exactly) (. .) (-DFL- E_S))",134,227.5825,244.182375,"Exactly.  ","Exactly/UH ./."
"96","sw03utt/sw_0307_3375.utt","3/sw3375",3375,95,"sd","B",46,2,"{C Because, } {E I mean, } here in the town  I went to high school,  /","Because/IN ,/,  [ I/PRP ] mean/VBP ,/, here/RB in/IN  [ the/DT town/NN ] [ I/PRP ] went/VBD to/IN  [ high/JJ school/NN ] ,/,","(SBAR-PRP (IN Because) (PRN (, ,) (S (NP-SBJ (PRP I)) (VP (VBP mean))) (, ,)) (S (ADVP-LOC (RB here) (PP (IN in) (NP (DT the) (NN town)))) (NP-SBJ (PRP I)) (VP (VBD went) (PP (IN to) (NP (JJ high) (NN school))))) (, ,) (-DFL- E_S))",135,227.5825,244.182375," Because,   I mean,  here in the town  I went to high school,  ","Because/IN ,/,   I/PRP  mean/VBP ,/, here/RB in/IN   the/DT town/NN   I/PRP  went/VBD to/IN   high/JJ school/NN  ,/,"
"97","sw03utt/sw_0307_3375.utt","3/sw3375",3375,96,"sd","B",46,3,"[ one of the, + {A there were four  high schools in my county, } one of the ] high schools was blown away by a tornado.  /","[ one/CD ] of/IN  [ the/DT ] ,/,  [ there/EX ] were/VBD  [ four/CD high/JJ schools/NNS ] in/IN  [ my/PRP$ county/NN ] ,/,  [ one/CD ] of/IN  [ the/DT high/JJ schools/NNS ] was/VBD blown/VBN away/RP by/IN  [ a/DT tornado/NN ] ./.","(S (EDITED (RM (-DFL- \[)) (NP-SBJ (NP (CD one)) (PP (IN of) (NP-UNF (DT the)))) (, ,) (IP (-DFL- \+))) (PRN (S (NP-SBJ (EX there)) (VP (VBD were) (NP-PRD (CD four) (JJ high) (NNS schools)) (PP-LOC (IN in) (NP (PRP$ my) (NN county))))) (, ,)) (NP-SBJ-1 (NP (CD one)) (PP (IN of) (NP (DT the) (RS (-DFL- \])) (JJ high) (NNS schools)))) (VP (VBD was) (VP (VBN blown) (NP (-NONE- *-1)) (ADVP (RP away)) (PP (IN by) (NP-LGS (DT a) (NN tornado))))) (. .) (-DFL- E_S))",136,227.5825,244.182375," one of the,   there were four  high schools in my county,  one of the  high schools was blown away by a tornado.  "," one/CD  of/IN   the/DT  ,/,   there/EX  were/VBD   four/CD high/JJ schools/NNS  in/IN   my/PRP$ county/NN  ,/,   one/CD  of/IN   the/DT high/JJ schools/NNS  was/VBD blown/VBN away/RP by/IN   a/DT tornado/NN  ./."
"98","sw03utt/sw_0307_3375.utt","3/sw3375",3375,97,"sd","B",46,4,"{C So } when they rebuilt that school,  they had [ a, + a ] top of the line, high tech school there. /","So/RB when/WRB  [ they/PRP ] rebuilt/VBD  [ that/DT school/NN ] ,/,  [ they/PRP ] had/VBD  [ a/DT ] ,/,  [ a/DT top/NN ] of/IN  [ the/DT line/NN ] ,/,  [ high/JJ tech/JJ school/NN ] there/RB ./.","(S (RB So) (SBAR-TMP (WHADVP-1 (WRB when)) (S (NP-SBJ (PRP they)) (VP (VBD rebuilt) (NP (DT that) (NN school)) (ADVP-TMP (-NONE- *T*-1))))) (, ,) (NP-SBJ (PRP they)) (VP (VBD had) (EDITED (RM (-DFL- \[)) (NP-UNF (DT a)) (, ,) (IP (-DFL- \+))) (NP (DT a) (RS (-DFL- \])) (NAC (NN top) (PP (IN of) (NP (DT the) (NN line)))) (, ,) (JJ high) (JJ tech) (NN school)) (ADVP-LOC (RB there))) (. .) (-DFL- E_S))",137,227.5825,244.182375," So  when they rebuilt that school,  they had  a,  a  top of the line, high tech school there. ","So/RB when/WRB   they/PRP  rebuilt/VBD   that/DT school/NN  ,/,   they/PRP  had/VBD   a/DT  ,/,   a/DT top/NN  of/IN   the/DT line/NN  ,/,   high/JJ tech/JJ school/NN  there/RB ./."
"99","sw03utt/sw_0307_3375.utt","3/sw3375",3375,98,"b","A",47,1,"Uh-huh. /","[ Uh-huh/UH ] ./.","(INTJ (UH Uh-huh) (. .) (-DFL- E_S))",101,244.464875,244.724875,"Uhhuh. "," Uhhuh/UH  ./."
"100","sw03utt/sw_0307_3375.utt","3/sw3375",3375,99,"sd","B",48,1,"{C And } the other schools were built back in maybe the  fifties or early sixties  /","And/CC  [ the/DT other/JJ schools/NNS ] were/VBD built/VBN back/RB in/IN maybe/RB  [ the/DT fifties/NNS ] or/CC  [ early/JJ sixties/NNS ]","(S (CC And) (NP-SBJ-1 (DT the) (JJ other) (NNS schools)) (VP (VBD were) (VP (VBN built) (NP (-NONE- *-1)) (PP-TMP (ADVP (RB back)) (IN in) (ADVP (RB maybe)) (NP (DT the) (NX (NX (NNS fifties)) (CC or) (NX (JJ early) (NNS sixties))))))) (-DFL- E_S))",141,244.61175,267.309375," And  the other schools were built back in maybe the  fifties or early sixties  ","And/CC   the/DT other/JJ schools/NNS  were/VBD built/VBN back/RB in/IN maybe/RB   the/DT fifties/NNS  or/CC   early/JJ sixties/NNS "
"101","sw03utt/sw_0307_3375.utt","3/sw3375",3375,100,"sd","B",48,2,"{C and  then } when, {F uh, } the evaluation committees came  through, they praised the school that had been rebuilt while they were down grading  all these other ones.  Telling them what they needed to do to fix up this building  /","and/CC then/RB when/WRB ,/,  [ uh/UH ] ,/,  [ the/DT evaluation/NN committees/NNS ] came/VBD through/RB ,/,  [ they/PRP ] praised/VBD  [ the/DT school/NN ] [ that/WDT ] had/VBD been/VBN rebuilt/VBN while/IN  [ they/PRP ] were/VBD down/GW grading/^VBG  [ all/PDT these/DT other/JJ ones/NNS ] ./.  Telling/VBG  [ them/PRP ] [ what/WP ] [ they/PRP ] needed/VBD to/TO do/VB to/TO fix/VB up/RP  [ this/DT building/NN ]","(S (CONJP (CC and) (RB then)) (SBAR-TMP (WHADVP-1 (WRB when)) (, ,) (INTJ (UH uh)) (, ,) (S (NP-SBJ (DT the) (NN evaluation) (NNS committees)) (VP (VBD came) (PRT (RB through)) (ADVP-TMP (-NONE- *T*-1))))) (, ,) (NP-SBJ (PRP they)) (VP (VBD praised) (NP (NP (DT the) (NN school)) (SBAR (WHNP-2 (WDT that)) (S (NP-SBJ-3 (-NONE- *T*-2)) (VP (VBD had) (VP (VBN been) (VP (VBN rebuilt) (NP (-NONE- *-3)))))))) (SBAR-TMP (IN while) (S (NP-SBJ (PRP they)) (VP (VBD were) (VP (VP (TYPO (GW down) (^VBG grading)) (NP (PDT all) (DT these) (JJ other) (NNS ones))) (. .) (VP (VBG Telling) (NP (PRP them)) (SBAR-NOM (WHNP-6 (WP what)) (S (NP-SBJ-4 (PRP they)) (VP (VBD needed) (S (NP-SBJ-5 (-NONE- *-4)) (VP (TO to) (VP (VB do) (NP (-NONE- *T*-6)) (S-PRP (NP-SBJ (-NONE- *-5)) (VP (TO to) (VP (VB fix) (PRT (RP up)) (NP (DT this) (NN building))))))))))))))))) (-DFL- E_S))",142,244.61175,267.309375," and  then  when,  uh,  the evaluation committees came  through, they praised the school that had been rebuilt while they were down grading  all these other ones.  Telling them what they needed to do to fix up this building  ","and/CC then/RB when/WRB ,/,   uh/UH  ,/,   the/DT evaluation/NN committees/NNS  came/VBD through/RB ,/,   they/PRP  praised/VBD   the/DT school/NN   that/WDT  had/VBD been/VBN rebuilt/VBN while/IN   they/PRP  were/VBD down/GW grading/^VBG   all/PDT these/DT other/JJ ones/NNS  ./.  Telling/VBG   them/PRP   what/WP   they/PRP  needed/VBD to/TO do/VB to/TO fix/VB up/RP   this/DT building/NN "
"102","sw03utt/sw_0307_3375.utt","3/sw3375",3375,101,"sv","B",48,3,"[ [ [ {C and }  this + {C and } this ] + {C and } this ] + {C and  so }  it ] kind of would make you think  that we'd all be better off if all the schools were blown away by tornadoes and  we had to rebuild them. /","and/CC  [ this/DT ] and/CC  [ this/DT ] and/CC  [ this/DT ] and/CC so/RB  [ it/PRP ] [ kind/RB ] of/RB would/MD make/VB  [ you/PRP ] think/VBP that/IN  [ we/PRP ] 'd/MD  [ all/DT ] be/VB better/JJR off/RP if/IN  [ all/PDT the/DT schools/NNS ] were/VBD blown/VBN away/RB by/IN  [ tornadoes/NNS ] and/CC  [ we/PRP ] had/VBD to/TO rebuild/VB  [ them/PRP ] ./.","(S (EDITED (RM (-DFL- \[)) (EDITED (RM (-DFL- \[)) (EDITED (RM (-DFL- \[)) (S-UNF (CC and) (NP-SBJ (DT this))) (IP (-DFL- \+))) (S-UNF (CC and) (NP-SBJ (DT this))) (RS (-DFL- \])) (IP (-DFL- \+))) (S-UNF (CC and) (NP-SBJ (DT this))) (RS (-DFL- \])) (IP (-DFL- \+))) (CONJP (CC and) (RB so)) (NP-SBJ (PRP it)) (RS (-DFL- \])) (ADVP (RB kind) (RB of)) (VP (MD would) (VP (VB make) (S (NP-SBJ (PRP you)) (VP (VBP think) (SBAR (IN that) (S (NP-SBJ (PRP we)) (VP (MD 'd) (DT all) (VP (VB be) (ADJP-PRD (JJR better) (RP off)) (SBAR-ADV (IN if) (S (S (NP-SBJ-1 (PDT all) (DT the) (NNS schools)) (VP (VBD were) (VP (VBN blown) (NP (-NONE- *-1)) (ADVP (RB away)) (PP (IN by) (NP-LGS (NNS tornadoes)))))) (CC and) (S (NP-SBJ-2 (PRP we)) (VP (VBD had) (S (NP-SBJ (-NONE- *-2)) (VP (TO to) (VP (VB rebuild) (NP (PRP them))))))))))))))))) (. .) (-DFL- E_S))",143,244.61175,267.309375,"    and   this   and  this    and  this    and  so   it  kind of would make you think  that we'd all be better off if all the schools were blown away by tornadoes and  we had to rebuild them. ","and/CC   this/DT  and/CC   this/DT  and/CC   this/DT  and/CC so/RB   it/PRP   kind/RB  of/RB would/MD make/VB   you/PRP  think/VBP that/IN   we/PRP  'd/MD   all/DT  be/VB better/JJR off/RP if/IN   all/PDT the/DT schools/NNS  were/VBD blown/VBN away/RB by/IN   tornadoes/NNS  and/CC   we/PRP  had/VBD to/TO rebuild/VB   them/PRP  ./."
"103","sw03utt/sw_0307_3375.utt","3/sw3375",3375,102,"b","A",49,1,"<Laughter> Yeah.  /","[ Yeah/UH ] ./.","(INTJ (UH Yeah) (. .) (-DFL- E_S))",105,267.373125,298.678125,"Laughter Yeah.  "," Yeah/UH  ./."
"104","sw03utt/sw_0307_3375.utt","3/sw3375",3375,103,"b^r","A",49,2,"Yeah.  /","[ Yeah/UH ] ./.","(INTJ (UH Yeah) (. .) (-DFL- E_S))",105,267.373125,298.678125,"Yeah.  "," Yeah/UH  ./."
"105","sw03utt/sw_0307_3375.utt","3/sw3375",3375,104,"sd","A",49,3,"{D Well } [ I, + I ]  know, {F uh, } where I came from.  We didn't have a very, {F uh, } rich community  /","Well/UH  [ I/PRP ] ,/,  [ I/PRP ] know/VBP ,/,  [ uh/UH ] ,/, where/WRB  [ I/PRP ] came/VBD from/IN ./.  [ We/PRP ] did/VBD n't/RB have/VB  [ a/DT very/RB ] ,/,  [ uh/UH ] ,/,  [ rich/JJ community/NN ]","(S (INTJ (UH Well)) (EDITED (RM (-DFL- \[)) (NP-SBJ (PRP I)) (, ,) (IP (-DFL- \+))) (NP-SBJ (PRP I)) (RS (-DFL- \])) (VP (VBP know) (, ,) (INTJ (UH uh)) (, ,) (SBAR (-NONE- 0) (S (SBAR-LOC (WHADVP-1 (WRB where)) (S (NP-SBJ (PRP I)) (VP (VBD came) (PP (IN from) (ADVP-LOC (-NONE- *T*-1)))))) (. .) (NP-SBJ (PRP We)) (VP (VBD did) (RB n't) (VP (VB have) (NP (DT a) (ADJP (RB very) (, ,) (INTJ (UH uh)) (, ,) (JJ rich)) (NN community))))))) (-DFL- E_S))",147,267.373125,298.678125," Well   I,  I   know,  uh,  where I came from.  We didn't have a very,  uh,  rich community  ","Well/UH   I/PRP  ,/,   I/PRP  know/VBP ,/,   uh/UH  ,/, where/WRB   I/PRP  came/VBD from/IN ./.   We/PRP  did/VBD n't/RB have/VB   a/DT very/RB  ,/,   uh/UH  ,/,   rich/JJ community/NN "
"106","sw03utt/sw_0307_3375.utt","3/sw3375",3375,105,"sd","A",49,4,"{C and, }  {F uh, }  high school that I went to was very old  /","and/CC ,/,  [ uh/UH ] ,/,  [ high/JJ school/NN ] that/WDT  [ I/PRP ] went/VBD to/IN was/VBD very/RB old/JJ","(S (CC and) (, ,) (INTJ (UH uh)) (, ,) (NP-SBJ (NP (JJ high) (NN school)) (SBAR (WHNP-1 (WDT that)) (S (NP-SBJ (PRP I)) (VP (VBD went) (PP (IN to) (NP (-NONE- *T*-1))))))) (VP (VBD was) (ADJP-PRD (RB very) (JJ old))) (-DFL- E_S))",148,267.373125,298.678125," and,    uh,   high school that I went to was very old  ","and/CC ,/,   uh/UH  ,/,   high/JJ school/NN  that/WDT   I/PRP  went/VBD to/IN was/VBD very/RB old/JJ"
"107","sw03utt/sw_0307_3375.utt","3/sw3375",3375,106,"sd","A",49,5,"{C and, }  {F uh, } as far as I know, it's still there.  /","and/CC ,/,  [ uh/UH ] ,/, as/RB far/RB as/IN  [ I/PRP ] know/VBP ,/,  [ it/PRP ] 's/BES still/RB there/RB ./.","(S (CC and) (, ,) (INTJ (UH uh)) (, ,) (ADVP (ADVP (RB as) (RB far)) (SBAR (IN as) (S (NP-SBJ (PRP I)) (VP (VBP know))))) (, ,) (NP-SBJ (PRP it)) (VP (BES 's) (ADVP-TMP (RB still)) (ADVP-LOC-PRD (RB there))) (. .) (-DFL- E_S))",149,267.373125,298.678125," and,    uh,  as far as I know, it's still there.  ","and/CC ,/,   uh/UH  ,/, as/RB far/RB as/IN   I/PRP  know/VBP ,/,   it/PRP  's/BES still/RB there/RB ./."
"108","sw03utt/sw_0307_3375.utt","3/sw3375",3375,107,"sd","A",49,6,"They've [ e-, + expanded ] on it  /","[ They/PRP ] 've/VBP  [ e/VBN ] ,/, expanded/VBN on/IN  [ it/PRP ]","(S (NP-SBJ (PRP They)) (VP (VBP 've) (EDITED (RM (-DFL- \[)) (VP-UNF (VBN e-)) (, ,) (IP (-DFL- \+))) (VP (VBN expanded) (RS (-DFL- \])) (PP (IN on) (NP (PRP it))))) (-DFL- E_S))",150,267.373125,298.678125,"They've  e,  expanded  on it  "," They/PRP  've/VBP   e/VBN  ,/, expanded/VBN on/IN   it/PRP "
"109","sw03utt/sw_0307_3375.utt","3/sw3375",3375,108,"sd","A",49,7,"{C but } they've never built a new one  /","but/CC  [ they/PRP ] 've/VBP never/RB built/VBN  [ a/DT new/JJ one/CD ]","(S (CC but) (NP-SBJ (PRP they)) (VP (VBP 've) (ADVP-TMP (RB never)) (VP (VBN built) (NP (DT a) (JJ new) (CD one)))) (-DFL- E_S))",151,267.373125,298.678125," but  they've never built a new one  ","but/CC   they/PRP  've/VBP never/RB built/VBN   a/DT new/JJ one/CD "
"110","sw03utt/sw_0307_3375.utt","3/sw3375",3375,109,"sd","A",49,8,"{C and } it's probably  fifty, sixty years old [ or, +  or ] better  /","and/CC  [ it/PRP ] 's/BES probably/RB  [ fifty/CD ] ,/,  [ sixty/CD years/NNS ] old/JJ or/CC ,/, or/CC better/RB","(S (CC and) (NP-SBJ (PRP it)) (VP (BES 's) (ADVP (RB probably)) (ADJP-PRD (NP-ADV (QP (CD fifty) (, ,) (CD sixty)) (NNS years)) (JJ old) (EDITED (RM (-DFL- \[)) (CC or) (, ,) (IP (-DFL- \+))) (CC or) (RS (-DFL- \])) (RB better))) (-DFL- E_S))",152,267.373125,298.678125," and  it's probably  fifty, sixty years old  or,   or  better  ","and/CC   it/PRP  's/BES probably/RB   fifty/CD  ,/,   sixty/CD years/NNS  old/JJ or/CC ,/, or/CC better/RB"
"111","sw03utt/sw_0307_3375.utt","3/sw3375",3375,110,"sd","A",49,9,"{C and } --","and/CC --/:","(SBAR (IN That) (S (NP-SBJ (NP (JJS most)) (PP (IN of) (NP (NP (DT the) (NNS teachers)) (PP (IN at) (NP (DT the) (ADJP (JJ elementary) (CC and) (JJ high)) (NN school) (NN level)))))) (VP (VBP are) (RB n't) (NP-PRD (NNS scientists)))) (, ,) (-DFL- E_S))",109,267.373125,298.678125," and  ","and/CC /:"
"112","sw03utt/sw_0307_3375.utt","3/sw3375",3375,111,"b","B",50,1,"Right. /","[ Right/UH ] ./.","(INTJ (UH Right) (. .) (-DFL- E_S))",116,293.96825,294.44825,"Right. "," Right/UH  ./."
"113","sw03utt/sw_0307_3375.utt","3/sw3375",3375,112,"+","A",51,1,"-- I don't foresee them, {F uh, } building a new one for a  long time because  they can't afford it. /","--/:  [ I/PRP ] do/VBP n't/RB foresee/VB  [ them/PRP ] ,/,  [ uh/UH ] ,/, building/VBG  [ a/DT new/JJ one/CD ] for/IN  [ a/DT long/JJ time/NN ] because/IN  [ they/PRP ] ca/MD n't/RB afford/VB  [ it/PRP ] ./.","(S (CC and) (NP-SBJ (PRP I)) (VP (VBP do) (RB n't) (VP (VB foresee) (S (NP-SBJ (PRP them)) (, ,) (INTJ (UH uh)) (, ,) (VP (VBG building) (NP (DT a) (JJ new) (CD one)) (PP-TMP (IN for) (NP (DT a) (JJ long) (NN time))) (SBAR-PRP (IN because) (S (NP-SBJ (PRP they)) (VP (MD ca) (RB n't) (VP (VB afford) (NP (PRP it)))))))))) (. .) (-DFL- E_S))",153,NA,NA," I don't foresee them,  uh,  building a new one for a  long time because  they can't afford it. ","/:   I/PRP  do/VBP n't/RB foresee/VB   them/PRP  ,/,   uh/UH  ,/, building/VBG   a/DT new/JJ one/CD  for/IN   a/DT long/JJ time/NN  because/IN   they/PRP  ca/MD n't/RB afford/VB   it/PRP  ./."
"114","sw03utt/sw_0307_3375.utt","3/sw3375",3375,113,"aa","B",52,1,"Exactly </noise>. /","Exactly/UH ./.","(INTJ (UH Exactly) (. .) (-DFL- E_S))",134,298.981625,299.451625,"Exactly noise. ","Exactly/UH ./."
