"","swda_filename","ptb_basename","conversation_no","transcript_index","act_tag","caller","turn_index","subutterance_index","text","pos","trees","ptb_treenumbers","start_turn","end_turn","newtext","newpos"
"1","sw05utt/sw_0560_3377.utt","3/sw3377",3377,0,"sd","A",1,1,"{F Uh, } I guess I've always kind of liked golf.  /","[ Uh/UH ] ,/,  [ I/PRP ] guess/VBP  [ I/PRP ] 've/VBP always/RB  [ kind/RB ] of/RB  [ liked/VBN golf/NN ] ./.","(S (INTJ (UH Uh)) (, ,) (NP-SBJ (PRP I)) (VP (VBP guess) (SBAR (-NONE- 0) (S (NP-SBJ (PRP I)) (VP (VBP 've) (ADVP-TMP (RB always)) (ADVP (RB kind) (RB of)) (VP (VBN liked) (NP (NN golf))))))) (. .) (-DFL- E_S))","1",1.2045,15.214125," Uh,  I guess I've always kind of liked golf.  "," Uh/UH  ,/,   I/PRP  guess/VBP   I/PRP  've/VBP always/RB   kind/RB  of/RB   liked/VBN golf/NN  ./."
"2","sw05utt/sw_0560_3377.utt","3/sw3377",3377,1,"sd","A",1,2,"[ I, + I  ] worked on a golf course [ at, + at  ] one time  /","[ I/PRP ] ,/,  [ I/PRP ] worked/VBD on/IN  [ a/DT golf/NN course/NN ] at/IN ,/, at/IN  [ one/CD time/NN ]","(S (EDITED (RM (-DFL- \[)) (NP-SBJ (PRP I)) (, ,) (IP (-DFL- \+))) (NP-SBJ (PRP I)) (RS (-DFL- \])) (VP (VBD worked) (PP (IN on) (NP (DT a) (NN golf) (NN course))) (EDITED (RM (-DFL- \[)) (PP-TMP-UNF (IN at)) (, ,) (IP (-DFL- \+))) (PP-TMP (IN at) (RS (-DFL- \])) (NP (CD one) (NN time)))) (-DFL- E_S))","2",1.2045,15.214125," I,  I   worked on a golf course  at,  at   one time  "," I/PRP  ,/,   I/PRP  worked/VBD on/IN   a/DT golf/NN course/NN  at/IN ,/, at/IN   one/CD time/NN "
"3","sw05utt/sw_0560_3377.utt","3/sw3377",3377,2,"sd","A",1,3,"{C and } that's how I picked up golf.  /","and/CC  [ that/DT ] 's/BES how/WRB  [ I/PRP ] picked/VBD up/RP  [ golf/NN ] ./.","(S (CC and) (NP-SBJ (DT that)) (VP (BES 's) (SBAR-PRD (WHADVP-1 (WRB how)) (S (NP-SBJ (PRP I)) (VP (VBD picked) (PRT (RP up)) (NP (NN golf)) (ADVP-MNR (-NONE- *T*-1)))))) (. .) (-DFL- E_S))","3",1.2045,15.214125," and  that's how I picked up golf.  ","and/CC   that/DT  's/BES how/WRB   I/PRP  picked/VBD up/RP   golf/NN  ./."
"4","sw05utt/sw_0560_3377.utt","3/sw3377",3377,3,"h","A",1,4,"{C And, } {F uh, } I don't know  /","And/CC ,/,  [ uh/UH ] ,/,  [ I/PRP ] do/VBP n't/RB know/VB","(S (CC And) (, ,) (INTJ (UH uh)) (, ,) (NP-SBJ (PRP I)) (VP (VBP do) (RB n't) (VP (VB know))) (-DFL- E_S))","4",1.2045,15.214125," And,   uh,  I don't know  ","And/CC ,/,   uh/UH  ,/,   I/PRP  do/VBP n't/RB know/VB"
"5","sw05utt/sw_0560_3377.utt","3/sw3377",3377,4,"sv","A",1,5,"it's just [ a, + kind of a  ] challenging game. /","[ it/PRP ] 's/BES just/RB  [ a/DT ] ,/,  [ kind/RB ] of/RB  [ a/DT challenging/JJ game/NN ] ./.","(S (NP-SBJ (PRP it)) (VP (BES 's) (ADVP (RB just)) (EDITED (RM (-DFL- \[)) (NP-PRD-UNF (DT a)) (, ,) (IP (-DFL- \+))) (NP-PRD (ADVP (RB kind) (RB of)) (DT a) (RS (-DFL- \])) (JJ challenging) (NN game))) (. .) (-DFL- E_S))","5",1.2045,15.214125,"it's just  a,  kind of a   challenging game. "," it/PRP  's/BES just/RB   a/DT  ,/,   kind/RB  of/RB   a/DT challenging/JJ game/NN  ./."
"6","sw05utt/sw_0560_3377.utt","3/sw3377",3377,5,"aa","B",2,1,"It sure is.  /","[ It/PRP ] sure/RB is/VBZ ./.","(S (NP-SBJ (PRP It)) (ADVP (RB sure)) (VP (VBZ is) (NP-PRD (-NONE- *?*))) (. .) (-DFL- E_S))","7",15.352,17.89075,"It sure is.  "," It/PRP  sure/RB is/VBZ ./."
"7","sw05utt/sw_0560_3377.utt","3/sw3377",3377,6,"sd","B",2,2,"I play at least three times a week. /","[ I/PRP ] play/VBP at/IN  [ least/JJS three/CD times/NNS ] [ a/DT week/NN ] ./.","(S (NP-SBJ (PRP I)) (VP (VBP play) (NP-TMP (NP (QP (IN at) (JJS least) (CD three)) (NNS times)) (NP-ADV (DT a) (NN week)))) (. .) (-DFL- E_S))","8",15.352,17.89075,"I play at least three times a week. "," I/PRP  play/VBP at/IN   least/JJS three/CD times/NNS   a/DT week/NN  ./."
"8","sw05utt/sw_0560_3377.utt","3/sw3377",3377,7,"b","A",3,1,"Uh-huh. /","[ Uh-huh/UH ] ./.","(INTJ (UH Uh-huh) (. .) (-DFL- E_S))","10",18.220125,18.652625,"Uhhuh. "," Uhhuh/UH  ./."
"9","sw05utt/sw_0560_3377.utt","3/sw3377",3377,8,"sd","B",4,1,"I'm on it, /","[ I/PRP ] 'm/VBP on/IN  [ it/PRP ] ,/,","(S (NP-SBJ (PRP I)) (VP (VBP 'm) (PP-PRD (IN on) (NP (PRP it)))) (, ,) (-DFL- E_S))","12",19.41075,19.868875,"I'm on it, "," I/PRP  'm/VBP on/IN   it/PRP  ,/,"
"10","sw05utt/sw_0560_3377.utt","3/sw3377",3377,9,"sd","A",5,1,"I haven't gotten the chance lately though to play.  /","[ I/PRP ] have/VBP n't/RB gotten/VBN  [ the/DT chance/NN ] lately/RB though/RB to/TO play/VB ./.","(S (NP-SBJ (PRP I)) (VP (VBP have) (RB n't) (VP (VBN gotten) (NP (DT the) (NN chance) (S (-NONE- *ICH*-1))) (ADVP-TMP (RB lately)) (ADVP (RB though)) (S-1 (NP-SBJ (-NONE- *)) (VP (TO to) (VP (VB play)))))) (. .) (-DFL- E_S))","14",19.530875,31.23025,"I haven't gotten the chance lately though to play.  "," I/PRP  have/VBP n't/RB gotten/VBN   the/DT chance/NN  lately/RB though/RB to/TO play/VB ./."
"11","sw05utt/sw_0560_3377.utt","3/sw3377",3377,10,"sd","A",5,2,"I'm trying to get back into it.  /","[ I/PRP ] 'm/VBP trying/VBG to/TO get/VB back/RB into/IN  [ it/PRP ] ./.","(S (NP-SBJ-1 (PRP I)) (VP (VBP 'm) (VP (VBG trying) (S (NP-SBJ (-NONE- *-1)) (VP (TO to) (VP (VB get) (ADVP (RB back)) (PP (IN into) (NP (PRP it)))))))) (. .) (-DFL- E_S))","15",19.530875,31.23025,"I'm trying to get back into it.  "," I/PRP  'm/VBP trying/VBG to/TO get/VB back/RB into/IN   it/PRP  ./."
"12","sw05utt/sw_0560_3377.utt","3/sw3377",3377,11,"sd","A",5,3,"{F Uh, } {C so, } {F uh, } I got to start all over again.  /","[ Uh/UH ] ,/, so/UH ,/,  [ uh/UH ] ,/,  [ I/PRP ] got/VBN to/TO start/VB  [ all/DT ] over/RB again/RB ./.","(S (INTJ (UH Uh)) (, ,) (RB so) (, ,) (INTJ (UH uh)) (, ,) (NP-SBJ-1 (PRP I)) (VP (VBN got) (S (NP-SBJ (-NONE- *-1)) (VP (TO to) (VP (VB start) (ADVP (DT all) (RB over)) (ADVP (RB again)))))) (. .) (-DFL- E_S))","16",19.530875,31.23025," Uh,   so,   uh,  I got to start all over again.  "," Uh/UH  ,/, so/UH ,/,   uh/UH  ,/,   I/PRP  got/VBN to/TO start/VB   all/DT  over/RB again/RB ./."
"13","sw05utt/sw_0560_3377.utt","3/sw3377",3377,12,"sv","A",5,4,"It's not like riding a bicycle.  /","[ It/PRP ] 's/BES not/RB like/IN riding/NN  [ a/DT bicycle/NN ] ./.","(S (NP-SBJ (PRP It)) (VP (BES 's) (RB not) (PP-PRD (IN like) (S-NOM (NP-SBJ (-NONE- *)) (VP (NN riding) (NP (DT a) (NN bicycle)))))) (. .) (-DFL- E_S))","17",19.530875,31.23025,"It's not like riding a bicycle.  "," It/PRP  's/BES not/RB like/IN riding/NN   a/DT bicycle/NN  ./."
"14","sw05utt/sw_0560_3377.utt","3/sw3377",3377,13,"sv","A",5,5,"You do tend to,","[ You/PRP ] do/VBP tend/VB to/TO ,/,","(S (NP-SBJ-1 (PRP You)) (VP (VBP do) (VP (VB tend) (S (NP-SBJ (-NONE- *-1)) (VP (TO to) (, ,) (VP (VB forget)))))) (. .) (-DFL- E_S))","18",19.530875,31.23025,"You do tend to,"," You/PRP  do/VBP tend/VB to/TO ,/,"
"15","sw05utt/sw_0560_3377.utt","3/sw3377",3377,14,"aa","B",6,1,"No. /","[ No/UH ] ./.","(INTJ (UH No) (. .) (-DFL- E_S))","20",30.353375,31.101875,"No. "," No/UH  ./."
"16","sw05utt/sw_0560_3377.utt","3/sw3377",3377,15,"+","A",7,1,"forget. /","forget/VB ./.","(S (NP-SBJ-1 (PRP You)) (VP (VBP do) (VP (VB tend) (S (NP-SBJ (-NONE- *-1)) (VP (TO to) (, ,) (VP (VB forget)))))) (. .) (-DFL- E_S))","18",NA,NA,"forget. ","forget/VB ./."
"17","sw05utt/sw_0560_3377.utt","3/sw3377",3377,16,"sd","B",8,1,"{D Well, } I'm one of those rare left-handed golfers. /","Well/UH ,/,  [ I/PRP ] 'm/VBP  [ one/NN ] of/IN  [ those/DT rare/JJ left-handed/JJ golfers/NNS ] ./.","(S (INTJ (UH Well)) (, ,) (NP-SBJ (PRP I)) (VP (VBP 'm) (NP-PRD (NP (NN one)) (PP (IN of) (NP (DT those) (JJ rare) (JJ left-handed) (NNS golfers))))) (. .) (-DFL- E_S))","23",32.651375,35.137625," Well,  I'm one of those rare lefthanded golfers. ","Well/UH ,/,   I/PRP  'm/VBP   one/NN  of/IN   those/DT rare/JJ lefthanded/JJ golfers/NNS  ./."
"18","sw05utt/sw_0560_3377.utt","3/sw3377",3377,17,"b","A",9,1,"<<Very faint>>  Oh.  /","Oh/UH ./.","(INTJ (UH Oh) (. .) (-DFL- E_S))","25",35.46125,36.328,"Very faint  Oh.  ","Oh/UH ./."
"19","sw05utt/sw_0560_3377.utt","3/sw3377",3377,18,"b","A",9,2,"Yeah. /","Yeah/UH ./.","(INTJ (UH Yeah) (. .) (-DFL- E_S))","26",35.46125,36.328,"Yeah. ","Yeah/UH ./."
"20","sw05utt/sw_0560_3377.utt","3/sw3377",3377,19,"sd","B",10,1,"{C And } I do enjoy playing. /","And/CC  [ I/PRP ] do/VBP enjoy/VB playing/VBG ./.","(S (CC And) (NP-SBJ-1 (PRP I)) (VP (VBP do) (VP (VB enjoy) (S (NP-SBJ (-NONE- *-1)) (VP (VBG playing))))) (. .) (-DFL- E_S))","28",36.523125,38.049875," And  I do enjoy playing. ","And/CC   I/PRP  do/VBP enjoy/VB playing/VBG ./."
"21","sw05utt/sw_0560_3377.utt","3/sw3377",3377,20,"qw","A",11,1,"<Throat_clearing>  What is your handicap? /","[ What/WP ] is/VBZ  [ your/PRP$ handicap/NN ] ?/.","(SBARQ (WHNP-1 (WP What)) (SQ (VBZ is) (NP-SBJ (PRP$ your) (NN handicap)) (NP-PRD (-NONE- *T*-1))) (. ?) (-DFL- E_S))","30",40.028,41.024125,"Throat_clearing  What is your handicap? "," What/WP  is/VBZ   your/PRP$ handicap/NN  ?/."
"22","sw05utt/sw_0560_3377.utt","3/sw3377",3377,21,"sd","B",12,1,"Right now it's three. /","Right/RB now/RB  [ it/PRP ] 's/BES  [ three/CD ] ./.","(S (ADVP-TMP (RB Right) (RB now)) (NP-SBJ (PRP it)) (VP (BES 's) (NP-PRD (CD three))) (. .) (-DFL- E_S))","32",42.066375,43.280625,"Right now it's three. ","Right/RB now/RB   it/PRP  's/BES   three/CD  ./."
"23","sw05utt/sw_0560_3377.utt","3/sw3377",3377,22,"bk","A",13,1,"Okay.  /","Okay/UH ./.","(INTJ (UH Okay) (. .) (-DFL- E_S))","34",43.366,52.83075,"Okay.  ","Okay/UH ./."
"24","sw05utt/sw_0560_3377.utt","3/sw3377",3377,23,"sd","A",13,2,"{F Uh, } I was down at about four or five quite awhile ago.  /","[ Uh/UH ] ,/,  [ I/PRP ] was/VBD down/RB at/IN about/RB  [ four/CD ] or/CC  [ five/CD ] quite/RB awhile/RB ago/RB ./.","(S (INTJ (UH Uh)) (, ,) (NP-SBJ (PRP I)) (VP (VBD was) (PP-PRD (RB down) (PP (IN at) (NP (QP (RB about) (CD four) (CC or) (CD five))))) (ADVP-TMP (NP (RB quite) (RB awhile)) (RB ago))) (. .) (-DFL- E_S))","35",43.366,52.83075," Uh,  I was down at about four or five quite awhile ago.  "," Uh/UH  ,/,   I/PRP  was/VBD down/RB at/IN about/RB   four/CD  or/CC   five/CD  quite/RB awhile/RB ago/RB ./."
"25","sw05utt/sw_0560_3377.utt","3/sw3377",3377,24,"sd","A",13,3,"It's probably up there to twenty now if I  ((   ))  [ to + ] start again. /","[ It/PRP ] 's/BES probably/RB up/IN  [ there/RB ] to/IN  [ twenty/CD ] now/RB if/IN  [ I/PRP MUMBLEx/XX ] to/TO start/VB again/RB ./.","(S (NP-SBJ (PRP It)) (VP (BES 's) (ADVP (RB probably)) (PP-PRD (IN up) (ADVP (RB there))) (PP (IN to) (NP (CD twenty))) (ADVP-TMP (RB now)) (SBAR-ADV (IN if) (S (NP-SBJ (PRP I)) (VP (X (XX MUMBLEx)) (RM (-DFL- \[)) (S (NP-SBJ (-NONE- *)) (VP (TO to) (IP (-DFL- \+)) (RS (-DFL- \])) (VP (VB start) (ADVP (RB again))))))))) (. .) (-DFL- E_S))","36",43.366,52.83075,"It's probably up there to twenty now if I        to   start again. "," It/PRP  's/BES probably/RB up/IN   there/RB  to/IN   twenty/CD  now/RB if/IN   I/PRP MUMBLEx/XX  to/TO start/VB again/RB ./."
"26","sw05utt/sw_0560_3377.utt","3/sw3377",3377,25,"sv","B",14,1,"{D Well, } if you play with some consistency though, you can get it right back down. /","Well/UH ,/, if/IN  [ you/PRP ] play/VBP with/IN  [ some/DT consistency/NN ] though/RB ,/,  [ you/PRP ] can/MD get/VB  [ it/PRP ] right/RB back/RB down/RB ./.","(S (INTJ (UH Well)) (, ,) (SBAR-ADV (IN if) (S (NP-SBJ (PRP you)) (VP (VBP play) (PP (IN with) (NP (DT some) (NN consistency)))))) (ADVP (RB though)) (, ,) (NP-SBJ (PRP you)) (VP (MD can) (VP (VB get) (NP (PRP it)) (ADVP (RB right) (RB back) (RB down)))) (. .) (-DFL- E_S))","38",53.359125,56.801875," Well,  if you play with some consistency though, you can get it right back down. ","Well/UH ,/, if/IN   you/PRP  play/VBP with/IN   some/DT consistency/NN  though/RB ,/,   you/PRP  can/MD get/VB   it/PRP  right/RB back/RB down/RB ./."
"27","sw05utt/sw_0560_3377.utt","3/sw3377",3377,26,"b","A",15,1,"Yeah.  /","[ Yeah/UH ] ./.","(INTJ (UH Yeah) (. .) (-DFL- E_S))","26",56.940375,68.89225,"Yeah.  "," Yeah/UH  ./."
"28","sw05utt/sw_0560_3377.utt","3/sw3377",3377,27,"b^r","A",15,2,"Yeah.  /","[ Yeah/UH ] ./.","(INTJ (UH Yeah) (. .) (-DFL- E_S))","26",56.940375,68.89225,"Yeah.  "," Yeah/UH  ./."
"29","sw05utt/sw_0560_3377.utt","3/sw3377",3377,28,"sd","A",15,3,"I have got to try and get out there.  /","[ I/PRP ] have/VBP got/VBN to/TO try/VB and/CC get/VB out/RB there/RB ./.","(S (NP-SBJ-1 (PRP I)) (VP (VBP have) (VP (VBN got) (S (NP-SBJ (-NONE- *-1)) (VP (TO to) (VP (VP (VB try)) (CC and) (VP (VB get) (PP-LOC (RB out) (ADVP (RB there))))))))) (. .) (-DFL- E_S))","42",56.940375,68.89225,"I have got to try and get out there.  "," I/PRP  have/VBP got/VBN to/TO try/VB and/CC get/VB out/RB there/RB ./."
"30","sw05utt/sw_0560_3377.utt","3/sw3377",3377,29,"sd","A",15,4,"[ I, + I ] know with [ our, + our  ] long winters [ I, + I  ] enjoy watching it.  /","[ I/PRP ] ,/,  [ I/PRP ] know/VBP with/IN  [ our/PRP$ ] ,/,  [ our/PRP$ long/JJ winters/NNS I/PRP ] ,/,  [ I/PRP ] enjoy/VBP watching/VBG  [ it/PRP ] ./.","(S (EDITED (RM (-DFL- \[)) (NP-SBJ (PRP I)) (, ,) (IP (-DFL- \+))) (NP-SBJ (PRP I)) (RS (-DFL- \])) (VP (VBP know) (SBAR (-NONE- 0) (S (PP (IN with) (EDITED (RM (-DFL- \[)) (NP-UNF (PRP$ our)) (, ,) (IP (-DFL- \+))) (NP (PRP$ our) (RS (-DFL- \])) (JJ long) (NNS winters))) (EDITED (RM (-DFL- \[)) (NP-SBJ (PRP I)) (, ,) (IP (-DFL- \+))) (NP-SBJ-1 (PRP I)) (RS (-DFL- \])) (VP (VBP enjoy) (S (NP-SBJ (-NONE- *-1)) (VP (VBG watching) (NP (PRP it)))))))) (. .) (-DFL- E_S))","43",56.940375,68.89225," I,  I  know with  our,  our   long winters  I,  I   enjoy watching it.  "," I/PRP  ,/,   I/PRP  know/VBP with/IN   our/PRP$  ,/,   our/PRP$ long/JJ winters/NNS I/PRP  ,/,   I/PRP  enjoy/VBP watching/VBG   it/PRP  ./."
"31","sw05utt/sw_0560_3377.utt","3/sw3377",3377,30,"sd","A",15,5,"I don't know if it's just because I like the game or I just like [ to, + to  ] see the warm weather. /","[ I/PRP ] do/VBP n't/RB know/VB if/IN  [ it/PRP ] 's/BES just/RB because/IN  [ I/PRP ] like/VBP  [ the/DT game/NN ] or/CC  [ I/PRP ] just/RB like/VBP to/TO ,/, to/TO see/VB  [ the/DT warm/JJ weather/NN ] ./.","(S (NP-SBJ (PRP I)) (VP (VBP do) (RB n't) (VP (VB know) (SBAR (IN if) (S (NP-SBJ (PRP it)) (VP (BES 's) (SBAR-PRP-PRD (RB just) (IN because) (S (S (NP-SBJ (PRP I)) (VP (VBP like) (NP (DT the) (NN game)))) (CC or) (S (NP-SBJ-1 (PRP I)) (ADVP (RB just)) (VP (VBP like) (S (NP-SBJ (-NONE- *-1)) (EDITED (RM (-DFL- \[)) (VP-UNF (TO to)) (, ,) (IP (-DFL- \+))) (VP (TO to) (RS (-DFL- \])) (VP (VB see) (NP (DT the) (JJ warm) (NN weather)))))))))))))) (. .) (-DFL- E_S))","44",56.940375,68.89225,"I don't know if it's just because I like the game or I just like  to,  to   see the warm weather. "," I/PRP  do/VBP n't/RB know/VB if/IN   it/PRP  's/BES just/RB because/IN   I/PRP  like/VBP   the/DT game/NN  or/CC   I/PRP  just/RB like/VBP to/TO ,/, to/TO see/VB   the/DT warm/JJ weather/NN  ./."
"32","sw05utt/sw_0560_3377.utt","3/sw3377",3377,31,"sd","B",16,1,"{F Uh, } {D well, } we can usually play here year around.  /","[ Uh/UH ] ,/, well/UH ,/,  [ we/PRP ] can/MD usually/RB play/VB here/RB  [ year/NN ] around/RB ./.","(S (INTJ (UH Uh)) (, ,) (INTJ (UH well)) (, ,) (NP-SBJ (PRP we)) (VP (MD can) (ADVP-TMP (RB usually)) (VP (VB play) (ADVP-LOC (RB here)) (ADVP-TMP (NN year) (RB around)))) (. .) (-DFL- E_S))","46",69.788,78.26," Uh,   well,  we can usually play here year around.  "," Uh/UH  ,/, well/UH ,/,   we/PRP  can/MD usually/RB play/VB here/RB   year/NN  around/RB ./."
"33","sw05utt/sw_0560_3377.utt","3/sw3377",3377,32,"sd","B",16,2,"Sometimes in January it's not too comfortable to play. /","Sometimes/RB in/IN  [ January/NNP ] [ it/PRP ] 's/BES not/RB too/RB comfortable/JJ to/TO play/VB ./.","(S (ADVP-TMP (RB Sometimes)) (PP-TMP (IN in) (NP (NNP January))) (NP-SBJ (NP (PRP it)) (S (-NONE- *EXP*-1))) (VP (BES 's) (RB not) (ADJP-PRD (RB too) (JJ comfortable)) (S-1 (NP-SBJ (-NONE- *)) (VP (TO to) (VP (VB play))))) (. .) (-DFL- E_S))","47",69.788,78.26,"Sometimes in January it's not too comfortable to play. ","Sometimes/RB in/IN   January/NNP   it/PRP  's/BES not/RB too/RB comfortable/JJ to/TO play/VB ./."
"34","sw05utt/sw_0560_3377.utt","3/sw3377",3377,33,"b","A",17,1,"Uh-huh. /","[ Uh-huh/UH ] ./.","(INTJ (UH Uh-huh) (. .) (-DFL- E_S))","49",78.501375,78.92725,"Uhhuh. "," Uhhuh/UH  ./."
"35","sw05utt/sw_0560_3377.utt","3/sw3377",3377,34,"sv","B",18,1,"{C But } there is usually two or three days in the week that you can get out there and play,  /","But/CC  [ there/EX ] is/VBZ usually/RB  [ two/CD ] or/CC  [ three/CD days/NNS ] in/IN  [ the/DT week/NN ] that/IN  [ you/PRP ] can/MD get/VB out/IN there/RB and/CC play/VB ,/,","(S (CC But) (NP-SBJ (EX there)) (VP (VBZ is) (ADVP-TMP (RB usually)) (NP-PRD (NP (QP (CD two) (CC or) (CD three)) (NNS days)) (PP-TMP (IN in) (NP (DT the) (NN week))) (SBAR (WHADVP-1 (IN that)) (S (NP-SBJ (PRP you)) (VP (MD can) (VP (VP (VB get) (PP-LOC (IN out) (ADVP (RB there)))) (CC and) (VP (VB play)) (ADVP-TMP (-NONE- *T*-1)))))))) (, ,) (-DFL- E_S))","51",79.598375,89.358," But  there is usually two or three days in the week that you can get out there and play,  ","But/CC   there/EX  is/VBZ usually/RB   two/CD  or/CC   three/CD days/NNS  in/IN   the/DT week/NN  that/IN   you/PRP  can/MD get/VB out/IN there/RB and/CC play/VB ,/,"
"36","sw05utt/sw_0560_3377.utt","3/sw3377",3377,35,"sd","B",18,2,"{C and } I'm pretty much addicted to golf,  /","and/CC  [ I/PRP ] 'm/VBP pretty/RB much/RB addicted/JJ to/IN  [ golf/NN ] ,/,","(S (CC and) (NP-SBJ (PRP I)) (VP (VBP 'm) (ADJP-PRD (ADVP (RB pretty) (RB much)) (JJ addicted) (PP (IN to) (NP (NN golf))))) (, ,) (-DFL- E_S))","52",79.598375,89.358," and  I'm pretty much addicted to golf,  ","and/CC   I/PRP  'm/VBP pretty/RB much/RB addicted/JJ to/IN   golf/NN  ,/,"
"37","sw05utt/sw_0560_3377.utt","3/sw3377",3377,36,"sd","B",18,3,"{C so. } I get out there one way or the other. /","so/RB ./.  [ I/PRP ] get/VB out/IN there/RB  [ one/CD way/NN ] or/CC  [ the/DT other/JJ ] ./.","(S (RB so) (. .) (NP-SBJ (PRP I)) (VP (VB get) (PP-LOC (IN out) (ADVP (RB there))) (NP-MNR (NP (CD one) (NN way)) (CC or) (NP (DT the) (JJ other)))) (. .) (-DFL- E_S))","53",79.598375,89.358," so.  I get out there one way or the other. ","so/RB ./.   I/PRP  get/VB out/IN there/RB   one/CD way/NN  or/CC   the/DT other/JJ  ./."
"38","sw05utt/sw_0560_3377.utt","3/sw3377",3377,37,"b","A",19,1,"<Throat_clearing>  Yeah,  /","Yeah/UH ,/,","(INTJ (UH Yeah) (, ,) (-DFL- E_S))","55",90.561375,99.600125,"Throat_clearing  Yeah,  ","Yeah/UH ,/,"
"39","sw05utt/sw_0560_3377.utt","3/sw3377",3377,38,"sd","A",19,2,"that's the problem out here with the long layovers with the winter  /","[ that/DT ] 's/BES  [ the/DT problem/NN ] out/IN here/RB with/IN  [ the/DT long/JJ layovers/NNS ] with/IN  [ the/DT winter/NN ]","(S (NP-SBJ (DT that)) (VP (BES 's) (NP-PRD (DT the) (NN problem)) (PP-LOC (IN out) (ADVP (RB here))) (PP (IN with) (NP (DT the) (JJ long) (NNS layovers))) (PP (IN with) (NP (DT the) (NN winter)))) (-DFL- E_S))","56",90.561375,99.600125,"that's the problem out here with the long layovers with the winter  "," that/DT  's/BES   the/DT problem/NN  out/IN here/RB with/IN   the/DT long/JJ layovers/NNS  with/IN   the/DT winter/NN "
"40","sw05utt/sw_0560_3377.utt","3/sw3377",3377,39,"sd","A",19,3,"you almost have to relearn every spring <laughter> [ to, + to  ] get back out. /","[ you/PRP ] almost/RB have/VBP to/TO relearn/VB  [ every/DT spring/NN ] to/TO ,/, to/TO get/VB back/RB out/RB ./.","(S (NP-SBJ-1 (PRP you)) (ADVP (RB almost)) (VP (VBP have) (S (NP-SBJ-2 (-NONE- *-1)) (VP (TO to) (VP (VB relearn) (NP-TMP (DT every) (NN spring)) (S-PRP (NP-SBJ (-NONE- *-2)) (EDITED (RM (-DFL- \[)) (VP-UNF (TO to)) (, ,) (IP (-DFL- \+))) (VP (TO to) (RS (-DFL- \])) (VP (VB get) (ADVP-LOC (RB back) (RB out))))))))) (. .) (-DFL- E_S))","57",90.561375,99.600125,"you almost have to relearn every spring laughter  to,  to   get back out. "," you/PRP  almost/RB have/VBP to/TO relearn/VB   every/DT spring/NN  to/TO ,/, to/TO get/VB back/RB out/RB ./."
"41","sw05utt/sw_0560_3377.utt","3/sw3377",3377,40,"sv","B",20,1,"It's a good game though.  /","[ It/PRP ] 's/BES  [ a/DT good/JJ game/NN ] though/RB ./.","(S (NP-SBJ (PRP It)) (VP (BES 's) (NP-PRD (DT a) (JJ good) (NN game)) (ADVP (RB though))) (. .) (-DFL- E_S))","59",100.277875,107.31175,"It's a good game though.  "," It/PRP  's/BES   a/DT good/JJ game/NN  though/RB ./."
"42","sw05utt/sw_0560_3377.utt","3/sw3377",3377,41,"sv","B",20,2,"It's very challenging  /","[ It/PRP ] 's/BES very/RB challenging/JJ","(S (NP-SBJ (PRP It)) (VP (BES 's) (ADJP-PRD (RB very) (JJ challenging))) (-DFL- E_S))","60",100.277875,107.31175,"It's very challenging  "," It/PRP  's/BES very/RB challenging/JJ"
"43","sw05utt/sw_0560_3377.utt","3/sw3377",3377,42,"sd","B",20,3,"{C and } the reason I like it so much is because I'm essentially playing against myself. /","and/CC  [ the/DT reason/NN ] [ I/PRP ] like/VBP  [ it/PRP ] so/RB much/JJ is/VBZ because/IN  [ I/PRP ] 'm/VBP essentially/RB playing/VBG against/IN  [ myself/PRP ] ./.","(S (CC and) (NP-SBJ (NP (DT the) (NN reason)) (SBAR (WHADVP-1 (-NONE- 0)) (S (NP-SBJ (PRP I)) (VP (VBP like) (NP (PRP it)) (ADVP (RB so) (JJ much)) (ADVP-PRP (-NONE- *T*-1)))))) (VP (VBZ is) (SBAR-PRP-PRD (IN because) (S (NP-SBJ (PRP I)) (VP (VBP 'm) (ADVP (RB essentially)) (VP (VBG playing) (PP (IN against) (NP (PRP myself)))))))) (. .) (-DFL- E_S))","61",100.277875,107.31175," and  the reason I like it so much is because I'm essentially playing against myself. ","and/CC   the/DT reason/NN   I/PRP  like/VBP   it/PRP  so/RB much/JJ is/VBZ because/IN   I/PRP  'm/VBP essentially/RB playing/VBG against/IN   myself/PRP  ./."
"44","sw05utt/sw_0560_3377.utt","3/sw3377",3377,43,"b","A",21,1,"Yeah. /","Yeah/UH ./.","(INTJ (UH Yeah) (. .) (-DFL- E_S))","26",107.565,107.91375,"Yeah. ","Yeah/UH ./."
"45","sw05utt/sw_0560_3377.utt","3/sw3377",3377,44,"sd","B",22,1,"That's the way I look at it.  /","[ That/DT ] 's/BES  [ the/DT way/NN ] [ I/PRP ] look/VBP at/IN  [ it/PRP ] ./.","(S (NP-SBJ (DT That)) (VP (BES 's) (NP-PRD (NP (DT the) (NN way)) (SBAR (WHADVP-1 (-NONE- 0)) (S (NP-SBJ (PRP I)) (VP (VBP look) (PP (IN at) (NP (PRP it))) (ADVP-MNR (-NONE- *T*-1))))))) (. .) (-DFL- E_S))","65",108.642375,124.452,"That's the way I look at it.  "," That/DT  's/BES   the/DT way/NN   I/PRP  look/VBP at/IN   it/PRP  ./."
"46","sw05utt/sw_0560_3377.utt","3/sw3377",3377,45,"sd","B",22,2,"[ I, + I  ] play [ in, + in  ]  [ lo-, + a lot  ] of groups  /","[ I/PRP ] ,/,  [ I/PRP ] play/VBP in/IN ,/, in/IN  [ lo-/NN ] ,/,  [ a/DT lot/NN ] of/IN  [ groups/NNS ]","(S (EDITED (RM (-DFL- \[)) (NP-SBJ (PRP I)) (, ,) (IP (-DFL- \+))) (NP-SBJ (PRP I)) (RS (-DFL- \])) (VP (VBP play) (EDITED (RM (-DFL- \[)) (PP-UNF (IN in)) (, ,) (IP (-DFL- \+))) (PP (IN in) (RS (-DFL- \])) (EDITED (RM (-DFL- \[)) (NP-UNF (NN lo-)) (, ,) (IP (-DFL- \+))) (NP (NP (DT a) (NN lot)) (RS (-DFL- \])) (PP (IN of) (NP (NNS groups)))))) (-DFL- E_S))","66",108.642375,124.452," I,  I   play  in,  in     lo,  a lot   of groups  "," I/PRP  ,/,   I/PRP  play/VBP in/IN ,/, in/IN   lo/NN  ,/,   a/DT lot/NN  of/IN   groups/NNS "
"47","sw05utt/sw_0560_3377.utt","3/sw3377",3377,46,"sd","B",22,3,"[ {C and } + {C but }  ] [ I, +  they ] keep score   [ and, + ] between themselves  /","and/CC but/CC  [ I/PRP ] ,/,  [ they/PRP ] keep/VBP  [ score/NN ] and/CC ,/, between/IN  [ themselves/PRP ]","(S (EDITED (RM (-DFL- \[)) (CC and) (IP (-DFL- \+))) (CC but) (RS (-DFL- \])) (EDITED (RM (-DFL- \[)) (NP-SBJ (PRP I)) (, ,) (IP (-DFL- \+))) (NP-SBJ (PRP they)) (RS (-DFL- \])) (VP (VBP keep) (NP (NN score)) (EDITED (RM (-DFL- \[)) (CC and) (, ,) (IP (-DFL- \+))) (RS (-DFL- \])) (PP (IN between) (NP (PRP themselves)))) (-DFL- E_S))","67",108.642375,124.452,"  and    but     I,   they  keep score    and,   between themselves  ","and/CC but/CC   I/PRP  ,/,   they/PRP  keep/VBP   score/NN  and/CC ,/, between/IN   themselves/PRP "
"48","sw05utt/sw_0560_3377.utt","3/sw3377",3377,47,"sd","B",22,4,"{C but } I really don't care.  /","but/CC  [ I/PRP ] really/RB do/VBP n't/RB care/VB ./.","(S (CC but) (NP-SBJ (PRP I)) (ADVP (RB really)) (VP (VBP do) (RB n't) (VP (VB care))) (. .) (-DFL- E_S))","68",108.642375,124.452," but  I really don't care.  ","but/CC   I/PRP  really/RB do/VBP n't/RB care/VB ./."
"49","sw05utt/sw_0560_3377.utt","3/sw3377",3377,48,"sd","B",22,5,"{F Um, } I go out  /","[ Um/UH ] ,/,  [ I/PRP ] go/VBP out/RB","(S (INTJ (UH Um)) (, ,) (NP-SBJ (PRP I)) (VP (VBP go) (ADVP-LOC (RB out))) (-DFL- E_S))","69",108.642375,124.452," Um,  I go out  "," Um/UH  ,/,   I/PRP  go/VBP out/RB"
"50","sw05utt/sw_0560_3377.utt","3/sw3377",3377,49,"sd","B",22,6,"{C and } each shot I say, {D well, } this is what I'm going to try to do -- /","and/CC  [ each/DT shot/NN ] [ I/PRP ] say/VBP ,/, well/UH ,/,  [ this/DT ] is/VBZ  [ what/WP ] [ I/PRP ] 'm/VBP going/VBG to/TO try/VB to/TO do/VB --/:","(S (CC and) (NP-ADV (DT each) (NN shot)) (NP-SBJ (PRP I)) (VP (VBP say) (, ,) (S-SEZ (INTJ (UH well)) (, ,) (NP-SBJ (DT this)) (VP (VBZ is) (SBAR-NOM-PRD (WHNP-1 (WP what)) (S (NP-SBJ-2 (PRP I)) (VP (VBP 'm) (VP (VBG going) (S (NP-SBJ-3 (-NONE- *-2)) (VP (TO to) (VP (VB try) (S (NP-SBJ (-NONE- *-3)) (VP (TO to) (VP (VB do) (NP (-NONE- *T*-1))))))))))))))) (-DFL- E_S))","70",108.642375,124.452," and  each shot I say,  well,  this is what I'm going to try to do  ","and/CC   each/DT shot/NN   I/PRP  say/VBP ,/, well/UH ,/,   this/DT  is/VBZ   what/WP   I/PRP  'm/VBP going/VBG to/TO try/VB to/TO do/VB /:"
"51","sw05utt/sw_0560_3377.utt","3/sw3377",3377,50,"b","A",23,1,"Uh-huh. /","[ Uh-huh/UH ] ./.","(INTJ (UH Uh-huh) (. .) (-DFL- E_S))","49",124.786875,125.106875,"Uhhuh. "," Uhhuh/UH  ./."
"52","sw05utt/sw_0560_3377.utt","3/sw3377",3377,51,"sd","B",24,1,"-- {C and then } I see how close I can come to that. /","--/: and/CC then/RB  [ I/PRP ] see/VBP how/WRB  [ close/RB I/PRP ] can/MD come/VB to/IN  [ that/DT ] ./.","(S (CONJP (CC and) (RB then)) (NP-SBJ (PRP I)) (VP (VBP see) (SBAR (WHADVP-2 (WRB how) (RB close) (PP (-NONE- *ICH*-1))) (S (NP-SBJ (PRP I)) (VP (MD can) (VP (VB come) (ADVP-LOC (-NONE- *T*-2)) (PP-1 (IN to) (NP (DT that)))))))) (. .) (-DFL- E_S))","74",125.02825,127.2705,"  and then  I see how close I can come to that. ","/: and/CC then/RB   I/PRP  see/VBP how/WRB   close/RB I/PRP  can/MD come/VB to/IN   that/DT  ./."
"53","sw05utt/sw_0560_3377.utt","3/sw3377",3377,52,"aa","A",25,1,"Right.  /","[ Right/UH ] ./.","(INTJ (UH Right) (. .) (-DFL- E_S))","76",127.925625,131.75825,"Right.  "," Right/UH  ./."
"54","sw05utt/sw_0560_3377.utt","3/sw3377",3377,53,"aa","A",25,2,"Yeah,  /","Yeah/UH ,/,","(INTJ (UH Yeah) (, ,) (-DFL- E_S))","55",127.925625,131.75825,"Yeah,  ","Yeah/UH ,/,"
"55","sw05utt/sw_0560_3377.utt","3/sw3377",3377,54,"bf","A",25,3,"you always work on trying to improve each day  /","[ you/PRP ] always/RB work/VBP on/IN trying/VBG to/TO improve/VB  [ each/DT day/NN ]","(S (NP-SBJ-2 (PRP you)) (ADVP-TMP (RB always)) (VP (VBP work) (PP (IN on) (S-NOM (NP-SBJ-1 (-NONE- *-2)) (VP (VBG trying) (S (NP-SBJ (-NONE- *-1)) (VP (TO to) (VP (VB improve))))))) (NP-TMP (DT each) (NN day))) (-DFL- E_S))","78",127.925625,131.75825,"you always work on trying to improve each day  "," you/PRP  always/RB work/VBP on/IN trying/VBG to/TO improve/VB   each/DT day/NN "
"56","sw05utt/sw_0560_3377.utt","3/sw3377",3377,55,"%","A",25,4,"{C and, } -/","and/CC ,/,","(S-UNF (CC and) (, ,) (-DFL- N_S))","79",127.925625,131.75825," and,  ","and/CC ,/,"
"57","sw05utt/sw_0560_3377.utt","3/sw3377",3377,56,"b","B",26,1,"Yeah,  /","[ Yeah/UH ] ,/,","(INTJ (UH Yeah) (, ,) (-DFL- E_S))","55",131.6395,146.861375,"Yeah,  "," Yeah/UH  ,/,"
"58","sw05utt/sw_0560_3377.utt","3/sw3377",3377,57,"sd","B",26,2,"{C and } [ i-, + inevitably  ] one facet of my game isn't working at one time or another.  /","and/CC  [ i-/RB ] ,/, inevitably/RB  [ one/CD facet/NN ] of/IN  [ my/PRP$ game/NN ] is/VBZ n't/RB working/VBG at/IN  [ one/CD time/NN ] or/CC  [ another/DT ] ./.","(S (CC and) (EDITED (RM (-DFL- \[)) (X (RB i-)) (, ,) (IP (-DFL- \+))) (ADVP (RB inevitably)) (RS (-DFL- \])) (NP-SBJ (NP (CD one) (NN facet)) (PP (IN of) (NP (PRP$ my) (NN game)))) (VP (VBZ is) (RB n't) (VP (VBG working) (PP-TMP (IN at) (NP (NP (CD one) (NN time)) (CC or) (NP (DT another)))))) (. .) (-DFL- E_S))","82",131.6395,146.861375," and   i,  inevitably   one facet of my game isn't working at one time or another.  ","and/CC   i/RB  ,/, inevitably/RB   one/CD facet/NN  of/IN   my/PRP$ game/NN  is/VBZ n't/RB working/VBG at/IN   one/CD time/NN  or/CC   another/DT  ./."
"59","sw05utt/sw_0560_3377.utt","3/sw3377",3377,58,"sd","B",26,3,"Either I'm not driving very well  /","[ Either/NNP I/PRP ] 'm/VBP not/RB driving/VBG very/RB well/RB","(S (NNP Either) (NP-SBJ (PRP I)) (VP (VBP 'm) (RB not) (VP (VBG driving) (ADVP-MNR (RB very) (RB well)))) (-DFL- E_S))","83",131.6395,146.861375,"Either I'm not driving very well  "," Either/NNP I/PRP  'm/VBP not/RB driving/VBG very/RB well/RB"
"60","sw05utt/sw_0560_3377.utt","3/sw3377",3377,59,"sd","B",26,4,"{C or } I'm not hitting long irons very well  /","or/CC  [ I/PRP ] 'm/VBP not/RB hitting/VBG  [ long/JJ irons/NNS ] very/RB well/RB","(S (CC or) (NP-SBJ (PRP I)) (VP (VBP 'm) (RB not) (VP (VBG hitting) (NP (JJ long) (NNS irons)) (ADVP-MNR (RB very) (RB well)))) (-DFL- E_S))","84",131.6395,146.861375," or  I'm not hitting long irons very well  ","or/CC   I/PRP  'm/VBP not/RB hitting/VBG   long/JJ irons/NNS  very/RB well/RB"
"61","sw05utt/sw_0560_3377.utt","3/sw3377",3377,60,"sd","B",26,5,"{C or } I'm not putting well  /","or/CC  [ I/PRP ] 'm/VBP not/RB putting/VBG well/RB","(S (CC or) (NP-SBJ (PRP I)) (VP (VBP 'm) (RB not) (VP (VBG putting) (ADVP-MNR (RB well)))) (-DFL- E_S))","85",131.6395,146.861375," or  I'm not putting well  ","or/CC   I/PRP  'm/VBP not/RB putting/VBG well/RB"
"62","sw05utt/sw_0560_3377.utt","3/sw3377",3377,61,"sd","B",26,6,"[ {C or, } + {C but }  ] sometimes it all comes together. /","or/CC ,/, but/CC sometimes/RB  [ it/PRP ] [ all/DT ] comes/VBZ together/RB ./.","(S (EDITED (RM (-DFL- \[)) (CC or) (, ,) (IP (-DFL- \+))) (CC but) (RS (-DFL- \])) (ADVP-TMP (RB sometimes)) (NP-SBJ (NP (PRP it)) (NP (DT all))) (VP (VBZ comes) (ADVP (RB together))) (. .) (-DFL- E_S))","86",131.6395,146.861375,"  or,    but    sometimes it all comes together. ","or/CC ,/, but/CC sometimes/RB   it/PRP   all/DT  comes/VBZ together/RB ./."
"63","sw05utt/sw_0560_3377.utt","3/sw3377",3377,62,"aa","A",27,1,"Yeah.  /","[ Yeah/UH ] ./.","(INTJ (UH Yeah) (. .) (-DFL- E_S))","40",147.14175,161.655125,"Yeah.  "," Yeah/UH  ./."
"64","sw05utt/sw_0560_3377.utt","3/sw3377",3377,63,"aa","A",27,2,"Yeah,  /","[ Yeah/UH ] ,/,","(INTJ (UH Yeah) (, ,) (-DFL- E_S))","55",147.14175,161.655125,"Yeah,  "," Yeah/UH  ,/,"
"65","sw05utt/sw_0560_3377.utt","3/sw3377",3377,64,"aa","A",27,3,"I know what you mean.  /","[ I/PRP ] know/VBP  [ what/WP ] [ you/PRP ] mean/VBP ./.","(S (NP-SBJ (PRP I)) (VP (VBP know) (SBAR (WHNP-1 (WP what)) (S (NP-SBJ (PRP you)) (VP (VBP mean) (NP (-NONE- *T*-1)))))) (. .) (-DFL- E_S))","90",147.14175,161.655125,"I know what you mean.  "," I/PRP  know/VBP   what/WP   you/PRP  mean/VBP ./."
"66","sw05utt/sw_0560_3377.utt","3/sw3377",3377,65,"sd","A",27,4,"[ I, + when I  ] used to golf out there I'd putt well but [ I, + I  ] wouldn't, {F uh, } chip well.  /","[ I/PRP ] ,/, when/WRB  [ I/PRP ] used/VBD to/TO  [ golf/NN ] out/IN there/RB  [ I/PRP ] 'd/MD putt/VB well/RB but/CC  [ I/PRP ] ,/,  [ I/PRP ] would/MD n't/RB ,/,  [ uh/UH ] ,/,  [ chip/VB ] well/RB ./.","(S (EDITED (RM (-DFL- \[)) (NP-SBJ (PRP I)) (, ,) (IP (-DFL- \+))) (SBAR-TMP (WHADVP-2 (WRB when)) (S (NP-SBJ-1 (PRP I)) (RS (-DFL- \])) (VP (VBD used) (S (NP-SBJ (-NONE- *-1)) (VP (TO to) (VP (NN golf) (PP-LOC (IN out) (ADVP (RB there))) (ADVP-TMP (-NONE- *T*-2)))))))) (NP-SBJ (PRP I)) (VP (MD 'd) (VP (VB putt) (ADVP-MNR (RB well)))))|||(S (CC but) (EDITED (RM (-DFL- \[)) (NP-SBJ (PRP I)) (, ,) (IP (-DFL- \+))) (NP-SBJ (PRP I)) (RS (-DFL- \])) (VP (MD would) (RB n't) (, ,) (INTJ (UH uh)) (, ,) (VP (VB chip) (ADVP-MNR (RB well)))) (. .) (-DFL- E_S))","91|||92",147.14175,161.655125," I,  when I   used to golf out there I'd putt well but  I,  I   wouldn't,  uh,  chip well.  "," I/PRP  ,/, when/WRB   I/PRP  used/VBD to/TO   golf/NN  out/IN there/RB   I/PRP  'd/MD putt/VB well/RB but/CC   I/PRP  ,/,   I/PRP  would/MD n't/RB ,/,   uh/UH  ,/,   chip/VB  well/RB ./."
"67","sw05utt/sw_0560_3377.utt","3/sw3377",3377,66,"sd","A",27,5,"One of the two, {F uh, }  /","[ One/CD ] of/IN  [ the/DT two/CD ] ,/,  [ uh/UH ] ,/,","(FRAG (NP (NP (CD One)) (PP (IN of) (NP (DT the) (CD two)))) (, ,) (INTJ (UH uh)) (, ,) (-DFL- E_S))","93",147.14175,161.655125,"One of the two,  uh,   "," One/CD  of/IN   the/DT two/CD  ,/,   uh/UH  ,/,"
"68","sw05utt/sw_0560_3377.utt","3/sw3377",3377,67,"sd","A",27,6,"{C or } something would go wrong  /","or/CC  [ something/NN ] would/MD go/VB  [ wrong/JJ ]","(S (CC or) (NP-SBJ (NN something)) (VP (MD would) (VP (VB go) (ADJP-PRD (JJ wrong)))) (-DFL- E_S))","94",147.14175,161.655125," or  something would go wrong  ","or/CC   something/NN  would/MD go/VB   wrong/JJ "
"69","sw05utt/sw_0560_3377.utt","3/sw3377",3377,68,"sd","A",27,7,"{C but } I always managed [ to, +  to  ] get near par anyway. /","but/CC  [ I/PRP ] always/RB managed/VBD to/TO ,/, to/TO get/VB  [ near/RB par/NN ] anyway/RB ./.","(S (CC but) (NP-SBJ-1 (PRP I)) (ADVP-TMP (RB always)) (VP (VBD managed) (S (NP-SBJ (-NONE- *-1)) (EDITED (RM (-DFL- \[)) (VP-UNF (TO to)) (, ,) (IP (-DFL- \+))) (VP (TO to) (RS (-DFL- \])) (VP (VB get) (ADVP (RB near) (NP (NN par))) (ADVP (RB anyway)))))) (. .) (-DFL- E_S))","95",147.14175,161.655125," but  I always managed  to,   to   get near par anyway. ","but/CC   I/PRP  always/RB managed/VBD to/TO ,/, to/TO get/VB   near/RB par/NN  anyway/RB ./."
"70","sw05utt/sw_0560_3377.utt","3/sw3377",3377,69,"sd","B",28,1,"{D Well, } we just had the tour championship here in Pine Hurst. /","Well/UH ,/,  [ we/PRP ] just/RB had/VBD  [ the/DT tour/NN championship/NN ] here/RB in/IN  [ Pine/NNP Hurst/NNP ]  ./.","(S (INTJ (UH Well)) (, ,) (NP-SBJ (PRP we)) (ADVP (RB just)) (VP (VBD had) (NP (DT the) (NN tour) (NN championship)) (ADVP-LOC (RB here) (PP (IN in) (NP (NNP Pine) (NNP Hurst))))) (. .) (-DFL- E_S))","97",161.8055,164.827375," Well,  we just had the tour championship here in Pine Hurst. ","Well/UH ,/,   we/PRP  just/RB had/VBD   the/DT tour/NN championship/NN  here/RB in/IN   Pine/NNP Hurst/NNP   ./."
"71","sw05utt/sw_0560_3377.utt","3/sw3377",3377,70,"b","A",29,1,"Oh. /","Oh/UH ./.","(INTJ (UH Oh) (. .) (-DFL- E_S))","99",165.41675,165.8375,"Oh. ","Oh/UH ./."
"72","sw05utt/sw_0560_3377.utt","3/sw3377",3377,71,"sd","B",30,1,"{C And } I went to that.  /","And/CC  [ I/PRP ] went/VBD to/IN  [ that/DT ] ./.","(S (CC And) (NP-SBJ (PRP I)) (VP (VBD went) (PP-DIR (IN to) (NP (DT that)))) (. .) (-DFL- E_S))","101",165.9545,169.484375," And  I went to that.  ","And/CC   I/PRP  went/VBD to/IN   that/DT  ./."
"73","sw05utt/sw_0560_3377.utt","3/sw3377",3377,72,"sd","B",30,2,"Craig  (( Statler ))  won in a playoff. /","[ Craig/NNP Statler/NNP ] won/VBD in/IN  [ a/DT playoff/NN ] ./.","(S (NP-SBJ (NNP Craig) (NNP Statler)) (VP (VBD won) (PP (IN in) (NP (DT a) (NN playoff)))) (. .) (-DFL- E_S))","102",165.9545,169.484375,"Craig   Statler   won in a playoff. "," Craig/NNP Statler/NNP  won/VBD in/IN   a/DT playoff/NN  ./."
"74","sw05utt/sw_0560_3377.utt","3/sw3377",3377,73,"b","A",31,1,"Uh-huh. /","[ Uh-huh/UH ] ./.","(INTJ (UH Uh-huh) (. .) (-DFL- E_S))","72",169.597625,170.002625,"Uhhuh. "," Uhhuh/UH  ./."
"75","sw05utt/sw_0560_3377.utt","3/sw3377",3377,74,"%","B",32,1,"{C But } we, {F uh, } - /","But/CC  [ we/PRP ] ,/,  [ uh/UH ] ,/,","(S-UNF (CC But) (NP-SBJ (PRP we)) (, ,) (INTJ (UH uh)) (, ,) (-DFL- N_S))","106",171.613375,173.994625," But  we,  uh,   ","But/CC   we/PRP  ,/,   uh/UH  ,/,"
"76","sw05utt/sw_0560_3377.utt","3/sw3377",3377,75,"sd","B",32,2,"this is a big golf area. /","[ this/DT ] is/VBZ  [ a/DT big/JJ golf/NN area/NN ] ./.","(S (NP-SBJ (DT this)) (VP (VBZ is) (NP-PRD (DT a) (JJ big) (NN golf) (NN area))) (. .) (-DFL- E_S))","107",171.613375,173.994625,"this is a big golf area. "," this/DT  is/VBZ   a/DT big/JJ golf/NN area/NN  ./."
"77","sw05utt/sw_0560_3377.utt","3/sw3377",3377,76,"b","A",33,1,"Yeah. /","Yeah/UH ./.","(INTJ (UH Yeah) (. .) (-DFL- E_S))","63",175.5315,175.847,"Yeah. ","Yeah/UH ./."
"78","sw05utt/sw_0560_3377.utt","3/sw3377",3377,77,"%","B",34,1,"We have a lot of, {F uh, } - /","[ We/PRP ] have/VBP  [ a/DT lot/NN ] of/IN ,/,  [ uh/UH ] ,/,","(S (NP-SBJ (PRP We)) (VP (VBP have) (NP (NP (DT a) (NN lot)) (PP-UNF (IN of) (, ,) (INTJ (UH uh))))) (, ,) (-DFL- N_S))","111",176.058,193.301,"We have a lot of,  uh,   "," We/PRP  have/VBP   a/DT lot/NN  of/IN ,/,   uh/UH  ,/,"
"79","sw05utt/sw_0560_3377.utt","3/sw3377",3377,78,"sd","B",34,2,"I'd say we probably have <breathing> within fifteen miles, twenty golf communities built around courses that are pretty well designed and then of course, Pine Hurst  /","[ I/PRP ] 'd/MD say/VB  [ we/PRP ] probably/RB have/VBP within/IN  [ fifteen/CD miles/NNS ] ,/,  [ twenty/CD golf/NN communities/NNS ] built/VBN around/IN  [ courses/NNS ] [ that/WDT ] are/VBP pretty/RB well/RB designed/VBN and/CC then/RB of/IN  [ course/NN ] ,/,  [ Pine/NNP Hurst/NNP ]","(S (NP-SBJ (PRP I)) (VP (MD 'd) (VP (VB say) (SBAR (-NONE- 0) (S (NP-SBJ (PRP we)) (ADVP (RB probably)) (VP (VBP have) (PP-LOC (IN within) (NP (CD fifteen) (NNS miles))) (, ,) (NP (NP (NP (CD twenty) (NN golf) (NNS communities)) (VP (VBN built) (NP (-NONE- *)) (PP-LOC (IN around) (NP (NP (NNS courses)) (SBAR (WHNP-1 (WDT that)) (S (NP-SBJ (-NONE- *T*-1)) (VP (VBP are) (ADJP-PRD (ADVP (RB pretty) (RB well)) (VBN designed))))))))) (CONJP (CC and) (RB then)) (PP (IN of) (NP (NN course))) (, ,) (NP (NNP Pine) (NNP Hurst)))))))) (-DFL- E_S))","112",176.058,193.301,"I'd say we probably have breathing within fifteen miles, twenty golf communities built around courses that are pretty well designed and then of course, Pine Hurst  "," I/PRP  'd/MD say/VB   we/PRP  probably/RB have/VBP within/IN   fifteen/CD miles/NNS  ,/,   twenty/CD golf/NN communities/NNS  built/VBN around/IN   courses/NNS   that/WDT  are/VBP pretty/RB well/RB designed/VBN and/CC then/RB of/IN   course/NN  ,/,   Pine/NNP Hurst/NNP "
"80","sw05utt/sw_0560_3377.utt","3/sw3377",3377,79,"sd","B",34,3,"{C and } we still have the  (( Greensboro ))  Open here every year. /","and/CC  [ we/PRP ] still/RB have/VBP  [ the/DT Greensboro/NNP Open/NNP ] here/RB  [ every/DT year/NN ] ./.","(S (CC and) (NP-SBJ (PRP we)) (ADVP-TMP (RB still)) (VP (VBP have) (NP (DT the) (NNP Greensboro) (NNP Open)) (ADVP-LOC (RB here)) (NP-TMP (DT every) (NN year))) (. .) (-DFL- E_S))","113",176.058,193.301," and  we still have the   Greensboro   Open here every year. ","and/CC   we/PRP  still/RB have/VBP   the/DT Greensboro/NNP Open/NNP  here/RB   every/DT year/NN  ./."
"81","sw05utt/sw_0560_3377.utt","3/sw3377",3377,80,"b","A",35,1,"Uh-huh.  /","[ Uh-huh/UH ] ./.","(INTJ (UH Uh-huh) (. .) (-DFL- E_S))","72",193.8435,198.4365,"Uhhuh.  "," Uhhuh/UH  ./."
"82","sw05utt/sw_0560_3377.utt","3/sw3377",3377,81,"qy","A",35,2,"Do you have, {F uh, } long waits, {F uh, } to get on the course? /","Do/VBP  [ you/PRP ] have/VB ,/,  [ uh/UH ] ,/,  [ long/JJ waits/NNS ] ,/,  [ uh/UH ] ,/, to/TO get/VB on/IN  [ the/DT course/NN ] ?/.","(SQ (VBP Do) (NP-SBJ-1 (PRP you)) (VP (VB have) (, ,) (INTJ (UH uh)) (, ,) (NP (JJ long) (NNS waits)) (, ,) (INTJ (UH uh)) (, ,) (S-ADV (NP-SBJ (-NONE- *-1)) (VP (TO to) (VP (VB get) (PP-LOC (IN on) (NP (DT the) (NN course))))))) (. ?) (-DFL- E_S))","116",193.8435,198.4365,"Do you have,  uh,  long waits,  uh,  to get on the course? ","Do/VBP   you/PRP  have/VB ,/,   uh/UH  ,/,   long/JJ waits/NNS  ,/,   uh/UH  ,/, to/TO get/VB on/IN   the/DT course/NN  ?/."
"83","sw05utt/sw_0560_3377.utt","3/sw3377",3377,82,"ny","B",36,1,"Yes,  /","Yes/UH ,/,","(INTJ (UH Yes) (, ,) (-DFL- E_S))","118",198.33975,203.164625,"Yes,  ","Yes/UH ,/,"
"84","sw05utt/sw_0560_3377.utt","3/sw3377",3377,83,"sd^e","B",36,2,"we do as a matter of fact.  /","[ we/PRP ] do/VBP as/IN  [ a/DT matter/NN ] of/IN  [ fact/NN ] ./.","(S (NP-SBJ (PRP we)) (VP (VBP do) (PP (IN as) (NP (NP (DT a) (NN matter)) (PP (IN of) (NP (NN fact)))))) (. .) (-DFL- E_S))","119",198.33975,203.164625,"we do as a matter of fact.  "," we/PRP  do/VBP as/IN   a/DT matter/NN  of/IN   fact/NN  ./."
"85","sw05utt/sw_0560_3377.utt","3/sw3377",3377,84,"sd","B",36,3,"[ [ It, + it, ] + {F uh, } it's  ] only been that way in the last five years. /","[ It/PRP ] ,/,  [ it/PRP ] ,/,  [ uh/UH ] ,/,  [ it/PRP ] 's/HVS only/RB been/VBN  [ that/DT way/NN ] in/IN  [ the/DT last/JJ five/CD years/NNS ] ./.","(S (EDITED (RM (-DFL- \[)) (EDITED (RM (-DFL- \[)) (NP-SBJ (PRP It)) (, ,) (IP (-DFL- \+))) (NP-SBJ (PRP it)) (, ,) (RS (-DFL- \])) (IP (-DFL- \+))) (INTJ (UH uh)) (, ,) (NP-SBJ (PRP it)) (VP (HVS 's) (RS (-DFL- \])) (ADVP (RB only)) (VP (VBN been) (NP-MNR-PRD (DT that) (NN way)) (PP-TMP (IN in) (NP (DT the) (JJ last) (CD five) (NNS years))))) (. .) (-DFL- E_S))","120",198.33975,203.164625,"  It,  it,    uh,  it's   only been that way in the last five years. "," It/PRP  ,/,   it/PRP  ,/,   uh/UH  ,/,   it/PRP  's/HVS only/RB been/VBN   that/DT way/NN  in/IN   the/DT last/JJ five/CD years/NNS  ./."
"86","sw05utt/sw_0560_3377.utt","3/sw3377",3377,85,"b","A",37,1,"Yeah. /","Yeah/UH ./.","(INTJ (UH Yeah) (. .) (-DFL- E_S))","88",203.145875,203.425875,"Yeah. ","Yeah/UH ./."
"87","sw05utt/sw_0560_3377.utt","3/sw3377",3377,86,"%","B",38,1,"{C But } now you, {F uh, } - /","But/CC now/RB  [ you/PRP ] ,/,  [ uh/UH ] ,/,","(S-UNF (CC But) (ADVP-TMP (RB now)) (NP-SBJ (PRP you)) (, ,) (INTJ (UH uh)) (, ,) (-DFL- N_S))","124",203.963125,210.4695," But  now you,  uh,   ","But/CC now/RB   you/PRP  ,/,   uh/UH  ,/,"
"88","sw05utt/sw_0560_3377.utt","3/sw3377",3377,87,"sd","B",38,2,"most of the courses have a, {F uh, } two day advance tee time you have to call, /","most/JJS of/IN  [ the/DT courses/NNS ] have/VBP  [ a/DT ] ,/,  [ uh/UH ] ,/,  [ two/CD day/NN advance/NN tee/NN time/NN ] [ you/PRP ] have/VBP to/TO call/VB ,/,","(S (NP-SBJ (NP (JJS most)) (PP (IN of) (NP (DT the) (NNS courses)))) (VP (VBP have) (NP (NP (DT a) (, ,) (INTJ (UH uh)) (, ,) (ADJP (CD two) (NN day)) (NN advance) (NN tee) (NN time)) (SBAR (WHNP-1 (-NONE- 0)) (S (NP-SBJ-2 (PRP you)) (VP (VBP have) (S (NP-SBJ (-NONE- *-2)) (VP (TO to) (VP (VB call) (NP (-NONE- *T*-1)))))))))) (, ,) (-DFL- E_S))","125",203.963125,210.4695,"most of the courses have a,  uh,  two day advance tee time you have to call, ","most/JJS of/IN   the/DT courses/NNS  have/VBP   a/DT  ,/,   uh/UH  ,/,   two/CD day/NN advance/NN tee/NN time/NN   you/PRP  have/VBP to/TO call/VB ,/,"
"89","sw05utt/sw_0560_3377.utt","3/sw3377",3377,88,"b","A",39,1,"Yeah.  /","Yeah/UH ./.","(INTJ (UH Yeah) (. .) (-DFL- E_S))","88",210.6825,218.7925,"Yeah.  ","Yeah/UH ./."
"90","sw05utt/sw_0560_3377.utt","3/sw3377",3377,89,"b","A",39,2,"Okay.  /","Okay/UH ./.","(INTJ (UH Okay) (. .) (-DFL- E_S))","128",210.6825,218.7925,"Okay.  ","Okay/UH ./."
"91","sw05utt/sw_0560_3377.utt","3/sw3377",3377,90,"sd","A",39,3,"I just moved into this small community  /","[ I/PRP ] just/RB moved/VBD into/IN  [ this/DT small/JJ community/NN ]","(S (NP-SBJ (PRP I)) (ADVP (RB just)) (VP (VBD moved) (PP-DIR (IN into) (NP (DT this) (JJ small) (NN community)))) (-DFL- E_S))","129",210.6825,218.7925,"I just moved into this small community  "," I/PRP  just/RB moved/VBD into/IN   this/DT small/JJ community/NN "
"92","sw05utt/sw_0560_3377.utt","3/sw3377",3377,91,"sd","A",39,4,"{C so } I'm going to try and get into one of the golf courses here. /","so/RB  [ I/PRP ] 'm/VBP going/VBG to/TO try/VB and/CC get/VB into/IN  [ one/NN ] of/IN  [ the/DT golf/NN courses/NNS ] here/RB ./.","(S (RB so) (NP-SBJ-1 (PRP I)) (VP (VBP 'm) (VP (VBG going) (S (NP-SBJ (-NONE- *-1)) (VP (TO to) (VP (VP (VB try)) (CC and) (VP (VB get) (PP (IN into) (NP (NP (NN one)) (PP (IN of) (NP (NP (DT the) (NN golf) (NNS courses)) (ADVP-LOC (RB here)))))))))))) (. .) (-DFL- E_S))","130",210.6825,218.7925," so  I'm going to try and get into one of the golf courses here. ","so/RB   I/PRP  'm/VBP going/VBG to/TO try/VB and/CC get/VB into/IN   one/NN  of/IN   the/DT golf/NN courses/NNS  here/RB ./."
"93","sw05utt/sw_0560_3377.utt","3/sw3377.pos",3377,92,"x","B",40,1,"<Cough>.","./.","","",NA,NA,"Cough.","./."
"94","sw05utt/sw_0560_3377.utt","3/sw3377",3377,93,"%","A",41,1,"I'm hoping that won't be,","[ I/PRP ] 'm/VBP hoping/VBG  [ that/DT ] wo/MD n't/RB be/VB ,/,","(S (NP-SBJ (PRP I)) (VP (VBP 'm) (VP (VBG hoping) (SBAR (-NONE- 0) (S (NP-SBJ (DT that)) (VP (MD wo) (RB n't) (VP-UNF (VB be) (, ,) (X (MD cou-)))))))) (, ,) (-DFL- N_S))","133",220.05975,221.33325,"I'm hoping that won't be,"," I/PRP  'm/VBP hoping/VBG   that/DT  wo/MD n't/RB be/VB ,/,"
"95","sw05utt/sw_0560_3377.utt","3/sw3377.pos",3377,94,"x","B",42,1,"<Cough>.","./.","","",NA,NA,"Cough.","./."
"96","sw05utt/sw_0560_3377.utt","3/sw3377",3377,95,"+","A",43,1,"cou-, - /","[ cou/MD ] ,/,","(S (NP-SBJ (PRP I)) (VP (VBP 'm) (VP (VBG hoping) (SBAR (-NONE- 0) (S (NP-SBJ (DT that)) (VP (MD wo) (RB n't) (VP-UNF (VB be) (, ,) (X (MD cou-)))))))) (, ,) (-DFL- N_S))","133",221.33325,225.100625,"cou,  "," cou/MD  ,/,"
"97","sw05utt/sw_0560_3377.utt","3/sw3377",3377,96,"sd","A",43,2,"I,","[ I/PRP ] ,/,","(S (NP-SBJ (PRP I)) (, ,) (VP (VBD was) (PP-PRD (IN from) (NP (DT the) (, ,) (INTJ (UH uh)) (, ,) (NNPS twin) (NNPS cities) (NN area)))) (. .) (-DFL- E_S))","136",221.33325,225.100625,"I,"," I/PRP  ,/,"
"98","sw05utt/sw_0560_3377.utt","3/sw3377.pos",3377,97,"x","B",44,1,"<Cough>.","./.","","",NA,NA,"Cough.","./."
"99","sw05utt/sw_0560_3377.utt","3/sw3377",3377,98,"+","A",45,1,"was from the, {F uh, }","was/VBD from/IN  [ the/DT ] ,/,  [ uh/UH ] ,/,","(S (NP-SBJ (PRP I)) (, ,) (VP (VBD was) (PP-PRD (IN from) (NP (DT the) (, ,) (INTJ (UH uh)) (, ,) (NNPS twin) (NNPS cities) (NN area)))) (. .) (-DFL- E_S))","136",NA,NA,"was from the,  uh, ","was/VBD from/IN   the/DT  ,/,   uh/UH  ,/,"
"100","sw05utt/sw_0560_3377.utt","3/sw3377.pos",3377,99,"x","B",46,1,"<Cough>.","./.","","",NA,NA,"Cough.","./."
"101","sw05utt/sw_0560_3377.utt","3/sw3377",3377,100,"+","A",47,1,"twin cities area. /","[ twin/NNPS cities/NNPS area/NN ]  ./.","(S (NP-SBJ (PRP I)) (, ,) (VP (VBD was) (PP-PRD (IN from) (NP (DT the) (, ,) (INTJ (UH uh)) (, ,) (NNPS twin) (NNPS cities) (NN area)))) (. .) (-DFL- E_S))","136",NA,NA,"twin cities area. "," twin/NNPS cities/NNPS area/NN   ./."
"102","sw05utt/sw_0560_3377.utt","3/sw3377",3377,101,"qy^g","B",48,1,"<Cough> That's some cold golf too, isn't it? /","[ That/DT ] 's/BES  [ some/DT cold/JJ golf/NN ] too/RB ,/, is/VBZ n't/RB  [ it/PRP ] ?/.","(SQ (S (NP-SBJ (DT That)) (VP (BES 's) (NP-PRD (DT some) (JJ cold) (NN golf)) (ADVP (RB too)))) (, ,) (SQ (VBZ is) (RB n't) (NP-SBJ (PRP it)) (NP-PRD (-NONE- *?*))) (. ?) (-DFL- E_S))","142",230.395125,232.193,"Cough That's some cold golf too, isn't it? "," That/DT  's/BES   some/DT cold/JJ golf/NN  too/RB ,/, is/VBZ n't/RB   it/PRP  ?/."
"103","sw05utt/sw_0560_3377.utt","3/sw3377",3377,102,"ny","A",49,1,"Yeah <laughter>. /","Yeah/UH ./.","(INTJ (UH Yeah) (. .) (-DFL- E_S))","122",232.149125,233.24975,"Yeah laughter. ","Yeah/UH ./."
"104","sw05utt/sw_0560_3377.utt","3/sw3377.pos",3377,103,"x","B",50,1,"<Cough>.","./.","","",NA,NA,"Cough.","./."
"105","sw05utt/sw_0560_3377.utt","3/sw3377",3377,104,"qy","A",51,1,"Are you sure you guys aren't having the bad weather? /","[ Are/VBP you/PRP ] sure/JJ  [ you/PRP ] [ guys/NNS ] are/VBP n't/RB having/VBG  [ the/DT bad/JJ weather/NN ] ?/.","(SQ (VBP Are) (NP-SBJ (PRP you)) (ADJP-PRD (JJ sure) (SBAR (-NONE- 0) (S (NP-SBJ (PRP you) (NNS guys)) (VP (VBP are) (RB n't) (VP (VBG having) (NP (DT the) (JJ bad) (NN weather))))))) (. ?) (-DFL- E_S))","147",234.502,236.295125,"Are you sure you guys aren't having the bad weather? "," Are/VBP you/PRP  sure/JJ   you/PRP   guys/NNS  are/VBP n't/RB having/VBG   the/DT bad/JJ weather/NN  ?/."
"106","sw05utt/sw_0560_3377.utt","3/sw3377",3377,105,"no","B",52,1,"<Cough> We have cold. /","[ We/PRP ] have/VBP  [ cold/JJ ] ./.","(S (NP-SBJ (PRP We)) (VP (VBP have) (NP (JJ cold))) (. .) (-DFL- E_S))","149",238.627125,239.456,"Cough We have cold. "," We/PRP  have/VBP   cold/JJ  ./."
"107","sw05utt/sw_0560_3377.utt","3/sw3377",3377,106,"b","A",53,1,"Yeah. /","Yeah/UH ./.","(INTJ (UH Yeah) (. .) (-DFL- E_S))","144",239.719125,240.134875,"Yeah. ","Yeah/UH ./."
"108","sw05utt/sw_0560_3377.utt","3/sw3377",3377,107,"sd","B",54,1,"Usually January and the first two weeks of February. /","Usually/RB  [ January/NNP ] and/CC  [ the/DT first/JJ two/CD weeks/NNS ] of/IN  [ February/NNP ] ./.","(FRAG (ADVP-TMP (RB Usually)) (NP-TMP (NP (NNP January)) (CC and) (NP (NP (DT the) (JJ first) (CD two) (NNS weeks)) (PP (IN of) (NP (NNP February))))) (. .) (-DFL- E_S))","153",240.979875,243.64475,"Usually January and the first two weeks of February. ","Usually/RB   January/NNP  and/CC   the/DT first/JJ two/CD weeks/NNS  of/IN   February/NNP  ./."
"109","sw05utt/sw_0560_3377.utt","3/sw3377",3377,108,"ba","A",55,1,"{D Well, } I wish that's all we had. /","Well/UH ,/,  [ I/PRP ] wish/VBP that/DT  [ 's/BES all/DT ] [ we/PRP ] had/VBD ./.","(S (INTJ (UH Well)) (, ,) (NP-SBJ (PRP I)) (VP (VBP wish) (SBAR (-NONE- 0) (S (NP-SBJ (DT that)) (VP (BES 's) (NP-PRD (NP (DT all)) (SBAR (WHNP-1 (-NONE- 0)) (S (NP-SBJ (PRP we)) (VP (VBD had) (NP (-NONE- *T*-1)))))))))) (. .) (-DFL- E_S))","155",244.882,246.19," Well,  I wish that's all we had. ","Well/UH ,/,   I/PRP  wish/VBP that/DT   's/BES all/DT   we/PRP  had/VBD ./."
"110","sw05utt/sw_0560_3377.utt","3/sw3377",3377,109,"sd","B",56,1,"{C But, } {F uh, } last week we were in the seventies.  /","But/CC ,/,  [ uh/UH ] ,/,  [ last/JJ week/NN ] [ we/PRP ] were/VBD in/IN  [ the/DT seventies/NNS ] ./.","(S (CC But) (, ,) (INTJ (UH uh)) (, ,) (NP-TMP (JJ last) (NN week)) (NP-SBJ (PRP we)) (VP (VBD were) (PP-PRD (IN in) (NP (DT the) (NNS seventies)))) (. .) (-DFL- E_S))","157",247.0955,256.007375," But,   uh,  last week we were in the seventies.  ","But/CC ,/,   uh/UH  ,/,   last/JJ week/NN   we/PRP  were/VBD in/IN   the/DT seventies/NNS  ./."
"111","sw05utt/sw_0560_3377.utt","3/sw3377",3377,110,"sd","B",56,2,"Something is coming through now  /","[ Something/NN ] is/VBZ coming/VBG through/RB now/RB","(S (NP-SBJ (NN Something)) (VP (VBZ is) (VP (VBG coming) (ADVP-DIR (RB through)) (ADVP-TMP (RB now)))) (-DFL- E_S))","158",247.0955,256.007375,"Something is coming through now  "," Something/NN  is/VBZ coming/VBG through/RB now/RB"
"112","sw05utt/sw_0560_3377.utt","3/sw3377",3377,111,"sd","B",56,3,"{C so } it's like in the low forties right now. /","so/RB  [ it/PRP ] 's/BES like/UH in/IN  [ the/DT low/JJ forties/NNS ] right/RB now/RB ./.","(S (RB so) (NP-SBJ (PRP it)) (VP (BES 's) (INTJ (UH like)) (PP-PRD (IN in) (NP (DT the) (JJ low) (NNS forties))) (ADVP-TMP (RB right) (RB now))) (. .) (-DFL- E_S))","159",247.0955,256.007375," so  it's like in the low forties right now. ","so/RB   it/PRP  's/BES like/UH in/IN   the/DT low/JJ forties/NNS  right/RB now/RB ./."
"113","sw05utt/sw_0560_3377.utt","3/sw3377",3377,112,"b","A",57,1,"Oh. /","Oh/UH ./.","(INTJ (UH Oh) (. .) (-DFL- E_S))","161",256.454875,256.841875,"Oh. ","Oh/UH ./."
"114","sw05utt/sw_0560_3377.utt","3/sw3377",3377,113,"sd","B",58,1,"{C But, } {F uh, } it's supposed to leave early in the week and then be back in the sixties.  /","But/CC ,/,  [ uh/UH ] ,/,  [ it/PRP ] 's/BES supposed/VBN to/TO leave/VB early/RB in/IN  [ the/DT week/NN ] and/CC then/RB be/VB back/RB in/IN  [ the/DT sixties/NNS ] ./.","(S (CC But) (, ,) (INTJ (UH uh)) (, ,) (NP-SBJ-1 (PRP it)) (VP (BES 's) (VP (VBN supposed) (S (NP-SBJ (-NONE- *-1)) (VP (TO to) (VP (VP (VB leave) (PP-TMP (ADVP (RB early)) (IN in) (NP (DT the) (NN week)))) (CONJP (CC and) (RB then)) (VP (VB be) (PP-PRD (ADVP (RB back)) (IN in) (NP (DT the) (NNS sixties))))))))) (. .) (-DFL- E_S))","163",257.46625,269.89775," But,   uh,  it's supposed to leave early in the week and then be back in the sixties.  ","But/CC ,/,   uh/UH  ,/,   it/PRP  's/BES supposed/VBN to/TO leave/VB early/RB in/IN   the/DT week/NN  and/CC then/RB be/VB back/RB in/IN   the/DT sixties/NNS  ./."
"115","sw05utt/sw_0560_3377.utt","3/sw3377",3377,114,"sd","B",58,2,"We have very windy winters --","[ We/PRP ] have/VBP  [ very/RB windy/JJ winters/NNS ] --/:","(S (NP-SBJ (PRP We)) (VP (VBP have) (NP (ADJP (ADJP (RB very) (JJ windy)) (NAC (-NONE- *ICH*-1))) (NNS winters)) (NAC-1 (CC and) (ADJP (RB very) (JJ cold)))) (. .) (-DFL- E_S))","164",257.46625,269.89775,"We have very windy winters "," We/PRP  have/VBP   very/RB windy/JJ winters/NNS  /:"
"116","sw05utt/sw_0560_3377.utt","3/sw3377",3377,115,"b","A",59,1,"<Cough>  Yeah <noise>. /","Yeah/UH ./.","(INTJ (UH Yeah) (. .) (-DFL- E_S))","144",267.409625,267.77925,"Cough  Yeah noise. ","Yeah/UH ./."
"117","sw05utt/sw_0560_3377.utt","3/sw3377",3377,116,"+","B",60,1,"-- <Cough> and very cold.  /","--/: and/CC very/RB cold/JJ ./.","(S (NP-SBJ (PRP We)) (VP (VBP have) (NP (ADJP (ADJP (RB very) (JJ windy)) (NAC (-NONE- *ICH*-1))) (NNS winters)) (NAC-1 (CC and) (ADJP (RB very) (JJ cold)))) (. .) (-DFL- E_S))","164",270.571625,281.264," Cough and very cold.  ","/: and/CC very/RB cold/JJ ./."
"118","sw05utt/sw_0560_3377.utt","3/sw3377",3377,117,"sd","B",60,2,"{C But } we don't get any snow anymore.  /","But/CC  [ we/PRP ] do/VBP n't/RB get/VB  [ any/DT snow/NN ] anymore/RB ./.","(S (CC But) (NP-SBJ (PRP we)) (VP (VBP do) (RB n't) (VP (VB get) (NP (DT any) (NN snow)) (ADVP-TMP (RB anymore)))) (. .) (-DFL- E_S))","168",270.571625,281.264," But  we don't get any snow anymore.  ","But/CC   we/PRP  do/VBP n't/RB get/VB   any/DT snow/NN  anymore/RB ./."
"119","sw05utt/sw_0560_3377.utt","3/sw3377",3377,118,"sd","B",60,3,"[ I don't, + I don't  ] know what changed that pattern.  /","[ I/PRP ] do/VBP n't/RB ,/,  [ I/PRP ] do/VBP n't/RB know/VB  [ what/WP ] changed/VBD  [ that/DT pattern/NN ] ./.","(S (EDITED (RM (-DFL- \[)) (S (NP-SBJ (PRP I)) (VP-UNF (VBP do) (RB n't))) (, ,) (IP (-DFL- \+))) (NP-SBJ (PRP I)) (VP (VBP do) (RB n't) (RS (-DFL- \])) (VP (VB know) (SBAR (WHNP-1 (WP what)) (S (NP-SBJ (-NONE- *T*-1)) (VP (VBD changed) (NP (DT that) (NN pattern))))))) (. .) (-DFL- E_S))","169",270.571625,281.264," I don't,  I don't   know what changed that pattern.  "," I/PRP  do/VBP n't/RB ,/,   I/PRP  do/VBP n't/RB know/VB   what/WP  changed/VBD   that/DT pattern/NN  ./."
"120","sw05utt/sw_0560_3377.utt","3/sw3377",3377,119,"sd","B",60,4,"We used to get four or five inches a year.  /","[ We/PRP ] used/VBD to/TO get/VB  [ four/CD ] or/CC  [ five/CD inches/NNS ] [ a/DT year/NN ] ./.","(S (NP-SBJ-1 (PRP We)) (VP (VBD used) (S (NP-SBJ (-NONE- *-1)) (VP (TO to) (VP (VB get) (NP (NP (QP (CD four) (CC or) (CD five)) (NNS inches)) (NP-ADV (DT a) (NN year))))))) (. .) (-DFL- E_S))","170",270.571625,281.264,"We used to get four or five inches a year.  "," We/PRP  used/VBD to/TO get/VB   four/CD  or/CC   five/CD inches/NNS   a/DT year/NN  ./."
"121","sw05utt/sw_0560_3377.utt","3/sw3377",3377,120,"sd","B",60,5,"Now we get nothing.  /","Now/RB  [ we/PRP ] get/VBP  [ nothing/NN ] ./.","(S (ADVP-TMP (RB Now)) (NP-SBJ (PRP we)) (VP (VBP get) (NP (NN nothing))) (. .) (-DFL- E_S))","171",270.571625,281.264,"Now we get nothing.  ","Now/RB   we/PRP  get/VBP   nothing/NN  ./."
"122","sw05utt/sw_0560_3377.utt","3/sw3377",3377,121,"sd","B",60,6,"It's been probably five years since we've had any measurable snowfall. /","[ It/PRP ] 's/HVS been/VBN probably/RB  [ five/CD years/NNS ] since/IN  [ we/PRP ] 've/VBP had/VBD  [ any/DT measurable/JJ snowfall/NN ] ./.","(S (NP-SBJ (PRP It)) (VP (HVS 's) (VP (VBN been) (NP-PRD (QP (RB probably) (CD five)) (NNS years)) (SBAR-TMP (IN since) (S (NP-SBJ (PRP we)) (VP (VBP 've) (VP (VBD had) (NP (DT any) (JJ measurable) (NN snowfall)))))))) (. .) (-DFL- E_S))","172",270.571625,281.264,"It's been probably five years since we've had any measurable snowfall. "," It/PRP  's/HVS been/VBN probably/RB   five/CD years/NNS  since/IN   we/PRP  've/VBP had/VBD   any/DT measurable/JJ snowfall/NN  ./."
"123","sw05utt/sw_0560_3377.utt","3/sw3377",3377,122,"b","A",61,1,"I see.  /","[ I/PRP ] see/VBP ./.","(S (NP-SBJ (PRP I)) (VP (VBP see)) (. .) (-DFL- E_S))","174",283.150625,287.561,"I see.  "," I/PRP  see/VBP ./."
"124","sw05utt/sw_0560_3377.utt","3/sw3377",3377,123,"sv","A",61,2,"{D Well, } at least [ it, + that  ] doesn't, {F uh, } get in the way of golfing  /","Well/UH ,/, at/IN  [ least/JJS ] [ it/PRP ] ,/, that/DT does/VBZ n't/RB ,/,  [ uh/UH ] ,/, get/VB in/IN  [ the/DT way/NN ] of/IN golfing/VBG","(S (INTJ (UH Well)) (, ,) (ADVP (IN at) (JJS least)) (EDITED (RM (-DFL- \[)) (NP-SBJ (PRP it)) (, ,) (IP (-DFL- \+))) (NP-SBJ (DT that)) (RS (-DFL- \])) (VP (VBZ does) (RB n't) (, ,) (INTJ (UH uh)) (, ,) (VP (VB get) (PP (IN in) (NP (NP (DT the) (NN way)) (PP (IN of) (S-NOM (NP-SBJ (-NONE- *)) (VP (VBG golfing)))))))) (-DFL- E_S))","175",283.150625,287.561," Well,  at least  it,  that   doesn't,  uh,  get in the way of golfing  ","Well/UH ,/, at/IN   least/JJS   it/PRP  ,/, that/DT does/VBZ n't/RB ,/,   uh/UH  ,/, get/VB in/IN   the/DT way/NN  of/IN golfing/VBG"
"125","sw05utt/sw_0560_3377.utt","3/sw3377",3377,124,"%","A",61,3,"{C so } that <noise>, -/","so/IN  [ that/IN ] ,/,","(S-UNF (RB so) (NP-SBJ (IN that)) (, ,) (-DFL- N_S))","176",283.150625,287.561," so  that noise, ","so/IN   that/IN  ,/,"
"126","sw05utt/sw_0560_3377.utt","3/sw3377",3377,125,"aa","B",62,1,"No,  /","No/UH ,/,","(INTJ (UH No) (, ,) (-DFL- E_S))","178",286.53825,292.5635,"No,  ","No/UH ,/,"
"127","sw05utt/sw_0560_3377.utt","3/sw3377",3377,126,"sd@","B",62,2,"{C but } I have played golf in the snow before.    *[[slash error]]","but/CC  [ I/PRP ] have/VBP played/VBN  [ golf/NN ] in/IN  [ the/DT snow/NN ] before/RB ./.","(S (CC but) (NP-SBJ (PRP I)) (VP (VBP have) (VP (VBN played) (NP (NN golf)) (PP-LOC (IN in) (NP (DT the) (NN snow))) (ADVP-TMP (RB before)))) (. .))","179",286.53825,292.5635," but  I have played golf in the snow before.    *slash error","but/CC   I/PRP  have/VBP played/VBN   golf/NN  in/IN   the/DT snow/NN  before/RB ./."
"128","sw05utt/sw_0560_3377.utt","3/sw3377",3377,127,"b","A",63,1,"<Noise>  Yeah. /","Yeah/UH ./.","(INTJ (UH Yeah) (. .) (-DFL- E_S))","151",290.152375,290.474125,"Noise  Yeah. ","Yeah/UH ./."
"129","sw05utt/sw_0560_3377.utt","3/sw3377",3377,128,"+","B",64,1,"Get out my orange golf ball and go out. /","Get/VB out/RP  [ my/PRP$ orange/JJ golf/NN ball/NN ] and/CC go/VB out/RB ./.","(S (NP-SBJ (-NONE- *)) (VP (VP (VB Get) (PRT (RP out)) (NP (PRP$ my) (JJ orange) (NN golf) (NN ball))) (CC and) (VP (VB go) (ADVP-DIR (RB out)))) (. .) (-DFL- E_S))","180",NA,NA,"Get out my orange golf ball and go out. ","Get/VB out/RP   my/PRP$ orange/JJ golf/NN ball/NN  and/CC go/VB out/RB ./."
"130","sw05utt/sw_0560_3377.utt","3/sw3377",3377,129,"b","A",65,1,"<Laughter>  Yeah,  /","Yeah/UH ,/,","(INTJ (UH Yeah) (, ,) (-DFL- E_S))","185",292.585875,299.447875,"Laughter  Yeah,  ","Yeah/UH ,/,"
"131","sw05utt/sw_0560_3377.utt","3/sw3377",3377,130,"sd","A",65,2,"that's what they do here sometimes.  /","[ that/DT ] 's/BES  [ what/WP ] [ they/PRP ] do/VBP here/RB sometimes/RB ./.","(S (NP-SBJ (DT that)) (VP (BES 's) (SBAR-NOM-PRD (WHNP-1 (WP what)) (S (NP-SBJ (PRP they)) (VP (VBP do) (NP (-NONE- *T*-1)) (ADVP-LOC (RB here)) (ADVP-TMP (RB sometimes)))))) (. .) (-DFL- E_S))","186",292.585875,299.447875,"that's what they do here sometimes.  "," that/DT  's/BES   what/WP   they/PRP  do/VBP here/RB sometimes/RB ./."
"132","sw05utt/sw_0560_3377.utt","3/sw3377",3377,131,"sd","A",65,3,"You hear about it where they will take the orange ball out there  /","[ You/PRP ] hear/VBP about/IN  [ it/PRP ] where/WRB  [ they/PRP ] will/MD take/VB  [ the/DT orange/JJ ball/NN ] out/IN there/RB","(S (NP-SBJ (PRP You)) (VP (VBP hear) (PP (IN about) (NP (PRP it))) (SBAR-ADV (WHADVP-1 (WRB where)) (S (NP-SBJ (PRP they)) (VP (MD will) (VP (VB take) (NP (DT the) (JJ orange) (NN ball)) (PP-LOC (IN out) (ADVP (RB there))) (ADVP (-NONE- *T*-1))))))) (-DFL- E_S))","187",292.585875,299.447875,"You hear about it where they will take the orange ball out there  "," You/PRP  hear/VBP about/IN   it/PRP  where/WRB   they/PRP  will/MD take/VB   the/DT orange/JJ ball/NN  out/IN there/RB"
"133","sw05utt/sw_0560_3377.utt","3/sw3377",3377,132,"%","A",65,4,"{C but, } if you got, -/","but/CC ,/, if/IN  [ you/PRP ] got/VBN ,/,","(S-UNF (CC but) (, ,) (SBAR-ADV (IN if) (S (NP-SBJ (PRP you)) (VP-UNF (VBN got)))) (, ,) (-DFL- N_S))","188",292.585875,299.447875," but,  if you got, ","but/CC ,/, if/IN   you/PRP  got/VBN ,/,"
