"","swda_filename","ptb_basename","conversation_no","transcript_index","act_tag","caller","turn_index","subutterance_index","text","pos","trees","ptb_treenumbers","start_turn","end_turn","newtext","newpos"
"1","sw06utt/sw_0621_3449.utt","3/sw3449",3449,0,"o","B",1,1,"Yes. /","Yes/UH ./.","(INTJ (UH Yes) (. .) (-DFL- E_S))","1",0.421875,0.836625,"Yes. ","Yes/UH ./."
"2","sw06utt/sw_0621_3449.utt","3/sw3449",3449,1,"sd","A",2,1,"I haven't, {F uh, } talked to anybody  outside the Metroplex,  /","I/PRP have/VBP n't/RB ,/, uh/UH ,/, talked/VBN to/IN anybody/NN outside/IN the/DT Metroplex/NNP ,/,","(S (NP-SBJ (PRP I)) (VP (VBP have) (RB n't) (, ,) (INTJ (UH uh)) (, ,) (VP (VBN talked) (PP (IN to) (NP (NP (NN anybody)) (PP-LOC (IN outside) (NP (DT the) (NNP Metroplex))))))) (, ,) (-DFL- E_S))","3",1.178,5.981875,"I haven't,  uh,  talked to anybody  outside the Metroplex,  ","I/PRP have/VBP n't/RB ,/, uh/UH ,/, talked/VBN to/IN anybody/NN outside/IN the/DT Metroplex/NNP ,/,"
"3","sw06utt/sw_0621_3449.utt","3/sw3449",3449,2,"sd","A",2,2,"{C so } I didn't even think of saying Arlington, Texas. /","so/RB I/PRP did/VBD n't/RB even/RB think/VB of/IN saying/VBG Arlington/NNP ,/, Texas/NNP ./.","(S (RB so) (NP-SBJ-1 (PRP I)) (VP (VBD did) (RB n't) (ADVP (RB even)) (VP (VB think) (PP (IN of) (S-NOM (NP-SBJ (-NONE- *-1)) (VP (VBG saying) (NP (NP (NNP Arlington)) (, ,) (NP (NNP Texas)))))))) (. .) (-DFL- E_S))","4",1.178,5.981875," so  I didn't even think of saying Arlington, Texas. ","so/RB I/PRP did/VBD n't/RB even/RB think/VB of/IN saying/VBG Arlington/NNP ,/, Texas/NNP ./."
"4","sw06utt/sw_0621_3449.utt","3/sw3449",3449,3,"x","B",3,1,"<Laughter>.","","(INTJ (UH Yes) (. .) (-DFL- E_S))","1",NA,NA,"Laughter.",""
"5","sw06utt/sw_0621_3449.utt","3/sw3449",3449,4,"sd","A",4,1,"This is a real first <laughter>. /","This/DT is/VBZ a/DT real/RB first/NN ./.","(S (NP-SBJ (DT This)) (VP (VBZ is) (NP-PRD (DT a) (RB real) (NN first))) (. .) (-DFL- E_S))","7",5.981875,7.571875,"This is a real first laughter. ","This/DT is/VBZ a/DT real/RB first/NN ./."
"6","sw06utt/sw_0621_3449.utt","3/sw3449",3449,5,"b","B",5,1,"Yes. /","Yes/UH ./.","(INTJ (UH Yes) (. .) (-DFL- E_S))","1",8.26975,8.73325,"Yes. ","Yes/UH ./."
"7","sw06utt/sw_0621_3449.utt","3/sw3449",3449,6,"qy","A",6,1,"Are you at work? /","Are/VBP you/PRP at/IN work/NN ?/.","(SQ (VBP Are) (NP-SBJ (PRP you)) (PP-LOC-PRD (IN at) (NP (NN work))) (. ?) (-DFL- E_S))","11",8.890375,9.66425,"Are you at work? ","Are/VBP you/PRP at/IN work/NN ?/."
"8","sw06utt/sw_0621_3449.utt","3/sw3449",3449,7,"ny","B",7,1,"Yes,  /","Yes/UH ,/,","(INTJ (UH Yes) (, ,) (-DFL- E_S))","13",9.906875,10.4625,"Yes,  ","Yes/UH ,/,"
"9","sw06utt/sw_0621_3449.utt","3/sw3449",3449,8,"sd^e","B",7,2,"I am. /","I/PRP am/VBP ./.","(S (NP-SBJ (PRP I)) (VP (VBP am) (PP-LOC-PRD (-NONE- *?*))) (. .) (-DFL- E_S))","14",9.906875,10.4625,"I am. ","I/PRP am/VBP ./."
"10","sw06utt/sw_0621_3449.utt","3/sw3449",3449,9,"sd","A",8,1,"[ [ I, +  I, ] +  I've ]  been trying to get people at five thirty and six thirty in the evening  /","I/PRP ,/, I/PRP ,/, I/PRP 've/VBP been/VBN trying/VBG to/TO get/VB people/NNS at/IN five/CD thirty/CD and/CC six/CD thirty/CD in/IN the/DT evening/NN","(S (EDITED (RM (-DFL- \[)) (EDITED (RM (-DFL- \[)) (NP-SBJ (PRP I)) (, ,) (IP (-DFL- \+))) (NP-SBJ (PRP I)) (, ,) (RS (-DFL- \])) (IP (-DFL- \+))) (NP-SBJ-1 (PRP I)) (VP (VBP 've) (RS (-DFL- \])) (VP (VBN been) (VP (VBG trying) (S (NP-SBJ (-NONE- *-1)) (VP (TO to) (VP (VB get) (NP (NNS people)) (PP-TMP (IN at) (NP (NP (NP (CD five) (CD thirty)) (CC and) (NP (CD six) (CD thirty))) (PP-TMP (IN in) (NP (DT the) (NN evening))))))))))) (-DFL- E_S))","16",9.66425,16.974,"  I,   I,    I've   been trying to get people at five thirty and six thirty in the evening  ","I/PRP ,/, I/PRP ,/, I/PRP 've/VBP been/VBN trying/VBG to/TO get/VB people/NNS at/IN five/CD thirty/CD and/CC six/CD thirty/CD in/IN the/DT evening/NN"
"11","sw06utt/sw_0621_3449.utt","3/sw3449",3449,10,"sd(^q)","A",8,2,"{C and } I thought, {D well, } I'm not  having any luck,  /","and/CC I/PRP thought/VBD ,/, well/UH ,/, I/PRP 'm/VBP not/RB having/VBG any/DT luck/NN ,/,","(S (CC and) (NP-SBJ (PRP I)) (VP (VBD thought) (, ,) (S-SEZ (INTJ (UH well)) (, ,) (NP-SBJ (PRP I)) (VP (VBP 'm) (RB not) (VP (VBG having) (NP (DT any) (NN luck)))))) (, ,) (-DFL- E_S))","17",9.66425,16.974," and  I thought,  well,  I'm not  having any luck,  ","and/CC I/PRP thought/VBD ,/, well/UH ,/, I/PRP 'm/VBP not/RB having/VBG any/DT luck/NN ,/,"
"12","sw06utt/sw_0621_3449.utt","3/sw3449",3449,11,"^q","A",8,3,"I'll try the middle of the afternoon. /","I/PRP 'll/MD try/VB the/DT middle/NN of/IN the/DT afternoon/NN ./.","(S (NP-SBJ (PRP I)) (VP (MD 'll) (VP (VB try) (NP (NP (DT the) (NN middle)) (PP (IN of) (NP (DT the) (NN afternoon)))))) (. .) (-DFL- E_S))","18",9.66425,16.974,"I'll try the middle of the afternoon. ","I/PRP 'll/MD try/VB the/DT middle/NN of/IN the/DT afternoon/NN ./."
"13","sw06utt/sw_0621_3449.utt","3/sw3449",3449,12,"sd","B",9,1,"{D Well, } [ I'm, +  I'm ] happy we got through. /","Well/UH ,/, I/PRP 'm/VBP ,/, I/PRP 'm/VBP happy/JJ we/PRP got/VBD through/RB ./.","(S (INTJ (UH Well)) (, ,) (EDITED (RM (-DFL- \[)) (S (NP-SBJ (PRP I)) (VP-UNF (VBP 'm))) (, ,) (IP (-DFL- \+))) (NP-SBJ (PRP I)) (VP (VBP 'm) (RS (-DFL- \])) (ADJP-PRD (JJ happy) (SBAR (-NONE- 0) (S (NP-SBJ (PRP we)) (VP (VBD got) (ADVP (RB through))))))) (. .) (-DFL- E_S))","20",17.271125,19.001," Well,   I'm,   I'm  happy we got through. ","Well/UH ,/, I/PRP 'm/VBP ,/, I/PRP 'm/VBP happy/JJ we/PRP got/VBD through/RB ./."
"14","sw06utt/sw_0621_3449.utt","3/sw3449",3449,13,"aa","A",10,1,"I am, too.  /","I/PRP am/VBP ,/, too/RB ./.","(S (NP-SBJ (PRP I)) (VP (VBP am) (ADJP-PRD (-NONE- *?*)) (, ,) (ADVP (RB too))) (. .) (-DFL- E_S))","22",19.017375,22.861125,"I am, too.  ","I/PRP am/VBP ,/, too/RB ./."
"15","sw06utt/sw_0621_3449.utt","3/sw3449",3449,14,"qy","A",10,2,"{D Well, } do you have any,  {F uh, } opinion on the subject? /","Well/UH ,/, do/VBP you/PRP have/VB any/DT ,/, uh/UH ,/, opinion/NN on/IN the/DT subject/NN ?/.","(SQ (INTJ (UH Well)) (, ,) (VBP do) (NP-SBJ (PRP you)) (VP (VB have) (NP (NP (DT any) (, ,) (INTJ (UH uh)) (, ,) (NN opinion)) (PP (IN on) (NP (DT the) (NN subject))))) (. ?) (-DFL- E_S))","23",19.017375,22.861125," Well,  do you have any,   uh,  opinion on the subject? ","Well/UH ,/, do/VBP you/PRP have/VB any/DT ,/, uh/UH ,/, opinion/NN on/IN the/DT subject/NN ?/."
"16","sw06utt/sw_0621_3449.utt","3/sw3449",3449,15,"sd","B",11,1,"{D Well, } [ I'm, +  I'm ]  especially interested with [ what, +  what's ] happening in the Soviet Union, {F uh, }  /","Well/UH ,/, I/PRP 'm/VBP ,/, I/PRP 'm/VBP especially/RB interested/JJ with/IN what/WP ,/, what/WP 's/BES happening/VBG in/IN the/DT Soviet/NNP Union/NNP ,/, uh/UH ,/,","(S (INTJ (UH Well)) (, ,) (EDITED (RM (-DFL- \[)) (S (NP-SBJ (PRP I)) (VP-UNF (VBP 'm))) (, ,) (IP (-DFL- \+))) (NP-SBJ (PRP I)) (VP (VBP 'm) (RS (-DFL- \])) (ADVP (RB especially)) (ADJP-PRD (JJ interested) (PP (IN with) (SBAR-NOM (EDITED (RM (-DFL- \[)) (WHNP (WP what)) (, ,) (IP (-DFL- \+))) (WHNP-1 (WP what)) (S (NP-SBJ (-NONE- *T*-1)) (VP (BES 's) (RS (-DFL- \])) (VP (VBG happening) (PP-LOC (IN in) (NP (DT the) (NNP Soviet) (NNP Union))))))))) (, ,) (INTJ (UH uh))) (, ,) (-DFL- E_S))","25",22.889,42.469625," Well,   I'm,   I'm   especially interested with  what,   what's  happening in the Soviet Union,  uh,   ","Well/UH ,/, I/PRP 'm/VBP ,/, I/PRP 'm/VBP especially/RB interested/JJ with/IN what/WP ,/, what/WP 's/BES happening/VBG in/IN the/DT Soviet/NNP Union/NNP ,/, uh/UH ,/,"
"17","sw06utt/sw_0621_3449.utt","3/sw3449",3449,16,"sv","B",11,2,"[ [ the, +  the ] move to, {F uh } -- +","the/DT ,/, the/DT move/NN to/IN ,/, uh/UH --/:","(S (EDITED (RM (-DFL- \[)) (EDITED (RM (-DFL- \[)) (NP-SBJ-UNF (DT the)) (, ,) (IP (-DFL- \+))) (NP-SBJ (NP (DT the) (RS (-DFL- \])) (NN move)) (PP-UNF (IN to) (, ,) (INTJ (UH uh)))) (IP (-DFL- \+))) (EDITED (RM (-DFL- \[)) (EDITED (RM (-DFL- \[)) (NP-SBJ-UNF (DT the)) (, ,) (IP (-DFL- \+))) (NP-SBJ-UNF (DT the)) (, ,) (RS (-DFL- \])) (IP (-DFL- \+))) (NP-SBJ (NP (DT the) (, ,) (RS (-DFL- \])) (NNP Ukraine) (POS 's)) (NN vote) (S (NP-SBJ (-NONE- *)) (EDITED (RM (-DFL- \[)) (VP-UNF (TO to)) (, ,) (IP (-DFL- \+))) (INTJ (UH uh)) (, ,) (ADVP (RB basically)) (VP (TO to) (RS (-DFL- \])) (RS (-DFL- \])) (VP (VP (VB secede)) (CC and) (VP (VB set) (NP (PRP itself)) (PRT (RP up)) (ADVP-MNR (RB independently))))))) (INTJ (UH uh)) (, ,) (VP (VBZ is) (NP-PRD (PDT quite) (DT a) (JJ remarkable) (, ,) (NNS counts))) (, ,) (-DFL- E_S))","26",22.889,42.469625,"  the,   the  move to,  uh   ","the/DT ,/, the/DT move/NN to/IN ,/, uh/UH /:"
"18","sw06utt/sw_0621_3449.utt","3/sw3449",3449,17,"^2","A",12,1,"Democracy. /","Democracy/NN ./.","(NP (NN Democracy) (. .) (-DFL- E_S))","28",31.78975,32.44525,"Democracy. ","Democracy/NN ./."
"19","sw06utt/sw_0621_3449.utt","3/sw3449",3449,18,"+","B",13,1,"-- [ [ the, + the, ] + the, ] Ukraine's  vote [ to, +  {F uh, } basically to ] ] secede and set itself up independently --","--/: the/DT ,/, the/DT ,/, the/DT ,/, Ukraine/NNP 's/POS vote/NN to/TO ,/, uh/UH ,/, basically/RB to/TO secede/VB and/CC set/VB itself/PRP up/RP independently/RB --/:","(S (EDITED (RM (-DFL- \[)) (EDITED (RM (-DFL- \[)) (NP-SBJ-UNF (DT the)) (, ,) (IP (-DFL- \+))) (NP-SBJ (NP (DT the) (RS (-DFL- \])) (NN move)) (PP-UNF (IN to) (, ,) (INTJ (UH uh)))) (IP (-DFL- \+))) (EDITED (RM (-DFL- \[)) (EDITED (RM (-DFL- \[)) (NP-SBJ-UNF (DT the)) (, ,) (IP (-DFL- \+))) (NP-SBJ-UNF (DT the)) (, ,) (RS (-DFL- \])) (IP (-DFL- \+))) (NP-SBJ (NP (DT the) (, ,) (RS (-DFL- \])) (NNP Ukraine) (POS 's)) (NN vote) (S (NP-SBJ (-NONE- *)) (EDITED (RM (-DFL- \[)) (VP-UNF (TO to)) (, ,) (IP (-DFL- \+))) (INTJ (UH uh)) (, ,) (ADVP (RB basically)) (VP (TO to) (RS (-DFL- \])) (RS (-DFL- \])) (VP (VP (VB secede)) (CC and) (VP (VB set) (NP (PRP itself)) (PRT (RP up)) (ADVP-MNR (RB independently))))))) (INTJ (UH uh)) (, ,) (VP (VBZ is) (NP-PRD (PDT quite) (DT a) (JJ remarkable) (, ,) (NNS counts))) (, ,) (-DFL- E_S))","26",NA,NA,"   the,  the,   the,  Ukraine's  vote  to,    uh,  basically to   secede and set itself up independently ","/: the/DT ,/, the/DT ,/, the/DT ,/, Ukraine/NNP 's/POS vote/NN to/TO ,/, uh/UH ,/, basically/RB to/TO secede/VB and/CC set/VB itself/PRP up/RP independently/RB /:"
"20","sw06utt/sw_0621_3449.utt","3/sw3449",3449,19,"b","A",14,1,"Oh. /","Oh/UH ./.","(INTJ (UH Oh) (. .) (-DFL- E_S))","31",38.895,39.426875,"Oh. ","Oh/UH ./."
"21","sw06utt/sw_0621_3449.utt","3/sw3449",3449,20,"+","B",15,1,"-- {F uh, } is quite a remarkable,  counts,  /","--/: uh/UH ,/, is/VBZ quite/PDT a/DT remarkable/JJ ,/, counts/NNS ,/,","(S (EDITED (RM (-DFL- \[)) (EDITED (RM (-DFL- \[)) (NP-SBJ-UNF (DT the)) (, ,) (IP (-DFL- \+))) (NP-SBJ (NP (DT the) (RS (-DFL- \])) (NN move)) (PP-UNF (IN to) (, ,) (INTJ (UH uh)))) (IP (-DFL- \+))) (EDITED (RM (-DFL- \[)) (EDITED (RM (-DFL- \[)) (NP-SBJ-UNF (DT the)) (, ,) (IP (-DFL- \+))) (NP-SBJ-UNF (DT the)) (, ,) (RS (-DFL- \])) (IP (-DFL- \+))) (NP-SBJ (NP (DT the) (, ,) (RS (-DFL- \])) (NNP Ukraine) (POS 's)) (NN vote) (S (NP-SBJ (-NONE- *)) (EDITED (RM (-DFL- \[)) (VP-UNF (TO to)) (, ,) (IP (-DFL- \+))) (INTJ (UH uh)) (, ,) (ADVP (RB basically)) (VP (TO to) (RS (-DFL- \])) (RS (-DFL- \])) (VP (VP (VB secede)) (CC and) (VP (VB set) (NP (PRP itself)) (PRT (RP up)) (ADVP-MNR (RB independently))))))) (INTJ (UH uh)) (, ,) (VP (VBZ is) (NP-PRD (PDT quite) (DT a) (JJ remarkable) (, ,) (NNS counts))) (, ,) (-DFL- E_S))","26",42.469625,44.69775,"  uh,  is quite a remarkable,  counts,  ","/: uh/UH ,/, is/VBZ quite/PDT a/DT remarkable/JJ ,/, counts/NNS ,/,"
"22","sw06utt/sw_0621_3449.utt","3/sw3449",3449,21,"qy","B",15,2,"[ is that, + is that ] reported in the Texas papers? /","is/VBZ that/DT ,/, is/VBZ that/DT reported/VBN in/IN the/DT Texas/NNP papers/NNS ?/.","(SQ (EDITED (RM (-DFL- \[)) (SQ-UNF (VBZ is) (NP-SBJ (DT that))) (, ,) (IP (-DFL- \+))) (VBZ is) (NP-SBJ-1 (DT that)) (RS (-DFL- \])) (VP (VBN reported) (NP (-NONE- *-1)) (PP-LOC (IN in) (NP (DT the) (NNP Texas) (NNS papers)))) (. ?) (-DFL- E_S))","33",42.469625,44.69775," is that,  is that  reported in the Texas papers? ","is/VBZ that/DT ,/, is/VBZ that/DT reported/VBN in/IN the/DT Texas/NNP papers/NNS ?/."
"23","sw06utt/sw_0621_3449.utt","3/sw3449",3449,22,"na","A",16,1,"{F Oh, } sure,  /","Oh/UH ,/, sure/UH ,/,","(INTJ (INTJ (UH Oh)) (, ,) (INTJ (UH sure)) (, ,) (-DFL- E_S))","35",44.89575,55.662375," Oh,  sure,  ","Oh/UH ,/, sure/UH ,/,"
"24","sw06utt/sw_0621_3449.utt","3/sw3449",3449,23,"sd","A",16,2,"[ we, + {F uh, } we ]  hear a little of the news <laughter>.  {F Uh, }  /","we/PRP ,/, uh/UH ,/, we/PRP hear/VBP a/DT little/JJ of/IN the/DT news/NN ./. Uh/UH ,/,","(S (EDITED (RM (-DFL- \[)) (NP-SBJ (PRP we)) (, ,) (IP (-DFL- \+))) (INTJ (UH uh)) (, ,) (NP-SBJ (PRP we)) (RS (-DFL- \])) (VP (VBP hear) (NP (NP (DT a) (JJ little)) (PP (IN of) (NP (DT the) (NN news))))) (. .))|||(INTJ (INTJ (UH Uh)) (, ,) (-DFL- E_S) (INTJ (UH yeah)) (, ,) (-DFL- E_S))","36|||37",44.89575,55.662375," we,   uh,  we   hear a little of the news laughter.   Uh,   ","we/PRP ,/, uh/UH ,/, we/PRP hear/VBP a/DT little/JJ of/IN the/DT news/NN ./. Uh/UH ,/,"
"25","sw06utt/sw_0621_3449.utt","3/sw3449",3449,24,"%","A",16,3,"yeah,  /","yeah/UH ,/,","(INTJ (INTJ (UH Uh)) (, ,) (-DFL- E_S) (INTJ (UH yeah)) (, ,) (-DFL- E_S))","37",44.89575,55.662375,"yeah,  ","yeah/UH ,/,"
"26","sw06utt/sw_0621_3449.utt","3/sw3449",3449,25,"sd","A",16,4,"I have heard about that the last couple of days.  /","I/PRP have/VBP heard/VBN about/IN that/DT the/DT last/JJ couple/NN of/IN days/NNS ./.","(S (NP-SBJ (PRP I)) (VP (VBP have) (VP (VBN heard) (PP (IN about) (NP (DT that))) (NP-TMP (NP (DT the) (JJ last) (NN couple)) (PP (IN of) (NP (NNS days)))))) (. .) (-DFL- E_S))","38",44.89575,55.662375,"I have heard about that the last couple of days.  ","I/PRP have/VBP heard/VBN about/IN that/DT the/DT last/JJ couple/NN of/IN days/NNS ./."
"27","sw06utt/sw_0621_3449.utt","3/sw3449",3449,26,"qw","A",16,5,"[ How, +  how ] big is the Ukraine, the area,  /","How/WRB ,/, how/WRB big/JJ is/VBZ the/DT Ukraine/NNP ,/, the/DT area/NN ,/,","(SBARQ (EDITED (RM (-DFL- \[)) (WHADJP-UNF (WRB How)) (, ,) (IP (-DFL- \+))) (WHADJP-1 (WRB how) (RS (-DFL- \])) (JJ big)) (SQ (VBZ is) (NP-SBJ (NP (DT the) (NNP Ukraine)) (, ,) (NP (DT the) (NN area))) (ADJP-PRD (-NONE- *T*-1))) (, ,) (-DFL- E_S))","39",44.89575,55.662375," How,   how  big is the Ukraine, the area,  ","How/WRB ,/, how/WRB big/JJ is/VBZ the/DT Ukraine/NNP ,/, the/DT area/NN ,/,"
"28","sw06utt/sw_0621_3449.utt","3/sw3449",3449,27,"qy","A",16,6,"do you know? /","do/VBP you/PRP know/VB ?/.","(SQ (VBP do) (NP-SBJ (PRP you)) (VP (VB know)) (. ?) (-DFL- E_S))","40",44.89575,55.662375,"do you know? ","do/VBP you/PRP know/VB ?/."
"29","sw06utt/sw_0621_3449.utt","3/sw3449",3449,28,"%","B",17,1,"{F Uh, } as an area, it's not, -/","Uh/UH ,/, as/IN an/DT area/NN ,/, it/PRP 's/BES not/RB ,/,","(S (INTJ (UH Uh)) (, ,) (PP (IN as) (NP (DT an) (NN area))) (, ,) (NP-SBJ (PRP it)) (VP-UNF (BES 's) (RB not)) (, ,) (-DFL- N_S))","42",56.182125,57.82775," Uh,  as an area, it's not, ","Uh/UH ,/, as/IN an/DT area/NN ,/, it/PRP 's/BES not/RB ,/,"
"30","sw06utt/sw_0621_3449.utt","3/sw3449",3449,29,"%","A",18,1,"Or a population or anything,  /","Or/CC a/DT population/NN or/CC anything/NN ,/,","(FRAG (CC Or) (NP (NP (DT a) (NN population)) (CC or) (NP (NN anything))) (, ,) (-DFL- E_S))","44",58.396875,60.96125,"Or a population or anything,  ","Or/CC a/DT population/NN or/CC anything/NN ,/,"
"31","sw06utt/sw_0621_3449.utt","3/sw3449",3449,30,"sd","A",18,2,"I'm really uninformed. /","I/PRP 'm/VBP really/RB uninformed/JJ ./.","(S (NP-SBJ (PRP I)) (VP (VBP 'm) (ADJP-PRD (RB really) (JJ uninformed))) (. .) (-DFL- E_S))","45",58.396875,60.96125,"I'm really uninformed. ","I/PRP 'm/VBP really/RB uninformed/JJ ./."
"32","sw06utt/sw_0621_3449.utt","3/sw3449",3449,31,"sd","B",19,1,"[ I, +  I'm ] afraid I don't have  the statistics in front of me. /","I/PRP ,/, I/PRP 'm/VBP afraid/JJ I/PRP do/VBP n't/RB have/VB the/DT statistics/NNS in/IN front/NN of/IN me/PRP ./.","(S (EDITED (RM (-DFL- \[)) (NP-SBJ (PRP I)) (, ,) (IP (-DFL- \+))) (NP-SBJ (PRP I)) (VP (VBP 'm) (RS (-DFL- \])) (ADJP-PRD (JJ afraid) (SBAR (-NONE- 0) (S (NP-SBJ (PRP I)) (VP (VBP do) (RB n't) (VP (VB have) (NP (DT the) (NNS statistics)) (PP-LOC (IN in) (NP (NP (NN front)) (PP (IN of) (NP (PRP me))))))))))) (. .) (-DFL- E_S))","47",61.495625,64.212875," I,   I'm  afraid I don't have  the statistics in front of me. ","I/PRP ,/, I/PRP 'm/VBP afraid/JJ I/PRP do/VBP n't/RB have/VB the/DT statistics/NNS in/IN front/NN of/IN me/PRP ./."
"33","sw06utt/sw_0621_3449.utt","3/sw3449",3449,32,"b","A",20,1,"Uh-huh. /","Uh-huh/UH ./.","(INTJ (UH Uh-huh) (. .) (-DFL- E_S))","49",64.420875,64.764375,"Uhhuh. ","Uhhuh/UH ./."
"34","sw06utt/sw_0621_3449.utt","3/sw3449",3449,33,"sv","B",21,1,"[ It's a, + <lipsmack>, it's not a ]  tiny area.  {F Uh, }  /","It/PRP 's/BES a/DT ,/, ,/, it/PRP 's/BES not/RB a/DT tiny/JJ area/NN ./. Uh/UH ,/,","(S (EDITED (RM (-DFL- \[)) (S (NP-SBJ (PRP It)) (VP (BES 's) (NP-PRD-UNF (DT a)))) (, ,) (IP (-DFL- \+))) (, ,) (NP-SBJ (PRP it)) (VP (BES 's) (RB not) (NP-PRD (DT a) (RS (-DFL- \])) (JJ tiny) (NN area))) (. .))|||(S (INTJ (UH Uh)) (, ,) (-DFL- E_S) (SBAR-ADV (IN if) (S (NP-SBJ (PRP I)) (VP (VBD was) (VP (VBG looking) (PP (IN at) (NP (DT a) (NNP U) (NNP S) (NN map))))))) (, ,) (NP-SBJ (PRP I)) (VP (MD would) (VP (VB say) (SBAR (-NONE- 0) (S (NP-SBJ (PRP it)) (EDITED (RM (-DFL- \[)) (VP-UNF (VBD was)) (IP (-DFL- \+))) (ADVP (RB sort) (RB of)) (VP (VBZ reminds) (RS (-DFL- \])) (NP (PRP me)) (EDITED (RM (-DFL- \[)) (PP-UNF (IN of)) (, ,) (IP (-DFL- \+))) (PP (IN of) (RS (-DFL- \])) (NP-UNF (DT a) (, ,) (INTJ (UH uh))))))))) (, ,) (-DFL- N_S))","51|||52",64.687375,78.92175," It's a,  lipsmack, it's not a   tiny area.   Uh,   ","It/PRP 's/BES a/DT ,/, ,/, it/PRP 's/BES not/RB a/DT tiny/JJ area/NN ./. Uh/UH ,/,"
"35","sw06utt/sw_0621_3449.utt","3/sw3449",3449,34,"sd","B",21,2,"if I was looking at a U S map, I would say it [ was +  sort of reminds ] me  [ of, + of ] a, {F uh, } - /","if/IN I/PRP was/VBD looking/VBG at/IN a/DT U/NNP S/NNP map/NN ,/, I/PRP would/MD say/VB it/PRP was/VBD sort/RB of/RB reminds/VBZ me/PRP of/IN ,/, of/IN a/DT ,/, uh/UH ,/,","(S (INTJ (UH Uh)) (, ,) (-DFL- E_S) (SBAR-ADV (IN if) (S (NP-SBJ (PRP I)) (VP (VBD was) (VP (VBG looking) (PP (IN at) (NP (DT a) (NNP U) (NNP S) (NN map))))))) (, ,) (NP-SBJ (PRP I)) (VP (MD would) (VP (VB say) (SBAR (-NONE- 0) (S (NP-SBJ (PRP it)) (EDITED (RM (-DFL- \[)) (VP-UNF (VBD was)) (IP (-DFL- \+))) (ADVP (RB sort) (RB of)) (VP (VBZ reminds) (RS (-DFL- \])) (NP (PRP me)) (EDITED (RM (-DFL- \[)) (PP-UNF (IN of)) (, ,) (IP (-DFL- \+))) (PP (IN of) (RS (-DFL- \])) (NP-UNF (DT a) (, ,) (INTJ (UH uh))))))))) (, ,) (-DFL- N_S))","52",64.687375,78.92175,"if I was looking at a U S map, I would say it  was   sort of reminds  me   of,  of  a,  uh,   ","if/IN I/PRP was/VBD looking/VBG at/IN a/DT U/NNP S/NNP map/NN ,/, I/PRP would/MD say/VB it/PRP was/VBD sort/RB of/RB reminds/VBZ me/PRP of/IN ,/, of/IN a/DT ,/, uh/UH ,/,"
"36","sw06utt/sw_0621_3449.utt","3/sw3449",3449,35,"sd","B",21,3,"it's not as big as California proportionately. /","it/PRP 's/BES not/RB as/RB big/JJ as/IN California/NNP proportionately/RB ./.","(S (NP-SBJ (PRP it)) (VP (BES 's) (RB not) (ADJP-PRD (ADVP (RB as) (JJ big)) (PP (IN as) (NP (NNP California)))) (ADVP (RB proportionately))) (. .) (-DFL- E_S))","53",64.687375,78.92175,"it's not as big as California proportionately. ","it/PRP 's/BES not/RB as/RB big/JJ as/IN California/NNP proportionately/RB ./."
"37","sw06utt/sw_0621_3449.utt","3/sw3449",3449,36,"b","A",22,1,"Uh-huh,  /","Uh-huh/UH ,/,","(INTJ (UH Uh-huh) (, ,) (-DFL- E_S))","55",79.043625,80.0635,"Uhhuh,  ","Uhhuh/UH ,/,"
"38","sw06utt/sw_0621_3449.utt","3/sw3449",3449,37,"b^r","A",22,2,"uh-huh. /","uh-huh/UH ./.","(INTJ (UH uh-huh) (. .) (-DFL- E_S))","56",79.043625,80.0635,"uhhuh. ","uhhuh/UH ./."
"39","sw06utt/sw_0621_3449.utt","3/sw3449",3449,38,"sv","B",23,1,"[ [ {C But, } + {C but, } ] + {C but } ]  [ it's, + it's ] more significant, in the sense of, it's a great agricultural region. /","But/CC ,/, but/CC ,/, but/CC it/PRP 's/BES ,/, it/PRP 's/BES more/RBR significant/JJ ,/, in/IN the/DT sense/NN of/IN ,/, it/PRP 's/BES a/DT great/JJ agricultural/JJ region/NN ./.","(S (EDITED (RM (-DFL- \[)) (EDITED (RM (-DFL- \[)) (CC But) (, ,) (IP (-DFL- \+))) (CC but) (, ,) (RS (-DFL- \])) (IP (-DFL- \+))) (CC but) (RS (-DFL- \])) (EDITED (RM (-DFL- \[)) (S (NP-SBJ (PRP it)) (VP-UNF (BES 's))) (, ,) (IP (-DFL- \+))) (NP-SBJ (PRP it)) (VP (BES 's) (RS (-DFL- \])) (ADJP-PRD (RBR more) (JJ significant)) (, ,) (PP (IN in) (NP (NP (DT the) (NN sense)) (PP (IN of) (, ,) (SBAR (-NONE- 0) (S (NP-SBJ (PRP it)) (VP (BES 's) (NP-PRD (DT a) (JJ great) (JJ agricultural) (NN region))))))))) (. .) (-DFL- E_S))","58",79.945375,85.5775,"   But,    but,     but     it's,  it's  more significant, in the sense of, it's a great agricultural region. ","But/CC ,/, but/CC ,/, but/CC it/PRP 's/BES ,/, it/PRP 's/BES more/RBR significant/JJ ,/, in/IN the/DT sense/NN of/IN ,/, it/PRP 's/BES a/DT great/JJ agricultural/JJ region/NN ./."
"40","sw06utt/sw_0621_3449.utt","3/sw3449",3449,39,"b","A",24,1,"{F Oh, } I see,  /","Oh/UH ,/, I/PRP see/VBP ,/,","(S (INTJ (UH Oh)) (, ,) (NP-SBJ (PRP I)) (VP (VBP see)) (, ,) (-DFL- E_S))","60",85.8695,93.809625," Oh,  I see,  ","Oh/UH ,/, I/PRP see/VBP ,/,"
"41","sw06utt/sw_0621_3449.utt","3/sw3449",3449,40,"sd","A",24,2,"{F oh, } [ I, +  I ]  didn't really know that,  /","oh/UH ,/, I/PRP ,/, I/PRP did/VBD n't/RB really/RB know/VB that/DT ,/,","(S (INTJ (UH oh)) (, ,) (EDITED (RM (-DFL- \[)) (NP-SBJ (PRP I)) (, ,) (IP (-DFL- \+))) (NP-SBJ (PRP I)) (RS (-DFL- \])) (VP (VBD did) (RB n't) (ADVP (RB really)) (VP (VB know) (NP (DT that)))) (, ,) (-DFL- E_S))","61",85.8695,93.809625," oh,   I,   I   didn't really know that,  ","oh/UH ,/, I/PRP ,/, I/PRP did/VBD n't/RB really/RB know/VB that/DT ,/,"
"42","sw06utt/sw_0621_3449.utt","3/sw3449",3449,41,"qy^g","A",24,3,"I know a lot of [ their, +  {F oh, } their ] countries that they had overtaken, or  wanted to be independent or  several of them, right, /","I/PRP know/VBP a/DT lot/NN of/IN their/PRP$ ,/, oh/UH ,/, their/PRP$ countries/NNS that/WDT they/PRP had/VBD overtaken/VBN ,/, or/CC wanted/VBD to/TO be/VB independent/JJ or/CC several/JJ of/IN them/PRP ,/, right/UH ,/,","(S (NP-SBJ (PRP I)) (VP (VBP know) (SBAR (-NONE- 0) (S (NP-SBJ-2 (NP (NP (DT a) (NN lot)) (PP (IN of) (EDITED (RM (-DFL- \[)) (NP-UNF (PRP$ their)) (, ,) (IP (-DFL- \+))) (INTJ (UH oh)) (, ,) (NP (NP (PRP$ their) (RS (-DFL- \])) (NNS countries)) (SBAR (WHNP-1 (WDT that)) (S (NP-SBJ (PRP they)) (VP (VBD had) (VP (VBN overtaken) (NP (-NONE- *T*-1))))))))) (NAC (-NONE- *ICH*-3))) (, ,) (X (CC or)) (VP (VBD wanted) (S (NP-SBJ (-NONE- *-2)) (VP (TO to) (VP (VB be) (ADJP-PRD (JJ independent))))) (NAC-3 (CC or) (NP (NP (JJ several)) (PP (IN of) (NP (PRP them)))))))) (, ,) (INTJ (UH right))) (, ,) (-DFL- E_S))","62",85.8695,93.809625,"I know a lot of  their,    oh,  their  countries that they had overtaken, or  wanted to be independent or  several of them, right, ","I/PRP know/VBP a/DT lot/NN of/IN their/PRP$ ,/, oh/UH ,/, their/PRP$ countries/NNS that/WDT they/PRP had/VBD overtaken/VBN ,/, or/CC wanted/VBD to/TO be/VB independent/JJ or/CC several/JJ of/IN them/PRP ,/, right/UH ,/,"
"43","sw06utt/sw_0621_3449.utt","3/sw3449",3449,42,"ny","B",25,1,"Yeah. /","Yeah/UH ./.","(INTJ (UH Yeah) (. .) (-DFL- E_S))","64",93.58425,93.853625,"Yeah. ","Yeah/UH ./."
"44","sw06utt/sw_0621_3449.utt","3/sw3449",3449,43,"qw","A",26,1,"{C And, } {F uh, } what about Astonia,  /","And/CC ,/, uh/UH ,/, what/WP about/IN Astonia/^NNP ,/,","(FRAG (CC And) (, ,) (INTJ (UH uh)) (, ,) (WHNP (WP what)) (PP (IN about) (NP (TYPO (^NNP Astonia)))) (, ,) (-DFL- E_S))","66",94.0205,95.99625," And,   uh,  what about Astonia,  ","And/CC ,/, uh/UH ,/, what/WP about/IN Astonia/^NNP ,/,"
"45","sw06utt/sw_0621_3449.utt","3/sw3449",3449,44,"qy","A",26,2,"are they, -/","are/VBP they/PRP ,/,","(SQ-UNF (VBP are) (NP-SBJ (PRP they)) (, ,) (-DFL- N_S))","67",94.0205,95.99625,"are they, ","are/VBP they/PRP ,/,"
"46","sw06utt/sw_0621_3449.utt","3/sw3449",3449,45,"sd","B",27,1,"They're completely out now. /","They/PRP 're/VBP completely/RB out/RP now/RB ./.","(S (NP-SBJ (PRP They)) (VP (VBP 're) (ADVP-PRD (RB completely) (RP out)) (ADVP-TMP (RB now))) (. .) (-DFL- E_S))","69",96.7995,98.163,"They're completely out now. ","They/PRP 're/VBP completely/RB out/RP now/RB ./."
"47","sw06utt/sw_0621_3449.utt","3/sw3449",3449,46,"aa","A",28,1,"Right,  /","Right/UH ,/,","(INTJ (UH Right) (, ,) (-DFL- E_S))","71",97.99675,98.964625,"Right,  ","Right/UH ,/,"
"48","sw06utt/sw_0621_3449.utt","3/sw3449",3449,47,"sd","A",28,2,"I thought they were. /","I/PRP thought/VBD they/PRP were/VBD ./.","(S (NP-SBJ (PRP I)) (VP (VBD thought) (SBAR (-NONE- 0) (S (NP-SBJ (PRP they)) (VP (VBD were) (ADVP-PRD (-NONE- *?*)))))) (. .) (-DFL- E_S))","72",97.99675,98.964625,"I thought they were. ","I/PRP thought/VBD they/PRP were/VBD ./."
"49","sw06utt/sw_0621_3449.utt","3/sw3449",3449,48,"aa","B",29,1,"Yes,  /","Yes/UH ,/,","(INTJ (UH Yes) (, ,) (-DFL- E_S))","74",99.13,103.61,"Yes,  ","Yes/UH ,/,"
"50","sw06utt/sw_0621_3449.utt","3/sw3449",3449,49,"sd","B",29,2,"[ the three, + the three ]  Baltic, {F uh, } republics got out as quickly as they could. /","the/DT three/CD ,/, the/DT three/CD Baltic/JJ ,/, uh/UH ,/, republics/NNS got/VBD out/RP as/RB quickly/RB as/IN they/PRP could/MD ./.","(S (EDITED (RM (-DFL- \[)) (NP-UNF (DT the) (CD three)) (, ,) (IP (-DFL- \+))) (NP-SBJ (DT the) (CD three) (RS (-DFL- \])) (JJ Baltic) (, ,) (INTJ (UH uh)) (, ,) (NNS republics)) (VP (VBD got) (ADVP (RP out)) (ADVP-MNR (ADVP (RB as) (RB quickly)) (SBAR (IN as) (S (NP-SBJ (PRP they)) (VP (MD could) (VP (-NONE- *?*))))))) (. .) (-DFL- E_S))","75",99.13,103.61," the three,  the three   Baltic,  uh,  republics got out as quickly as they could. ","the/DT three/CD ,/, the/DT three/CD Baltic/JJ ,/, uh/UH ,/, republics/NNS got/VBD out/RP as/RB quickly/RB as/IN they/PRP could/MD ./."
"51","sw06utt/sw_0621_3449.utt","3/sw3449",3449,50,"qy^d","A",30,1,"[ {C But, } + {C but, } ] [ the, + the ]  Ukraine is especially significant because [ it, + ] of the agriculture? /","But/CC ,/, but/CC ,/, the/DT ,/, the/DT Ukraine/NNP is/VBZ especially/RB significant/JJ because/IN it/PRP ,/, of/IN the/DT agriculture/NN ?/.","(S (EDITED (RM (-DFL- \[)) (CC But) (, ,) (IP (-DFL- \+))) (CC but) (, ,) (RS (-DFL- \])) (EDITED (RM (-DFL- \[)) (NP-SBJ-UNF (DT the)) (, ,) (IP (-DFL- \+))) (NP-SBJ (DT the) (RS (-DFL- \])) (NNP Ukraine)) (VP (VBZ is) (ADJP-PRD (RB especially) (JJ significant)) (PP-PRP (IN because) (EDITED (RM (-DFL- \[)) (S-UNF (NP-SBJ (PRP it))) (, ,) (IP (-DFL- \+)) (RS (-DFL- \]))) (IN of) (NP (DT the) (NN agriculture)))) (. ?) (-DFL- E_S))","77",103.899875,107.769125,"  But,    but,    the,  the   Ukraine is especially significant because  it,   of the agriculture? ","But/CC ,/, but/CC ,/, the/DT ,/, the/DT Ukraine/NNP is/VBZ especially/RB significant/JJ because/IN it/PRP ,/, of/IN the/DT agriculture/NN ?/."
"52","sw06utt/sw_0621_3449.utt","3/sw3449",3449,51,"na","B",31,1,"Right,  /","Right/UH ,/,","(INTJ (UH Right) (, ,) (-DFL- E_S))","71",108.102875,113.04975,"Right,  ","Right/UH ,/,"
"53","sw06utt/sw_0621_3449.utt","3/sw3449",3449,52,"sv","B",31,2,"[ it's, + it's ] very important  for the economics [ of the whole, + of the ] Soviet Union. /","it/PRP 's/BES ,/, it/PRP 's/BES very/RB important/JJ for/IN the/DT economics/NN of/IN the/DT whole/JJ ,/, of/IN the/DT Soviet/NNP Union/NNP ./.","(S (EDITED (RM (-DFL- \[)) (S (NP-SBJ (PRP it)) (VP-UNF (BES 's))) (, ,) (IP (-DFL- \+))) (NP-SBJ (PRP it)) (VP (BES 's) (RS (-DFL- \])) (ADJP-PRD (RB very) (JJ important) (PP (IN for) (NP (NP (DT the) (NN economics)) (EDITED (RM (-DFL- \[)) (PP (IN of) (NP-UNF (DT the) (JJ whole))) (, ,) (IP (-DFL- \+))) (PP (IN of) (NP (DT the) (RS (-DFL- \])) (NNP Soviet) (NNP Union))))))) (. .) (-DFL- E_S))","80",108.102875,113.04975," it's,  it's  very important  for the economics  of the whole,  of the  Soviet Union. ","it/PRP 's/BES ,/, it/PRP 's/BES very/RB important/JJ for/IN the/DT economics/NN of/IN the/DT whole/JJ ,/, of/IN the/DT Soviet/NNP Union/NNP ./."
"54","sw06utt/sw_0621_3449.utt","3/sw3449",3449,53,"qy^d","A",32,1,"{F Uh, } {C so } there were probably  really fight to keep it in if they could. /","Uh/UH ,/, so/RB there/EX were/VBD probably/RB  really/RB fight/VBP to/TO keep/VB it/PRP in/IN if/IN they/PRP could/MD ./.","(S (INTJ (UH Uh)) (, ,) (RB so) (NP-SBJ-1 (EX there)) (VP (VBD were) (ADVP (RB probably)) (ADVP (RB really)) (X (VBP fight) (S-PRP (NP-SBJ (-NONE- *-1)) (VP (TO to) (VP (VB keep) (NP (PRP it)) (ADVP (IN in)) (SBAR-ADV (IN if) (S (NP-SBJ (PRP they)) (VP (MD could) (VP (-NONE- *?*)))))))))) (. .) (-DFL- E_S))","82",112.922875,116.146875," Uh,   so  there were probably  really fight to keep it in if they could. ","Uh/UH ,/, so/RB there/EX were/VBD probably/RB  really/RB fight/VBP to/TO keep/VB it/PRP in/IN if/IN they/PRP could/MD ./."
"55","sw06utt/sw_0621_3449.utt","3/sw3449",3449,54,"na","B",33,1,"Right, {F uh, }  /","Right/UH ,/, uh/UH ,/,","(INTJ (INTJ (UH Right)) (, ,) (INTJ (UH uh)) (, ,) (-DFL- E_S))","84",116.74325,119.663125,"Right,  uh,   ","Right/UH ,/, uh/UH ,/,"
"56","sw06utt/sw_0621_3449.utt","3/sw3449",3449,55,"sv","B",33,2,"except they can't fight <laughter>. /","except/IN they/PRP ca/MD n't/RB fight/VB ./.","(SBAR (IN except) (S (NP-SBJ (PRP they)) (VP (MD ca) (RB n't) (VP (VB fight)))) (. .) (-DFL- E_S))","85",116.74325,119.663125,"except they can't fight laughter. ","except/IN they/PRP ca/MD n't/RB fight/VB ./."
"57","sw06utt/sw_0621_3449.utt","3/sw3449",3449,56,"aa","A",34,1,"No,  /","No/UH ,/,","(INTJ (UH No) (, ,) (-DFL- E_S))","87",119.82,120.8625,"No,  ","No/UH ,/,"
"58","sw06utt/sw_0621_3449.utt","3/sw3449",3449,57,"sd","A",34,2,"they don't, /","they/PRP do/VBP n't/RB ,/,","(S (NP-SBJ (PRP they)) (VP (VBP do) (RB n't)) (, ,) (-DFL- E_S))","88",119.82,120.8625,"they don't, ","they/PRP do/VBP n't/RB ,/,"
"59","sw06utt/sw_0621_3449.utt","3/sw3449",3449,58,"sd","B",35,1,"It's done democratically, {F uh, } /","It/PRP 's/BES done/VBN democratically/RB ,/, uh/UH ,/,","(S (NP-SBJ-1 (PRP It)) (VP (BES 's) (VP (VBN done) (NP (-NONE- *-1)) (ADVP-MNR (RB democratically)) (, ,) (INTJ (UH uh)))) (, ,) (-DFL- E_S))","90",120.529375,122.88775,"It's done democratically,  uh,  ","It/PRP 's/BES done/VBN democratically/RB ,/, uh/UH ,/,"
"60","sw06utt/sw_0621_3449.utt","3/sw3449",3449,59,"qy^g","A",36,1,"{C And } Bush has already given his  <laughter> opinion on it, right? /","And/CC Bush/NNP has/VBZ already/RB given/VBN his/PRP$ opinion/NN on/IN it/PRP ,/, right/UH ?/.","(S (CC And) (NP-SBJ (NNP Bush)) (VP (VBZ has) (ADVP-TMP (RB already)) (VP (VBN given) (NP (NP (PRP$ his) (NN opinion)) (PP (IN on) (NP (PRP it)))) (, ,) (INTJ (UH right)))) (. ?) (-DFL- E_S))","92",122.691125,125.88975," And  Bush has already given his  laughter opinion on it, right? ","And/CC Bush/NNP has/VBZ already/RB given/VBN his/PRP$ opinion/NN on/IN it/PRP ,/, right/UH ?/."
"61","sw06utt/sw_0621_3449.utt","3/sw3449",3449,60,"ny","B",37,1,"Yes. /","Yes/UH ./.","(INTJ (UH Yes) (. .) (-DFL- E_S))","94",125.878125,126.266875,"Yes. ","Yes/UH ./."
"62","sw06utt/sw_0621_3449.utt","3/sw3449",3449,61,"qy","A",38,1,"Didn't I read that? /","Did/VBD n't/RB I/PRP read/VB that/DT ?/.","(SQ (VBD Did) (RB n't) (NP-SBJ (PRP I)) (VP (VB read) (NP (DT that))) (. ?) (-DFL- E_S))","96",125.88975,126.828375,"Didn't I read that? ","Did/VBD n't/RB I/PRP read/VB that/DT ?/."
"63","sw06utt/sw_0621_3449.utt","3/sw3449",3449,62,"ny","B",39,1,"Yes. /","Yes/UH ./.","(INTJ (UH Yes) (. .) (-DFL- E_S))","94",126.89525,127.258375,"Yes. ","Yes/UH ./."
"64","sw06utt/sw_0621_3449.utt","3/sw3449",3449,63,"sv","A",40,1,"{C So, } {D now, } {F uh, } not  [ that they may, + that may ] matter,  /","So/RB ,/, now/RB ,/, uh/UH ,/, not/RB that/IN they/PRP may/MD ,/, that/DT may/MD matter/VB ,/,","(S-UNF (RB So) (, ,) (ADVP-TMP (RB now)) (, ,) (INTJ (UH uh)) (, ,) (SBAR-ADV (RB not) (RM (-DFL- \[)) (IN that) (S (EDITED (S (NP-SBJ (PRP they)) (VP-UNF (MD may))) (, ,) (IP (-DFL- \+))) (NP-SBJ (DT that)) (VP (MD may) (RS (-DFL- \])) (VP (VB matter))))) (, ,) (-DFL- E_S))","100",128.016,141.01075," So,   now,   uh,  not   that they may,  that may  matter,  ","So/RB ,/, now/RB ,/, uh/UH ,/, not/RB that/IN they/PRP may/MD ,/, that/DT may/MD matter/VB ,/,"
"65","sw06utt/sw_0621_3449.utt","3/sw3449",3449,64,"h","A",40,2,"I don't know, anymore.  /","I/PRP do/VBP n't/RB know/VB ,/, anymore/RB ./.","(S (NP-SBJ (PRP I)) (VP (VBP do) (RB n't) (VP (VB know) (, ,) (ADVP-TMP (RB anymore)))) (. .) (-DFL- E_S))","101",128.016,141.01075,"I don't know, anymore.  ","I/PRP do/VBP n't/RB know/VB ,/, anymore/RB ./."
"66","sw06utt/sw_0621_3449.utt","3/sw3449",3449,65,"sd","A",40,3,"I, {F uh, } fear for the Russians from what  I read, {D you know, }  /","I/PRP ,/, uh/UH ,/, fear/VBP for/IN the/DT Russians/NNPS from/IN what/WP I/PRP read/VBP ,/, you/PRP know/VBP ,/,","(S (NP-SBJ (PRP I)) (, ,) (INTJ (UH uh)) (, ,) (VP (VBP fear) (PP (IN for) (NP (DT the) (NNPS Russians))) (PP (IN from) (SBAR-NOM (WHNP-1 (WP what)) (S (NP-SBJ (PRP I)) (VP (VBP read) (NP (-NONE- *T*-1)))))) (PRN (, ,) (S (NP-SBJ (PRP you)) (VP (VBP know))))) (, ,) (-DFL- E_S))","102",128.016,141.01075,"I,  uh,  fear for the Russians from what  I read,  you know,   ","I/PRP ,/, uh/UH ,/, fear/VBP for/IN the/DT Russians/NNPS from/IN what/WP I/PRP read/VBP ,/, you/PRP know/VBP ,/,"
"67","sw06utt/sw_0621_3449.utt","3/sw3449",3449,66,"sd","A",40,4,"I wonder how they're going to get through the winter.","I/PRP wonder/VBP how/WRB they/PRP 're/VBP going/VBG to/TO get/VB through/IN the/DT winter/NN ./.","(S (NP-SBJ (PRP I)) (VP (VBP wonder) (SBAR (WHADVP-2 (WRB how)) (S (NP-SBJ-1 (PRP they)) (VP (VBP 're) (VP (VBG going) (S (NP-SBJ (-NONE- *-1)) (VP (TO to) (VP (VB get) (PP (IN through) (NP (DT the) (NN winter)) (. .) (ADVP (ADVP (NN Food) (JJ wise)) (CC or) (ADVP (DT any) (JJ wise)))) (ADVP-MNR (-NONE- *T*-2)))))))))) (, ,) (-DFL- E_S))","103",128.016,141.01075,"I wonder how they're going to get through the winter.","I/PRP wonder/VBP how/WRB they/PRP 're/VBP going/VBG to/TO get/VB through/IN the/DT winter/NN ./."
"68","sw06utt/sw_0621_3449.utt","3/sw3449",3449,67,"%","B",41,1,"{F Uh, } /","Uh/UH ,/,","(INTJ (UH Uh) (, ,) (-DFL- E_S))","105",139.087875,140.082875," Uh,  ","Uh/UH ,/,"
"69","sw06utt/sw_0621_3449.utt","3/sw3449",3449,68,"+","A",42,1,"Food wise or any wise,  /","Food/NN wise/JJ or/CC any/DT wise/JJ ,/,","(S (NP-SBJ (PRP I)) (VP (VBP wonder) (SBAR (WHADVP-2 (WRB how)) (S (NP-SBJ-1 (PRP they)) (VP (VBP 're) (VP (VBG going) (S (NP-SBJ (-NONE- *-1)) (VP (TO to) (VP (VB get) (PP (IN through) (NP (DT the) (NN winter)) (. .) (ADVP (ADVP (NN Food) (JJ wise)) (CC or) (ADVP (DT any) (JJ wise)))) (ADVP-MNR (-NONE- *T*-2)))))))))) (, ,) (-DFL- E_S))","103",141.01075,146.307125,"Food wise or any wise,  ","Food/NN wise/JJ or/CC any/DT wise/JJ ,/,"
"70","sw06utt/sw_0621_3449.utt","3/sw3449",3449,69,"sv","A",42,2,"sounds to me  like they'll start rioting soon, {E or } not  that that would do any good,  /","sounds/VBZ to/IN me/PRP like/IN they/PRP 'll/MD start/VB rioting/VBG soon/RB ,/, or/CC not/RB that/IN that/DT would/MD do/VB any/DT good/NN ,/,","(S (NP-SBJ (-NONE- *)) (VP (VBZ sounds) (PP (IN to) (NP (PRP me))) (SBAR (IN like) (S (NP-SBJ-1 (PRP they)) (VP (MD 'll) (VP (VB start) (S (NP-SBJ (-NONE- *-1)) (VP (VBG rioting) (ADVP-TMP (RB soon)) (, ,) (X (CC or)) (SBAR-ADV (RB not) (IN that) (S (NP-SBJ (DT that)) (VP (MD would) (VP (VB do) (NP (DT any) (NN good))))))))))))) (, ,) (-DFL- E_S))","107",141.01075,146.307125,"sounds to me  like they'll start rioting soon,  or  not  that that would do any good,  ","sounds/VBZ to/IN me/PRP like/IN they/PRP 'll/MD start/VB rioting/VBG soon/RB ,/, or/CC not/RB that/IN that/DT would/MD do/VB any/DT good/NN ,/,"
"71","sw06utt/sw_0621_3449.utt","3/sw3449",3449,70,"sv","A",42,3,"{C but } I guess people do that when they're desperate. /","but/CC I/PRP guess/VBP people/NNS do/VBP that/DT when/WRB they/PRP 're/VBP desperate/JJ ./.","(S (CC but) (NP-SBJ (PRP I)) (VP (VBP guess) (SBAR (-NONE- 0) (S (NP-SBJ (NNS people)) (VP (VBP do) (NP (DT that)) (SBAR-TMP (WHADVP-1 (WRB when)) (S (NP-SBJ (PRP they)) (VP (VBP 're) (ADJP-PRD (JJ desperate)) (ADVP-TMP (-NONE- *T*-1))))))))) (. .) (-DFL- E_S))","108",141.01075,146.307125," but  I guess people do that when they're desperate. ","but/CC I/PRP guess/VBP people/NNS do/VBP that/DT when/WRB they/PRP 're/VBP desperate/JJ ./."
"72","sw06utt/sw_0621_3449.utt","3/sw3449",3449,71,"sv","B",43,1,"[ That, + that's ] true, {F uh, }  hasn't happened here for a while,  /","That/DT ,/, that/DT 's/BES true/JJ ,/, uh/UH ,/, has/VBZ n't/RB happened/VBN here/RB for/IN a/DT while/NN ,/,","(S (EDITED (RM (-DFL- \[)) (NP-SBJ (DT That)) (, ,) (IP (-DFL- \+))) (NP-SBJ (DT that)) (VP (BES 's) (RS (-DFL- \])) (ADJP-PRD (JJ true)) (, ,) (INTJ (UH uh))) (, ,))|||(S (NP-SBJ (-NONE- *)) (VP (VBZ has) (RB n't) (VP (VBN happened) (ADVP-LOC (RB here)) (PP-TMP (IN for) (NP (DT a) (NN while))))) (, ,) (-DFL- E_S))","110|||111",146.57175,151.329125," That,  that's  true,  uh,   hasn't happened here for a while,  ","That/DT ,/, that/DT 's/BES true/JJ ,/, uh/UH ,/, has/VBZ n't/RB happened/VBN here/RB for/IN a/DT while/NN ,/,"
"73","sw06utt/sw_0621_3449.utt","3/sw3449",3449,72,"%","B",43,2,"{C but } it, {F uh, } -/","but/CC it/PRP ,/, uh/UH ,/,","(S-UNF (CC but) (NP-SBJ (PRP it)) (, ,) (INTJ (UH uh)) (, ,) (-DFL- N_S))","112",146.57175,151.329125," but  it,  uh,  ","but/CC it/PRP ,/, uh/UH ,/,"
"74","sw06utt/sw_0621_3449.utt","3/sw3449",3449,73,"aa","A",44,1,"{D Well, } that's true,  /","Well/UH ,/, that/DT 's/BES true/JJ ,/,","(S (INTJ (UH Well)) (, ,) (NP-SBJ (DT that)) (VP (BES 's) (ADJP-PRD (JJ true))) (, ,) (-DFL- E_S))","114",152.601625,156.629625," Well,  that's true,  ","Well/UH ,/, that/DT 's/BES true/JJ ,/,"
"75","sw06utt/sw_0621_3449.utt","3/sw3449",3449,74,"sd","A",44,2,"since the Depression,  /","since/IN the/DT Depression/NNP ,/,","(PP-TMP (IN since) (NP (NP (DT the) (NNP Depression)) (, ,) (-DFL- E_S) (PRN (S (NP-SBJ (PRP I)) (VP (VBP guess)))) (SBAR (WHADVP-1 (WRB when)) (S (NP-SBJ (DT the) (NNS veterans)) (VP (VBD went) (PP-DIR (IN to) (NP (NNP Washington))) (ADVP-TMP (-NONE- *T*-1)))))) (-DFL- N_S))","115",152.601625,156.629625,"since the Depression,  ","since/IN the/DT Depression/NNP ,/,"
"76","sw06utt/sw_0621_3449.utt","3/sw3449",3449,75,"sv","A",44,3,"I guess when the veterans went to Washington -- -/","I/PRP guess/VBP when/WRB the/DT veterans/NNS went/VBD to/IN Washington/NNP --/:","(PP-TMP (IN since) (NP (NP (DT the) (NNP Depression)) (, ,) (-DFL- E_S) (PRN (S (NP-SBJ (PRP I)) (VP (VBP guess)))) (SBAR (WHADVP-1 (WRB when)) (S (NP-SBJ (DT the) (NNS veterans)) (VP (VBD went) (PP-DIR (IN to) (NP (NNP Washington))) (ADVP-TMP (-NONE- *T*-1)))))) (-DFL- N_S))","115",152.601625,156.629625,"I guess when the veterans went to Washington  ","I/PRP guess/VBP when/WRB the/DT veterans/NNS went/VBD to/IN Washington/NNP /:"
"77","sw06utt/sw_0621_3449.utt","3/sw3449",3449,76,"b","B",45,1,"Uh-huh. /","Uh-huh/UH ./.","(INTJ (UH Uh-huh) (. .) (-DFL- E_S))","117",157.150625,157.444,"Uhhuh. ","Uhhuh/UH ./."
"78","sw06utt/sw_0621_3449.utt","3/sw3449",3449,77,"sv","A",46,1,"-- and {D well, } {D you know, }  the war riots, of course.  /","--/: and/CC well/UH ,/, you/PRP know/VBP ,/, the/DT war/NN riots/NNS ,/, of/IN course/NN ./.","(FRAG (CC and) (INTJ (UH well)) (PRN (, ,) (S (NP-SBJ (PRP you)) (VP (VBP know))) (, ,)) (NP (DT the) (NN war) (NNS riots)) (, ,) (PP (IN of) (NP (NN course))) (. .) (-DFL- E_S))","119",157.748125,162.441625," and  well,   you know,   the war riots, of course.  ","/: and/CC well/UH ,/, you/PRP know/VBP ,/, the/DT war/NN riots/NNS ,/, of/IN course/NN ./."
"79","sw06utt/sw_0621_3449.utt","3/sw3449",3449,78,"ad","A",46,2,"Let's just hope we don't get to that point <laughter>. /","Let/VB 's/PRP just/RB hope/VB we/PRP do/VBP n't/RB get/VB to/IN that/DT point/NN ./.","(S-IMP (NP-SBJ (-NONE- *)) (VP (VB Let) (S (NP-SBJ (PRP 's)) (ADVP (RB just)) (VP (VB hope) (SBAR (-NONE- 0) (S (NP-SBJ (PRP we)) (VP (VBP do) (RB n't) (VP (VB get) (PP (IN to) (NP (DT that) (NN point)))))))))) (. .) (-DFL- E_S))","120",157.748125,162.441625,"Let's just hope we don't get to that point laughter. ","Let/VB 's/PRP just/RB hope/VB we/PRP do/VBP n't/RB get/VB to/IN that/DT point/NN ./."
"80","sw06utt/sw_0621_3449.utt","3/sw3449",3449,79,"x","B",47,1,"<Laughter>.","","(S (NP-SBJ-1 (PRP It)) (VP (BES 's) (VP (VBN done) (NP (-NONE- *-1)) (ADVP-MNR (RB democratically)) (, ,) (INTJ (UH uh)))) (, ,) (-DFL- E_S))","90",NA,NA,"Laughter.",""
"81","sw06utt/sw_0621_3449.utt","3/sw3449",3449,80,"sd","A",48,1,"Things are not so good in Texas job wise. /","Things/NNS are/VBP not/RB so/RB good/JJ in/IN Texas/NNP job/NN wise/JJ ./.","(S (NP-SBJ (NNS Things)) (VP (VBP are) (RB not) (ADJP-PRD (RB so) (JJ good)) (PP-LOC (IN in) (NP (NNP Texas))) (ADVP (NN job) (JJ wise))) (. .) (-DFL- E_S))","123",163.394625,168.022625,"Things are not so good in Texas job wise. ","Things/NNS are/VBP not/RB so/RB good/JJ in/IN Texas/NNP job/NN wise/JJ ./."
"82","sw06utt/sw_0621_3449.utt","3/sw3449",3449,81,"aa","B",49,1,"No,  /","No/UH ,/,","(INTJ (UH No) (, ,) (-DFL- E_S))","125",165.810375,167.947875,"No,  ","No/UH ,/,"
"83","sw06utt/sw_0621_3449.utt","3/sw3449",3449,82,"sd","B",49,2,"[ [ I've, + I've ] heard they're, +   I hear you have ] some problems. /","I/PRP 've/VBP ,/, I/PRP 've/VBP heard/VBN they/PRP 're/VBP ,/, I/PRP hear/VBP you/PRP have/VBP some/DT problems/NNS ./.","(S (EDITED (RM (-DFL- \[)) (EDITED (RM (-DFL- \[)) (S (NP-SBJ (PRP I)) (VP-UNF (VBP 've))) (, ,) (IP (-DFL- \+))) (S (NP-SBJ (PRP I)) (VP (VBP 've) (RS (-DFL- \])) (VP (VBN heard) (SBAR (-NONE- 0) (S (NP-SBJ (PRP they)) (VP-UNF (VBP 're))))))) (, ,) (IP (-DFL- \+))) (NP-SBJ (PRP I)) (VP (VBP hear) (SBAR (-NONE- 0) (S (NP-SBJ (PRP you)) (VP (VBP have) (RS (-DFL- \])) (NP (DT some) (NNS problems)))))) (. .) (-DFL- E_S))","126",165.810375,167.947875,"  I've,  I've  heard they're,    I hear you have  some problems. ","I/PRP 've/VBP ,/, I/PRP 've/VBP heard/VBN they/PRP 're/VBP ,/, I/PRP hear/VBP you/PRP have/VBP some/DT problems/NNS ./."
"84","sw06utt/sw_0621_3449.utt","3/sw3449",3449,83,"sd","A",50,1,"{D Well, } we do.  /","Well/UH ,/, we/PRP do/VBP ./.","(S (INTJ (UH Well)) (, ,) (NP-SBJ (PRP we)) (VP (VBP do)) (. .) (-DFL- E_S))","128",168.022625,175.168625," Well,  we do.  ","Well/UH ,/, we/PRP do/VBP ./."
"85","sw06utt/sw_0621_3449.utt","3/sw3449",3449,84,"sd","A",50,2,"We have lots and  lots of, {F uh, } layoffs here.  Lot of companies folding, lot of layoffs  /","We/PRP have/VBP lots/NNS and/CC lots/NNS of/IN ,/, uh/UH ,/, layoffs/NNS here/RB ./. Lot/NN of/IN companies/NNS folding/VBG ,/, lot/NN of/IN layoffs/NNS","(S (NP-SBJ (PRP We)) (VP (VBP have) (NP (NP (NP (NNS lots) (CC and) (NNS lots)) (PP (IN of) (, ,) (INTJ (UH uh)) (, ,) (NP (NNS layoffs)))) (NP (-NONE- *ICH*-1))) (ADVP-LOC (RB here)) (. .) (NP-1 (NP (NP (NN Lot)) (PP (IN of) (NP (NP (NNS companies)) (VP (VBG folding))))) (, ,) (NP (NP (NN lot)) (PP (IN of) (NP (NNS layoffs)))))) (-DFL- E_S))","129",168.022625,175.168625,"We have lots and  lots of,  uh,  layoffs here.  Lot of companies folding, lot of layoffs  ","We/PRP have/VBP lots/NNS and/CC lots/NNS of/IN ,/, uh/UH ,/, layoffs/NNS here/RB ./. Lot/NN of/IN companies/NNS folding/VBG ,/, lot/NN of/IN layoffs/NNS"
"86","sw06utt/sw_0621_3449.utt","3/sw3449",3449,85,"sv","A",50,3,"{C and } it's pretty scary. /","and/CC it/PRP 's/BES pretty/RB scary/JJ ./.","(S (CC and) (NP-SBJ (PRP it)) (VP (BES 's) (ADJP-PRD (RB pretty) (JJ scary))) (. .) (-DFL- E_S))","130",168.022625,175.168625," and  it's pretty scary. ","and/CC it/PRP 's/BES pretty/RB scary/JJ ./."
"87","sw06utt/sw_0621_3449.utt","3/sw3449",3449,86,"qy","B",51,1,"[ Do, + [ do you, + do you ] ]  blame [ the, + the ] government in Washington for this? /","Do/VBP ,/, do/VBP you/PRP ,/, do/VBP you/PRP blame/VB the/DT ,/, the/DT government/NN in/IN Washington/NNP for/IN this/DT ?/.","(SQ (EDITED (RM (-DFL- \[)) (EDITED (SQ-UNF (VBP Do)) (, ,) (IP (-DFL- \+))) (RM (-DFL- \[)) (SQ-UNF (VBP do) (NP-SBJ (PRP you))) (, ,) (IP (-DFL- \+))) (VBP do) (NP-SBJ (PRP you)) (RS (-DFL- \])) (RS (-DFL- \])) (VP (VB blame) (EDITED (RM (-DFL- \[)) (NP-UNF (DT the)) (, ,) (IP (-DFL- \+))) (NP (NP (DT the) (RS (-DFL- \])) (NN government)) (PP-LOC (IN in) (NP (NNP Washington)))) (PP (IN for) (NP (DT this)))) (. ?) (-DFL- E_S))","132",174.6155,177.68275," Do,   do you,  do you    blame  the,  the  government in Washington for this? ","Do/VBP ,/, do/VBP you/PRP ,/, do/VBP you/PRP blame/VB the/DT ,/, the/DT government/NN in/IN Washington/NNP for/IN this/DT ?/."
"88","sw06utt/sw_0621_3449.utt","3/sw3449",3449,87,"sd","A",52,1,"{D Well, } I don't understand economics  that well.  /","Well/UH ,/, I/PRP do/VBP n't/RB understand/VB economics/NN that/RB well/RB ./.","(S (INTJ (UH Well)) (, ,) (NP-SBJ (PRP I)) (VP (VBP do) (RB n't) (VP (VB understand) (NP (NN economics)) (ADVP (RB that) (RB well)))) (. .) (-DFL- E_S))","134",178.546375,188.15225," Well,  I don't understand economics  that well.  ","Well/UH ,/, I/PRP do/VBP n't/RB understand/VB economics/NN that/RB well/RB ./."
"89","sw06utt/sw_0621_3449.utt","3/sw3449",3449,88,"no","A",52,2,"I don't know,  /","I/PRP do/VBP n't/RB know/VB ,/,","(S (NP-SBJ (PRP I)) (VP (VBP do) (RB n't) (VP (VB know))) (, ,) (-DFL- E_S))","135",178.546375,188.15225,"I don't know,  ","I/PRP do/VBP n't/RB know/VB ,/,"
"90","sw06utt/sw_0621_3449.utt","3/sw3449",3449,89,"sd","A",52,3,"[ I, + I ] know that we have a terrible situation with foreign trade  and that other countries put a lot of restrictions that we don't -- /","I/PRP ,/, I/PRP know/VBP that/IN we/PRP have/VBP a/DT terrible/JJ situation/NN with/IN foreign/JJ trade/NN and/CC that/IN other/JJ countries/NNS put/VBP a/DT lot/NN of/IN restrictions/NNS that/WDT we/PRP do/VBP n't/RB --/:","(S (EDITED (RM (-DFL- \[)) (NP-SBJ (PRP I)) (, ,) (IP (-DFL- \+))) (NP-SBJ (PRP I)) (RS (-DFL- \])) (VP (VBP know) (SBAR (SBAR (IN that) (S (NP-SBJ (PRP we)) (VP (VBP have) (NP (NP (DT a) (JJ terrible) (NN situation)) (PP (IN with) (NP (JJ foreign) (NN trade))))))) (CC and) (SBAR (IN that) (S (NP-SBJ (JJ other) (NNS countries)) (VP (VBP put) (NP (NP (DT a) (NN lot)) (PP (IN of) (NP (NP (NNS restrictions)) (SBAR (WHNP-1 (WDT that)) (S (NP-SBJ (PRP we)) (VP (VBP do) (RB n't) (NP (-NONE- *T*-1))))))))))))) (-DFL- E_S))","136",178.546375,188.15225," I,  I  know that we have a terrible situation with foreign trade  and that other countries put a lot of restrictions that we don't  ","I/PRP ,/, I/PRP know/VBP that/IN we/PRP have/VBP a/DT terrible/JJ situation/NN with/IN foreign/JJ trade/NN and/CC that/IN other/JJ countries/NNS put/VBP a/DT lot/NN of/IN restrictions/NNS that/WDT we/PRP do/VBP n't/RB /:"
"91","sw06utt/sw_0621_3449.utt","3/sw3449",3449,90,"b","B",53,1,"Yeah. /","Yeah/UH ./.","(INTJ (UH Yeah) (. .) (-DFL- E_S))","138",190.6855,190.9355,"Yeah. ","Yeah/UH ./."
"92","sw06utt/sw_0621_3449.utt","3/sw3449",3449,91,"sv","A",54,1,"-- {C and so } I assume that that has [ some effect. +","--/: and/CC so/RB I/PRP assume/VBP that/IN that/DT has/VBZ some/DT effect/NN ./.","(S (CONJP (CC and) (RB so)) (NP-SBJ (PRP I)) (VP (VBP assume) (SBAR (IN that) (S (NP-SBJ (DT that)) (VP (VBZ has) (EDITED (RM (-DFL- \[)) (NP (DT some) (NN effect)) (. .) (IP (-DFL- \+)) (CC Or)) (NP (DT a) (JJ great) (NN effect)))))) (. .) (RS (-DFL- \])) (-DFL- E_S))","140",188.791375,192.255625,"  and so  I assume that that has  some effect. ","/: and/CC so/RB I/PRP assume/VBP that/IN that/DT has/VBZ some/DT effect/NN ./."
"93","sw06utt/sw_0621_3449.utt","3/sw3449",3449,92,"b","B",55,1,"Yeah. /","Yeah/UH ./.","(INTJ (UH Yeah) (. .) (-DFL- E_S))","138",192.58075,192.845375,"Yeah. ","Yeah/UH ./."
"94","sw06utt/sw_0621_3449.utt","3/sw3449",3449,93,"+","A",56,1,"{E Or } a great effect. ] /","Or/CC a/DT great/JJ effect/NN ./.","(S (CONJP (CC and) (RB so)) (NP-SBJ (PRP I)) (VP (VBP assume) (SBAR (IN that) (S (NP-SBJ (DT that)) (VP (VBZ has) (EDITED (RM (-DFL- \[)) (NP (DT some) (NN effect)) (. .) (IP (-DFL- \+)) (CC Or)) (NP (DT a) (JJ great) (NN effect)))))) (. .) (RS (-DFL- \])) (-DFL- E_S))","140",NA,NA," Or  a great effect.  ","Or/CC a/DT great/JJ effect/NN ./."
"95","sw06utt/sw_0621_3449.utt","3/sw3449",3449,94,"b","B",57,1,"Uh-huh. /","Uh-huh/UH ./.","(INTJ (UH Uh-huh) (. .) (-DFL- E_S))","117",196.092375,196.424625,"Uhhuh. ","Uhhuh/UH ./."
"96","sw06utt/sw_0621_3449.utt","3/sw3449",3449,95,"sd","A",58,1,"{C And } [ I do, + {F uh, } {E I mean, }  they said ] during the way, Reagan-Bush years, the rich got richer,  /","And/CC I/PRP do/VBP ,/, uh/UH ,/, I/PRP mean/VBP ,/, they/PRP said/VBD during/IN the/DT way/NN ,/, Reagan-Bush/JJ years/NNS ,/, the/DT rich/JJ got/VBD richer/JJR ,/,","(S (CC And) (EDITED (RM (-DFL- \[)) (S (NP-SBJ (PRP I)) (VP-UNF (VBP do))) (, ,) (IP (-DFL- \+))) (INTJ (UH uh)) (PRN (, ,) (S (NP-SBJ (PRP I)) (VP (VBP mean))) (, ,)) (NP-SBJ (PRP they)) (VP (VBD said) (RS (-DFL- \])) (SBAR (-NONE- 0) (S (PP-TMP (IN during) (NP (DT the) (X (NN way)) (, ,) (JJ Reagan-Bush) (NNS years))) (, ,) (NP-SBJ (DT the) (JJ rich)) (VP (VBD got) (ADJP-PRD (JJR richer)))))) (, ,) (-DFL- E_S))","147",192.752875,201.608125," And   I do,   uh,   I mean,   they said  during the way, ReaganBush years, the rich got richer,  ","And/CC I/PRP do/VBP ,/, uh/UH ,/, I/PRP mean/VBP ,/, they/PRP said/VBD during/IN the/DT way/NN ,/, ReaganBush/JJ years/NNS ,/, the/DT rich/JJ got/VBD richer/JJR ,/,"
"97","sw06utt/sw_0621_3449.utt","3/sw3449",3449,96,"sd","A",58,2,"the poor got poorer,  /","the/DT poor/JJ got/VBD poorer/JJR ,/,","(S (NP-SBJ (DT the) (JJ poor)) (VP (VBD got) (ADJP-PRD (JJR poorer))) (, ,) (-DFL- E_S))","148",192.752875,201.608125,"the poor got poorer,  ","the/DT poor/JJ got/VBD poorer/JJR ,/,"
"98","sw06utt/sw_0621_3449.utt","3/sw3449",3449,97,"sd","A",58,3,"the statistics prove that <laughter>  /","the/DT statistics/NN prove/VBP that/DT","(S (NP-SBJ (DT the) (NN statistics)) (VP (VBP prove) (NP (DT that))) (-DFL- E_S))","149",192.752875,201.608125,"the statistics prove that laughter  ","the/DT statistics/NN prove/VBP that/DT"
"99","sw06utt/sw_0621_3449.utt","3/sw3449",3449,98,"%","A",58,4,"{C so, } {F uh, } [ I, + I ] guess, -/","so/RB ,/, uh/UH ,/, I/PRP ,/, I/PRP guess/VBP ,/,","(S (RB so) (, ,) (INTJ (UH uh)) (, ,) (EDITED (RM (-DFL- \[)) (NP-SBJ (PRP I)) (, ,) (IP (-DFL- \+))) (NP-SBJ (PRP I)) (RS (-DFL- \])) (VP-UNF (VBP guess)) (, ,) (-DFL- N_S))","150",192.752875,201.608125," so,   uh,   I,  I  guess, ","so/RB ,/, uh/UH ,/, I/PRP ,/, I/PRP guess/VBP ,/,"
"100","sw06utt/sw_0621_3449.utt","3/sw3449",3449,99,"qy","B",59,1,"{D So } then, [ you think [ it's, + it's, ] +   you think it's ] Reagan and Bush have done this  /","So/RB then/RB ,/, you/PRP think/VBP it/PRP 's/BES ,/, it/PRP 's/BES ,/, you/PRP think/VBP it/PRP 's/BES Reagan/NNP and/CC Bush/NNP have/VBP done/VBN this/DT","(S (INTJ (UH So)) (ADVP (RB then)) (, ,) (EDITED (RM (-DFL- \[)) (S (NP-SBJ (PRP you)) (VP (VBP think) (SBAR (-NONE- 0) (S (EDITED (RM (-DFL- \[)) (S (NP-SBJ (PRP it)) (VP-UNF (BES 's))) (, ,) (IP (-DFL- \+))) (NP-SBJ (PRP it)) (VP-UNF (BES 's)))))) (, ,) (RS (-DFL- \])) (IP (-DFL- \+))) (NP-SBJ (PRP you)) (VP (VBP think) (SBAR (-NONE- 0) (S-CLF (NP-SBJ (PRP it)) (VP (BES 's) (RS (-DFL- \])) (NP-PRD (NNP Reagan) (CC and) (NNP Bush)) (SBAR (WHNP-1 (-NONE- 0)) (S (NP-SBJ (-NONE- *T*-1)) (VP (VBP have) (VP (VBN done) (NP (DT this)))))))))) (-DFL- E_S))","152",201.30825,207.1685," So  then,  you think  it's,  it's,     you think it's  Reagan and Bush have done this  ","So/RB then/RB ,/, you/PRP think/VBP it/PRP 's/BES ,/, it/PRP 's/BES ,/, you/PRP think/VBP it/PRP 's/BES Reagan/NNP and/CC Bush/NNP have/VBP done/VBN this/DT"
"101","sw06utt/sw_0621_3449.utt","3/sw3449",3449,100,"qrr","B",59,2,"{C or } is it just coincidence it was during this period? /","or/CC is/VBZ it/PRP just/RB coincidence/NN it/PRP was/VBD during/IN this/DT period/NN ?/.","(SQ (CC or) (VBZ is) (NP-SBJ (NP (PRP it)) (SBAR (-NONE- *EXP*-1))) (NP-PRD (RB just) (NN coincidence)) (SBAR-1 (-NONE- 0) (S (NP-SBJ (PRP it)) (VP (VBD was) (PP-TMP-PRD (IN during) (NP (DT this) (NN period)))))) (. ?) (-DFL- E_S))","153",201.30825,207.1685," or  is it just coincidence it was during this period? ","or/CC is/VBZ it/PRP just/RB coincidence/NN it/PRP was/VBD during/IN this/DT period/NN ?/."
"102","sw06utt/sw_0621_3449.utt","3/sw3449",3449,101,"no","A",60,1,"{D Well, } I really don't know.  /","Well/UH ,/, I/PRP really/RB do/VBP n't/RB know/VB ./.","(S (INTJ (UH Well)) (, ,) (NP-SBJ (PRP I)) (ADVP (RB really)) (VP (VBP do) (RB n't) (VP (VB know))) (. .) (-DFL- E_S))","155",208.094,217.659625," Well,  I really don't know.  ","Well/UH ,/, I/PRP really/RB do/VBP n't/RB know/VB ./."
"103","sw06utt/sw_0621_3449.utt","3/sw3449",3449,102,"sd","A",60,2,"I think [ maybe they, + {F uh, } maybe they ] contributed to it.  /","I/PRP think/VBP maybe/RB they/PRP ,/, uh/UH ,/, maybe/RB they/PRP contributed/VBD to/IN it/PRP ./.","(S (NP-SBJ (PRP I)) (VP (VBP think) (SBAR (-NONE- 0) (S (EDITED (RM (-DFL- \[)) (S-UNF (ADVP (RB maybe)) (NP-SBJ (PRP they))) (, ,) (IP (-DFL- \+))) (INTJ (UH uh)) (, ,) (ADVP (RB maybe)) (NP-SBJ (PRP they)) (RS (-DFL- \])) (VP (VBD contributed) (PP (IN to) (NP (PRP it))))))) (. .) (-DFL- E_S))","156",208.094,217.659625,"I think  maybe they,   uh,  maybe they  contributed to it.  ","I/PRP think/VBP maybe/RB they/PRP ,/, uh/UH ,/, maybe/RB they/PRP contributed/VBD to/IN it/PRP ./."
"104","sw06utt/sw_0621_3449.utt","3/sw3449",3449,103,"sv","A",60,3,"Maybe they should pay more attention  [ to these trade, + {E or, } {D you know, } to the more equalization of the trade. ] /","Maybe/RB they/PRP should/MD pay/VB more/JJR attention/NN to/IN these/DT trade/NN ,/, or/CC ,/, you/PRP know/VBP ,/, to/IN the/DT more/JJR equalization/NN of/IN the/DT trade/NN ./.","(S (ADVP (RB Maybe)) (NP-SBJ (PRP they)) (VP (MD should) (VP (VB pay) (NP (JJR more) (NN attention)) (EDITED (RM (-DFL- \[)) (PP (IN to) (NP-UNF (DT these) (NN trade))) (, ,) (IP (-DFL- \+)) (CC or)) (PRN (, ,) (S (NP-SBJ (PRP you)) (VP (VBP know))) (, ,)) (PP (IN to) (NP (NP (DT the) (JJR more) (NN equalization)) (PP (IN of) (NP (DT the) (NN trade))))))) (. .) (RS (-DFL- \])) (-DFL- E_S))","157",208.094,217.659625,"Maybe they should pay more attention   to these trade,   or,   you know,  to the more equalization of the trade.  ","Maybe/RB they/PRP should/MD pay/VB more/JJR attention/NN to/IN these/DT trade/NN ,/, or/CC ,/, you/PRP know/VBP ,/, to/IN the/DT more/JJR equalization/NN of/IN the/DT trade/NN ./."
"105","sw06utt/sw_0621_3449.utt","3/sw3449",3449,104,"b","B",61,1,"Uh-huh. /","Uh-huh/UH ./.","(INTJ (UH Uh-huh) (. .) (-DFL- E_S))","145",217.852625,218.182625,"Uhhuh. ","Uhhuh/UH ./."
"106","sw06utt/sw_0621_3449.utt","3/sw3449",3449,105,"sd","A",62,1,"Of course, if somebody [ in, + in ]  China can make something for ten cents and we have to make it for ten dollars because we have  unions, {D well, } I don't know what's going to happen then. /","Of/IN course/NN ,/, if/IN somebody/NN in/IN ,/, in/IN China/NNP can/MD make/VB something/NN for/IN ten/CD cents/NNS and/CC we/PRP have/VBP to/TO make/VB it/PRP for/IN ten/CD dollars/NNS because/IN we/PRP have/VBP unions/NNS ,/, well/UH ,/, I/PRP do/VBP n't/RB know/VB what/WP 's/BES going/VBG to/TO happen/VB then/RB ./.","(S (PP (IN Of) (NP (NN course))) (, ,) (SBAR-ADV (IN if) (S (S (NP-SBJ (NP (NN somebody)) (EDITED (RM (-DFL- \[)) (PP-LOC-UNF (IN in)) (, ,) (IP (-DFL- \+))) (PP-LOC (IN in) (RS (-DFL- \])) (NP (NNP China)))) (VP (MD can) (VP (VB make) (NP (NN something)) (PP (IN for) (NP (CD ten) (NNS cents)))))) (CC and) (S (NP-SBJ-1 (PRP we)) (VP (VBP have) (S (NP-SBJ (-NONE- *-1)) (VP (TO to) (VP (VB make) (NP (PRP it)) (PP (IN for) (NP (CD ten) (NNS dollars)))))) (SBAR-PRP (IN because) (S (NP-SBJ (PRP we)) (VP (VBP have) (NP (NNS unions))))))))) (, ,) (INTJ (UH well)) (, ,) (NP-SBJ (PRP I)) (VP (VBP do) (RB n't) (VP (VB know) (SBAR (WHNP-2 (WP what)) (S (NP-SBJ-3 (-NONE- *T*-2)) (VP (BES 's) (VP (VBG going) (S (NP-SBJ (-NONE- *-3)) (VP (TO to) (VP (VB happen) (ADVP-TMP (RB then))))))))))) (. .) (-DFL- E_S))","161",218.637,225.40025,"Of course, if somebody  in,  in   China can make something for ten cents and we have to make it for ten dollars because we have  unions,  well,  I don't know what's going to happen then. ","Of/IN course/NN ,/, if/IN somebody/NN in/IN ,/, in/IN China/NNP can/MD make/VB something/NN for/IN ten/CD cents/NNS and/CC we/PRP have/VBP to/TO make/VB it/PRP for/IN ten/CD dollars/NNS because/IN we/PRP have/VBP unions/NNS ,/, well/UH ,/, I/PRP do/VBP n't/RB know/VB what/WP 's/BES going/VBG to/TO happen/VB then/RB ./."
"107","sw06utt/sw_0621_3449.utt","3/sw3449",3449,106,"aa","B",63,1,"{F Oh, } the Chinese use slave labor, too. /","Oh/UH ,/, the/DT Chinese/NNPS use/VBP slave/NN labor/NN ,/, too/RB ./.","(S (INTJ (UH Oh)) (, ,) (NP-SBJ (DT the) (NNPS Chinese)) (VP (VBP use) (NP (NN slave) (NN labor)) (, ,) (ADVP (RB too))) (. .) (-DFL- E_S))","163",225.4035,227.01025," Oh,  the Chinese use slave labor, too. ","Oh/UH ,/, the/DT Chinese/NNPS use/VBP slave/NN labor/NN ,/, too/RB ./."
"108","sw06utt/sw_0621_3449.utt","3/sw3449",3449,107,"b","A",64,1,"Right. /","Right/UH ./.","(INTJ (UH Right) (. .) (-DFL- E_S))","165",226.82,227.253875,"Right. ","Right/UH ./."
"109","sw06utt/sw_0621_3449.utt","3/sw3449",3449,108,"sv","B",65,1,"[ That's, + that's ] one of the ways they get away with it. /","That/DT 's/BES ,/, that/DT 's/BES one/CD of/IN the/DT ways/NNS they/PRP get/VBP away/RB with/IN it/PRP ./.","(S (EDITED (RM (-DFL- \[)) (S (NP-SBJ (DT That)) (VP-UNF (BES 's))) (, ,) (IP (-DFL- \+))) (NP-SBJ (DT that)) (VP (BES 's) (RS (-DFL- \])) (NP-PRD (NP (CD one)) (PP (IN of) (NP (NP (DT the) (NNS ways)) (SBAR (WHADVP-1 (-NONE- 0)) (S (NP-SBJ (PRP they)) (VP (VBP get) (ADVP (RB away)) (PP (IN with) (NP (PRP it))) (ADVP-MNR (-NONE- *T*-1))))))))) (. .) (-DFL- E_S))","167",227.01025,228.55275," That's,  that's  one of the ways they get away with it. ","That/DT 's/BES ,/, that/DT 's/BES one/CD of/IN the/DT ways/NNS they/PRP get/VBP away/RB with/IN it/PRP ./."
"110","sw06utt/sw_0621_3449.utt","3/sw3449",3449,109,"^2","A",66,1,"And child labor. /","And/CC child/NN labor/NN ./.","(FRAG (CC And) (NP (NN child) (NN labor)) (. .) (-DFL- E_S))","169",228.548125,229.62375,"And child labor. ","And/CC child/NN labor/NN ./."
"111","sw06utt/sw_0621_3449.utt","3/sw3449",3449,110,"aa","B",67,1,"Yeah. /","Yeah/UH ./.","(INTJ (UH Yeah) (. .) (-DFL- E_S))","142",229.983375,230.242625,"Yeah. ","Yeah/UH ./."
"112","sw06utt/sw_0621_3449.utt","3/sw3449",3449,111,"b","A",68,1,"Right.  /","Right/UH ./.","(INTJ (UH Right) (. .) (-DFL- E_S))","165",230.117125,233.863625,"Right.  ","Right/UH ./."
"113","sw06utt/sw_0621_3449.utt","3/sw3449",3449,112,"sd","A",68,2,"{D Well, } I don't know.  /","Well/UH ,/, I/PRP do/VBP n't/RB know/VB ./.","(S (INTJ (UH Well)) (, ,) (NP-SBJ (PRP I)) (VP (VBP do) (RB n't) (VP (VB know))) (. .) (-DFL- E_S))","174",230.117125,233.863625," Well,  I don't know.  ","Well/UH ,/, I/PRP do/VBP n't/RB know/VB ./."
"114","sw06utt/sw_0621_3449.utt","3/sw3449",3449,113,"qw","A",68,3,"What do you think has caused our horrible situation? /","What/WP do/VBP you/PRP think/VB has/VBZ caused/VBN our/PRP$ horrible/JJ situation/NN ?/.","(SBARQ (WHNP-1 (WP What)) (SQ (VBP do) (NP-SBJ (PRP you)) (VP (VB think) (SBAR (-NONE- 0) (S (NP-SBJ (-NONE- *T*-1)) (VP (VBZ has) (VP (VBN caused) (NP (PRP$ our) (JJ horrible) (NN situation)))))))) (. ?) (-DFL- E_S))","175",230.117125,233.863625,"What do you think has caused our horrible situation? ","What/WP do/VBP you/PRP think/VB has/VBZ caused/VBN our/PRP$ horrible/JJ situation/NN ?/."
"115","sw06utt/sw_0621_3449.utt","3/sw3449",3449,114,"sv","B",69,1,"{F Uh, } I don't think there's any one --","Uh/UH ,/, I/PRP do/VBP n't/RB think/VB there/EX 's/BES any/DT one/CD --/:","(S (INTJ (UH Uh)) (, ,) (NP-SBJ (PRP I)) (VP (VBP do) (RB n't) (VP (VB think) (SBAR (-NONE- 0) (S (NP-SBJ (EX there)) (VP (BES 's) (NP-PRD (NP (DT any) (CD one) (JJ simple) (NN answer)) (PP (IN to) (NP (DT the) (JJ whole) (NN thing))))))))) (. .) (-DFL- E_S))","177",234.887875,238.464," Uh,  I don't think there's any one ","Uh/UH ,/, I/PRP do/VBP n't/RB think/VB there/EX 's/BES any/DT one/CD /:"
"116","sw06utt/sw_0621_3449.utt","3/sw3449",3449,115,"^2","A",70,1,"One thing. /","One/CD thing/NN ./.","(NP (CD One) (NN thing) (. .) (-DFL- E_S))","179",236.948875,237.73875,"One thing. ","One/CD thing/NN ./."
"117","sw06utt/sw_0621_3449.utt","3/sw3449",3449,116,"+","B",71,1,"-- simple answer to the whole thing.  /","--/: simple/JJ answer/NN to/IN the/DT whole/JJ thing/NN ./.","(S (INTJ (UH Uh)) (, ,) (NP-SBJ (PRP I)) (VP (VBP do) (RB n't) (VP (VB think) (SBAR (-NONE- 0) (S (NP-SBJ (EX there)) (VP (BES 's) (NP-PRD (NP (DT any) (CD one) (JJ simple) (NN answer)) (PP (IN to) (NP (DT the) (JJ whole) (NN thing))))))))) (. .) (-DFL- E_S))","177",238.881125,240.369," simple answer to the whole thing.  ","/: simple/JJ answer/NN to/IN the/DT whole/JJ thing/NN ./."
"118","sw06utt/sw_0621_3449.utt","3/sw3449",3449,117,"sv","B",71,2,"{E I mean } [ it's, + that's ] very complicated. /","I/PRP mean/VBP it/PRP 's/BES ,/, that/DT 's/BES very/RB complicated/JJ ./.","(S (PRN (S (NP-SBJ (PRP I)) (VP (VBP mean)))) (EDITED (RM (-DFL- \[)) (S (NP-SBJ (PRP it)) (VP-UNF (BES 's))) (, ,) (IP (-DFL- \+))) (NP-SBJ (DT that)) (VP (BES 's) (RS (-DFL- \])) (ADJP-PRD (RB very) (JJ complicated))) (. .) (-DFL- E_S))","181",238.881125,240.369," I mean   it's,  that's  very complicated. ","I/PRP mean/VBP it/PRP 's/BES ,/, that/DT 's/BES very/RB complicated/JJ ./."
"119","sw06utt/sw_0621_3449.utt","3/sw3449",3449,118,"b","A",72,1,"Right,  /","Right/UH ,/,","(INTJ (UH Right) (, ,) (-DFL- E_S))","183",240.4115,247.70575,"Right,  ","Right/UH ,/,"
"120","sw06utt/sw_0621_3449.utt","3/sw3449",3449,119,"sd","A",72,2,"{D well, } they say, too,  that having a democratic congress and  republican President is not good.  /","well/UH ,/, they/PRP say/VBP ,/, too/RB ,/, that/IN having/VBG a/DT democratic/JJ congress/NNP and/CC republican/JJ President/NNP is/VBZ not/RB good/JJ ./.","(S (INTJ (UH well)) (, ,) (NP-SBJ (PRP they)) (VP (VBP say) (, ,) (ADVP (RB too)) (, ,) (SBAR (IN that) (S (S-NOM-SBJ (NP-SBJ (-NONE- *)) (VP (VBG having) (NP (DT a) (NX (NX (JJ democratic) (NNP congress)) (CC and) (NX (JJ republican) (NNP President)))))) (VP (VBZ is) (RB not) (ADJP-PRD (JJ good)))))) (. .) (-DFL- E_S))","184",240.4115,247.70575," well,  they say, too,  that having a democratic congress and  republican President is not good.  ","well/UH ,/, they/PRP say/VBP ,/, too/RB ,/, that/IN having/VBG a/DT democratic/JJ congress/NNP and/CC republican/JJ President/NNP is/VBZ not/RB good/JJ ./."
"121","sw06utt/sw_0621_3449.utt","3/sw3449",3449,120,"sd","A",72,3,"{E I mean, }  I've read that is a theory. /","I/PRP mean/VBP ,/, I/PRP 've/VBP read/VBN that/DT is/VBZ a/DT theory/NN ./.","(S (PRN (S (NP-SBJ (PRP I)) (VP (VBP mean))) (, ,)) (NP-SBJ (PRP I)) (VP (VBP 've) (VP (VBN read) (SBAR (-NONE- 0) (S (NP-SBJ (DT that)) (VP (VBZ is) (NP-PRD (DT a) (NN theory))))))) (. .) (-DFL- E_S))","185",240.4115,247.70575," I mean,   I've read that is a theory. ","I/PRP mean/VBP ,/, I/PRP 've/VBP read/VBN that/DT is/VBZ a/DT theory/NN ./."
"122","sw06utt/sw_0621_3449.utt","3/sw3449",3449,121,"qw","B",73,1,"{D So } which one are we going to throw out? /","So/RB which/WDT one/CD are/VBP we/PRP going/VBG to/TO throw/VB out/RP ?/.","(SBARQ (INTJ (UH So)) (WHNP-2 (WDT which) (CD one)) (SQ (VBP are) (NP-SBJ-1 (PRP we)) (VP (VBG going) (S (NP-SBJ (-NONE- *-1)) (VP (TO to) (VP (VB throw) (PP (RP out) (NP (-NONE- *T*-2)))))))) (. ?) (-DFL- E_S))","187",248.154,249.32175," So  which one are we going to throw out? ","So/RB which/WDT one/CD are/VBP we/PRP going/VBG to/TO throw/VB out/RP ?/."
"123","sw06utt/sw_0621_3449.utt","3/sw3449",3449,122,"sd","A",74,1,"<Laughter>  {D Well, } I hate to say it,  /","Well/UH ,/, I/PRP hate/VBP to/TO say/VB it/PRP ,/,","(S (INTJ (UH Well)) (, ,) (NP-SBJ-1 (PRP I)) (VP (VBP hate) (S (NP-SBJ (-NONE- *-1)) (VP (TO to) (VP (VB say) (NP (PRP it)))))) (, ,) (-DFL- E_S))","189",251.71275,257.0935,"Laughter   Well,  I hate to say it,  ","Well/UH ,/, I/PRP hate/VBP to/TO say/VB it/PRP ,/,"
"124","sw06utt/sw_0621_3449.utt","3/sw3449",3449,123,"sd","A",74,2,"{C but, } [ I, + I'm ] tending to go straight back into my original democratic party. /","but/CC ,/, I/PRP ,/, I/PRP 'm/VBP tending/VBG to/TO go/VB straight/RB back/RB into/IN my/PRP$ original/JJ democratic/JJ party/NN ./.","(S (CC but) (, ,) (EDITED (RM (-DFL- \[)) (NP-SBJ (PRP I)) (, ,) (IP (-DFL- \+))) (NP-SBJ-1 (PRP I)) (VP (VBP 'm) (RS (-DFL- \])) (VP (VBG tending) (S (NP-SBJ (-NONE- *-1)) (VP (TO to) (VP (VB go) (ADVP (RB straight) (RB back)) (PP (IN into) (NP (PRP$ my) (JJ original) (JJ democratic) (NN party)))))))) (. .) (-DFL- E_S))","190",251.71275,257.0935," but,   I,  I'm  tending to go straight back into my original democratic party. ","but/CC ,/, I/PRP ,/, I/PRP 'm/VBP tending/VBG to/TO go/VB straight/RB back/RB into/IN my/PRP$ original/JJ democratic/JJ party/NN ./."
"125","sw06utt/sw_0621_3449.utt","3/sw3449",3449,124,"b","B",75,1,"Uh-huh. /","Uh-huh/UH ./.","(INTJ (UH Uh-huh) (. .) (-DFL- E_S))","192",257.097,257.421875,"Uhhuh. ","Uhhuh/UH ./."
"126","sw06utt/sw_0621_3449.utt","3/sw3449",3449,125,"%","A",76,1,"<Laughter> {F Uh, } /","Uh/UH ,/,","(INTJ (UH Uh) (, ,) (-DFL- E_S))","194",258.299125,258.515625,"Laughter  Uh,  ","Uh/UH ,/,"
"127","sw06utt/sw_0621_3449.utt","3/sw3449",3449,126,"qy^g","B",77,1,"[ Texas, + Texas ]  used to be a democratic state, didn't it? /","Texas/NNP ,/, Texas/NNP used/VBD to/TO be/VB a/DT democratic/JJ state/NN ,/, did/VBD n't/RB it/PRP ?/.","(SQ (S (EDITED (RM (-DFL- \[)) (NP-SBJ (NNP Texas)) (, ,) (IP (-DFL- \+))) (NP-SBJ-1 (NNP Texas)) (RS (-DFL- \])) (VP (VBD used) (S (NP-SBJ (-NONE- *-1)) (VP (TO to) (VP (VB be) (NP-PRD (DT a) (JJ democratic) (NN state))))))) (, ,) (SQ (VBD did) (RB n't) (NP-SBJ (PRP it))) (. ?) (-DFL- E_S))","196",258.61875,260.593125," Texas,  Texas   used to be a democratic state, didn't it? ","Texas/NNP ,/, Texas/NNP used/VBD to/TO be/VB a/DT democratic/JJ state/NN ,/, did/VBD n't/RB it/PRP ?/."
"128","sw06utt/sw_0621_3449.utt","3/sw3449",3449,127,"sd","A",78,1,"{F Oh, } I know,  /","Oh/UH ,/, I/PRP know/VBP ,/,","(S (INTJ (UH Oh)) (, ,) (NP-SBJ (PRP I)) (VP (VBP know)) (, ,) (-DFL- E_S))","198",260.3005,269.10325," Oh,  I know,  ","Oh/UH ,/, I/PRP know/VBP ,/,"
"129","sw06utt/sw_0621_3449.utt","3/sw3449",3449,128,"sv","A",78,2,"it used to,  /","it/PRP used/VBD to/TO ,/,","(S (NP-SBJ-1 (PRP it)) (VP (VBD used) (S (NP-SBJ (-NONE- *-1)) (VP (TO to) (VP (-NONE- *?*))))) (, ,) (-DFL- E_S))","199",260.3005,269.10325,"it used to,  ","it/PRP used/VBD to/TO ,/,"
"130","sw06utt/sw_0621_3449.utt","3/sw3449",3449,129,"aa","A",78,3,"right.  /","right/UH ./.","(INTJ (UH right) (. .) (-DFL- E_S))","200",260.3005,269.10325,"right.  ","right/UH ./."
"131","sw06utt/sw_0621_3449.utt","3/sw3449",3449,130,"sv","A",78,4,"{D Well, } you don't want too many democrats anymore  /","Well/UH ,/, you/PRP do/VBP n't/RB want/VB too/RB many/JJ democrats/NNPS anymore/RB","(S (INTJ (UH Well)) (, ,) (NP-SBJ (PRP you)) (VP (VBP do) (RB n't) (VP (VB want) (NP (ADJP (RB too) (JJ many)) (NNPS democrats)) (ADVP-TMP (RB anymore)))) (-DFL- E_S))","201",260.3005,269.10325," Well,  you don't want too many democrats anymore  ","Well/UH ,/, you/PRP do/VBP n't/RB want/VB too/RB many/JJ democrats/NNPS anymore/RB"
"132","sw06utt/sw_0621_3449.utt","3/sw3449",3449,131,"sd","A",78,5,"{C and } for a while I kind of  deserted the party,  /","and/CC for/IN a/DT while/NN I/PRP kind/RB of/RB deserted/VBD the/DT party/NN ,/,","(S (CC and) (PP-TMP (IN for) (NP (DT a) (NN while))) (NP-SBJ (PRP I)) (ADVP (RB kind) (RB of)) (VP (VBD deserted) (NP (DT the) (NN party))) (, ,) (-DFL- E_S))","202",260.3005,269.10325," and  for a while I kind of  deserted the party,  ","and/CC for/IN a/DT while/NN I/PRP kind/RB of/RB deserted/VBD the/DT party/NN ,/,"
"133","sw06utt/sw_0621_3449.utt","3/sw3449",3449,132,"sd","A",78,6,"{C but } now it's looking better to me. /","but/CC now/RB it/PRP 's/BES looking/VBG better/JJR to/IN me/PRP ./.","(S (CC but) (ADVP-TMP (RB now)) (NP-SBJ (PRP it)) (VP (BES 's) (VP (VBG looking) (ADJP-PRD (JJR better)) (PP (IN to) (NP (PRP me))))) (. .) (-DFL- E_S))","203",260.3005,269.10325," but  now it's looking better to me. ","but/CC now/RB it/PRP 's/BES looking/VBG better/JJR to/IN me/PRP ./."
"134","sw06utt/sw_0621_3449.utt","3/sw3449",3449,133,"sd","B",79,1,"I like your governor. /","I/PRP like/VBP your/PRP$ governor/NN ./.","(S (NP-SBJ (PRP I)) (VP (VBP like) (NP (PRP$ your) (NN governor))) (. .) (-DFL- E_S))","205",269.3825,270.205,"I like your governor. ","I/PRP like/VBP your/PRP$ governor/NN ./."
"135","sw06utt/sw_0621_3449.utt","3/sw3449",3449,134,"bh","A",80,1,"{F Oh, } do you?  /","Oh/UH ,/, do/VBP you/PRP ?/.","(SQ (INTJ (UH Oh)) (, ,) (VBP do) (NP-SBJ (PRP you)) (. ?) (-DFL- E_S))","207",270.88975,272.969625," Oh,  do you?  ","Oh/UH ,/, do/VBP you/PRP ?/."
"136","sw06utt/sw_0621_3449.utt","3/sw3449",3449,135,"sd","A",80,2,"{F Oh, } I'm glad to hear that. /","Oh/UH ,/, I/PRP 'm/VBP glad/JJ to/TO hear/VB that/DT ./.","(S (INTJ (UH Oh)) (, ,) (NP-SBJ-1 (PRP I)) (VP (VBP 'm) (ADJP-PRD (JJ glad) (S (NP-SBJ (-NONE- *-1)) (VP (TO to) (VP (VB hear) (NP (DT that))))))) (. .) (-DFL- E_S))","208",270.88975,272.969625," Oh,  I'm glad to hear that. ","Oh/UH ,/, I/PRP 'm/VBP glad/JJ to/TO hear/VB that/DT ./."
"137","sw06utt/sw_0621_3449.utt","3/sw3449",3449,136,"sv","B",81,1,"She's an impressive woman. /","She/PRP 's/BES an/DT impressive/JJ woman/NN ./.","(S (NP-SBJ (PRP She)) (VP (BES 's) (NP-PRD (DT an) (JJ impressive) (NN woman))) (. .) (-DFL- E_S))","210",272.295875,273.372125,"She's an impressive woman. ","She/PRP 's/BES an/DT impressive/JJ woman/NN ./."
"138","sw06utt/sw_0621_3449.utt","3/sw3449",3449,137,"aa","A",82,1,"{D Well, } I think so, too.  /","Well/UH ,/, I/PRP think/VBP so/RB ,/, too/RB ./.","(S (INTJ (UH Well)) (, ,) (NP-SBJ (PRP I)) (VP (VBP think) (ADVP (RB so)) (, ,) (ADVP (RB too))) (. .) (-DFL- E_S))","212",273.421625,276.51825," Well,  I think so, too.  ","Well/UH ,/, I/PRP think/VBP so/RB ,/, too/RB ./."
"139","sw06utt/sw_0621_3449.utt","3/sw3449",3449,138,"sd","A",82,2,"[ I, + I ]  just, admire her a lot. /","I/PRP ,/, I/PRP just/RB ,/, admire/VBP her/PRP a/DT lot/NN ./.","(S (EDITED (RM (-DFL- \[)) (NP-SBJ (PRP I)) (, ,) (IP (-DFL- \+))) (NP-SBJ (PRP I)) (RS (-DFL- \])) (ADVP (RB just)) (, ,) (VP (VBP admire) (NP (PRP her)) (NP-ADV (DT a) (NN lot))) (. .) (-DFL- E_S))","213",273.421625,276.51825," I,  I   just, admire her a lot. ","I/PRP ,/, I/PRP just/RB ,/, admire/VBP her/PRP a/DT lot/NN ./."
"140","sw06utt/sw_0621_3449.utt","3/sw3449",3449,139,"b","B",83,1,"Yeah. /","Yeah/UH ./.","(INTJ (UH Yeah) (. .) (-DFL- E_S))","215",276.91775,277.269,"Yeah. ","Yeah/UH ./."
"141","sw06utt/sw_0621_3449.utt","3/sw3449",3449,140,"sd","A",84,1,"{C And, } {F uh, } [ I ho-, + I really hope ]  she does well.  /","And/CC ,/, uh/UH ,/, I/PRP ho/VBP ,/, I/PRP really/RB hope/VBP she/PRP does/VBZ well/RB ./.","(S (CC And) (, ,) (INTJ (UH uh)) (, ,) (EDITED (RM (-DFL- \[)) (S (NP-SBJ (PRP I)) (VP-UNF (VBP ho-))) (, ,) (IP (-DFL- \+))) (NP-SBJ (PRP I)) (ADVP (RB really)) (VP (VBP hope) (RS (-DFL- \])) (SBAR (-NONE- 0) (S (NP-SBJ (PRP she)) (VP (VBZ does) (ADVP-MNR (RB well)))))) (. .) (-DFL- E_S))","217",277.808875,288.103625," And,   uh,   I ho,  I really hope   she does well.  ","And/CC ,/, uh/UH ,/, I/PRP ho/VBP ,/, I/PRP really/RB hope/VBP she/PRP does/VBZ well/RB ./."
"142","sw06utt/sw_0621_3449.utt","3/sw3449",3449,141,"sv","A",84,2,"{C But } she's, {F uh, } [ n-, + ] {D you know, } probably more popular out of the state  than she is here, although she did manage to win. /","But/CC she/PRP 's/BES ,/, uh/UH ,/, n-/XX ,/, you/PRP know/VBP ,/, probably/RB more/RBR popular/JJ out/IN of/IN the/DT state/NN than/IN she/PRP is/VBZ here/RB ,/, although/IN she/PRP did/VBD manage/VB to/TO win/VB ./.","(S (CC But) (NP-SBJ (PRP she)) (VP (BES 's) (, ,) (INTJ (UH uh)) (, ,) (EDITED (RM (-DFL- \[)) (X (XX n-)) (, ,) (IP (-DFL- \+)) (RS (-DFL- \]))) (PRN (S (NP-SBJ (PRP you)) (VP (VBP know))) (, ,)) (ADVP (RB probably)) (ADJP-PRD (ADVP (RBR more) (JJ popular)) (SBAR (-NONE- *ICH*-1))) (PP-LOC (IN out) (PP (IN of) (NP (DT the) (NN state)))) (SBAR-1 (IN than) (S (NP-SBJ (PRP she)) (VP (VBZ is) (ADJP-PRD (-NONE- *?*)) (ADVP-LOC (RB here))))) (, ,) (SBAR-ADV (IN although) (S (NP-SBJ-2 (PRP she)) (VP (VBD did) (VP (VB manage) (S (NP-SBJ (-NONE- *-2)) (VP (TO to) (VP (VB win))))))))) (. .) (-DFL- E_S))","218",277.808875,288.103625," But  she's,  uh,   n,    you know,  probably more popular out of the state  than she is here, although she did manage to win. ","But/CC she/PRP 's/BES ,/, uh/UH ,/, n/XX ,/, you/PRP know/VBP ,/, probably/RB more/RBR popular/JJ out/IN of/IN the/DT state/NN than/IN she/PRP is/VBZ here/RB ,/, although/IN she/PRP did/VBD manage/VB to/TO win/VB ./."
"143","sw06utt/sw_0621_3449.utt","3/sw3449",3449,142,"b","B",85,1,"Right <laughter>. /","Right/UH ./.","(INTJ (UH Right) (. .) (-DFL- E_S))","220",277.269,289.221625,"Right laughter. ","Right/UH ./."
"144","sw06utt/sw_0621_3449.utt","3/sw3449",3449,143,"ad","A",86,1,"{C But } look who she was running against,  {D you know } <laughter>. /","But/CC look/VB who/WP she/PRP was/VBD running/VBG against/IN ,/, you/PRP know/VBP ./.","(S-IMP (CC But) (NP-SBJ (-NONE- *)) (VP (VB look) (SBAR (WHNP-1 (WP who)) (S (NP-SBJ (PRP she)) (VP (VBD was) (VP (VBG running) (PP (IN against) (NP (-NONE- *T*-1))))))) (PRN (, ,) (S (NP-SBJ (PRP you)) (VP (VBP know))))) (. .) (-DFL- E_S))","222",288.103625,289.663625," But  look who she was running against,   you know  laughter. ","But/CC look/VB who/WP she/PRP was/VBD running/VBG against/IN ,/, you/PRP know/VBP ./."
"145","sw06utt/sw_0621_3449.utt","3/sw3449",3449,144,"b","B",87,1,"{D Well, } yeah,  /","Well/UH ,/, yeah/UH ,/,","(INTJ (INTJ (UH Well)) (, ,) (INTJ (UH yeah)) (, ,) (-DFL- E_S))","224",289.221625,291.225375," Well,  yeah,  ","Well/UH ,/, yeah/UH ,/,"
"146","sw06utt/sw_0621_3449.utt","3/sw3449",3449,145,"sv","B",87,2,"anybody could beat Claytie in Texas. /","anybody/NN could/MD beat/VB Claytie/NNP in/IN Texas/NNP ./.","(S (NP-SBJ (NN anybody)) (VP (MD could) (VP (VB beat) (NP (NNP Claytie)) (PP-LOC (IN in) (NP (NNP Texas))))) (. .) (-DFL- E_S))","225",289.221625,291.225375,"anybody could beat Claytie in Texas. ","anybody/NN could/MD beat/VB Claytie/NNP in/IN Texas/NNP ./."
"147","sw06utt/sw_0621_3449.utt","3/sw3449",3449,146,"sv","A",88,1,"He shot himself in the foot so many times <laughter>. /","He/PRP shot/VBD himself/PRP in/IN the/DT foot/NN so/RB many/JJ times/NNS ./.","(S (NP-SBJ (PRP He)) (VP (VBD shot) (NP (PRP himself)) (PP (IN in) (NP (DT the) (NN foot))) (NP-TMP (ADVP (RB so) (JJ many)) (NNS times))) (. .) (-DFL- E_S))","227",290.936875,293.812625,"He shot himself in the foot so many times laughter. ","He/PRP shot/VBD himself/PRP in/IN the/DT foot/NN so/RB many/JJ times/NNS ./."
"148","sw06utt/sw_0621_3449.utt","3/sw3449",3449,147,"x","B",89,1,"<Laughter>.","","(SQ (S (EDITED (RM (-DFL- \[)) (NP-SBJ (NNP Texas)) (, ,) (IP (-DFL- \+))) (NP-SBJ-1 (NNP Texas)) (RS (-DFL- \])) (VP (VBD used) (S (NP-SBJ (-NONE- *-1)) (VP (TO to) (VP (VB be) (NP-PRD (DT a) (JJ democratic) (NN state))))))) (, ,) (SQ (VBD did) (RB n't) (NP-SBJ (PRP it))) (. ?) (-DFL- E_S))","196",NA,NA,"Laughter.",""
"149","sw06utt/sw_0621_3449.utt","3/sw3449",3449,148,"qw^t","A",90,1,"How did you get on this T I thing? /","How/WRB did/VBD you/PRP get/VBP on/IN this/DT T/NNP I/NNP thing/NN ?/.","(SBARQ (WHADVP-1 (WRB How)) (SQ (VBD did) (NP-SBJ (PRP you)) (VP (VBP get) (PP (IN on) (NP (DT this) (NNP T) (NNP I) (NN thing))) (ADVP-MNR (-NONE- *T*-1)))) (. ?) (-DFL- E_S))","230",294.863,296.529,"How did you get on this T I thing? ","How/WRB did/VBD you/PRP get/VBP on/IN this/DT T/NNP I/NNP thing/NN ?/."
"150","sw06utt/sw_0621_3449.utt","3/sw3449",3449,149,"sd","B",91,1,"{F Oh, } [ I, + I ] know some of the people. /","Oh/UH ,/, I/PRP ,/, I/PRP know/VBP some/DT of/IN the/DT people/NNS ./.","(S (INTJ (UH Oh)) (, ,) (EDITED (RM (-DFL- \[)) (NP-SBJ (PRP I)) (, ,) (IP (-DFL- \+))) (NP-SBJ (PRP I)) (RS (-DFL- \])) (VP (VBP know) (NP (NP (DT some)) (PP (IN of) (NP (DT the) (NNS people))))) (. .) (-DFL- E_S))","232",297.0245,298.411875," Oh,   I,  I  know some of the people. ","Oh/UH ,/, I/PRP ,/, I/PRP know/VBP some/DT of/IN the/DT people/NNS ./."
