"","swda_filename","ptb_basename","conversation_no","transcript_index","act_tag","caller","turn_index","subutterance_index","text","pos","trees","ptb_treenumbers","start_turn","end_turn","newtext","newpos"
"1","sw01utt/sw_0191_3427.utt","3/sw3427",3427,0,"qw","A",1,1,"{D Well } what kind of car, {F uh, }  are you thinking of buying next? /","Well/UH  [ what/WP kind/NN ] of/IN  [ car/NN ] ,/,  [ uh/UH ] ,/, are/VBP  [ you/PRP ] thinking/VBG of/IN buying/VBG  [ next/RB ] ?/.","(SBARQ (INTJ (UH Well)) (WHNP-1 (WHNP (WP what) (NN kind)) (PP (IN of) (NP (NN car)))) (, ,) (INTJ (UH uh)) (, ,) (SQ (VBP are) (NP-SBJ-2 (PRP you)) (VP (VBG thinking) (PP (IN of) (S-NOM (NP-SBJ (-NONE- *-2)) (VP (VBG buying) (NP (-NONE- *T*-1)) (ADVP (RB next))))))) (. ?) (-DFL- E_S))","1",0.04625,3.076," Well  what kind of car,  uh,   are you thinking of buying next? ","Well/UH   what/WP kind/NN  of/IN   car/NN  ,/,   uh/UH  ,/, are/VBP   you/PRP  thinking/VBG of/IN buying/VBG   next/RB  ?/."
"2","sw01utt/sw_0191_3427.utt","3/sw3427",3427,1,"sd","B",2,1,"{F Uh, } more than likely, it's going to be a Chrysler. /","[ Uh/UH ] ,/, more/RBR than/IN  [ likely/JJ ] ,/,  [ it/PRP ] 's/BES going/VBG to/TO be/VB  [ a/DT Chrysler/NNP ] ./.","(S (INTJ (UH Uh)) (, ,) (ADVP (ADVP (RBR more)) (PP (IN than) (ADJP (JJ likely)))) (, ,) (NP-SBJ-1 (PRP it)) (VP (BES 's) (VP (VBG going) (S (NP-SBJ (-NONE- *-1)) (VP (TO to) (VP (VB be) (NP-PRD (DT a) (NNP Chrysler))))))) (. .) (-DFL- E_S))","3",3.555625,5.6785," Uh,  more than likely, it's going to be a Chrysler. "," Uh/UH  ,/, more/RBR than/IN   likely/JJ  ,/,   it/PRP  's/BES going/VBG to/TO be/VB   a/DT Chrysler/NNP  ./."
"3","sw01utt/sw_0191_3427.utt","3/sw3427",3427,2,"qy^g","A",3,1,"You like the Chrysler products, do you? /","[ You/PRP ] like/VBP  [ the/DT Chrysler/NNP products/NNS ] ,/, do/VBP  [ you/PRP ] ?/.","(SQ (S (NP-SBJ (PRP You)) (VP (VBP like) (NP (DT the) (NNP Chrysler) (NNS products)))) (, ,) (SQ (VBP do) (NP-SBJ (PRP you))) (. ?) (-DFL- E_S))","5",6.034625,7.9045,"You like the Chrysler products, do you? "," You/PRP  like/VBP   the/DT Chrysler/NNP products/NNS  ,/, do/VBP   you/PRP  ?/."
"4","sw01utt/sw_0191_3427.utt","3/sw3427",3427,3,"na","B",4,1,"{F Uh, } Chrysler LeBaron,  /","[ Uh/UH ] ,/,  [ Chrysler/NNP LeBaron/NNP ] ,/,","(FRAG (INTJ (UH Uh)) (, ,) (NP (NNP Chrysler) (NNP LeBaron)) (, ,) (-DFL- E_S))","7",8.041875,12.36275," Uh,  Chrysler LeBaron,  "," Uh/UH  ,/,   Chrysler/NNP LeBaron/NNP  ,/,"
"5","sw01utt/sw_0191_3427.utt","3/sw3427",3427,4,"ny","B",4,2,"yeah.  /","yeah/UH ./.","(INTJ (UH yeah) (. .) (-DFL- E_S))","8",8.041875,12.36275,"yeah.  ","yeah/UH ./."
"6","sw01utt/sw_0191_3427.utt","3/sw3427",3427,5,"sd","B",4,3,"It won't be a Ford.  /","[ It/PRP ] wo/MD n't/RB be/VB  [ a/DT Ford/NNP ] ./.","(S (NP-SBJ (PRP It)) (VP (MD wo) (RB n't) (VP (VB be) (NP-PRD (DT a) (NNP Ford)))) (. .) (-DFL- E_S))","9",8.041875,12.36275,"It won't be a Ford.  "," It/PRP  wo/MD n't/RB be/VB   a/DT Ford/NNP  ./."
"7","sw01utt/sw_0191_3427.utt","3/sw3427",3427,6,"sd","B",4,4,"I've got a Ford Mustang now,  /","[ I/PRP ] 've/VBP got/VBN  [ a/DT Ford/NNP Mustang/NNP ] now/RB ,/,","(S (NP-SBJ (PRP I)) (VP (VBP 've) (VP (VBN got) (NP (DT a) (NNP Ford) (NNP Mustang)) (ADVP-TMP (RB now)))) (, ,) (-DFL- E_S))","10",8.041875,12.36275,"I've got a Ford Mustang now,  "," I/PRP  've/VBP got/VBN   a/DT Ford/NNP Mustang/NNP  now/RB ,/,"
"8","sw01utt/sw_0191_3427.utt","3/sw3427",3427,7,"sd","B",4,5,"{C and } I hate it. /","and/CC  [ I/PRP ] hate/VBP  [ it/PRP ] ./.","(S (CC and) (NP-SBJ (PRP I)) (VP (VBP hate) (NP (PRP it))) (. .) (-DFL- E_S))","11",8.041875,12.36275," and  I hate it. ","and/CC   I/PRP  hate/VBP   it/PRP  ./."
"9","sw01utt/sw_0191_3427.utt","3/sw3427",3427,8,"bh","A",5,1,"Do you really? /","Do/VBP  [ you/PRP ] really/RB ?/.","(SQ (VBP Do) (NP-SBJ (PRP you)) (ADVP (RB really)) (. ?) (-DFL- E_S))","13",12.60875,13.253625,"Do you really? ","Do/VBP   you/PRP  really/RB ?/."
"10","sw01utt/sw_0191_3427.utt","3/sw3427",3427,9,"ny","B",6,1,"<Laughter> Yeah. /","Yeah/UH ./.","(INTJ (UH Yeah) (. .) (-DFL- E_S))","15",13.172125,13.8585,"Laughter Yeah. ","Yeah/UH ./."
"11","sw01utt/sw_0191_3427.utt","3/sw3427",3427,10,"qw","A",7,1,"What year is it? /","[ What/WP year/NN ] is/VBZ  [ it/PRP ] ?/.","(SBARQ (WHNP-1 (WP What) (NN year)) (SQ (VBZ is) (NP-SBJ (PRP it)) (NP-PRD (-NONE- *T*-1))) (. ?) (-DFL- E_S))","17",13.67175,14.577625,"What year is it? "," What/WP year/NN  is/VBZ   it/PRP  ?/."
"12","sw01utt/sw_0191_3427.utt","3/sw3427",3427,11,"sd","B",8,1,"It's a eighty-eight. /","[ It/PRP ] 's/BES  [ a/DT eighty-eight/CD ] ./.","(S (NP-SBJ (PRP It)) (VP (BES 's) (NP-PRD (DT a) (CD eighty-eight))) (. .) (-DFL- E_S))","19",14.507375,15.37225,"It's a eightyeight. "," It/PRP  's/BES   a/DT eightyeight/CD  ./."
"13","sw01utt/sw_0191_3427.utt","3/sw3427",3427,12,"qw","A",9,1,"{C And } why don't you like the Mustang? /","And/CC why/WRB do/VBP n't/RB  [ you/PRP ] like/VB  [ the/DT Mustang/NNP ] ?/.","(SBARQ (CC And) (WHADVP-1 (WRB why)) (SQ (VBP do) (RB n't) (NP-SBJ (PRP you)) (VP (VB like) (NP (DT the) (NNP Mustang)) (ADVP-PRP (-NONE- *T*-1)))) (. ?) (-DFL- E_S))","21",15.73725,17.360625," And  why don't you like the Mustang? ","And/CC why/WRB do/VBP n't/RB   you/PRP  like/VB   the/DT Mustang/NNP  ?/."
"14","sw01utt/sw_0191_3427.utt","3/sw3427",3427,13,"%","B",10,1,"It's, {F um, } - /","[ It/PRP ] 's/BES ,/, um/UH ,/,","(S (NP-SBJ (PRP It)) (VP-UNF (BES 's) (, ,) (INTJ (UH um))) (, ,) (-DFL- N_S))","23",17.374,21.424,"It's,  um,   "," It/PRP  's/BES ,/, um/UH ,/,"
"15","sw01utt/sw_0191_3427.utt","3/sw3427",3427,14,"sd","B",10,2,"I've had one problem with it after the other. /","[ I/PRP ] 've/VBP had/VBN  [ one/CD problem/NN ] with/IN  [ it/PRP ] after/IN  [ the/DT other/JJ ] ./.","(S (NP-SBJ (PRP I)) (VP (VBP 've) (VP (VBN had) (NP (NP (CD one) (NN problem)) (PP (IN with) (NP (PRP it))) (PP-TMP (IN after) (NP (DT the) (JJ other)))))) (. .) (-DFL- E_S))","24",17.374,21.424,"I've had one problem with it after the other. "," I/PRP  've/VBP had/VBN   one/CD problem/NN  with/IN   it/PRP  after/IN   the/DT other/JJ  ./."
"16","sw01utt/sw_0191_3427.utt","3/sw3427",3427,15,"ba","A",11,1,"I'll be darned. /","[ I/PRP ] 'll/MD be/VB darned/JJ ./.","(S (NP-SBJ-1 (PRP I)) (VP (MD 'll) (VP (VB be) (VP (JJ darned) (NP (-NONE- *-1))))) (. .) (-DFL- E_S))","26",21.7555,22.56125,"I'll be darned. "," I/PRP  'll/MD be/VB darned/JJ ./."
"17","sw01utt/sw_0191_3427.utt","3/sw3427",3427,16,"sd","B",12,1,"[ The pa-, +  the paints ] peeling off of it,  /","[ The/DT pa-/NN ] ,/,  [ the/DT paint/NN 's/BES ]  peeling/VBG off/IN of/IN  [ it/PRP ] ,/,","(S (EDITED (RM (-DFL- \[)) (NP-SBJ-UNF (DT The) (NN pa-)) (, ,) (IP (-DFL- \+))) (NP-SBJ (DT the) (NN paint)) (VP (BES 's) (RS (-DFL- \])) (VP (VBG peeling) (PP (IN off) (PP (IN of) (NP (PRP it)))))) (, ,) (-DFL- E_S))","28",21.424,32.7085," The pa,   the paints  peeling off of it,  "," The/DT pa/NN  ,/,   the/DT paint/NN 's/BES   peeling/VBG off/IN of/IN   it/PRP  ,/,"
"18","sw01utt/sw_0191_3427.utt","3/sw3427",3427,17,"sd@","B",12,2,"{C and } there's no reason for it, {D you know. }   *[[ Should end in a slash, not continue over to B.14, which is a response to A.13. ]]","and/CC  [ there/EX ] 's/BES  [ no/DT reason/NN ] for/IN  [ it/PRP ] ,/,  [ you/PRP ] know/VBP ./.","(S (CC and) (NP-SBJ (EX there)) (VP (BES 's) (NP-PRD (NP (DT no) (NN reason)) (PP (IN for) (NP (PRP it)))) (PRN (, ,) (S (NP-SBJ (PRP you)) (VP (VBP know))) (. .))))","29",21.424,32.7085," and  there's no reason for it,  you know.    * Should end in a slash, not continue over to B.14, which is a response to A.13. ","and/CC   there/EX  's/BES   no/DT reason/NN  for/IN   it/PRP  ,/,   you/PRP  know/VBP ./."
"19","sw01utt/sw_0191_3427.utt","3/sw3427",3427,18,"o","A",13,1,"{D Well, } you know the old sayings  about Fords, what they stand for. /","Well/UH ,/,  [ you/PRP ] know/VBP  [ the/DT old/JJ sayings/NNS ] about/IN  [ Fords/NNPS ] ,/,  [ what/WP ] [ they/PRP ] stand/VBP for/IN ./.","(S (INTJ (UH Well)) (, ,) (NP-SBJ (PRP you)) (VP (VBP know) (NP (NP (NP (DT the) (JJ old) (NNS sayings)) (PP (IN about) (NP (NNPS Fords)))) (, ,) (SBAR-NOM (WHNP-1 (WP what)) (S (NP-SBJ (PRP they)) (VP (VBP stand) (PP (IN for) (NP (-NONE- *T*-1)))))))) (. .) (-DFL- E_S))","32",26.50725,29.5215," Well,  you know the old sayings  about Fords, what they stand for. ","Well/UH ,/,   you/PRP  know/VBP   the/DT old/JJ sayings/NNS  about/IN   Fords/NNPS  ,/,   what/WP   they/PRP  stand/VBP for/IN ./."
"20","sw01utt/sw_0191_3427.utt","3/sw3427",3427,19,"+@","B",14,1,"Fix or repair daily --   *[[ Should be an indep slash unit--is an answer to A.13 and not related to B.12 utt2 ]]","Fix/VBP or/CC repair/VBP daily/RB --/:","(S (NP-SBJ (-NONE- *)) (VP (VP (VBP Fix) (CC or) (VBP repair) (ADVP-TMP (RB daily))) (CC or) (VP (VBP find) (S (NP-SBJ (PRP them)) (EDITED (RM (-DFL- \[)) (ADJP-PRD-UNF (XX re-)) (, ,) (IP (-DFL- \+))) (ADJP-PRD (NN road) (RS (-DFL- \])) (JJ dead))))) (. .) (-DFL- E_S))","30",NA,NA,"Fix or repair daily    * Should be an indep slash unitis an answer to A.13 and not related to B.12 utt2 ","Fix/VBP or/CC repair/VBP daily/RB /:"
"21","sw01utt/sw_0191_3427.utt","3/sw3427",3427,20,"aa","A",15,1,"There you go. /","There/RB  [ you/PRP ] go/VBP ./.","(S (ADVP (RB There)) (NP-SBJ (PRP you)) (VP (VBP go)) (. .) (-DFL- E_S))","35",30.609875,31.37325,"There you go. ","There/RB   you/PRP  go/VBP ./."
"22","sw01utt/sw_0191_3427.utt","3/sw3427",3427,21,"+","B",16,1,"-- or find them [ re-, +  road ] dead. /","--/: or/CC find/VBP  [ them/PRP ] [ re-/XX ] ,/,  [ road/NN ] dead/JJ ./.","(S (NP-SBJ (-NONE- *)) (VP (VP (VBP Fix) (CC or) (VBP repair) (ADVP-TMP (RB daily))) (CC or) (VP (VBP find) (S (NP-SBJ (PRP them)) (EDITED (RM (-DFL- \[)) (ADJP-PRD-UNF (XX re-)) (, ,) (IP (-DFL- \+))) (ADJP-PRD (NN road) (RS (-DFL- \])) (JJ dead))))) (. .) (-DFL- E_S))","30",NA,NA," or find them  re,   road  dead. ","/: or/CC find/VBP   them/PRP   re/XX  ,/,   road/NN  dead/JJ ./."
"23","sw01utt/sw_0191_3427.utt","3/sw3427",3427,22,"%","A",17,1,"<Laughter> {D Well, } {F uh. } -/","Well/UH ,/,  [ uh/UH ] ./.","(INTJ (INTJ (UH Well)) (, ,) (INTJ (UH uh)) (. .) (-DFL- N_S))","38",34.474,35.241625,"Laughter  Well,   uh.  ","Well/UH ,/,   uh/UH  ./."
"24","sw01utt/sw_0191_3427.utt","3/sw3427",3427,23,"%","B",18,1,"That, {F uh, } - /","[ That/DT ] ,/,  [ uh/UH ] ,/,","(S-UNF (NP-SBJ (DT That)) (, ,) (INTJ (UH uh)) (, ,) (-DFL- N_S))","40",34.25025,48.1775,"That,  uh,   "," That/DT  ,/,   uh/UH  ,/,"
"25","sw01utt/sw_0191_3427.utt","3/sw3427",3427,24,"%","B",18,2,"I, {F uh, } - /","[ I/PRP ] ,/,  [ uh/UH ] ,/,","(S-UNF (NP-SBJ (PRP I)) (, ,) (INTJ (UH uh)) (, ,) (-DFL- N_S))","41",34.25025,48.1775,"I,  uh,   "," I/PRP  ,/,   uh/UH  ,/,"
"26","sw01utt/sw_0191_3427.utt","3/sw3427",3427,25,"%","B",18,3,"it's, - /","[ it/PRP ] 's/BES ,/,","(S (NP-SBJ (PRP it)) (VP-UNF (BES 's)) (, ,) (-DFL- N_S))","42",34.25025,48.1775,"it's,  "," it/PRP  's/BES ,/,"
"27","sw01utt/sw_0191_3427.utt","3/sw3427",3427,26,"sd","B",18,4,"my electrical system shorted out {D like } two or three times,  /","[ my/PRP$ electrical/JJ system/NN ] shorted/VBD out/RP like/UH  [ two/CD ] or/CC  [ three/CD times/NNS ] ,/,","(S (NP-SBJ (PRP$ my) (JJ electrical) (NN system)) (VP (VBD shorted) (PRT (RP out)) (NP-TMP (QP (UH like) (CD two) (CC or) (CD three)) (NNS times))) (, ,) (-DFL- E_S))","43",34.25025,48.1775,"my electrical system shorted out  like  two or three times,  "," my/PRP$ electrical/JJ system/NN  shorted/VBD out/RP like/UH   two/CD  or/CC   three/CD times/NNS  ,/,"
"28","sw01utt/sw_0191_3427.utt","3/sw3427",3427,27,"sd","B",18,5,"{C and } it's been torn up since April,  /","and/CC  [ it/PRP ] 's/HVS been/VBN torn/VBN up/RP since/IN  [ April/NNP ] ,/,","(S (CC and) (NP-SBJ-1 (PRP it)) (VP (HVS 's) (VP (VBN been) (VP (VBN torn) (NP (-NONE- *-1)) (PRT (RP up)) (PP-TMP (IN since) (NP (NNP April)))))) (, ,) (-DFL- E_S))","44",34.25025,48.1775," and  it's been torn up since April,  ","and/CC   it/PRP  's/HVS been/VBN torn/VBN up/RP since/IN   April/NNP  ,/,"
"29","sw01utt/sw_0191_3427.utt","3/sw3427",3427,28,"sd","B",18,6,"[ {C and } +  [ I, + ] {C and } ] luckily, everything was under warranty,  /","and/CC  [ I/PRP ] ,/, and/CC luckily/RB ,/,  [ everything/NN ] was/VBD under/IN  [ warranty/NN ] ,/,","(S (EDITED (RM (-DFL- \[)) (CC and) (IP (-DFL- \+))) (EDITED (RM (-DFL- \[)) (NP-SBJ (PRP I)) (, ,) (IP (-DFL- \+)) (RS (-DFL- \]))) (CC and) (RS (-DFL- \])) (ADVP (RB luckily)) (, ,) (NP-SBJ (NN everything)) (VP (VBD was) (PP-PRD (IN under) (NP (NN warranty)))) (, ,) (-DFL- E_S))","45",34.25025,48.1775,"  and     I,    and   luckily, everything was under warranty,  ","and/CC   I/PRP  ,/, and/CC luckily/RB ,/,   everything/NN  was/VBD under/IN   warranty/NN  ,/,"
"30","sw01utt/sw_0191_3427.utt","3/sw3427",3427,29,"sd","B",18,7,"{C so } it's only costing  {D like } a hundred and forty dollars to get it fixed.  /","so/RB  [ it/PRP ] 's/BES only/RB costing/VBG like/UH  [ a/DT hundred/CD ] and/CC  [ forty/CD dollars/NNS ] to/TO get/VB  [ it/PRP ] fixed/JJ ./.","(S (RB so) (NP-SBJ (PRP it)) (VP (BES 's) (ADVP (RB only)) (VP (VBG costing) (INTJ (UH like)) (NP (QP (DT a) (CD hundred) (CC and) (CD forty)) (NNS dollars)) (S-PRP (NP-SBJ (-NONE- *)) (VP (TO to) (VP (VB get) (S (NP-SBJ-1 (PRP it)) (VP (JJ fixed) (NP (-NONE- *-1))))))))) (. .) (-DFL- E_S))","46",34.25025,48.1775," so  it's only costing   like  a hundred and forty dollars to get it fixed.  ","so/RB   it/PRP  's/BES only/RB costing/VBG like/UH   a/DT hundred/CD  and/CC   forty/CD dollars/NNS  to/TO get/VB   it/PRP  fixed/JJ ./."
"31","sw01utt/sw_0191_3427.utt","3/sw3427",3427,30,"sd","B",18,8,"It would have been {D like } two thousand <laughter>. /","[ It/PRP ] would/MD have/VB been/VBN like/UH  [ two/CD thousand/CD ] ./.","(S (NP-SBJ (PRP It)) (VP (MD would) (VP (VB have) (VP (VBN been) (INTJ (UH like)) (NP-PRD (QP (CD two) (CD thousand)))))) (. .) (-DFL- E_S))","47",34.25025,48.1775,"It would have been  like  two thousand laughter. "," It/PRP  would/MD have/VB been/VBN like/UH   two/CD thousand/CD  ./."
"32","sw01utt/sw_0191_3427.utt","3/sw3427",3427,31,"sd","A",19,1,"{D Well, } [ we've always, + {F uh, } we've always ]  had Oldsmobiles, and, {F uh, } been very, {F uh, } happy with Oldsmobiles,  /","Well/UH ,/,  [ we/PRP ] 've/VBP always/RB ,/,  [ uh/UH ] ,/,  [ we/PRP ] 've/VBP always/RB had/VBN  [ Oldsmobiles/NNPS ] ,/, and/CC ,/,  [ uh/UH ] ,/, been/VBN very/RB ,/,  [ uh/UH ] ,/,  [ happy/JJ ] with/IN  [ Oldsmobiles/NNPS ] ,/,","(S (INTJ (UH Well)) (, ,) (EDITED (RM (-DFL- \[)) (S (NP-SBJ (PRP we)) (VP-UNF (VBP 've) (ADVP-TMP (RB always)))) (, ,) (IP (-DFL- \+))) (INTJ (UH uh)) (, ,) (NP-SBJ (PRP we)) (VP (VBP 've) (ADVP-TMP (RB always)) (RS (-DFL- \])) (VP (VP (VBN had) (NP (NNPS Oldsmobiles))) (, ,) (CC and) (, ,) (INTJ (UH uh)) (, ,) (VP (VBN been) (ADJP-PRD (RB very) (, ,) (INTJ (UH uh)) (, ,) (JJ happy) (PP (IN with) (NP (NNPS Oldsmobiles))))))) (, ,) (-DFL- E_S))","49",48.78875,68.50775," Well,   we've always,   uh,  we've always   had Oldsmobiles, and,  uh,  been very,  uh,  happy with Oldsmobiles,  ","Well/UH ,/,   we/PRP  've/VBP always/RB ,/,   uh/UH  ,/,   we/PRP  've/VBP always/RB had/VBN   Oldsmobiles/NNPS  ,/, and/CC ,/,   uh/UH  ,/, been/VBN very/RB ,/,   uh/UH  ,/,   happy/JJ  with/IN   Oldsmobiles/NNPS  ,/,"
"33","sw01utt/sw_0191_3427.utt","3/sw3427",3427,32,"sd","A",19,2,"{C but, }  {F uh, } my wife thought she wanted to get a Ford Mustang  /","but/CC ,/,  [ uh/UH ] ,/,  [ my/PRP$ wife/NN ] thought/VBD  [ she/PRP ] wanted/VBD to/TO get/VB  [ a/DT Ford/NNP Mustang/NNP ]","(S (CC but) (, ,) (INTJ (UH uh)) (, ,) (NP-SBJ (PRP$ my) (NN wife)) (VP (VBD thought) (SBAR (-NONE- 0) (S (NP-SBJ-1 (PRP she)) (VP (VBD wanted) (S (NP-SBJ (-NONE- *-1)) (VP (TO to) (VP (VB get) (NP (DT a) (NNP Ford) (NNP Mustang))))))))) (-DFL- E_S))","50",48.78875,68.50775," but,    uh,  my wife thought she wanted to get a Ford Mustang  ","but/CC ,/,   uh/UH  ,/,   my/PRP$ wife/NN  thought/VBD   she/PRP  wanted/VBD to/TO get/VB   a/DT Ford/NNP Mustang/NNP "
"34","sw01utt/sw_0191_3427.utt","3/sw3427",3427,33,"sd","A",19,3,"{C and then } she kind of changed her mind  and thinks her next car ought to be one of those, {F uh, } Mitsubishi Eclipses.  /","and/CC then/RB  [ she/PRP ] [ kind/RB ] of/RB  [ changed/VBD her/PRP$ mind/NN ] and/CC thinks/VBZ  [ her/PRP next/JJ car/NN ] ought/MD to/TO be/VB  [ one/CD ] of/IN  [ those/DT ] ,/,  [ uh/UH ] ,/,  [ Mitsubishi/NNP Eclipses/NNPS ] ./.","(S (CONJP (CC and) (RB then)) (NP-SBJ (PRP she)) (VP (VP (ADVP (RB kind) (RB of)) (VBD changed) (NP (PRP$ her) (NN mind))) (CC and) (VP (VBZ thinks) (SBAR (-NONE- 0) (S (NP-SBJ-1 (PRP her) (JJ next) (NN car)) (VP (MD ought) (S (NP-SBJ (-NONE- *-1)) (VP (TO to) (VP (VB be) (NP-PRD (NP (CD one)) (PP (IN of) (NP (DT those) (, ,) (INTJ (UH uh)) (, ,) (NNP Mitsubishi) (NNPS Eclipses)))))))))))) (. .) (-DFL- E_S))","51",48.78875,68.50775," and then  she kind of changed her mind  and thinks her next car ought to be one of those,  uh,  Mitsubishi Eclipses.  ","and/CC then/RB   she/PRP   kind/RB  of/RB   changed/VBD her/PRP$ mind/NN  and/CC thinks/VBZ   her/PRP next/JJ car/NN  ought/MD to/TO be/VB   one/CD  of/IN   those/DT  ,/,   uh/UH  ,/,   Mitsubishi/NNP Eclipses/NNPS  ./."
"35","sw01utt/sw_0191_3427.utt","3/sw3427",3427,34,"sd","A",19,4,"[ She real-, +","[ She/PRP ] [ real-/RB ] ,/,","(S (EDITED (RM (-DFL- \[)) (S (NP-SBJ (PRP She)) (ADVP-UNF (RB real-))) (, ,) (IP (-DFL- \+))) (NP-SBJ (PRP She)) (RS (-DFL- \])) (EDITED (RM (-DFL- \[)) (VP-UNF (VBZ likes)) (, ,) (IP (-DFL- \+))) (INTJ (UH uh)) (, ,) (VP (VBZ likes) (RS (-DFL- \])) (NP (DT those))) (. .) (-DFL- E_S))","52",48.78875,68.50775," She real, "," She/PRP   real/RB  ,/,"
"36","sw01utt/sw_0191_3427.utt","3/sw3427",3427,35,"sv","B",20,1,"[ Those, +  those ] are nice cars. /","[ Those/DT ] ,/,  [ those/DT ] are/VBP  [ nice/JJ cars/NNS ] ./.","(S (EDITED (RM (-DFL- \[)) (NP-SBJ (DT Those)) (, ,) (IP (-DFL- \+))) (NP-SBJ (DT those)) (RS (-DFL- \])) (VP (VBP are) (NP-PRD (JJ nice) (NNS cars))) (. .) (-DFL- E_S))","54",65.249875,66.589875," Those,   those  are nice cars. "," Those/DT  ,/,   those/DT  are/VBP   nice/JJ cars/NNS  ./."
"37","sw01utt/sw_0191_3427.utt","3/sw3427",3427,36,"+","A",21,1,"She ] [ likes, +  {F uh, } likes ] those.  /","[ She/PRP ] likes/VBZ ,/,  [ uh/UH ] ,/, likes/VBZ  [ those/DT ] ./.","(S (EDITED (RM (-DFL- \[)) (S (NP-SBJ (PRP She)) (ADVP-UNF (RB real-))) (, ,) (IP (-DFL- \+))) (NP-SBJ (PRP She)) (RS (-DFL- \])) (EDITED (RM (-DFL- \[)) (VP-UNF (VBZ likes)) (, ,) (IP (-DFL- \+))) (INTJ (UH uh)) (, ,) (VP (VBZ likes) (RS (-DFL- \])) (NP (DT those))) (. .) (-DFL- E_S))","52",68.60775,77.703875,"She   likes,    uh,  likes  those.  "," She/PRP  likes/VBZ ,/,   uh/UH  ,/, likes/VBZ   those/DT  ./."
"38","sw01utt/sw_0191_3427.utt","3/sw3427",3427,37,"sd","A",21,2,"She has a sister that lives in, {F uh, } Phoenix that has one and, {F uh, } really, {F uh, } enjoys it.  /","[ She/PRP ] has/VBZ  [ a/DT sister/NN ] [ that/WDT ] lives/VBZ in/IN ,/,  [ uh/UH ] ,/,  [ Phoenix/NNP ] [ that/WDT ] has/VBZ  [ one/CD ] and/CC ,/,  [ uh/UH ] ,/, really/RB ,/,  [ uh/UH ] ,/, enjoys/VBZ  [ it/PRP ] ./.","(S (NP-SBJ (PRP She)) (VP (VBZ has) (NP (NP (DT a) (NN sister)) (SBAR (WHNP-1 (WDT that)) (S (NP-SBJ (-NONE- *T*-1)) (VP (VBZ lives) (PP-LOC (IN in) (, ,) (INTJ (UH uh)) (, ,) (NP (NNP Phoenix)))))) (SBAR (WHNP-2 (WDT that)) (S (NP-SBJ (-NONE- *T*-2)) (VP (VP (VBZ has) (NP (CD one))) (CC and) (, ,) (INTJ (UH uh)) (, ,) (VP (ADVP (RB really)) (, ,) (INTJ (UH uh)) (, ,) (VBZ enjoys) (NP (PRP it)))))))) (. .) (-DFL- E_S))","56",68.60775,77.703875,"She has a sister that lives in,  uh,  Phoenix that has one and,  uh,  really,  uh,  enjoys it.  "," She/PRP  has/VBZ   a/DT sister/NN   that/WDT  lives/VBZ in/IN ,/,   uh/UH  ,/,   Phoenix/NNP   that/WDT  has/VBZ   one/CD  and/CC ,/,   uh/UH  ,/, really/RB ,/,   uh/UH  ,/, enjoys/VBZ   it/PRP  ./."
"39","sw01utt/sw_0191_3427.utt","3/sw3427",3427,38,"qw","A",21,3,"{D Well, } [ what, +  {F uh, } what ] things do you consider when you buy a car? /","Well/UH ,/,  [ what/WP ] ,/,  [ uh/UH ] ,/,  [ what/WP things/NNS ] do/VBP  [ you/PRP ] consider/VB when/WRB  [ you/PRP ] buy/VBP  [ a/DT car/NN ] ?/.","(SBARQ (INTJ (UH Well)) (, ,) (EDITED (RM (-DFL- \[)) (WHNP (WP what)) (, ,) (IP (-DFL- \+))) (INTJ (UH uh)) (, ,) (WHNP-1 (WP what) (RS (-DFL- \])) (NNS things)) (SQ (VBP do) (NP-SBJ (PRP you)) (VP (VB consider) (NP (-NONE- *T*-1)) (SBAR-TMP (WHADVP-2 (WRB when)) (S (NP-SBJ (PRP you)) (VP (VBP buy) (NP (DT a) (NN car)) (ADVP-TMP (-NONE- *T*-2))))))) (. ?) (-DFL- E_S))","57",68.60775,77.703875," Well,   what,    uh,  what  things do you consider when you buy a car? ","Well/UH ,/,   what/WP  ,/,   uh/UH  ,/,   what/WP things/NNS  do/VBP   you/PRP  consider/VB when/WRB   you/PRP  buy/VBP   a/DT car/NN  ?/."
"40","sw01utt/sw_0191_3427.utt","3/sw3427",3427,39,"sd","B",22,1,"{F Um, } the gas mileage for one thing,  /","Um/UH ,/,  [ the/DT gas/NN mileage/NN ] for/IN  [ one/CD thing/NN ] ,/,","(FRAG (INTJ (UH Um)) (, ,) (NP (DT the) (NN gas) (NN mileage)) (PP (IN for) (NP (CD one) (NN thing))) (, ,) (-DFL- E_S))","59",78.173375,88.175," Um,  the gas mileage for one thing,  ","Um/UH ,/,   the/DT gas/NN mileage/NN  for/IN   one/CD thing/NN  ,/,"
"41","sw01utt/sw_0191_3427.utt","3/sw3427",3427,40,"sd","B",22,2,"{C and } [ [ I've, +  I've, ] +  I've ] always had {D like } stick shift.  /","and/CC  [ I/PRP ] 've/VBP ,/,  [ I/PRP ] 've/VBP ,/,  [ I/PRP ] 've/VBP always/RB had/VBN like/UH  [ stick/NN shift/NN ] ./.","(S (CC and) (EDITED (RM (-DFL- \[)) (EDITED (RM (-DFL- \[)) (S (NP-SBJ (PRP I)) (VP-UNF (VBP 've))) (, ,) (IP (-DFL- \+))) (S (NP-SBJ (PRP I)) (VP-UNF (VBP 've))) (, ,) (RS (-DFL- \])) (IP (-DFL- \+))) (NP-SBJ (PRP I)) (VP (VBP 've) (RS (-DFL- \])) (ADVP-TMP (RB always)) (VP (VBN had) (INTJ (UH like)) (NP (NN stick) (NN shift)))) (. .) (-DFL- E_S))","60",78.173375,88.175," and    I've,   I've,    I've  always had  like  stick shift.  ","and/CC   I/PRP  've/VBP ,/,   I/PRP  've/VBP ,/,   I/PRP  've/VBP always/RB had/VBN like/UH   stick/NN shift/NN  ./."
"42","sw01utt/sw_0191_3427.utt","3/sw3427",3427,41,"sd","B",22,3,"[ I want to, + the next car I get I want it to ] be automatic. /","[ I/PRP ] want/VBP to/IN ,/,  [ the/DT next/JJ car/NN ] [ I/PRP ] get/VBP  [ I/PRP ] want/VBP  [ it/PRP ] to/TO be/VB automatic/JJ ./.","(S (EDITED (RM (-DFL- \[)) (S (NP-SBJ-1 (PRP I)) (VP (VBP want) (S (NP-SBJ (-NONE- *-1)) (VP-UNF (IN to))))) (, ,) (IP (-DFL- \+))) (NP-TPC (NP (DT the) (JJ next) (NN car)) (SBAR (WHNP-2 (-NONE- 0)) (S (NP-SBJ (PRP I)) (VP (VBP get) (NP (-NONE- *T*-2)))))) (NP-SBJ (PRP I)) (VP (VBP want) (S (NP-SBJ (PRP it)) (VP (TO to) (RS (-DFL- \])) (VP (VB be) (ADJP-PRD (JJ automatic)))))) (. .) (-DFL- E_S))","61",78.173375,88.175," I want to,  the next car I get I want it to  be automatic. "," I/PRP  want/VBP to/IN ,/,   the/DT next/JJ car/NN   I/PRP  get/VBP   I/PRP  want/VBP   it/PRP  to/TO be/VB automatic/JJ ./."
"43","sw01utt/sw_0191_3427.utt","3/sw3427",3427,42,"bk","A",23,1,"I see. /","[ I/PRP ] see/VBP ./.","(S (NP-SBJ (PRP I)) (VP (VBP see)) (. .) (-DFL- E_S))","63",88.59775,89.431,"I see. "," I/PRP  see/VBP ./."
"44","sw01utt/sw_0191_3427.utt","3/sw3427",3427,43,"sd","B",24,1,"[ [ I, +  {F uh, } I, ] +  I ]  hate driving anyway,  /","[ I/PRP ] ,/,  [ uh/UH ] ,/,  [ I/PRP ] ,/,  [ I/PRP ] hate/VBP driving/VBG anyway/RB ,/,","(S (EDITED (RM (-DFL- \[)) (EDITED (RM (-DFL- \[)) (NP-SBJ (PRP I)) (, ,) (IP (-DFL- \+))) (INTJ (UH uh)) (, ,) (NP-SBJ (PRP I)) (, ,) (RS (-DFL- \])) (IP (-DFL- \+))) (NP-SBJ (PRP I)) (RS (-DFL- \])) (VP (VBP hate) (NP (VBG driving)) (ADVP (RB anyway))) (, ,) (-DFL- E_S))","65",88.175,98.29425,"  I,    uh,  I,    I   hate driving anyway,  "," I/PRP  ,/,   uh/UH  ,/,   I/PRP  ,/,   I/PRP  hate/VBP driving/VBG anyway/RB ,/,"
"45","sw01utt/sw_0191_3427.utt","3/sw3427",3427,44,"sd","B",24,2,"[ {C and } then, +  {C and } ] changing gears at stop lights and stuff is really getting on my nerves now. /","and/CC then/RB ,/, and/CC  [ changing/VBG gears/NNS ] at/IN  [ stop/NN lights/NNS ] and/CC  [ stuff/NN ] is/VBZ really/RB getting/VBG on/IN  [ my/PRP$ nerves/NNS ] now/RB ./.","(S (EDITED (RM (-DFL- \[)) (CONJP (CC and) (RB then)) (, ,) (IP (-DFL- \+))) (CC and) (RS (-DFL- \])) (S-NOM-SBJ (NP-SBJ (-NONE- *)) (VP (VP (VBG changing) (NP (NNS gears)) (PP-LOC (IN at) (NP (NN stop) (NNS lights)))) (CC and) (NP-ETC (NN stuff)))) (VP (VBZ is) (ADVP (RB really)) (VP (VBG getting) (PP (IN on) (NP (PRP$ my) (NNS nerves))) (ADVP-TMP (RB now)))) (. .) (-DFL- E_S))","66",88.175,98.29425,"  and  then,    and   changing gears at stop lights and stuff is really getting on my nerves now. ","and/CC then/RB ,/, and/CC   changing/VBG gears/NNS  at/IN   stop/NN lights/NNS  and/CC   stuff/NN  is/VBZ really/RB getting/VBG on/IN   my/PRP$ nerves/NNS  now/RB ./."
"46","sw01utt/sw_0191_3427.utt","3/sw3427",3427,45,"aa","A",25,1,"Yeah,  /","Yeah/UH ,/,","(INTJ (UH Yeah) (, ,) (-DFL- E_S))","68",98.402875,103.962625,"Yeah,  ","Yeah/UH ,/,"
"47","sw01utt/sw_0191_3427.utt","3/sw3427",3427,46,"sv","A",25,2,"especially when you're in high traffic areas --","especially/RB when/WRB  [ you/PRP ] 're/VBP in/IN  [ high/JJ traffic/NN areas/NNS ] --/:","(SBAR-TMP (ADVP (RB especially)) (WHADVP-2 (WRB when)) (S (NP-SBJ-1 (PRP you)) (VP (VP (VBP 're) (PP-LOC-PRD (IN in) (NP (JJ high) (NN traffic) (NNS areas)))) (CC and) (VP (VB have) (S (NP-SBJ (-NONE- *-1)) (VP (TO to) (VP (VB mess) (PP (IN with) (NP (DT that)))))) (NP-TMP (PDT all) (DT the) (NN time))) (ADVP-TMP (-NONE- *T*-2)))) (. .) (-DFL- N_S))","69",98.402875,103.962625,"especially when you're in high traffic areas ","especially/RB when/WRB   you/PRP  're/VBP in/IN   high/JJ traffic/NN areas/NNS  /:"
"48","sw01utt/sw_0191_3427.utt","3/sw3427",3427,47,"b","B",26,1,"Yeah. /","Yeah/UH ./.","(INTJ (UH Yeah) (. .) (-DFL- E_S))","71",102.2975,102.6485,"Yeah. ","Yeah/UH ./."
"49","sw01utt/sw_0191_3427.utt","3/sw3427",3427,48,"+","A",27,1,"-- and have to mess with that all the time. -/","--/: and/CC have/VB to/TO mess/VB with/IN that/DT  [ all/PDT the/DT time/NN ] ./.","(SBAR-TMP (ADVP (RB especially)) (WHADVP-2 (WRB when)) (S (NP-SBJ-1 (PRP you)) (VP (VP (VBP 're) (PP-LOC-PRD (IN in) (NP (JJ high) (NN traffic) (NNS areas)))) (CC and) (VP (VB have) (S (NP-SBJ (-NONE- *-1)) (VP (TO to) (VP (VB mess) (PP (IN with) (NP (DT that)))))) (NP-TMP (PDT all) (DT the) (NN time))) (ADVP-TMP (-NONE- *T*-2)))) (. .) (-DFL- N_S))","69",NA,NA," and have to mess with that all the time. ","/: and/CC have/VB to/TO mess/VB with/IN that/DT   all/PDT the/DT time/NN  ./."
"50","sw01utt/sw_0191_3427.utt","3/sw3427",3427,49,"sd","B",28,1,"{C And, } {D you know, } when you work  nine to five, or eight to five, and you're in rush hour traffic to and from work, unfortunately. /","And/CC ,/,  [ you/PRP ] know/VBP ,/, when/WRB  [ you/PRP ] work/VBP  [ nine/CD ] to/IN  [ five/CD ] ,/, or/CC  [ eight/CD ] to/IN  [ five/CD ] ,/, and/CC  [ you/PRP ] 're/VBP in/IN  [ rush/NN hour/NN traffic/NN ] to/IN and/CC from/IN  [ work/NN ] ,/, unfortunately/RB ./.","(FRAG (CC And) (PRN (, ,) (S (NP-SBJ (PRP you)) (VP (VBP know))) (, ,)) (SBAR-TMP (WHADVP-1 (WRB when)) (S (S (NP-SBJ (PRP you)) (VP (VBP work) (NP-TMP (NP (NP (CD nine)) (PP (IN to) (NP (CD five)))) (, ,) (CC or) (NP (NP (CD eight)) (PP (IN to) (NP (CD five))))) (ADVP-TMP (-NONE- *T*-1)))) (, ,) (CC and) (S (NP-SBJ (PRP you)) (VP (VBP 're) (PP-LOC-PRD (IN in) (NP (NN rush) (NN hour) (NN traffic))) (PP (IN to) (CC and) (IN from) (NP (NN work))) (, ,) (ADVP (RB unfortunately)) (ADVP-TMP (-NONE- *T*-1)))))) (. .) (-DFL- E_S))","74",104.343875,111.11925," And,   you know,  when you work  nine to five, or eight to five, and you're in rush hour traffic to and from work, unfortunately. ","And/CC ,/,   you/PRP  know/VBP ,/, when/WRB   you/PRP  work/VBP   nine/CD  to/IN   five/CD  ,/, or/CC   eight/CD  to/IN   five/CD  ,/, and/CC   you/PRP  're/VBP in/IN   rush/NN hour/NN traffic/NN  to/IN and/CC from/IN   work/NN  ,/, unfortunately/RB ./."
"51","sw01utt/sw_0191_3427.utt","3/sw3427",3427,50,"bf","A",29,1,"That makes it very frustrating. /","[ That/DT ] makes/VBZ  [ it/PRP ] very/RB frustrating/JJ ./.","(S (NP-SBJ (DT That)) (VP (VBZ makes) (S (NP-SBJ (PRP it)) (ADJP-PRD (RB very) (JJ frustrating)))) (. .) (-DFL- E_S))","76",111.776625,113.507125,"That makes it very frustrating. "," That/DT  makes/VBZ   it/PRP  very/RB frustrating/JJ ./."
"52","sw01utt/sw_0191_3427.utt","3/sw3427",3427,51,"sd","B",30,1,"{C And } I look, - /","And/CC  [ I/PRP ] look/VBP ,/,","(S (CC And) (NP-SBJ (PRP I)) (VP-UNF (VBP look)) (, ,) (-DFL- N_S))","78",113.76025,131.162125," And  I look,  ","And/CC   I/PRP  look/VBP ,/,"
"53","sw01utt/sw_0191_3427.utt","3/sw3427",3427,52,"sd","B",30,2,"{C and } one of the  things with Chrysler right now [ is, +  is ] [ their, +  the ] warranties that they have,  /","and/CC  [ one/CD ] of/IN  [ the/DT things/NNS ] with/IN  [ Chrysler/NNP ] right/RB now/RB is/VBZ ,/, is/VBZ their/PRP$ ,/,  [ the/DT warranties/NNS ] that/WDT  [ they/PRP ] have/VBP ,/,","(S (CC and) (NP-SBJ (NP (CD one)) (PP (IN of) (NP (NP (DT the) (NNS things)) (PP (IN with) (NP (NNP Chrysler)))))) (ADVP-TMP (RB right) (RB now)) (EDITED (RM (-DFL- \[)) (VP-UNF (VBZ is)) (, ,) (IP (-DFL- \+))) (VP (VBZ is) (RS (-DFL- \])) (EDITED (RM (-DFL- \[)) (NP-PRD-UNF (PRP$ their)) (, ,) (IP (-DFL- \+))) (NP-PRD (NP (DT the) (RS (-DFL- \])) (NNS warranties)) (SBAR (WHNP-1 (WDT that)) (S (NP-SBJ (PRP they)) (VP (VBP have) (NP (-NONE- *T*-1))))))) (, ,) (-DFL- E_S))","79",113.76025,131.162125," and  one of the  things with Chrysler right now  is,   is   their,   the  warranties that they have,  ","and/CC   one/CD  of/IN   the/DT things/NNS  with/IN   Chrysler/NNP  right/RB now/RB is/VBZ ,/, is/VBZ their/PRP$ ,/,   the/DT warranties/NNS  that/WDT   they/PRP  have/VBP ,/,"
"54","sw01utt/sw_0191_3427.utt","3/sw3427",3427,53,"%","B",30,3,"{C and } [ I, +  I ]  feel like their, - /","and/CC  [ I/PRP ] ,/,  [ I/PRP ] feel/VBP like/IN  [ their/PRP$ ] ,/,","(S (CC and) (EDITED (RM (-DFL- \[)) (NP-SBJ (PRP I)) (, ,) (IP (-DFL- \+))) (NP-SBJ (PRP I)) (RS (-DFL- \])) (VP (VBP feel) (SBAR (IN like) (S (NP-SBJ-UNF (PRP$ their))))) (, ,) (-DFL- N_S))","80",113.76025,131.162125," and   I,   I   feel like their,  ","and/CC   I/PRP  ,/,   I/PRP  feel/VBP like/IN   their/PRP$  ,/,"
"55","sw01utt/sw_0191_3427.utt","3/sw3427",3427,54,"sd","B",30,4,"everybody I've talked to that owns one, [ [ has, +  has, ] +  has ]  been real pleased with it,  /","[ everybody/NN ] [ I/PRP ] 've/VBP talked/VBN to/IN  [ that/WDT ] owns/VBZ  [ one/CD ] ,/, has/VBZ ,/, has/VBZ ,/, has/VBZ been/VBN real/RB pleased/JJ with/IN  [ it/PRP ] ,/,","(S (NP-SBJ (NP (NN everybody)) (SBAR (WHNP-1 (-NONE- 0)) (S (NP-SBJ (PRP I)) (VP (VBP 've) (VP (VBN talked) (PP (IN to) (NP (-NONE- *T*-1))))))) (SBAR (WHNP-2 (WDT that)) (S (NP-SBJ (-NONE- *T*-2)) (VP (VBZ owns) (NP (CD one)))))) (, ,) (EDITED (RM (-DFL- \[)) (EDITED (RM (-DFL- \[)) (VP-UNF (VBZ has)) (, ,) (IP (-DFL- \+))) (VP-UNF (VBZ has)) (, ,) (RS (-DFL- \])) (IP (-DFL- \+))) (VP (VBZ has) (RS (-DFL- \])) (VP (VBN been) (ADJP-PRD (RB real) (JJ pleased) (PP (IN with) (NP (PRP it)))))) (, ,) (-DFL- E_S))","81",113.76025,131.162125,"everybody I've talked to that owns one,   has,   has,    has   been real pleased with it,  "," everybody/NN   I/PRP  've/VBP talked/VBN to/IN   that/WDT  owns/VBZ   one/CD  ,/, has/VBZ ,/, has/VBZ ,/, has/VBZ been/VBN real/RB pleased/JJ with/IN   it/PRP  ,/,"
"56","sw01utt/sw_0191_3427.utt","3/sw3427",3427,55,"sd","B",30,5,"{C and } I like [ the, +  the ] driver's air bag,  /","and/CC  [ I/PRP ] like/VBP  [ the/DT ] ,/,  [ the/DT driver/NN 's/POS air/NN bag/NN ] ,/,","(S (CC and) (NP-SBJ (PRP I)) (VP (VBP like) (EDITED (RM (-DFL- \[)) (NP-UNF (DT the)) (, ,) (IP (-DFL- \+))) (NP (DT the) (RS (-DFL- \])) (NP (NN driver) (POS 's)) (NN air) (NN bag))) (, ,) (-DFL- E_S))","82",113.76025,131.162125," and  I like  the,   the  driver's air bag,  ","and/CC   I/PRP  like/VBP   the/DT  ,/,   the/DT driver/NN 's/POS air/NN bag/NN  ,/,"
"57","sw01utt/sw_0191_3427.utt","3/sw3427",3427,56,"sd","B",30,6,"I like that. /","[ I/PRP ] like/VBP  [ that/DT ] ./.","(S (NP-SBJ (PRP I)) (VP (VBP like) (NP (DT that))) (. .) (-DFL- E_S))","83",113.76025,131.162125,"I like that. "," I/PRP  like/VBP   that/DT  ./."
"58","sw01utt/sw_0191_3427.utt","3/sw3427",3427,57,"qy^d","A",31,1,"Now this is a LeBaron? /","Now/RB  [ this/DT ] is/VBZ  [ a/DT LeBaron/NNP ] ?/.","(S (INTJ (RB Now)) (NP-SBJ (DT this)) (VP (VBZ is) (NP-PRD (DT a) (NNP LeBaron))) (. ?) (-DFL- E_S))","85",131.818875,133.0705,"Now this is a LeBaron? ","Now/RB   this/DT  is/VBZ   a/DT LeBaron/NNP  ?/."
"59","sw01utt/sw_0191_3427.utt","3/sw3427",3427,58,"ny","B",32,1,"{F Uh, } yeah,  /","[ Uh/UH ] ,/, yeah/UH ,/,","(INTJ (INTJ (UH Uh)) (, ,) (INTJ (UH yeah)) (, ,) (-DFL- E_S))","87",133.06125,137.729625," Uh,  yeah,  "," Uh/UH  ,/, yeah/UH ,/,"
"60","sw01utt/sw_0191_3427.utt","3/sw3427",3427,59,"sd^e","B",32,2,"{D well } all Chrysler  products has it in there,  /","well/UH  [ all/DT Chrysler/NNP products/NNS ] has/VBZ  [ it/PRP ] in/IN there/RB ,/,","(S (INTJ (UH well)) (NP-SBJ (DT all) (NNP Chrysler) (NNS products)) (VP (VBZ has) (NP (PRP it)) (PP-LOC (IN in) (ADVP (RB there)))) (, ,) (-DFL- E_S))","88",133.06125,137.729625," well  all Chrysler  products has it in there,  ","well/UH   all/DT Chrysler/NNP products/NNS  has/VBZ   it/PRP  in/IN there/RB ,/,"
"61","sw01utt/sw_0191_3427.utt","3/sw3427",3427,60,"sd","B",32,3,"{C but } LeBaron would be the next car I get,  /","but/CC  [ LeBaron/NNP ] would/MD be/VB  [ the/DT next/JJ car/NN ] [ I/PRP ] get/VBP ,/,","(S (CC but) (NP-SBJ (NNP LeBaron)) (VP (MD would) (VP (VB be) (NP-PRD (NP (DT the) (JJ next) (NN car)) (SBAR (WHNP-1 (-NONE- 0)) (S (NP-SBJ (PRP I)) (VP (VBP get) (NP (-NONE- *T*-1)))))))) (, ,) (-DFL- E_S))","89",133.06125,137.729625," but  LeBaron would be the next car I get,  ","but/CC   LeBaron/NNP  would/MD be/VB   the/DT next/JJ car/NN   I/PRP  get/VBP ,/,"
"62","sw01utt/sw_0191_3427.utt","3/sw3427",3427,61,"%","B",32,4,"yeah. /","yeah/UH ./.","(INTJ (UH yeah) (. .) (-DFL- E_S))","90",133.06125,137.729625,"yeah. ","yeah/UH ./."
"63","sw01utt/sw_0191_3427.utt","3/sw3427",3427,62,"sd","A",33,1,"I sure like [ the, +  {F uh, } [ convertible, + ]  those ] rag top LeBarons,  /","[ I/PRP ] sure/RB like/VBP  [ the/DT ] ,/,  [ uh/UH ] ,/,  [ convertible/JJ ] ,/,  [ those/DT ] rag/NN  [ top/NN LeBarons/NNPS ] ,/,","(S (NP-SBJ (PRP I)) (ADVP (RB sure)) (VP (VBP like) (EDITED (RM (-DFL- \[)) (NP-UNF (DT the) (, ,) (IP (-DFL- \+)) (INTJ (UH uh)) (, ,) (RM (-DFL- \[)) (JJ convertible)) (, ,) (IP (-DFL- \+)) (RS (-DFL- \]))) (NP (DT those) (RS (-DFL- \])) (NN rag) (NN top) (NNPS LeBarons))) (, ,) (-DFL- E_S))","92",137.635625,142.50175,"I sure like  the,    uh,   convertible,    those  rag top LeBarons,  "," I/PRP  sure/RB like/VBP   the/DT  ,/,   uh/UH  ,/,   convertible/JJ  ,/,   those/DT  rag/NN   top/NN LeBarons/NNPS  ,/,"
"64","sw01utt/sw_0191_3427.utt","3/sw3427",3427,63,"sv","A",33,2,"they really look sporty. /","[ they/PRP ] really/RB look/VBP  [ sporty/JJ ] ./.","(S (NP-SBJ (PRP they)) (ADVP (RB really)) (VP (VBP look) (ADJP-PRD (JJ sporty))) (. .) (-DFL- E_S))","93",137.635625,142.50175,"they really look sporty. "," they/PRP  really/RB look/VBP   sporty/JJ  ./."
"65","sw01utt/sw_0191_3427.utt","3/sw3427",3427,64,"aa","B",34,1,"Yeah,  /","Yeah/UH ,/,","(INTJ (UH Yeah) (, ,) (-DFL- E_S))","68",141.911,147.641,"Yeah,  ","Yeah/UH ,/,"
"66","sw01utt/sw_0191_3427.utt","3/sw3427",3427,65,"aa","B",34,2,"yeah,  /","yeah/UH ,/,","(INTJ (UH yeah) (, ,) (-DFL- E_S))","96",141.911,147.641,"yeah,  ","yeah/UH ,/,"
"67","sw01utt/sw_0191_3427.utt","3/sw3427",3427,66,"sd","B",34,3,"[ I like, +  I like ]  that too, {F huh, }  /","[ I/PRP ] like/VBP ,/,  [ I/PRP ] like/VBP that/DT too/RB ,/, huh/UH ,/,","(S (EDITED (RM (-DFL- \[)) (S (NP-SBJ (PRP I)) (VP-UNF (VBP like))) (, ,) (IP (-DFL- \+))) (NP-SBJ (PRP I)) (VP (VBP like) (RS (-DFL- \])) (NP (DT that)) (ADVP (RB too)) (, ,) (INTJ (UH huh))) (, ,) (-DFL- E_S))","97",141.911,147.641," I like,   I like   that too,  huh,   "," I/PRP  like/VBP ,/,   I/PRP  like/VBP that/DT too/RB ,/, huh/UH ,/,"
"68","sw01utt/sw_0191_3427.utt","3/sw3427",3427,67,"sd","B",34,4,"{C but, }  {F uh, }  [ I, +  I ] couldn't afford the insurance on one of those <laughter>. /","but/CC ,/,  [ uh/UH ] ,/,  [ I/PRP ] ,/,  [ I/PRP ] could/MD n't/RB afford/VB  [ the/DT insurance/NN ] on/IN  [ one/CD ] of/IN  [ those/DT ] ./.","(S (CC but) (, ,) (INTJ (UH uh)) (, ,) (EDITED (RM (-DFL- \[)) (NP-SBJ (PRP I)) (, ,) (IP (-DFL- \+))) (NP-SBJ (PRP I)) (RS (-DFL- \])) (VP (MD could) (RB n't) (VP (VB afford) (NP (NP (DT the) (NN insurance)) (PP (IN on) (NP (NP (CD one)) (PP (IN of) (NP (DT those)))))))) (. .) (-DFL- E_S))","98",141.911,147.641," but,    uh,    I,   I  couldn't afford the insurance on one of those laughter. ","but/CC ,/,   uh/UH  ,/,   I/PRP  ,/,   I/PRP  could/MD n't/RB afford/VB   the/DT insurance/NN  on/IN   one/CD  of/IN   those/DT  ./."
"69","sw01utt/sw_0191_3427.utt","3/sw3427",3427,68,"sd","A",35,1,"<Laughter> {D Well, } {F uh, } we always, - /","Well/RB ,/UH  [ uh/UH ] ,/,  [ we/PRP ] always/RB ,/,","(S-UNF (INTJ (RB Well)) (UH ,) (INTJ (UH uh)) (, ,) (NP-SBJ (PRP we)) (ADVP-TMP (RB always)) (, ,) (-DFL- N_S))","100",149.9735,161.733875,"Laughter  Well,   uh,  we always,  ","Well/RB ,/UH   uh/UH  ,/,   we/PRP  always/RB ,/,"
"70","sw01utt/sw_0191_3427.utt","3/sw3427",3427,69,"sd","A",35,2,"this last Oldsmobile we bought, {F uh, } it's an eighty-seven,  /","[ this/DT last/JJ Oldsmobile/NNP ] [ we/PRP ] bought/VBD ,/,  [ uh/UH ] ,/,  [ it/PRP ] 's/BES  [ an/DT eighty-seven/CD ] ,/,","(S (NP-TPC (NP (DT this) (JJ last) (NNP Oldsmobile)) (SBAR (WHNP-1 (-NONE- 0)) (S (NP-SBJ (PRP we)) (VP (VBD bought) (NP (-NONE- *T*-1)))))) (, ,) (INTJ (UH uh)) (, ,) (NP-SBJ (PRP it)) (VP (BES 's) (NP-PRD (DT an) (CD eighty-seven))) (, ,) (-DFL- E_S))","101",149.9735,161.733875,"this last Oldsmobile we bought,  uh,  it's an eightyseven,  "," this/DT last/JJ Oldsmobile/NNP   we/PRP  bought/VBD ,/,   uh/UH  ,/,   it/PRP  's/BES   an/DT eightyseven/CD  ,/,"
"71","sw01utt/sw_0191_3427.utt","3/sw3427",3427,70,"sd","A",35,3,"{C but } we bought it in eighty-eight,  {D you know, } right at the end of the year when they were trying to get rid of them -- /","but/CC  [ we/PRP ] bought/VBD  [ it/PRP ] in/IN  [ eighty-eight/CD ] ,/,  [ you/PRP ] know/VBP ,/, right/RB at/IN  [ the/DT end/NN ] of/IN  [ the/DT year/NN ] when/WRB  [ they/PRP ] were/VBD trying/VBG to/TO get/VB  [ rid/VBN ] of/IN  [ them/PRP ] --/:","(S (CC but) (NP-SBJ (PRP we)) (VP (VBD bought) (NP (PRP it)) (PP-TMP (IN in) (NP (CD eighty-eight))) (PRN (, ,) (S (NP-SBJ (PRP you)) (VP (VBP know))) (, ,)) (PP-TMP (ADVP (RB right)) (IN at) (NP (NP (DT the) (NN end)) (PP (IN of) (NP (DT the) (NN year))) (SBAR (WHADVP-3 (WRB when)) (S (NP-SBJ-1 (PRP they)) (VP (VBD were) (VP (VBG trying) (S (NP-SBJ-2 (-NONE- *-1)) (VP (TO to) (VP (VB get) (VP (VBN rid) (NP (-NONE- *-2)) (PP (IN of) (NP (PRP them))))))) (ADVP-TMP (-NONE- *T*-3))))))))) (-DFL- E_S))","102",149.9735,161.733875," but  we bought it in eightyeight,   you know,  right at the end of the year when they were trying to get rid of them  ","but/CC   we/PRP  bought/VBD   it/PRP  in/IN   eightyeight/CD  ,/,   you/PRP  know/VBP ,/, right/RB at/IN   the/DT end/NN  of/IN   the/DT year/NN  when/WRB   they/PRP  were/VBD trying/VBG to/TO get/VB   rid/VBN  of/IN   them/PRP  /:"
"72","sw01utt/sw_0191_3427.utt","3/sw3427",3427,71,"b","B",36,1,"Yeah. /","Yeah/UH ./.","(INTJ (UH Yeah) (. .) (-DFL- E_S))","71",161.89475,162.3605,"Yeah. ","Yeah/UH ./."
"73","sw01utt/sw_0191_3427.utt","3/sw3427",3427,72,"sd","A",37,1,"-- {C and, }  {F uh, } [ we found that, +   {F uh, } we found ] a real good interest rate,  /","--/: and/CC ,/,  [ uh/UH ] ,/,  [ we/PRP ] found/VBD  [ that/DT ] ,/,  [ uh/UH ] ,/,  [ we/PRP ] found/VBD  [ a/DT real/RB good/JJ interest/NN rate/NN ] ,/,","(S (CC and) (, ,) (INTJ (UH uh)) (, ,) (EDITED (RM (-DFL- \[)) (S (NP-SBJ (PRP we)) (VP (VBD found) (SBAR-UNF (DT that)))) (, ,) (IP (-DFL- \+))) (INTJ (UH uh)) (, ,) (NP-SBJ (PRP we)) (VP (VBD found) (RS (-DFL- \])) (NP (DT a) (ADJP (RB real) (JJ good)) (NN interest) (NN rate))) (, ,) (-DFL- E_S))","106",162.276375,191.018,"  and,    uh,   we found that,     uh,  we found  a real good interest rate,  ","/: and/CC ,/,   uh/UH  ,/,   we/PRP  found/VBD   that/DT  ,/,   uh/UH  ,/,   we/PRP  found/VBD   a/DT real/RB good/JJ interest/NN rate/NN  ,/,"
"74","sw01utt/sw_0191_3427.utt","3/sw3427",3427,73,"sd","A",37,2,"{D you know, } when they're trying to get rid of those cars at the end of the year like  that, they really come down on their prices  /","[ you/PRP ] know/VBP ,/, when/WRB  [ they/PRP ] 're/VBP trying/VBG to/TO get/VB  [ rid/VBN ] of/IN  [ those/DT cars/NNS ] at/IN  [ the/DT end/NN ] of/IN  [ the/DT year/NN ] like/IN  [ that/DT ] ,/,  [ they/PRP ] really/RB come/VBP down/RP on/IN  [ their/PRP$ prices/NNS ]","(S (PRN (S (NP-SBJ (PRP you)) (VP (VBP know))) (, ,)) (SBAR-TMP (WHADVP-3 (WRB when)) (S (NP-SBJ-1 (PRP they)) (VP (VBP 're) (VP (VBG trying) (S (NP-SBJ-2 (-NONE- *-1)) (VP (TO to) (VP (VB get) (VP (VBN rid) (NP (-NONE- *-2)) (PP (IN of) (NP (DT those) (NNS cars))))))) (PP-TMP (IN at) (NP (NP (DT the) (NN end)) (PP (IN of) (NP (DT the) (NN year))))) (PP (IN like) (NP (DT that))) (ADVP-MNR (-NONE- *T*-3)))))) (, ,) (NP-SBJ (PRP they)) (ADVP (RB really)) (VP (VBP come) (ADVP (RP down)) (PP (IN on) (NP (PRP$ their) (NNS prices)))) (-DFL- E_S))","107",162.276375,191.018," you know,  when they're trying to get rid of those cars at the end of the year like  that, they really come down on their prices  "," you/PRP  know/VBP ,/, when/WRB   they/PRP  're/VBP trying/VBG to/TO get/VB   rid/VBN  of/IN   those/DT cars/NNS  at/IN   the/DT end/NN  of/IN   the/DT year/NN  like/IN   that/DT  ,/,   they/PRP  really/RB come/VBP down/RP on/IN   their/PRP$ prices/NNS "
"75","sw01utt/sw_0191_3427.utt","3/sw3427",3427,74,"sd","A",37,3,"{C and, }  {F uh, } {F uh, } {D you know, } we looked around at used cars,  /","and/CC ,/,  [ uh/UH ] ,/,  [ uh/UH ] ,/,  [ you/PRP ] know/VBP ,/,  [ we/PRP ] looked/VBD around/RB at/IN  [ used/VBN cars/NNS ] ,/,","(S (CC and) (, ,) (INTJ (UH uh)) (, ,) (INTJ (UH uh)) (PRN (, ,) (S (NP-SBJ (PRP you)) (VP (VBP know))) (, ,)) (NP-SBJ (PRP we)) (VP (VBD looked) (ADVP (RB around)) (PP (IN at) (NP (VBN used) (NNS cars)))) (, ,) (-DFL- E_S))","108",162.276375,191.018," and,    uh,   uh,   you know,  we looked around at used cars,  ","and/CC ,/,   uh/UH  ,/,   uh/UH  ,/,   you/PRP  know/VBP ,/,   we/PRP  looked/VBD around/RB at/IN   used/VBN cars/NNS  ,/,"
"76","sw01utt/sw_0191_3427.utt","3/sw3427",3427,75,"sd","A",37,4,"{C and } we really couldn't,  {F uh, } afford the payments on a used car,  /","and/CC  [ we/PRP ] really/RB could/MD n't/RB ,/,  [ uh/UH ] ,/, afford/VB  [ the/DT payments/NNS ] on/IN  [ a/DT used/JJ car/NN ] ,/,","(S (CC and) (NP-SBJ (PRP we)) (ADVP (RB really)) (VP (MD could) (RB n't) (, ,) (INTJ (UH uh)) (, ,) (VP (VB afford) (NP (NP (DT the) (NNS payments)) (PP (IN on) (NP (DT a) (JJ used) (NN car)))))) (, ,) (-DFL- E_S))","109",162.276375,191.018," and  we really couldn't,   uh,  afford the payments on a used car,  ","and/CC   we/PRP  really/RB could/MD n't/RB ,/,   uh/UH  ,/, afford/VB   the/DT payments/NNS  on/IN   a/DT used/JJ car/NN  ,/,"
"77","sw01utt/sw_0191_3427.utt","3/sw3427",3427,76,"sd","A",37,5,"{C because, } {F uh, } if you go to the bank and try to get a loan, they want to charge twelve, thirteen percent, {D you know, }  /","because/RB ,/,  [ uh/UH ] ,/, if/IN  [ you/PRP ] go/VBP to/IN  [ the/DT bank/NN ] and/CC try/VBP to/TO get/VB  [ a/DT loan/NN ] ,/,  [ they/PRP ] want/VBP to/TO charge/VB  [ twelve/CD ] ,/,  [ thirteen/CD percent/NN ] ,/,  [ you/PRP ] know/VBP ,/,","(SBAR-PRP (RB because) (, ,) (INTJ (UH uh)) (, ,) (S (SBAR-ADV (IN if) (S (NP-SBJ-1 (PRP you)) (VP (VP (VBP go) (PP-DIR (IN to) (NP (DT the) (NN bank)))) (CC and) (VP (VBP try) (S (NP-SBJ (-NONE- *-1)) (VP (TO to) (VP (VB get) (NP (DT a) (NN loan))))))))) (, ,) (NP-SBJ-2 (PRP they)) (VP (VBP want) (S (NP-SBJ (-NONE- *-2)) (VP (TO to) (VP (VB charge) (NP (QP (CD twelve) (, ,) (CD thirteen)) (NN percent))))) (PRN (, ,) (S (NP-SBJ (PRP you)) (VP (VBP know)))))) (, ,) (-DFL- E_S))","110",162.276375,191.018," because,   uh,  if you go to the bank and try to get a loan, they want to charge twelve, thirteen percent,  you know,   ","because/RB ,/,   uh/UH  ,/, if/IN   you/PRP  go/VBP to/IN   the/DT bank/NN  and/CC try/VBP to/TO get/VB   a/DT loan/NN  ,/,   they/PRP  want/VBP to/TO charge/VB   twelve/CD  ,/,   thirteen/CD percent/NN  ,/,   you/PRP  know/VBP ,/,"
"78","sw01utt/sw_0191_3427.utt","3/sw3427",3427,77,"sd","A",37,6,"{C and } we ended up, I think, with {D like }  a four and a half percent interest rate on a  brand new car, and the payments. /","and/CC  [ we/PRP ] ended/VBD up/RP ,/,  [ I/PRP ] think/VBP ,/, with/IN like/IN  [ a/DT four/CD ] and/CC  [ a/DT half/DT percent/NN interest/NN rate/NN ] on/IN  [ a/DT brand/GW new/^JJ car/NN ]  ,/, and/CC  [ the/DT payments/NNS ] ./.","(S (CC and) (NP-SBJ (PRP we)) (VP (VBD ended) (PRT (RP up)) (PRN (, ,) (S (NP-SBJ (PRP I)) (VP (VBP think))) (, ,)) (PP (IN with) (INTJ (UH like)) (NP (NP (NP (DT a) (ADJP (QP (CD four) (CC and) (DT a) (DT half)) (NN percent)) (NN interest) (NN rate)) (PP (IN on) (NP (DT a) (ADJP (GW brand) (^JJ new)) (NN car)))) (, ,) (CC and) (NP (DT the) (NNS payments))))) (. .) (-DFL- E_S))","111",162.276375,191.018," and  we ended up, I think, with  like   a four and a half percent interest rate on a  brand new car, and the payments. ","and/CC   we/PRP  ended/VBD up/RP ,/,   I/PRP  think/VBP ,/, with/IN like/IN   a/DT four/CD  and/CC   a/DT half/DT percent/NN interest/NN rate/NN  on/IN   a/DT brand/GW new/^JJ car/NN   ,/, and/CC   the/DT payments/NNS  ./."
"79","sw01utt/sw_0191_3427.utt","3/sw3427",3427,78,"sd","B",38,1,"{D Well, } that's what I'm paying on mine now.  /","Well/UH ,/,  [ that/DT ] 's/BES  [ what/WP ] [ I/PRP ] 'm/VBP paying/VBG on/IN  [ mine/PRP ] now/RB ./.","(S (INTJ (UH Well)) (, ,) (NP-SBJ (DT that)) (VP (BES 's) (SBAR-NOM-PRD (WHNP-1 (WP what)) (S (NP-SBJ (PRP I)) (VP (VBP 'm) (VP (VBG paying) (NP (-NONE- *T*-1)) (PP (IN on) (NP (PRP mine))) (ADVP-TMP (RB now))))))) (. .) (-DFL- E_S))","113",190.371625,216.580875," Well,  that's what I'm paying on mine now.  ","Well/UH ,/,   that/DT  's/BES   what/WP   I/PRP  'm/VBP paying/VBG on/IN   mine/PRP  now/RB ./."
"80","sw01utt/sw_0191_3427.utt","3/sw3427",3427,79,"sd","B",38,2,"I had to get {D like } a first time, - /","[ I/PRP ] had/VBD to/TO get/VB like/UH  [ a/DT first/JJ time/NN ] ,/,","(S (NP-SBJ-1 (PRP I)) (VP (VBD had) (S (NP-SBJ (-NONE- *-1)) (VP (TO to) (VP (VB get) (INTJ (UH like)) (NP-UNF (DT a) (JJ first) (NN time)))))) (, ,) (-DFL- N_S))","114",190.371625,216.580875,"I had to get  like  a first time,  "," I/PRP  had/VBD to/TO get/VB like/UH   a/DT first/JJ time/NN  ,/,"
"81","sw01utt/sw_0191_3427.utt","3/sw3427",3427,80,"sd","B",38,3,"my dad's always cosigned [ on, +  on ] [ my, +  my ]  loans, or whatever,  /","[ my/PRP$ dad/NN ] 's/HVS always/RB cosigned/VBN on/IN ,/, on/IN  [ my/PRP$ ] ,/,  [ my/PRP$ loans/NNS ] ,/, or/CC  [ whatever/WDT ] ,/,","(S (NP-SBJ (PRP$ my) (NN dad)) (VP (HVS 's) (ADVP-TMP (RB always)) (VP (VBN cosigned) (EDITED (RM (-DFL- \[)) (PP-UNF (IN on)) (, ,) (IP (-DFL- \+))) (PP (IN on) (RS (-DFL- \])) (EDITED (RM (-DFL- \[)) (NP-UNF (PRP$ my)) (, ,) (IP (-DFL- \+))) (NP (PRP$ my) (RS (-DFL- \])) (NNS loans) (, ,) (CC or) (WDT whatever))))) (, ,) (-DFL- E_S))","115",190.371625,216.580875,"my dad's always cosigned  on,   on   my,   my   loans, or whatever,  "," my/PRP$ dad/NN  's/HVS always/RB cosigned/VBN on/IN ,/, on/IN   my/PRP$  ,/,   my/PRP$ loans/NNS  ,/, or/CC   whatever/WDT  ,/,"
"82","sw01utt/sw_0191_3427.utt","3/sw3427",3427,81,"sd","B",38,4,"{C and } this is one, when I bought,  /","and/CC  [ this/DT ] is/VBZ  [ one/CD ] ,/, when/WRB  [ I/PRP ] bought/VBD ,/,","(S (CC and) (NP-SBJ (DT this)) (VP (VBZ is) (NP-PRD-UNF (CD one))) (, ,))|||(SBAR-TMP (WHADVP (WRB when)) (S (NP-SBJ (PRP I)) (VP-UNF (VBD bought))) (, ,) (-DFL- E_S))","116|||117",190.371625,216.580875," and  this is one, when I bought,  ","and/CC   this/DT  is/VBZ   one/CD  ,/, when/WRB   I/PRP  bought/VBD ,/,"
"83","sw01utt/sw_0191_3427.utt","3/sw3427",3427,82,"sd","B",38,5,"I got my Mustang this time [ was + ]  by myself, because I got on my own, or whatever,  /","[ I/PRP ] got/VBD  [ my/PRP$ Mustang/NNP ] [ this/DT time/NN ] was/VBD by/IN  [ myself/PRP ] ,/, because/IN  [ I/PRP ] got/VBD on/IN  [ my/PRP$ own/JJ ] ,/, or/CC  [ whatever/WDT ] ,/,","(S (NP-SBJ (PRP I)) (VP (VBD got) (NP (PRP$ my) (NNP Mustang)) (NP-TMP (DT this) (NN time)) (EDITED (RM (-DFL- \[)) (VP-UNF (VBD was)) (IP (-DFL- \+)) (RS (-DFL- \]))) (PP (IN by) (NP (PRP myself))) (, ,) (SBAR-PRP (IN because) (S (NP-SBJ (PRP I)) (VP (VP (VBD got) (PP (IN on) (NP (PRP$ my) (JJ own)))) (, ,) (CC or) (NP-ETC (WDT whatever)))))) (, ,) (-DFL- E_S))","118",190.371625,216.580875,"I got my Mustang this time  was    by myself, because I got on my own, or whatever,  "," I/PRP  got/VBD   my/PRP$ Mustang/NNP   this/DT time/NN  was/VBD by/IN   myself/PRP  ,/, because/IN   I/PRP  got/VBD on/IN   my/PRP$ own/JJ  ,/, or/CC   whatever/WDT  ,/,"
"84","sw01utt/sw_0191_3427.utt","3/sw3427",3427,83,"sd","B",38,6,"{C and, }  {F um, } I had said, - /","and/CC ,/, um/UH ,/,  [ I/PRP ] had/VBD said/VBN ,/,","(S (CC and) (, ,) (INTJ (UH um)) (, ,) (NP-SBJ (PRP I)) (VP (VBD had) (VP-UNF (VBN said))) (, ,) (-DFL- N_S))","119",190.371625,216.580875," and,    um,  I had said,  ","and/CC ,/, um/UH ,/,   I/PRP  had/VBD said/VBN ,/,"
"85","sw01utt/sw_0191_3427.utt","3/sw3427",3427,84,"sd","B",38,7,"[ they, +  they ] said it had to be {D like } a first time buyer's car or whatever,  /","[ they/PRP ] ,/,  [ they/PRP ] said/VBD  [ it/PRP ] had/VBD to/TO be/VB like/UH  [ a/DT first/JJ time/NN buyer/NN 's/POS car/NN ] or/CC  [ whatever/WP ] ,/,","(S (EDITED (RM (-DFL- \[)) (NP-SBJ (PRP they)) (, ,) (IP (-DFL- \+))) (NP-SBJ (PRP they)) (RS (-DFL- \])) (VP (VBD said) (SBAR (-NONE- 0) (S (NP-SBJ-1 (PRP it)) (VP (VBD had) (S (NP-SBJ (-NONE- *-1)) (VP (TO to) (VP (VB be) (INTJ (UH like)) (NP-PRD (NP (NP (DT a) (JJ first) (NN time) (NN buyer) (POS 's)) (NN car)) (CC or) (NP (WP whatever)))))))))) (, ,) (-DFL- E_S))","120",190.371625,216.580875," they,   they  said it had to be  like  a first time buyer's car or whatever,  "," they/PRP  ,/,   they/PRP  said/VBD   it/PRP  had/VBD to/TO be/VB like/UH   a/DT first/JJ time/NN buyer/NN 's/POS car/NN  or/CC   whatever/WP  ,/,"
"86","sw01utt/sw_0191_3427.utt","3/sw3427",3427,85,"sd","B",38,8,"{C and } they're charging me unreasonable  ((   )) interest,  /","and/CC  [ they/PRP ] 're/VBP charging/VBG  [ me/PRP unreasonable/JJ MUMBLEx/XX interest/NN ] ,/,","(S (CC and) (NP-SBJ (PRP they)) (VP (VBP 're) (VP (VBG charging) (NP (PRP me)) (NP (JJ unreasonable) (X (XX MUMBLEx)) (NN interest)))) (, ,) (-DFL- E_S))","121",190.371625,216.580875," and  they're charging me unreasonable      interest,  ","and/CC   they/PRP  're/VBP charging/VBG   me/PRP unreasonable/JJ MUMBLEx/XX interest/NN  ,/,"
"87","sw01utt/sw_0191_3427.utt","3/sw3427",3427,86,"sd","B",38,9,"{C but } <inhaling> I've got  eight more payments  /","but/CC  [ I/PRP ] 've/VBP got/VBN  [ eight/CD more/JJR payments/NNS ]","(S (CC but) (NP-SBJ (PRP I)) (VP (VBP 've) (VP (VBN got) (NP (ADJP (CD eight) (JJR more)) (NNS payments)))) (-DFL- E_S))","122",190.371625,216.580875," but  inhaling I've got  eight more payments  ","but/CC   I/PRP  've/VBP got/VBN   eight/CD more/JJR payments/NNS "
"88","sw01utt/sw_0191_3427.utt","3/sw3427",3427,87,"sd","B",38,10,"{C and } it's paid for. /","and/CC  [ it/PRP ] 's/HVS paid/VBN for/IN ./.","(S (CC and) (NP-SBJ-1 (PRP it)) (VP (HVS 's) (VP (VBN paid) (PP (IN for) (NP (-NONE- *-1))))) (. .) (-DFL- E_S))","123",190.371625,216.580875," and  it's paid for. ","and/CC   it/PRP  's/HVS paid/VBN for/IN ./."
"89","sw01utt/sw_0191_3427.utt","3/sw3427",3427,88,"ba","A",39,1,"{D Well, } that's great. /","Well/RB ,/,  [ that/DT ] 's/BES great/JJ ./.","(S (INTJ (RB Well)) (, ,) (NP-SBJ (DT that)) (VP (BES 's) (ADJP-PRD (JJ great))) (. .) (-DFL- E_S))","125",216.337,217.28225," Well,  that's great. ","Well/RB ,/,   that/DT  's/BES great/JJ ./."
"90","sw01utt/sw_0191_3427.utt","3/sw3427",3427,89,"sd","B",40,1,"{C But } [ I got it when, + I got it when ]  the eighty-eights first came out,  /","But/CC  [ I/PRP ] got/VBD  [ it/PRP ] when/WRB ,/,  [ I/PRP ] got/VBD  [ it/PRP ] when/WRB  [ the/DT eighty-eights/NNS ] first/RB came/VBD out/RB ,/,","(S (CC But) (EDITED (RM (-DFL- \[)) (S (NP-SBJ (PRP I)) (VP (VBD got) (NP (PRP it)) (SBAR-TMP-UNF (WHADVP (WRB when))))) (, ,) (IP (-DFL- \+))) (NP-SBJ (PRP I)) (VP (VBD got) (NP (PRP it)) (SBAR-TMP (WHADVP-1 (WRB when)) (RS (-DFL- \])) (S (NP-SBJ (DT the) (NNS eighty-eights)) (ADVP (RB first)) (VP (VBD came) (ADVP (RB out)) (ADVP-TMP (-NONE- *T*-1)))))) (, ,) (-DFL- E_S))","127",217.247375,253.760375," But   I got it when,  I got it when   the eightyeights first came out,  ","But/CC   I/PRP  got/VBD   it/PRP  when/WRB ,/,   I/PRP  got/VBD   it/PRP  when/WRB   the/DT eightyeights/NNS  first/RB came/VBD out/RB ,/,"
"91","sw01utt/sw_0191_3427.utt","3/sw3427",3427,90,"sd","B",40,2,"[ [ it's a, +  it's, ] +  it's a ] good car, {E I mean, }   I got in eighty-seven, I guess, in {D like } November or something like that,  /","[ it/PRP ] 's/BES  [ a/DT ] ,/,  [ it/PRP ] 's/BES ,/,  [ it/PRP ] 's/BES  [ a/DT good/JJ car/NN ] ,/,  [ I/PRP ] mean/VBP ,/,  [ I/PRP ] got/VBD in/IN  [ eighty-seven/CD ] ,/,  [ I/PRP ] guess/VBP ,/, in/IN  [ like/UH November/NNP ] or/CC  [ something/NN ] like/IN  [ that/DT ] ,/,","(S (EDITED (RM (-DFL- \[)) (EDITED (RM (-DFL- \[)) (S (NP-SBJ (PRP it)) (VP (BES 's) (NP-PRD-UNF (DT a)))) (, ,) (IP (-DFL- \+))) (S (NP-SBJ (PRP it)) (VP-UNF (BES 's))) (, ,) (RS (-DFL- \])) (IP (-DFL- \+))) (NP-SBJ (PRP it)) (VP (BES 's) (NP-PRD (DT a) (RS (-DFL- \])) (JJ good) (NN car))))|||(S (PRN (, ,) (S (NP-SBJ (PRP I)) (VP (VBP mean))) (, ,)) (NP-SBJ (PRP I)) (X (VP (VBD got) (PP-TMP (IN in) (NP (CD eighty-seven)) (PRN (, ,) (S (NP-SBJ (PRP I)) (VP (VBP guess))))) (, ,) (PP-TMP (IN in) (INTJ (UH like)) (NP (NP (NNP November)) (CC or) (NP (NP (NN something)) (PP (IN like) (NP (DT that)))))))) (, ,) (-DFL- E_S))","128|||129",217.247375,253.760375,"  it's a,   it's,    it's a  good car,  I mean,    I got in eightyseven, I guess, in  like  November or something like that,  "," it/PRP  's/BES   a/DT  ,/,   it/PRP  's/BES ,/,   it/PRP  's/BES   a/DT good/JJ car/NN  ,/,   I/PRP  mean/VBP ,/,   I/PRP  got/VBD in/IN   eightyseven/CD  ,/,   I/PRP  guess/VBP ,/, in/IN   like/UH November/NNP  or/CC   something/NN  like/IN   that/DT  ,/,"
"92","sw01utt/sw_0191_3427.utt","3/sw3427",3427,91,"%","B",40,3,"{C and. } -/","and/CC ./.","(S-UNF (CC and) (. .) (-DFL- N_S))","130",217.247375,253.760375," and.  ","and/CC ./."
"93","sw01utt/sw_0191_3427.utt","3/sw3427",3427,92,"b","A",41,1,"Uh-huh.  /","[ Uh-huh/UH ] ./.","(INTJ (UH Uh-huh) (. .) (-DFL- E_S))","132",229.491875,253.343375,"Uhhuh.  "," Uhhuh/UH  ./."
"94","sw01utt/sw_0191_3427.utt","3/sw3427",3427,93,"sd","A",41,2,"{D Well, } when our kids were younger we really wanted a two door.  /","Well/UH ,/, when/WRB  [ our/PRP$ kids/NNS ] were/VBD younger/JJR  [ we/PRP ] really/RB wanted/VBD  [ a/DT two/CD door/NN ] ./.","(S (INTJ (UH Well)) (, ,) (SBAR-TMP (WHADVP-1 (WRB when)) (S (NP-SBJ (PRP$ our) (NNS kids)) (VP (VBD were) (ADJP-PRD (JJR younger)) (ADVP-TMP (-NONE- *T*-1))))) (NP-SBJ (PRP we)) (ADVP (RB really)) (VP (VBD wanted) (NP (DT a) (ADJP (CD two) (NN door)))) (. .) (-DFL- E_S))","133",229.491875,253.343375," Well,  when our kids were younger we really wanted a two door.  ","Well/UH ,/, when/WRB   our/PRP$ kids/NNS  were/VBD younger/JJR   we/PRP  really/RB wanted/VBD   a/DT two/CD door/NN  ./."
"95","sw01utt/sw_0191_3427.utt","3/sw3427",3427,94,"sd","A",41,3,"Our first car was an Oldsmobile back in seventy-seven.  /","[ Our/PRP$ first/JJ car/NN ] was/VBD  [ an/DT Oldsmobile/NNP back/RB ] in/IN  [ seventy-seven/CD ] ./.","(S (NP-SBJ (PRP$ Our) (JJ first) (NN car)) (VP (VBD was) (NP-PRD (DT an) (NNP Oldsmobile)) (PP-TMP (ADVP (RB back)) (IN in) (NP (CD seventy-seven)))) (. .) (-DFL- E_S))","134",229.491875,253.343375,"Our first car was an Oldsmobile back in seventyseven.  "," Our/PRP$ first/JJ car/NN  was/VBD   an/DT Oldsmobile/NNP back/RB  in/IN   seventyseven/CD  ./."
"96","sw01utt/sw_0191_3427.utt","3/sw3427",3427,95,"sd","A",41,4,"It was a two door Cutlass Supreme,  /","[ It/PRP ] was/VBD  [ a/DT two/CD door/NN Cutlass/NNP Supreme/NNP ] ,/,","(S (NP-SBJ (PRP It)) (VP (VBD was) (NP-PRD (DT a) (ADJP (CD two) (NN door)) (NNP Cutlass) (NNP Supreme))) (, ,) (-DFL- E_S))","135",229.491875,253.343375,"It was a two door Cutlass Supreme,  "," It/PRP  was/VBD   a/DT two/CD door/NN Cutlass/NNP Supreme/NNP  ,/,"
"97","sw01utt/sw_0191_3427.utt","3/sw3427",3427,96,"sd","A",41,5,"{C and, }  {F uh, } it just happened  that when we looked for [ our, +  our ] new car, they had a thing going with Oldsmobile  /","and/CC ,/,  [ uh/UH ] ,/,  [ it/PRP ] just/RB happened/VBD that/IN when/WRB  [ we/PRP ] looked/VBD for/IN  [ our/PRP$ ] ,/,  [ our/PRP$ new/JJ car/NN ] ,/,  [ they/PRP ] had/VBD  [ a/DT thing/NN ] going/VBG with/IN  [ Oldsmobile/NNP ]","(S (CC and) (, ,) (INTJ (UH uh)) (, ,) (NP-SBJ (NP (PRP it)) (SBAR (-NONE- *EXP*-2))) (ADVP (RB just)) (VP (VBD happened) (SBAR-2 (IN that) (S (SBAR-TMP (WHADVP-1 (WRB when)) (S (NP-SBJ (PRP we)) (VP (VBD looked) (PP (IN for) (EDITED (RM (-DFL- \[)) (NP-UNF (PRP$ our)) (, ,) (IP (-DFL- \+))) (NP (PRP$ our) (RS (-DFL- \])) (JJ new) (NN car))) (ADVP-TMP (-NONE- *T*-1))))) (, ,) (NP-SBJ (PRP they)) (VP (VBD had) (NP (NP (DT a) (NN thing)) (VP (VBG going) (PP (IN with) (NP (NNP Oldsmobile))))))))) (-DFL- E_S))","136",229.491875,253.343375," and,    uh,  it just happened  that when we looked for  our,   our  new car, they had a thing going with Oldsmobile  ","and/CC ,/,   uh/UH  ,/,   it/PRP  just/RB happened/VBD that/IN when/WRB   we/PRP  looked/VBD for/IN   our/PRP$  ,/,   our/PRP$ new/JJ car/NN  ,/,   they/PRP  had/VBD   a/DT thing/NN  going/VBG with/IN   Oldsmobile/NNP "
"98","sw01utt/sw_0191_3427.utt","3/sw3427",3427,97,"sd","A",41,6,"{C and } if you'd buy [ a, +  a ] new Oldsmobile they'd give you four hundred rebate,  because it was their seventy-fifth anniversary. /","and/CC if/IN  [ you/PRP ] 'd/MD buy/VB  [ a/DT ] ,/,  [ a/DT new/JJ Oldsmobile/NNP they/PRP ] 'd/MD give/VB  [ you/PRP ] [ four/CD hundred/CD rebate/NN ] ,/, because/IN  [ it/PRP ] was/VBD  [ their/PRP$ seventy-fifth/JJ anniversary/NN ] ./.","(S (CC and) (SBAR-ADV (IN if) (S (NP-SBJ (PRP you)) (VP (MD 'd) (VP (VB buy) (EDITED (RM (-DFL- \[)) (NP-UNF (DT a)) (, ,) (IP (-DFL- \+))) (NP (DT a) (RS (-DFL- \])) (JJ new) (NNP Oldsmobile)))))) (NP-SBJ (PRP they)) (VP (MD 'd) (VP (VB give) (NP (PRP you)) (NP (X (QP (CD four) (CD hundred))) (NN rebate)) (, ,) (SBAR-PRP (IN because) (S (NP-SBJ (PRP it)) (VP (VBD was) (NP-PRD (PRP$ their) (JJ seventy-fifth) (NN anniversary))))))) (. .) (-DFL- E_S))","137",229.491875,253.343375," and  if you'd buy  a,   a  new Oldsmobile they'd give you four hundred rebate,  because it was their seventyfifth anniversary. ","and/CC if/IN   you/PRP  'd/MD buy/VB   a/DT  ,/,   a/DT new/JJ Oldsmobile/NNP they/PRP  'd/MD give/VB   you/PRP   four/CD hundred/CD rebate/NN  ,/, because/IN   it/PRP  was/VBD   their/PRP$ seventyfifth/JJ anniversary/NN  ./."
"99","sw01utt/sw_0191_3427.utt","3/sw3427",3427,98,"b","B",42,1,"Uh-huh. /","[ Uh-huh/UH ] ./.","(INTJ (UH Uh-huh) (. .) (-DFL- E_S))","132",253.760375,254.235125,"Uhhuh. "," Uhhuh/UH  ./."
"100","sw01utt/sw_0191_3427.utt","3/sw3427",3427,99,"%","A",43,1,"I belie-,  /","[ I/PRP belie/VBP ] ,/,","(S (NP-SBJ (PRP I)) (VP-UNF (VBP belie-)) (, ,) (-DFL- E_S))","141",254.190125,279.08775,"I belie,  "," I/PRP belie/VBP  ,/,"
"101","sw01utt/sw_0191_3427.utt","3/sw3427",3427,100,"b","A",43,2,"yeah  /","yeah/UH","(INTJ (UH yeah) (-DFL- E_S))","142",254.190125,279.08775,"yeah  ","yeah/UH"
"102","sw01utt/sw_0191_3427.utt","3/sw3427",3427,101,"sd^r","A",43,3,"seventy-fifth anniversary.  /","[ seventy-fifth/JJ anniversary/NN ] ./.","(NP (JJ seventy-fifth) (NN anniversary) (. .) (-DFL- E_S))","143",254.190125,279.08775,"seventyfifth anniversary.  "," seventyfifth/JJ anniversary/NN  ./."
"103","sw01utt/sw_0191_3427.utt","3/sw3427",3427,102,"sd","A",43,4,"{C So  } in addition to everything else we got off the car,   all we had to do is show them our, {F uh, } papers on our first car,  /","So/UH in/IN  [ addition/NN ] to/IN  [ everything/NN ] else/RB  [ we/PRP ] got/VBD off/IN  [ the/DT car/NN ] ,/,  [ all/DT ] [ we/PRP ] had/VBD to/TO do/VB is/VBZ show/VB  [ them/PRP ] our/PRP$ ,/,  [ uh/UH ] ,/,  [ papers/NNS ] on/IN  [ our/PRP$ first/JJ car/NN ] ,/,","(S (RB So) (PP (IN in) (NP (NP (NN addition)) (PP (IN to) (NP (NP (NP (NN everything)) (ADVP (RB else))) (SBAR (WHNP-1 (-NONE- 0)) (S (NP-SBJ (PRP we)) (VP (VBD got) (NP (-NONE- *T*-1)) (PP (IN off) (NP (DT the) (NN car)))))))))) (, ,) (NP-SBJ (NP (DT all)) (SBAR (WHNP-3 (-NONE- 0)) (S (NP-SBJ-2 (PRP we)) (VP (VBD had) (S (NP-SBJ (-NONE- *-2)) (VP (TO to) (VP (VB do) (NP (-NONE- *T*-3))))))))) (VP (VBZ is) (S-PRD (NP-SBJ (-NONE- *)) (VP (VB show) (NP (PRP them)) (NP (NP (PRP$ our) (, ,) (INTJ (UH uh)) (, ,) (NNS papers)) (PP (IN on) (NP (PRP$ our) (JJ first) (NN car))))))) (, ,) (-DFL- E_S))","144",254.190125,279.08775," So   in addition to everything else we got off the car,   all we had to do is show them our,  uh,  papers on our first car,  ","So/UH in/IN   addition/NN  to/IN   everything/NN  else/RB   we/PRP  got/VBD off/IN   the/DT car/NN  ,/,   all/DT   we/PRP  had/VBD to/TO do/VB is/VBZ show/VB   them/PRP  our/PRP$ ,/,   uh/UH  ,/,   papers/NNS  on/IN   our/PRP$ first/JJ car/NN  ,/,"
"104","sw01utt/sw_0191_3427.utt","3/sw3427",3427,103,"sd","A",43,5,"{C and } they gave us another four  hundred dollars off on it.  /","and/CC  [ they/PRP ] gave/VBD  [ us/PRP ] [ another/DT four/CD hundred/CD dollars/NNS ] off/IN on/IN  [ it/PRP ] ./.","(S (CC and) (NP-SBJ (PRP they)) (VP (VBD gave) (NP (PRP us)) (NP (NP (NP (QP (DT another) (CD four) (CD hundred)) (NNS dollars)) (ADVP (IN off))) (PP (IN on) (NP (PRP it))))) (. .) (-DFL- E_S))","145",254.190125,279.08775," and  they gave us another four  hundred dollars off on it.  ","and/CC   they/PRP  gave/VBD   us/PRP   another/DT four/CD hundred/CD dollars/NNS  off/IN on/IN   it/PRP  ./."
"105","sw01utt/sw_0191_3427.utt","3/sw3427",3427,104,"sd","A",43,6,"{C So } [ we, +  we ] got a four door this time,  /","So/RB  [ we/PRP ] ,/,  [ we/PRP ] got/VBD  [ a/DT four/CD door/NN ] [ this/DT time/NN ] ,/,","(S (RB So) (EDITED (RM (-DFL- \[)) (NP-SBJ (PRP we)) (, ,) (IP (-DFL- \+))) (NP-SBJ (PRP we)) (RS (-DFL- \])) (VP (VBD got) (NP (DT a) (CD four) (NN door)) (NP-TMP (DT this) (NN time))) (, ,) (-DFL- E_S))","146",254.190125,279.08775," So   we,   we  got a four door this time,  ","So/RB   we/PRP  ,/,   we/PRP  got/VBD   a/DT four/CD door/NN   this/DT time/NN  ,/,"
"106","sw01utt/sw_0191_3427.utt","3/sw3427",3427,105,"sd","A",43,7,"{C and } I sort of went more for [ the, +  {F uh, } the ] comfort factor,  /","and/CC  [ I/PRP ] sort/RB of/RB went/VBD more/RBR for/IN  [ the/DT ] ,/,  [ uh/UH ] ,/,  [ the/DT comfort/NN factor/NN ] ,/,","(S (CC and) (NP-SBJ (PRP I)) (ADVP (RB sort) (RB of)) (VP (VBD went) (ADVP (RBR more)) (PP (IN for) (EDITED (RM (-DFL- \[)) (NP-UNF (DT the)) (, ,) (IP (-DFL- \+))) (INTJ (UH uh)) (, ,) (NP (DT the) (RS (-DFL- \])) (NN comfort) (NN factor)))) (, ,) (-DFL- E_S))","147",254.190125,279.08775," and  I sort of went more for  the,    uh,  the  comfort factor,  ","and/CC   I/PRP  sort/RB of/RB went/VBD more/RBR for/IN   the/DT  ,/,   uh/UH  ,/,   the/DT comfort/NN factor/NN  ,/,"
"107","sw01utt/sw_0191_3427.utt","3/sw3427",3427,106,"sd","A",43,8,"{C and, }  {F uh, } I liked the smaller cars,  /","and/CC ,/,  [ uh/UH ] ,/,  [ I/PRP ] liked/VBD  [ the/DT smaller/JJR cars/NNS ] ,/,","(S (CC and) (, ,) (INTJ (UH uh)) (, ,) (NP-SBJ (PRP I)) (VP (VBD liked) (NP (DT the) (JJR smaller) (NNS cars))) (, ,) (-DFL- E_S))","148",254.190125,279.08775," and,    uh,  I liked the smaller cars,  ","and/CC ,/,   uh/UH  ,/,   I/PRP  liked/VBD   the/DT smaller/JJR cars/NNS  ,/,"
"108","sw01utt/sw_0191_3427.utt","3/sw3427",3427,107,"sd","A",43,9,"{C but } I'm a bigger person,  /","but/CC  [ I/PRP ] 'm/VBP  [ a/DT bigger/JJR person/NN ] ,/,","(S (CC but) (NP-SBJ (PRP I)) (VP (VBP 'm) (NP-PRD (DT a) (JJR bigger) (NN person))) (, ,) (-DFL- E_S))","149",254.190125,279.08775," but  I'm a bigger person,  ","but/CC   I/PRP  'm/VBP   a/DT bigger/JJR person/NN  ,/,"
"109","sw01utt/sw_0191_3427.utt","3/sw3427",3427,108,"sd","A",43,10,"{C and } [ I, +  I ] really like comfort, {D you know, } driving along the road and stuff. /","and/CC  [ I/PRP ] ,/,  [ I/PRP ] really/RB like/VBP  [ comfort/NN ] ,/,  [ you/PRP ] know/VBP ,/, driving/VBG along/IN  [ the/DT road/NN ] and/CC  [ stuff/NN ] ./.","(S (CC and) (EDITED (RM (-DFL- \[)) (NP-SBJ (PRP I)) (, ,) (IP (-DFL- \+))) (NP-SBJ-1 (PRP I)) (RS (-DFL- \])) (ADVP (RB really)) (VP (VBP like) (NP (NN comfort)) (PRN (, ,) (S (NP-SBJ (PRP you)) (VP (VBP know))) (, ,)) (S-ADV (NP-SBJ (-NONE- *-1)) (VP (VP (VBG driving) (PP (IN along) (NP (DT the) (NN road)))) (CC and) (NP-ETC (NN stuff))))) (. .) (-DFL- E_S))","150",254.190125,279.08775," and   I,   I  really like comfort,  you know,  driving along the road and stuff. ","and/CC   I/PRP  ,/,   I/PRP  really/RB like/VBP   comfort/NN  ,/,   you/PRP  know/VBP ,/, driving/VBG along/IN   the/DT road/NN  and/CC   stuff/NN  ./."
"110","sw01utt/sw_0191_3427.utt","3/sw3427",3427,109,"sd","B",44,1,"{D Well, } that's another big factor of mine.  /","Well/UH ,/,  [ that/DT ] 's/BES  [ another/DT big/JJ factor/NN ] of/IN  [ mine/NN ] ./.","(S (INTJ (UH Well)) (, ,) (NP-SBJ (DT that)) (VP (BES 's) (NP-PRD (NP (DT another) (JJ big) (NN factor)) (PP (IN of) (NP (NN mine))))) (. .) (-DFL- E_S))","152",279.199875,284.359875," Well,  that's another big factor of mine.  ","Well/UH ,/,   that/DT  's/BES   another/DT big/JJ factor/NN  of/IN   mine/NN  ./."
"111","sw01utt/sw_0191_3427.utt","3/sw3427",3427,110,"sd","B",44,2,"[ Next, +  next ] car I get's going to be a four door too.  Something with some room. /","[ Next/JJ ] ,/,  [ next/JJ car/NN ] [ I/PRP ] get/VBP 's/BES going/VBG to/TO be/VB  [ a/DT four/CD door/NN ] too/RB ./.  [ Something/NN ] with/IN  [ some/DT room/NN ] ./.","(S (EDITED (RM (-DFL- \[)) (NP-SBJ-UNF (JJ Next)) (, ,) (IP (-DFL- \+))) (NP-SBJ-2 (NP (JJ next) (RS (-DFL- \])) (NN car)) (SBAR (WHNP-1 (-NONE- 0)) (S (NP-SBJ (PRP I)) (VP (VBP get) (NP (-NONE- *T*-1)))))) (VP (BES 's) (VP (VBG going) (S (NP-SBJ (-NONE- *-2)) (VP (TO to) (VP (VB be) (NP-PRD (NP (DT a) (CD four) (NN door)) (NP (-NONE- *ICH*-3))) (ADVP (RB too)) (. .) (NP-3 (NP (NN Something)) (PP (IN with) (NP (DT some) (NN room))))))))) (. .) (-DFL- E_S))","153",279.199875,284.359875," Next,   next  car I get's going to be a four door too.  Something with some room. "," Next/JJ  ,/,   next/JJ car/NN   I/PRP  get/VBP 's/BES going/VBG to/TO be/VB   a/DT four/CD door/NN  too/RB ./.   Something/NN  with/IN   some/DT room/NN  ./."
"112","sw01utt/sw_0191_3427.utt","3/sw3427",3427,111,"b","A",45,1,"Yeah. /","Yeah/UH ./.","(INTJ (UH Yeah) (. .) (-DFL- E_S))","104",284.645375,285.042625,"Yeah. ","Yeah/UH ./."
"113","sw01utt/sw_0191_3427.utt","3/sw3427",3427,112,"sd","B",46,1,"{C Because } [ I, +  {F uh, } my ] Mustang  [ [ is, +  is, ] +  is ] two door with bucket seats,  /","Because/IN  [ I/PRP ] ,/,  [ uh/UH ] ,/,  [ my/PRP$ Mustang/NNP ] is/VBZ ,/, is/VBZ ,/, is/VBZ  [ two/CD door/NN ] with/IN  [ bucket/NN seats/NNS ] ,/,","(SBAR-PRP (IN Because) (S (EDITED (RM (-DFL- \[)) (NP-SBJ (PRP I)) (, ,) (IP (-DFL- \+))) (INTJ (UH uh)) (, ,) (NP-SBJ (PRP$ my) (RS (-DFL- \])) (NNP Mustang)) (EDITED (RM (-DFL- \[)) (EDITED (RM (-DFL- \[)) (VP-UNF (VBZ is)) (, ,) (IP (-DFL- \+))) (VP-UNF (VBZ is)) (, ,) (RS (-DFL- \])) (IP (-DFL- \+))) (VP (VBZ is) (RS (-DFL- \])) (NP-PRD (NP (CD two) (NN door)) (PP (IN with) (NP (NN bucket) (NNS seats)))))) (, ,) (-DFL- E_S))","157",285.1405,292.523375," Because   I,    uh,  my  Mustang    is,   is,    is  two door with bucket seats,  ","Because/IN   I/PRP  ,/,   uh/UH  ,/,   my/PRP$ Mustang/NNP  is/VBZ ,/, is/VBZ ,/, is/VBZ   two/CD door/NN  with/IN   bucket/NN seats/NNS  ,/,"
"114","sw01utt/sw_0191_3427.utt","3/sw3427",3427,113,"sd","B",46,2,"{C and } you buy groceries and stuff like that. /","and/CC  [ you/PRP ] buy/VBP  [ groceries/NNS ] and/CC stuff/NN like/IN  [ that/DT ] ./.","(S (CC and) (NP-SBJ (PRP you)) (VP (VBP buy) (NP (NP (NNS groceries)) (CC and) (NP (NP (NN stuff)) (PP (IN like) (NP (DT that)))))) (. .) (-DFL- E_S))","158",285.1405,292.523375," and  you buy groceries and stuff like that. ","and/CC   you/PRP  buy/VBP   groceries/NNS  and/CC stuff/NN like/IN   that/DT  ./."
"115","sw01utt/sw_0191_3427.utt","3/sw3427",3427,114,"sd","A",47,1,"{C And } if you try to take anybody, {D you know, } go to the show or go out for supper, and you go as a foursome, -/","And/CC if/IN  [ you/PRP ] try/VBP to/TO take/VB  [ anybody/NN ] ,/,  [ you/PRP ] know/VBP ,/, go/VB to/IN  [ the/DT show/NN ] or/CC go/VB out/RB for/IN  [ supper/NN ] ,/, and/CC  [ you/PRP ] go/VBP as/IN  [ a/DT foursome/NN ] ,/,","(S-UNF (CC And) (SBAR-ADV (IN if) (S (S (NP-SBJ-1 (PRP you)) (VP (VBP try) (S (NP-SBJ (-NONE- *-1)) (VP (TO to) (VP (VP (VB take) (NP (NN anybody))) (PRN (, ,) (S (NP-SBJ (PRP you)) (VP (VBP know))) (, ,)) (VP (VB go) (PP-DIR (IN to) (NP (DT the) (NN show)))) (CC or) (VP (VB go) (ADVP-DIR (RB out)) (PP (IN for) (NP (NN supper))))))))) (, ,) (CC and) (S (NP-SBJ (PRP you)) (VP (VBP go) (PP (IN as) (NP (DT a) (NN foursome))))))) (, ,) (-DFL- N_S))","160",293.185125,298.558125," And  if you try to take anybody,  you know,  go to the show or go out for supper, and you go as a foursome, ","And/CC if/IN   you/PRP  try/VBP to/TO take/VB   anybody/NN  ,/,   you/PRP  know/VBP ,/, go/VB to/IN   the/DT show/NN  or/CC go/VB out/RB for/IN   supper/NN  ,/, and/CC   you/PRP  go/VBP as/IN   a/DT foursome/NN  ,/,"
