"","swda_filename","ptb_basename","conversation_no","transcript_index","act_tag","caller","turn_index","subutterance_index","text","pos","trees","ptb_treenumbers","start_turn","end_turn","newtext","newpos"
"1","sw01utt/sw_0131_3561.utt","3/sw3561",3561,0,"o","B",1,1,"All right,  /","[ All/DT right/JJ ] ,/UH","(INTJ (DT All) (JJ right) (UH ,) (-DFL- E_S))","1",1.170125,2.072625,"All right,  "," All/DT right/JJ  ,/UH"
"2","sw01utt/sw_0131_3561.utt","3/sw3561",3561,1,"%","B",1,2,"{D well. } -/","well/RB ./.","(INTJ (RB well) (. .) (-DFL- N_S))","2",1.170125,2.072625," well.  ","well/RB ./."
"3","sw01utt/sw_0131_3561.utt","3/sw3561",3561,2,"sv","A",2,1,"{F Um, } short term, I don't think  anything's going to be done about it --","Um/UH ,/,  [ short/JJ term/NN ] ,/,  [ I/PRP ] do/VBP n't/RB think/VB  [ anything/NN ] 's/BES going/VBG to/TO be/VB done/VBN about/IN  [ it/PRP ] --/:","(S (INTJ (UH Um)) (, ,) (NP-TMP (JJ short) (NN term)) (, ,) (NP-SBJ (PRP I)) (VP (VBP do) (RB n't) (VP (VB think) (SBAR (-NONE- 0) (S (NP-SBJ-1 (NN anything)) (VP (VP (BES 's) (VP (VBG going) (S (NP-SBJ-2 (-NONE- *-1)) (VP (TO to) (VP (VB be) (VP (VBN done) (NP (-NONE- *-2)) (PP (IN about) (NP (PRP it))))))))) (CC or) (VP (ADVP (RB probably)) (MD should) (VP (VB be) (VP (VBN done) (NP (-NONE- *-1)) (PP (IN about) (NP (PRP it))))))))))) (. .) (-DFL- E_S))","4",0.0135,5.878125," Um,  short term, I don't think  anything's going to be done about it ","Um/UH ,/,   short/JJ term/NN  ,/,   I/PRP  do/VBP n't/RB think/VB   anything/NN  's/BES going/VBG to/TO be/VB done/VBN about/IN   it/PRP  /:"
"4","sw01utt/sw_0131_3561.utt","3/sw3561",3561,3,"b","B",3,1,"Right. /","[ Right/UH ] ./.","(INTJ (UH Right) (. .) (-DFL- E_S))","6",4.734375,4.818625,"Right. "," Right/UH  ./."
"5","sw01utt/sw_0131_3561.utt","3/sw3561",3561,4,"+","A",4,1,"-- or probably should be done about it. /","--/: or/CC probably/RB should/MD be/VB done/VBN about/IN  [ it/PRP ] ./.","(S (INTJ (UH Um)) (, ,) (NP-TMP (JJ short) (NN term)) (, ,) (NP-SBJ (PRP I)) (VP (VBP do) (RB n't) (VP (VB think) (SBAR (-NONE- 0) (S (NP-SBJ-1 (NN anything)) (VP (VP (BES 's) (VP (VBG going) (S (NP-SBJ-2 (-NONE- *-1)) (VP (TO to) (VP (VB be) (VP (VBN done) (NP (-NONE- *-2)) (PP (IN about) (NP (PRP it))))))))) (CC or) (VP (ADVP (RB probably)) (MD should) (VP (VB be) (VP (VBN done) (NP (-NONE- *-1)) (PP (IN about) (NP (PRP it))))))))))) (. .) (-DFL- E_S))","4",NA,NA," or probably should be done about it. ","/: or/CC probably/RB should/MD be/VB done/VBN about/IN   it/PRP  ./."
"6","sw01utt/sw_0131_3561.utt","3/sw3561",3561,5,"qy","B",5,1,"{F Uh, } are you saying you don't think  anything should be done in the short term? /","[ Uh/UH ] ,/, are/VBP  [ you/PRP ] saying/VBG  [ you/PRP ] do/VBP n't/RB think/VB  [ anything/NN ] should/MD be/VB done/VBN in/IN  [ the/DT short/JJ term/NN ] ?/.","(SQ (INTJ (UH Uh)) (, ,) (VBP are) (NP-SBJ (PRP you)) (VP (VBG saying) (SBAR (-NONE- 0) (S (NP-SBJ (PRP you)) (VP (VBP do) (RB n't) (VP (VB think) (SBAR (-NONE- 0) (S (NP-SBJ-1 (NN anything)) (VP (MD should) (VP (VB be) (VP (VBN done) (NP (-NONE- *-1)) (PP-TMP (IN in) (NP (DT the) (JJ short) (NN term))))))))))))) (. ?) (-DFL- E_S))","9",6.46875,9.462375," Uh,  are you saying you don't think  anything should be done in the short term? "," Uh/UH  ,/, are/VBP   you/PRP  saying/VBG   you/PRP  do/VBP n't/RB think/VB   anything/NN  should/MD be/VB done/VBN in/IN   the/DT short/JJ term/NN  ?/."
"7","sw01utt/sw_0131_3561.utt","3/sw3561",3561,6,"sv","A",6,1,"{F Uh, } the short term, the recession is  [ getting, + getting ] top attention. /","[ Uh/UH ] ,/,  [ the/DT short/JJ term/NN ] ,/,  [ the/DT recession/NN ] is/VBZ getting/VBG ,/, getting/VBG  [ top/JJ attention/NN ] ./.","(S (INTJ (UH Uh)) (, ,) (NP-TMP (DT the) (JJ short) (NN term)) (, ,) (NP-SBJ (DT the) (NN recession)) (VP (VBZ is) (EDITED (RM (-DFL- \[)) (VP-UNF (VBG getting)) (, ,) (IP (-DFL- \+))) (VP (VBG getting) (RS (-DFL- \])) (NP (JJ top) (NN attention)))) (. .) (-DFL- E_S))","11",9.74225,13.788125," Uh,  the short term, the recession is   getting,  getting  top attention. "," Uh/UH  ,/,   the/DT short/JJ term/NN  ,/,   the/DT recession/NN  is/VBZ getting/VBG ,/, getting/VBG   top/JJ attention/NN  ./."
"8","sw01utt/sw_0131_3561.utt","3/sw3561",3561,7,"aa","B",7,1,"Yeah,  /","[ Yeah/UH ] ,/,","(INTJ (UH Yeah) (, ,) (-DFL- E_S))","13",14.8915,27.158875,"Yeah,  "," Yeah/UH  ,/,"
"9","sw01utt/sw_0131_3561.utt","3/sw3561",3561,8,"sv","B",7,2,"[ I, + I ] think that  you're absolutely right there.  /","[ I/PRP ] ,/,  [ I/PRP ] think/VBP that/IN  [ you/PRP ] 're/VBP absolutely/RB right/JJ there/RB ./.","(S (EDITED (RM (-DFL- \[)) (NP-SBJ (PRP I)) (, ,) (IP (-DFL- \+))) (NP-SBJ (PRP I)) (RS (-DFL- \])) (VP (VBP think) (SBAR (IN that) (S (NP-SBJ (PRP you)) (VP (VBP 're) (ADJP-PRD (RB absolutely) (JJ right)) (ADVP-LOC (RB there)))))) (. .) (-DFL- E_S))","14",14.8915,27.158875," I,  I  think that  you're absolutely right there.  "," I/PRP  ,/,   I/PRP  think/VBP that/IN   you/PRP  're/VBP absolutely/RB right/JJ there/RB ./."
"10","sw01utt/sw_0131_3561.utt","3/sw3561",3561,9,"sd","B",7,3,"The other thing is,  is that we've got [ [ these, + {F um, } these, ] +   all these ] bank defaults going on, [ and, + and ]  savings and loan defaults, [ and, + and, ] {F uh, } {F uh, } -/","[ The/DT other/JJ thing/NN ] is/VBZ ,/, is/VBZ that/IN  [ we/PRP ] 've/VBP got/VBN  [ these/DT ] ,/, um/UH ,/,  [ these/DT ] ,/,  [ all/PDT these/DT bank/NN defaults/NNS ] going/VBG on/RP ,/, and/CC ,/, and/CC  [ savings/NNS ] and/CC  [ loan/NN defaults/NNS ] ,/, and/CC ,/, and/CC ,/,  [ uh/UH ] ,/,  [ uh/UH ] ,/,","(S (SBAR-NOM-SBJ (WHNP-1 (-NONE- 0)) (S (NP-SBJ (DT The) (JJ other) (NN thing)) (VP (VBZ is) (NP-PRD (-NONE- *T*-1))))) (, ,) (VP (VBZ is) (SBAR-PRD (IN that) (S (NP-SBJ (PRP we)) (VP (VBP 've) (VP (VBN got) (EDITED (RM (-DFL- \[)) (EDITED (RM (-DFL- \[)) (NP-UNF (DT these)) (, ,) (IP (-DFL- \+))) (INTJ (UH um)) (, ,) (NP-UNF (DT these)) (, ,) (RS (-DFL- \])) (IP (-DFL- \+))) (NP-UNF (NP (NP (PDT all) (DT these) (RS (-DFL- \])) (NN bank) (NNS defaults)) (VP (VBG going) (PRT (RP on)))) (, ,) (EDITED (RM (-DFL- \[)) (CC and) (, ,) (IP (-DFL- \+))) (CC and) (RS (-DFL- \])) (NP (NNS savings) (CC and) (NN loan) (NNS defaults)) (, ,) (EDITED (RM (-DFL- \[)) (CC and) (, ,) (IP (-DFL- \+))) (CC and) (, ,) (RS (-DFL- \])) (INTJ (UH uh)) (, ,) (INTJ (UH uh)))))))) (, ,) (-DFL- N_S))","15",14.8915,27.158875,"The other thing is,  is that we've got   these,   um,  these,     all these  bank defaults going on,  and,  and   savings and loan defaults,  and,  and,   uh,   uh,  "," The/DT other/JJ thing/NN  is/VBZ ,/, is/VBZ that/IN   we/PRP  've/VBP got/VBN   these/DT  ,/, um/UH ,/,   these/DT  ,/,   all/PDT these/DT bank/NN defaults/NNS  going/VBG on/RP ,/, and/CC ,/, and/CC   savings/NNS  and/CC   loan/NN defaults/NNS  ,/, and/CC ,/, and/CC ,/,   uh/UH  ,/,   uh/UH  ,/,"
"11","sw01utt/sw_0131_3561.utt","3/sw3561",3561,10,"sv","A",8,1,"{C And } that effectively adds to whether  it's officially on the books or not. /","And/CC  [ that/DT ] effectively/RB adds/VBZ to/IN whether/IN  [ it/PRP ] 's/BES officially/RB on/IN  [ the/DT books/NNS ] or/CC not/RB ./.","(S (CC And) (NP-SBJ (DT that)) (ADVP (RB effectively)) (VP (VBZ adds) (PP (IN to) (SBAR (IN whether) (S (NP-SBJ (PRP it)) (VP (VP (BES 's) (ADVP (RB officially)) (PP-PRD (IN on) (NP (DT the) (NNS books)))) (CC or) (VP (FRAG (RB not)))))))) (. .) (-DFL- E_S))","17",27.323,30.45275," And  that effectively adds to whether  it's officially on the books or not. ","And/CC   that/DT  effectively/RB adds/VBZ to/IN whether/IN   it/PRP  's/BES officially/RB on/IN   the/DT books/NNS  or/CC not/RB ./."
"12","sw01utt/sw_0131_3561.utt","3/sw3561",3561,11,"aa","B",9,1,"Right.  /","[ Right/UH ] ./.","(INTJ (UH Right) (. .) (-DFL- E_S))","6",30.84375,33.54075,"Right.  "," Right/UH  ./."
"13","sw01utt/sw_0131_3561.utt","3/sw3561",3561,12,"aa","B",9,2,"Exactly.  {F Um, } /","Exactly/RB ./.  Um/UH ,/,","(INTJ (RB Exactly) (. .))|||(INTJ (UH Um) (, ,) (-DFL- E_S))","20|||21",30.84375,33.54075,"Exactly.   Um,  ","Exactly/RB ./.  Um/UH ,/,"
"14","sw01utt/sw_0131_3561.utt","3/sw3561",3561,13,"sv","A",10,1,"{C And } that's got to be paid. /","And/CC  [ that/DT ] 's/HVS got/VBN to/TO be/VB paid/VBN ./.","(S (CC And) (NP-SBJ-1 (DT that)) (VP (HVS 's) (VP (VBN got) (S (NP-SBJ-2 (-NONE- *-1)) (VP (TO to) (VP (VB be) (VP (VBN paid) (NP (-NONE- *-2)))))))) (. .) (-DFL- E_S))","23",33.667625,34.61725," And  that's got to be paid. ","And/CC   that/DT  's/HVS got/VBN to/TO be/VB paid/VBN ./."
"15","sw01utt/sw_0131_3561.utt","3/sw3561",3561,14,"aa","B",11,1,"Exactly,  /","Exactly/RB ,/,","(INTJ (RB Exactly) (, ,) (-DFL- E_S))","25",35.138625,68.0795,"Exactly,  ","Exactly/RB ,/,"
"16","sw01utt/sw_0131_3561.utt","3/sw3561",3561,15,"sv","B",11,2,"[ [ {C and, } + {C and, } ] + {F uh, } {C so } ]  this creates a pretty serious problem that's going to continue to be with us for a while to come.  /","and/CC ,/, and/CC ,/,  [ uh/UH ] ,/, so/RB  [ this/DT ] creates/VBZ  [ a/DT pretty/RB serious/JJ problem/NN ] [ that/WDT ] 's/BES going/VBG to/TO continue/VB to/TO be/VB with/IN  [ us/PRP ] for/IN  [ a/DT while/NN ] to/TO come/VB ./.","(S (EDITED (RM (-DFL- \[)) (EDITED (RM (-DFL- \[)) (CC and) (, ,) (IP (-DFL- \+))) (CC and) (, ,) (RS (-DFL- \])) (IP (-DFL- \+))) (INTJ (UH uh)) (, ,) (RB so) (RS (-DFL- \])) (NP-SBJ (DT this)) (VP (VBZ creates) (NP (NP (DT a) (ADJP (RB pretty) (JJ serious)) (NN problem)) (SBAR (WHNP-1 (WDT that)) (S (NP-SBJ-2 (-NONE- *T*-1)) (VP (BES 's) (VP (VBG going) (S (NP-SBJ-3 (-NONE- *-2)) (VP (TO to) (VP (VB continue) (S (NP-SBJ (-NONE- *-3)) (VP (TO to) (VP (VB be) (PP-PRD (IN with) (NP (PRP us))) (PP-TMP (IN for) (NP (NP (DT a) (NN while)) (SBAR (WHNP-4 (-NONE- 0)) (S (NP-SBJ (-NONE- *T*-4)) (VP (TO to) (VP (VB come))))))))))))))))))) (. .) (-DFL- E_S))","26",35.138625,68.0795,"   and,    and,     uh,   so    this creates a pretty serious problem that's going to continue to be with us for a while to come.  ","and/CC ,/, and/CC ,/,   uh/UH  ,/, so/RB   this/DT  creates/VBZ   a/DT pretty/RB serious/JJ problem/NN   that/WDT  's/BES going/VBG to/TO continue/VB to/TO be/VB with/IN   us/PRP  for/IN   a/DT while/NN  to/TO come/VB ./."
"17","sw01utt/sw_0131_3561.utt","3/sw3561",3561,16,"sd","B",11,3,"{F Um, } I'm not really, {F uh, } sure that I even understand why the administration  is proposing, for instance, tax reductions, because it seems to me that  [ [ if, + if, ] + if ] they're talking about reducing, {F uh, } the tax that needs to be paid,  or the tax that's currently being paid, then [ that can't, + it seems to me it can't ]  possibly, {D you know, } help with [ the, + the ] deficit picture. /","[ Um/UH ] ,/,  [ I/PRP ] 'm/VBP not/RB really/RB ,/,  [ uh/UH ] ,/, sure/JJ that/IN  [ I/PRP ] even/RB understand/VBP why/WRB  [ the/DT administration/NN ] is/VBZ proposing/VBG ,/, for/IN  [ instance/NN ] ,/,  [ tax/NN reductions/NNS ] ,/, because/IN  [ it/PRP ] seems/VBZ to/IN  [ me/PRP ] that/IN if/IN ,/, if/IN ,/, if/IN  [ they/PRP ] 're/VBP talking/VBG about/IN reducing/VBG ,/,  [ uh/UH ] ,/,  [ the/DT tax/NN ] [ that/WDT ] needs/VBZ to/TO be/VB paid/VBN ,/, or/CC  [ the/DT tax/NN ] [ that/WDT ] 's/BES currently/RB being/VBG paid/VBN ,/,  then/RB that/DT ca/MD n't/RB ,/,  [ it/PRP ] seems/VBZ to/IN  [ me/PRP ] [ it/PRP ] ca/MD n't/RB possibly/RB ,/,  [ you/PRP ] know/VBP ,/, help/VB with/IN  [ the/DT ] ,/,  [ the/DT deficit/NN picture/NN ] ./.","(S (INTJ (UH Um)) (, ,) (NP-SBJ (PRP I)) (VP (VBP 'm) (RB not) (ADVP (RB really)) (, ,) (INTJ (UH uh)) (, ,) (ADJP-PRD (JJ sure) (SBAR (IN that) (S (NP-SBJ (PRP I)) (ADVP (RB even)) (VP (VBP understand) (SBAR (WHADVP-1 (WRB why)) (S (NP-SBJ (DT the) (NN administration)) (VP (VBZ is) (VP (VBG proposing) (, ,) (PP (IN for) (NP (NN instance))) (, ,) (NP (NN tax) (NNS reductions)) (ADVP-PRP (-NONE- *T*-1)))))))))) (, ,) (SBAR-PRP (IN because) (S (NP-SBJ (PRP it)) (VP (VBZ seems) (PP (IN to) (NP (PRP me))) (SBAR (IN that) (S (SBAR-ADV (EDITED (RM (-DFL- \[)) (EDITED (RM (-DFL- \[)) (SBAR-ADV-UNF (IN if)) (, ,) (IP (-DFL- \+))) (SBAR-ADV-UNF (IN if)) (, ,) (RS (-DFL- \])) (IP (-DFL- \+))) (IN if) (RS (-DFL- \])) (S (NP-SBJ (PRP they)) (VP (VBP 're) (VP (VBG talking) (PP (IN about) (S-NOM (NP-SBJ (-NONE- *)) (VP (VBG reducing) (, ,) (INTJ (UH uh)) (, ,) (NP (NP (NP (DT the) (NN tax)) (SBAR (WHNP-4 (WDT that)) (S (NP-SBJ-2 (-NONE- *T*-4)) (VP (VBZ needs) (S (NP-SBJ-5 (-NONE- *-2)) (VP (TO to) (VP (VB be) (VP (VBN paid) (NP (-NONE- *-5)))))))))) (, ,) (CC or) (NP (NP (DT the) (NN tax)) (SBAR (WHNP-3 (WDT that)) (S (NP-SBJ-6 (-NONE- *T*-3)) (VP (BES 's) (ADVP-TMP (RB currently)) (VP (VBG being) (VP (VBN paid) (NP (-NONE- *-6)))))))))))))))) (, ,) (ADVP (RB then)) (EDITED (RM (-DFL- \[)) (S (NP-SBJ (DT that)) (VP-UNF (MD ca) (RB n't))) (, ,) (IP (-DFL- \+))) (NP-SBJ (PRP it)) (VP (VBZ seems) (PP (IN to) (NP (PRP me))) (SBAR (-NONE- 0) (S (NP-SBJ (PRP it)) (VP (MD ca) (RB n't) (RS (-DFL- \])) (ADVP (RB possibly)) (PRN (, ,) (S (NP-SBJ (PRP you)) (VP (VBP know))) (, ,)) (VP (VB help) (PP (IN with) (EDITED (RM (-DFL- \[)) (NP-UNF (DT the)) (, ,) (IP (-DFL- \+))) (NP (DT the) (RS (-DFL- \])) (NN deficit) (NN picture)))))))))))))) (. .) (-DFL- E_S))","27",35.138625,68.0795," Um,  I'm not really,  uh,  sure that I even understand why the administration  is proposing, for instance, tax reductions, because it seems to me that    if,  if,   if  they're talking about reducing,  uh,  the tax that needs to be paid,  or the tax that's currently being paid, then  that can't,  it seems to me it can't   possibly,  you know,  help with  the,  the  deficit picture. "," Um/UH  ,/,   I/PRP  'm/VBP not/RB really/RB ,/,   uh/UH  ,/, sure/JJ that/IN   I/PRP  even/RB understand/VBP why/WRB   the/DT administration/NN  is/VBZ proposing/VBG ,/, for/IN   instance/NN  ,/,   tax/NN reductions/NNS  ,/, because/IN   it/PRP  seems/VBZ to/IN   me/PRP  that/IN if/IN ,/, if/IN ,/, if/IN   they/PRP  're/VBP talking/VBG about/IN reducing/VBG ,/,   uh/UH  ,/,   the/DT tax/NN   that/WDT  needs/VBZ to/TO be/VB paid/VBN ,/, or/CC   the/DT tax/NN   that/WDT  's/BES currently/RB being/VBG paid/VBN ,/,  then/RB that/DT ca/MD n't/RB ,/,   it/PRP  seems/VBZ to/IN   me/PRP   it/PRP  ca/MD n't/RB possibly/RB ,/,   you/PRP  know/VBP ,/, help/VB with/IN   the/DT  ,/,   the/DT deficit/NN picture/NN  ./."
"18","sw01utt/sw_0131_3561.utt","3/sw3561",3561,17,"sv","A",12,1,"It can only hurt the deficit picture. /","[ It/PRP ] can/MD only/RB hurt/VB  [ the/DT deficit/NN picture/NN ] ./.","(S (NP-SBJ (PRP It)) (VP (MD can) (ADVP (RB only)) (VP (VB hurt) (NP (DT the) (NN deficit) (NN picture)))) (. .) (-DFL- E_S))","29",68.16775,69.60875,"It can only hurt the deficit picture. "," It/PRP  can/MD only/RB hurt/VB   the/DT deficit/NN picture/NN  ./."
"19","sw01utt/sw_0131_3561.utt","3/sw3561",3561,18,"aa","B",13,1,"Yeah,  /","Yeah/UH ,/,","(INTJ (UH Yeah) (, ,) (-DFL- E_S))","13",69.638375,70.44225,"Yeah,  ","Yeah/UH ,/,"
"20","sw01utt/sw_0131_3561.utt","3/sw3561",3561,19,"aa","B",13,2,"exactly. /","exactly/RB ./.","(INTJ (RB exactly) (. .) (-DFL- E_S))","32",69.638375,70.44225,"exactly. ","exactly/RB ./."
"21","sw01utt/sw_0131_3561.utt","3/sw3561",3561,20,"sv","A",14,1,"{F Um, } {C and } [ the, + the ]  severity of the deficit picture already limits the options available or limits the degree of tax cutting  you can do without, {F uh, } bringing [ on, + on  ] serious problems for the longer term. /","Um/UH ,/, and/CC  [ the/DT ] ,/,  [ the/DT severity/NN ] of/IN  [ the/DT deficit/NN picture/NN ] already/RB limits/VBZ  [ the/DT options/NNS ] available/JJ or/CC limits/VBZ  [ the/DT degree/NN ] of/IN  [ tax/NN ] cutting/NN  [ you/PRP ] can/MD do/VB without/IN ,/,  [ uh/UH ] ,/, bringing/VBG on/IN ,/, on/IN  [ serious/JJ problems/NNS ] for/IN  [ the/DT longer/JJR term/NN ] ./.","(S (INTJ (UH Um)) (, ,) (CC and) (EDITED (RM (-DFL- \[)) (NP-SBJ-UNF (DT the)) (, ,) (IP (-DFL- \+))) (NP-SBJ (NP (DT the) (RS (-DFL- \])) (NN severity)) (PP (IN of) (NP (DT the) (NN deficit) (NN picture)))) (ADVP-TMP (RB already)) (VP (VP (VBZ limits) (NP (NP (DT the) (NNS options)) (ADJP (JJ available)))) (CC or) (VP (VBZ limits) (NP (NP (DT the) (NN degree)) (PP (IN of) (NP (NP (NN tax) (NN cutting)) (SBAR (WHNP-1 (-NONE- 0)) (S (NP-SBJ-2 (PRP you)) (VP (MD can) (VP (VB do) (NP (-NONE- *T*-1)) (PP (IN without) (, ,) (INTJ (UH uh)) (, ,) (S-NOM (NP-SBJ (-NONE- *-2)) (VP (VBG bringing) (EDITED (RM (-DFL- \[)) (PRT (IN on)) (, ,) (IP (-DFL- \+))) (PRT (IN on)) (RS (-DFL- \])) (NP (JJ serious) (NNS problems)) (PP-TMP (IN for) (NP (DT the) (JJR longer) (NN term))))))))))))))) (. .) (-DFL- E_S))","34",70.489,86.501375," Um,   and   the,  the   severity of the deficit picture already limits the options available or limits the degree of tax cutting  you can do without,  uh,  bringing  on,  on   serious problems for the longer term. ","Um/UH ,/, and/CC   the/DT  ,/,   the/DT severity/NN  of/IN   the/DT deficit/NN picture/NN  already/RB limits/VBZ   the/DT options/NNS  available/JJ or/CC limits/VBZ   the/DT degree/NN  of/IN   tax/NN  cutting/NN   you/PRP  can/MD do/VB without/IN ,/,   uh/UH  ,/, bringing/VBG on/IN ,/, on/IN   serious/JJ problems/NNS  for/IN   the/DT longer/JJR term/NN  ./."
"22","sw01utt/sw_0131_3561.utt","3/sw3561",3561,21,"aa","B",15,1,"Yeah,  /","Yeah/UH ,/,","(INTJ (UH Yeah) (, ,) (-DFL- E_S))","13",87.104,87.7985,"Yeah,  ","Yeah/UH ,/,"
"23","sw01utt/sw_0131_3561.utt","3/sw3561",3561,22,"aa","B",15,2,"exactly. /","exactly/RB ./.","(INTJ (RB exactly) (. .) (-DFL- E_S))","32",87.104,87.7985,"exactly. ","exactly/RB ./."
"24","sw01utt/sw_0131_3561.utt","3/sw3561",3561,23,"sv","A",16,1,"{C So } [ [ that, + that, ] + that's ] the current predicament. /","So/RB that/DT ,/, that/DT ,/,  [ that/DT ] 's/BES  [ the/DT current/JJ predicament/NN ] ./.","(S (RB So) (EDITED (RM (-DFL- \[)) (EDITED (RM (-DFL- \[)) (NP-SBJ (DT that)) (, ,) (IP (-DFL- \+))) (NP-SBJ (DT that)) (, ,) (RS (-DFL- \])) (IP (-DFL- \+))) (NP-SBJ (DT that)) (VP (BES 's) (RS (-DFL- \])) (NP-PRD (DT the) (JJ current) (NN predicament))) (. .) (-DFL- E_S))","39",87.603,89.2465," So    that,  that,   that's  the current predicament. ","So/RB that/DT ,/, that/DT ,/,   that/DT  's/BES   the/DT current/JJ predicament/NN  ./."
"25","sw01utt/sw_0131_3561.utt","3/sw3561",3561,24,"aa","B",17,1,"Yeah,  /","Yeah/UH ,/,","(INTJ (UH Yeah) (, ,) (-DFL- E_S))","13",89.994,147.27025,"Yeah,  ","Yeah/UH ,/,"
"26","sw01utt/sw_0131_3561.utt","3/sw3561",3561,25,"sv","B",17,2,"it [ see-, + seems ] like  [ it's, + it's ] a kind of a Catch Twenty-two.  /","[ it/PRP ] [ see/VBZ ] ,/, seems/VBZ like/IN  [ it/PRP ] 's/BES ,/,  [ it/PRP ] 's/BES  [ a/DT kind/NN ] of/IN  [ a/DT Catch/NNP Twenty-two/NNP ] ./.","(S (NP-SBJ (PRP it)) (EDITED (RM (-DFL- \[)) (VP-UNF (VBZ see-)) (, ,) (IP (-DFL- \+))) (VP (VBZ seems) (RS (-DFL- \])) (SBAR (IN like) (S (EDITED (RM (-DFL- \[)) (S (NP-SBJ (PRP it)) (VP-UNF (BES 's))) (, ,) (IP (-DFL- \+))) (NP-SBJ (PRP it)) (VP (BES 's) (RS (-DFL- \])) (NP-PRD (NP (DT a) (NN kind)) (PP (IN of) (NP (DT a) (NNP Catch) (NNP Twenty-two)))))))) (. .) (-DFL- E_S))","42",89.994,147.27025,"it  see,  seems  like   it's,  it's  a kind of a Catch Twentytwo.  "," it/PRP   see/VBZ  ,/, seems/VBZ like/IN   it/PRP  's/BES ,/,   it/PRP  's/BES   a/DT kind/NN  of/IN   a/DT Catch/NNP Twentytwo/NNP  ./."
"27","sw01utt/sw_0131_3561.utt","3/sw3561",3561,26,"%","B",17,3,"{E I mean, } [ it's, + it's ] the, {F um, } - /","[ I/PRP ] mean/VBP ,/,  [ it/PRP ] 's/BES ,/,  [ it/PRP ] 's/BES  [ the/DT ] ,/, um/UH ,/,","(S (PRN (S (NP-SBJ (PRP I)) (VP (VBP mean))) (, ,)) (EDITED (RM (-DFL- \[)) (S (NP-SBJ (PRP it)) (VP-UNF (BES 's))) (, ,) (IP (-DFL- \+))) (NP-SBJ (PRP it)) (VP (BES 's) (RS (-DFL- \])) (NP-PRD-UNF (DT the) (, ,) (INTJ (UH um)))) (, ,) (-DFL- N_S))","43",89.994,147.27025," I mean,   it's,  it's  the,  um,   "," I/PRP  mean/VBP ,/,   it/PRP  's/BES ,/,   it/PRP  's/BES   the/DT  ,/, um/UH ,/,"
"28","sw01utt/sw_0131_3561.utt","3/sw3561",3561,27,"sd","B",17,4,"my  understanding is [ what they're try-, +  [ what, +  what ] supposedly they're trying ] to do by reducing taxes  is to kind of jump start the economy, the idea being that if people have to pay less money in taxes, they'll have more money to spend, {F uh, }  /","[ my/PRP$ understanding/NN ] is/VBZ  [ what/WP ] [ they/PRP ] 're/VBP try/VBG ,/,  [ what/WP ] ,/,  [ what/WP ] supposedly/RB  [ they/PRP ] 're/VBP trying/VBG to/TO do/VB by/IN reducing/VBG  [ taxes/NNS ] is/VBZ to/TO  [ kind/RB ] of/RB  [ jump/VB ] start/VB  [ the/DT economy/NN ] ,/,  [ the/DT idea/NN ] being/VBG that/IN if/IN  [ people/NNS ] have/VBP to/TO pay/VB  [ less/JJR money/NN ] in/IN  [ taxes/NNS ] ,/,  [ they/PRP ] 'll/MD have/VB  [ more/JJR money/NN ] to/TO spend/VB ,/,  [ uh/UH ] ,/,","(S (NP-SBJ (PRP$ my) (NN understanding)) (VP (VBZ is) (SBAR-PRD (-NONE- 0) (S (SBAR-NOM-SBJ (EDITED (RM (-DFL- \[)) (SBAR (WHNP (WP what)) (S (NP-SBJ (PRP they)) (VP (VBP 're) (VP-UNF (VBG try-))))) (, ,) (IP (-DFL- \+))) (EDITED (RM (-DFL- \[)) (WHNP (WP what)) (, ,) (IP (-DFL- \+))) (WHNP-3 (WP what)) (RS (-DFL- \])) (S (ADVP (RB supposedly)) (NP-SBJ-1 (PRP they)) (VP (VBP 're) (VP (VBG trying) (RS (-DFL- \])) (S (NP-SBJ-4 (-NONE- *-1)) (VP (TO to) (VP (VB do) (NP (-NONE- *T*-3)) (PP (IN by) (S-NOM (NP-SBJ (-NONE- *-4)) (VP (VBG reducing) (NP (NNS taxes)))))))))))) (VP (VBZ is) (S-PRD (NP-SBJ (-NONE- *)) (VP (TO to) (ADVP (RB kind) (RB of)) (VP (VB jump) (VB start) (NP (DT the) (NN economy))))) (, ,) (S-ADV (NP-SBJ (DT the) (NN idea)) (VP (VBG being) (SBAR-PRD (IN that) (S (SBAR-ADV (IN if) (S (NP-SBJ-2 (NNS people)) (VP (VBP have) (S (NP-SBJ (-NONE- *-2)) (VP (TO to) (VP (VB pay) (NP (NP (JJR less) (NN money)) (PP (IN in) (NP (NNS taxes)))))))))) (, ,) (NP-SBJ (PRP they)) (VP (MD 'll) (VP (VB have) (NP (NP (JJR more) (NN money)) (SBAR (WHNP-5 (-NONE- 0)) (S (NP-SBJ (-NONE- *)) (VP (TO to) (VP (VB spend) (NP (-NONE- *T*-5)))))))))))))))) (, ,) (INTJ (UH uh))) (, ,) (-DFL- E_S))","44",89.994,147.27025,"my  understanding is  what they're try,    what,   what  supposedly they're trying  to do by reducing taxes  is to kind of jump start the economy, the idea being that if people have to pay less money in taxes, they'll have more money to spend,  uh,   "," my/PRP$ understanding/NN  is/VBZ   what/WP   they/PRP  're/VBP try/VBG ,/,   what/WP  ,/,   what/WP  supposedly/RB   they/PRP  're/VBP trying/VBG to/TO do/VB by/IN reducing/VBG   taxes/NNS  is/VBZ to/TO   kind/RB  of/RB   jump/VB  start/VB   the/DT economy/NN  ,/,   the/DT idea/NN  being/VBG that/IN if/IN   people/NNS  have/VBP to/TO pay/VB   less/JJR money/NN  in/IN   taxes/NNS  ,/,   they/PRP  'll/MD have/VB   more/JJR money/NN  to/TO spend/VB ,/,   uh/UH  ,/,"
"29","sw01utt/sw_0131_3561.utt","3/sw3561",3561,28,"sd","B",17,5,"{C and } if they have more money to spend, then that will be a spur to productivity, particularly commercial productivity, {F uh, } which in turn will generate revenue.  /","and/CC if/IN  [ they/PRP ] have/VBP  [ more/JJR money/NN ] to/TO spend/VB ,/, then/RB that/DT will/MD be/VB  [ a/DT spur/NN ] to/IN  [ productivity/NN ] ,/, particularly/RB  [ commercial/JJ productivity/NN ] ,/,  [ uh/UH ] ,/,  [ which/WDT ] in/IN  [ turn/NN ] will/MD generate/VB  [ revenue/NN ] ./.","(S (CC and) (SBAR-ADV (IN if) (S (NP-SBJ (PRP they)) (VP (VBP have) (NP (NP (JJR more) (NN money)) (SBAR (WHNP-1 (-NONE- 0)) (S (NP-SBJ (-NONE- *)) (VP (TO to) (VP (VB spend) (NP (-NONE- *T*-1)))))))))) (, ,) (ADVP (RB then)) (NP-SBJ (DT that)) (VP (MD will) (VP (VB be) (NP-PRD (NP (DT a) (NN spur)) (PP (IN to) (NP (NP (NP (NN productivity)) (, ,) (ADVP (RB particularly)) (NP (JJ commercial) (NN productivity))) (, ,) (INTJ (UH uh)) (, ,) (SBAR (WHNP-2 (WDT which)) (S (PP (IN in) (NP (NN turn))) (NP-SBJ (-NONE- *T*-2)) (VP (MD will) (VP (VB generate) (NP (NN revenue))))))))))) (. .) (-DFL- E_S))","45",89.994,147.27025," and  if they have more money to spend, then that will be a spur to productivity, particularly commercial productivity,  uh,  which in turn will generate revenue.  ","and/CC if/IN   they/PRP  have/VBP   more/JJR money/NN  to/TO spend/VB ,/, then/RB that/DT will/MD be/VB   a/DT spur/NN  to/IN   productivity/NN  ,/, particularly/RB   commercial/JJ productivity/NN  ,/,   uh/UH  ,/,   which/WDT  in/IN   turn/NN  will/MD generate/VB   revenue/NN  ./."
"30","sw01utt/sw_0131_3561.utt","3/sw3561",3561,29,"sv","B",17,6,"{C But } [ it, + it ] seems [ like, +  like, ] {F uh, } it's sort of [ [ a, + {F uh, } a sp-, ] + an unending spiral, ]  /","But/IN  [ it/PRP ] ,/,  [ it/PRP ] seems/VBZ like/IN ,/, like/IN ,/,  [ uh/UH ] ,/,  [ it/PRP ] 's/BES  [ sort/RB ] of/RB  [ a/DT ] ,/,  [ uh/UH ] ,/,  [ a/DT sp-/XX ] ,/,  [ an/DT unending/JJ spiral/NN ] ,/,","(S (IN But) (EDITED (RM (-DFL- \[)) (NP-SBJ (PRP it)) (, ,) (IP (-DFL- \+))) (NP-SBJ (PRP it)) (RS (-DFL- \])) (VP (VBZ seems) (SBAR (EDITED (RM (-DFL- \[)) (SBAR-UNF (IN like)) (, ,) (IP (-DFL- \+))) (IN like) (, ,) (RS (-DFL- \])) (INTJ (UH uh)) (, ,) (S (NP-SBJ (PRP it)) (VP (BES 's) (ADVP (RB sort) (RB of)) (EDITED (RM (-DFL- \[)) (EDITED (RM (-DFL- \[)) (NP-PRD-UNF (DT a)) (, ,) (IP (-DFL- \+))) (INTJ (UH uh)) (, ,) (NP-PRD-UNF (DT a) (XX sp-)) (, ,) (RS (-DFL- \])) (IP (-DFL- \+))) (NP-PRD (DT an) (JJ unending) (NN spiral)))))) (, ,) (RS (-DFL- \])) (-DFL- E_S))","46",89.994,147.27025," But   it,  it  seems  like,   like,   uh,  it's sort of   a,   uh,  a sp,   an unending spiral,   ","But/IN   it/PRP  ,/,   it/PRP  seems/VBZ like/IN ,/, like/IN ,/,   uh/UH  ,/,   it/PRP  's/BES   sort/RB  of/RB   a/DT  ,/,   uh/UH  ,/,   a/DT sp/XX  ,/,   an/DT unending/JJ spiral/NN  ,/,"
"31","sw01utt/sw_0131_3561.utt","3/sw3561",3561,30,"%","B",17,7,"{C and } [ [ it, + it, ] + it, ] {F uh, } - /","and/CC  [ it/PRP ] ,/,  [ it/PRP ] ,/,  [ it/PRP ] ,/,  [ uh/UH ] ,/,","(S-UNF (CC and) (EDITED (RM (-DFL- \[)) (EDITED (RM (-DFL- \[)) (NP-SBJ (PRP it)) (, ,) (IP (-DFL- \+))) (NP-SBJ (PRP it)) (, ,) (RS (-DFL- \])) (IP (-DFL- \+))) (NP-SBJ (PRP it)) (, ,) (RS (-DFL- \])) (INTJ (UH uh)) (, ,) (-DFL- N_S))","47",89.994,147.27025," and    it,  it,   it,   uh,   ","and/CC   it/PRP  ,/,   it/PRP  ,/,   it/PRP  ,/,   uh/UH  ,/,"
"32","sw01utt/sw_0131_3561.utt","3/sw3561",3561,31,"sd","B",17,8,"[ I'm, + I'm ] not sure that there's any real  genuine truth to [ the, + {F uh, } the ] idea [ [ that, + that, ] + {F uh, } that ]  decreasing taxes, particularly the kinds that are being recommended bye-bye   the Bush administration and  things like capital gains taxes and so forth is going to, {F uh, }  result in substantial amounts of money, {D you know, } for consumers to spend.  /","[ I/PRP ] 'm/VBP ,/,  [ I/PRP ] 'm/VBP not/RB sure/JJ that/IN  [ there/EX ] 's/BES  [ any/DT real/JJ genuine/JJ truth/NN ] to/IN  [ the/DT ] ,/,  [ uh/UH ] ,/,  [ the/DT idea/NN ] that/IN ,/, that/IN ,/,  [ uh/UH ] ,/, that/IN decreasing/VBG  [ taxes/NNS ] ,/, particularly/RB  [ the/DT kinds/NNS ] [ that/WDT ] are/VBP being/VBG recommended/VBN bye-bye/^IN^IN   [ the/DT Bush/NNP administration/NN ] and/CC  [ things/NNS ] like/IN  [ capital/JJ gains/NNS taxes/NNS ] and/CC so/RB forth/RB is/VBZ going/VBG to/IN ,/,  [ uh/UH ] ,/,  [ result/NN ] in/IN  [ substantial/JJ amounts/NNS ] of/IN  [ money/NN ] ,/,  [ you/PRP ] know/VBP ,/, for/IN  [ consumers/NNS ] to/TO spend/VB ./.","(S (EDITED (RM (-DFL- \[)) (S (NP-SBJ (PRP I)) (VP-UNF (VBP 'm))) (, ,) (IP (-DFL- \+))) (NP-SBJ (PRP I)) (VP (VBP 'm) (RS (-DFL- \])) (RB not) (ADJP-PRD (JJ sure) (SBAR (IN that) (S (NP-SBJ (EX there)) (VP (BES 's) (NP-PRD (NP (DT any) (JJ real) (JJ genuine) (NN truth)) (PP (IN to) (EDITED (RM (-DFL- \[)) (NP-UNF (DT the)) (, ,) (IP (-DFL- \+))) (INTJ (UH uh)) (, ,) (NP (DT the) (RS (-DFL- \])) (NN idea) (SBAR (EDITED (RM (-DFL- \[)) (EDITED (RM (-DFL- \[)) (SBAR-UNF (IN that)) (, ,) (IP (-DFL- \+))) (SBAR-UNF (IN that)) (, ,) (RS (-DFL- \])) (IP (-DFL- \+))) (INTJ (UH uh)) (, ,) (IN that) (RS (-DFL- \])) (S (S-NOM-SBJ-4 (NP-SBJ (-NONE- *)) (VP (VBG decreasing) (NP (NP (NNS taxes)) (, ,) (ADVP (RB particularly)) (NP (NP (NP (DT the) (NNS kinds)) (SBAR (WHNP-1 (WDT that)) (S (NP-SBJ-2 (-NONE- *T*-1)) (VP (VBP are) (VP (VBG being) (VP (VBN recommended) (NP (-NONE- *-2)) (PP (TYPO (^IN^IN bye-bye)) (NP-LGS (DT the) (NNP Bush) (NN administration))))))))) (CC and) (NP (NP (NP (NNS things)) (PP (IN like) (NP (JJ capital) (NNS gains) (NNS taxes)))) (CC and) (ADVP-ETC (RB so) (RB forth))))))) (VP (VBZ is) (VP (VBG going) (S (NP-SBJ (-NONE- *-4)) (VP (IN to) (, ,) (INTJ (UH uh)) (, ,) (VP (NN result) (PP (IN in) (NP (NP (JJ substantial) (NNS amounts)) (PP (IN of) (NP (NN money))) (PRN (, ,) (S (NP-SBJ (PRP you)) (VP (VBP know))) (, ,)) (SBAR (WHNP-3 (-NONE- 0)) (IN for) (S (NP-SBJ (NNS consumers)) (VP (TO to) (VP (VB spend) (NP (-NONE- *T*-3))))))))))))))))))))))) (. .) (-DFL- E_S))","48",89.994,147.27025," I'm,  I'm  not sure that there's any real  genuine truth to  the,   uh,  the  idea   that,  that,    uh,  that   decreasing taxes, particularly the kinds that are being recommended byebye   the Bush administration and  things like capital gains taxes and so forth is going to,  uh,   result in substantial amounts of money,  you know,  for consumers to spend.  "," I/PRP  'm/VBP ,/,   I/PRP  'm/VBP not/RB sure/JJ that/IN   there/EX  's/BES   any/DT real/JJ genuine/JJ truth/NN  to/IN   the/DT  ,/,   uh/UH  ,/,   the/DT idea/NN  that/IN ,/, that/IN ,/,   uh/UH  ,/, that/IN decreasing/VBG   taxes/NNS  ,/, particularly/RB   the/DT kinds/NNS   that/WDT  are/VBP being/VBG recommended/VBN byebye/^IN^IN    the/DT Bush/NNP administration/NN  and/CC   things/NNS  like/IN   capital/JJ gains/NNS taxes/NNS  and/CC so/RB forth/RB is/VBZ going/VBG to/IN ,/,   uh/UH  ,/,   result/NN  in/IN   substantial/JJ amounts/NNS  of/IN   money/NN  ,/,   you/PRP  know/VBP ,/, for/IN   consumers/NNS  to/TO spend/VB ./."
"33","sw01utt/sw_0131_3561.utt","3/sw3561",3561,32,"%","B",17,9,"{C And, }  {F uh, } -/","And/CC ,/,  [ uh/UH ] ,/,","(S-UNF (CC And) (, ,) (INTJ (UH uh)) (, ,) (-DFL- N_S))","49",89.994,147.27025," And,    uh,  ","And/CC ,/,   uh/UH  ,/,"
"34","sw01utt/sw_0131_3561.utt","3/sw3561",3561,33,"aa","A",18,1,"Yeah,  /","[ Yeah/UH ] ,/,","(INTJ (UH Yeah) (, ,) (-DFL- E_S))","13",147.707875,157.61725,"Yeah,  "," Yeah/UH  ,/,"
"35","sw01utt/sw_0131_3561.utt","3/sw3561",3561,34,"sd","A",18,2,"I'm not sure how I feel about paying  on [ the quest, + the long term quests ] that tax cuts are worth at this point.  /","[ I/PRP ] 'm/VBP not/RB sure/JJ how/WRB  [ I/PRP ] feel/VBP about/IN paying/VBG on/IN  [ the/DT quest/NN ] ,/,  [ the/DT long/JJ term/NN quests/NNS ] that/IN  [ tax/NN cuts/NNS ] are/VBP worth/JJ at/IN  [ this/DT point/NN ] ./.","(S (NP-SBJ (PRP I)) (VP (VBP 'm) (RB not) (ADJP-PRD (JJ sure) (SBAR (WHADVP-3 (WRB how)) (S (NP-SBJ-2 (PRP I)) (VP (VBP feel) (ADVP-MNR (-NONE- *T*-3)) (PP (IN about) (S-NOM (NP-SBJ (-NONE- *-2)) (VP (VBG paying) (PP (IN on) (EDITED (RM (-DFL- \[)) (NP (DT the) (NN quest)) (, ,) (IP (-DFL- \+))) (NP (NP (DT the) (JJ long) (NN term) (NNS quests)) (RS (-DFL- \])) (SBAR (WHNP-1 (IN that)) (S (NP-SBJ (NN tax) (NNS cuts)) (VP (VBP are) (ADJP-PRD (JJ worth) (NP (-NONE- *T*-1))))))))))))))) (PP-TMP (IN at) (NP (DT this) (NN point)))) (. .) (-DFL- E_S))","52",147.707875,157.61725,"I'm not sure how I feel about paying  on  the quest,  the long term quests  that tax cuts are worth at this point.  "," I/PRP  'm/VBP not/RB sure/JJ how/WRB   I/PRP  feel/VBP about/IN paying/VBG on/IN   the/DT quest/NN  ,/,   the/DT long/JJ term/NN quests/NNS  that/IN   tax/NN cuts/NNS  are/VBP worth/JJ at/IN   this/DT point/NN  ./."
"36","sw01utt/sw_0131_3561.utt","3/sw3561",3561,35,"sv","A",18,3,"It's probably a judgment of how bad the recession is. /","[ It/PRP ] 's/BES probably/RB  [ a/DT judgment/NN ] of/IN how/WRB  [ bad/JJ the/DT recession/NN ] is/VBZ ./.","(S (NP-SBJ (PRP It)) (VP (BES 's) (ADVP (RB probably)) (NP-PRD (NP (DT a) (NN judgment)) (PP (IN of) (SBAR (WHADJP-1 (WRB how) (JJ bad)) (S (NP-SBJ (DT the) (NN recession)) (VP (VBZ is) (ADJP-PRD (-NONE- *T*-1)))))))) (. .) (-DFL- E_S))","53",147.707875,157.61725,"It's probably a judgment of how bad the recession is. "," It/PRP  's/BES probably/RB   a/DT judgment/NN  of/IN how/WRB   bad/JJ the/DT recession/NN  is/VBZ ./."
"37","sw01utt/sw_0131_3561.utt","3/sw3561",3561,36,"aa","B",19,1,"Yeah,  /","Yeah/UH ,/,","(INTJ (UH Yeah) (, ,) (-DFL- E_S))","13",157.7525,163.6275,"Yeah,  ","Yeah/UH ,/,"
"38","sw01utt/sw_0131_3561.utt","3/sw3561",3561,37,"sv","B",19,2,"[ it, + {F uh, } it ]  would seem to me that there are other things that the administration could do. /","[ it/PRP ] ,/,  [ uh/UH ] ,/,  [ it/PRP ] would/MD seem/VB to/IN  [ me/PRP ] that/IN  [ there/EX ] are/VBP  [ other/JJ things/NNS ] that/WDT  [ the/DT administration/NN ] could/MD do/VB ./.","(S (EDITED (RM (-DFL- \[)) (NP-SBJ (PRP it)) (, ,) (IP (-DFL- \+))) (INTJ (UH uh)) (, ,) (NP-SBJ (PRP it)) (RS (-DFL- \])) (VP (MD would) (VP (VB seem) (PP (IN to) (NP (PRP me))) (SBAR (IN that) (S (NP-SBJ (EX there)) (VP (VBP are) (NP-PRD (NP (JJ other) (NNS things)) (SBAR (WHNP-1 (WDT that)) (S (NP-SBJ (DT the) (NN administration)) (VP (MD could) (VP (VB do) (NP (-NONE- *T*-1)))))))))))) (. .) (-DFL- E_S))","56",157.7525,163.6275," it,   uh,  it   would seem to me that there are other things that the administration could do. "," it/PRP  ,/,   uh/UH  ,/,   it/PRP  would/MD seem/VB to/IN   me/PRP  that/IN   there/EX  are/VBP   other/JJ things/NNS  that/WDT   the/DT administration/NN  could/MD do/VB ./."
"39","sw01utt/sw_0131_3561.utt","3/sw3561",3561,38,"sv","A",20,1,"{D Well, } {D well, } first of all you  look to the Fed to fight the recession --","Well/UH ,/, well/UH ,/, first/JJ of/IN  [ all/DT ] [ you/PRP ] look/VBP to/IN  [ the/DT Fed/NNP ] to/TO fight/VB  [ the/DT recession/NN ] --/:","(S (INTJ (UH Well)) (, ,) (INTJ (UH well)) (, ,) (ADVP (JJ first) (PP (IN of) (NP (DT all)))) (NP-SBJ (PRP you)) (VP (VBP look) (PP (IN to) (NP-1 (DT the) (NNP Fed))) (S (NP-SBJ (-NONE- *-1)) (VP (TO to) (VP (VB fight) (NP (DT the) (NN recession)) (SBAR-ADV (RB as) (S (ADVP (RB indeed)) (NP-SBJ (PRP it)) (VP (VBZ has) (VP (-NONE- *?*) (, ,) (PP (IN with) (NP (NN interest) (NNS rates))))))))))) (. .) (-DFL- E_S))","58",163.637875,168.545," Well,   well,  first of all you  look to the Fed to fight the recession ","Well/UH ,/, well/UH ,/, first/JJ of/IN   all/DT   you/PRP  look/VBP to/IN   the/DT Fed/NNP  to/TO fight/VB   the/DT recession/NN  /:"
"40","sw01utt/sw_0131_3561.utt","3/sw3561",3561,39,"b","B",21,1,"Uh-huh. /","[ Uh-huh/UH ] ./.","(INTJ (UH Uh-huh) (. .) (-DFL- E_S))","60",166.629875,166.92875,"Uhhuh. "," Uhhuh/UH  ./."
"41","sw01utt/sw_0131_3561.utt","3/sw3561",3561,40,"+","A",22,1,"-- as indeed it has, with interest rates. /","--/: as/RB indeed/RB  [ it/PRP ] has/VBZ ,/, with/IN  [ interest/NN rates/NNS ] ./.","(S (INTJ (UH Well)) (, ,) (INTJ (UH well)) (, ,) (ADVP (JJ first) (PP (IN of) (NP (DT all)))) (NP-SBJ (PRP you)) (VP (VBP look) (PP (IN to) (NP-1 (DT the) (NNP Fed))) (S (NP-SBJ (-NONE- *-1)) (VP (TO to) (VP (VB fight) (NP (DT the) (NN recession)) (SBAR-ADV (RB as) (S (ADVP (RB indeed)) (NP-SBJ (PRP it)) (VP (VBZ has) (VP (-NONE- *?*) (, ,) (PP (IN with) (NP (NN interest) (NNS rates))))))))))) (. .) (-DFL- E_S))","58",NA,NA," as indeed it has, with interest rates. ","/: as/RB indeed/RB   it/PRP  has/VBZ ,/, with/IN   interest/NN rates/NNS  ./."
"42","sw01utt/sw_0131_3561.utt","3/sw3561",3561,41,"aa","B",23,1,"Uh-huh.  /","[ Uh-huh/UH ] ./.","(INTJ (UH Uh-huh) (. .) (-DFL- E_S))","60",168.82675,177.25075,"Uhhuh.  "," Uhhuh/UH  ./."
"43","sw01utt/sw_0131_3561.utt","3/sw3561",3561,42,"sv","B",23,2,"I think that's been a positive development.  /","[ I/PRP ] think/VBP that/DT  [ 's/HVS ] been/VBN  [ a/DT positive/JJ development/NN ] ./.","(S (NP-SBJ (PRP I)) (VP (VBP think) (SBAR (-NONE- 0) (S (NP-SBJ (DT that)) (VP (HVS 's) (VP (VBN been) (NP-PRD (DT a) (JJ positive) (NN development))))))) (. .) (-DFL- E_S))","64",168.82675,177.25075,"I think that's been a positive development.  "," I/PRP  think/VBP that/DT   's/HVS  been/VBN   a/DT positive/JJ development/NN  ./."
"44","sw01utt/sw_0131_3561.utt","3/sw3561",3561,43,"sv","B",23,3,"I think what that's done is  [ [ it's, + it's, ] + it's ]  help keep inflation from, {F um, } {F uh, } -/","[ I/PRP ] think/VBP  [ what/WP ] [ that/WDT ] 's/BES done/VBN is/VBZ  [ it/PRP ] 's/BES ,/,  [ it/PRP ] 's/BES ,/,  [ it/PRP ] 's/BES  [ help/VB ] keep/VB  [ inflation/NN ] from/IN ,/, um/UH ,/,  [ uh/UH ] ,/,","(S (NP-SBJ (PRP I)) (VP (VBP think) (SBAR (-NONE- 0) (S (SBAR-NOM-SBJ (WHNP-1 (WP what)) (S (NP-SBJ (WDT that)) (VP (BES 's) (VP (VBN done) (NP (-NONE- *T*-1)))))) (VP (VBZ is) (S-PRD (EDITED (RM (-DFL- \[)) (EDITED (RM (-DFL- \[)) (S (NP-SBJ (PRP it)) (VP-UNF (BES 's))) (, ,) (IP (-DFL- \+))) (S (NP-SBJ (PRP it)) (VP-UNF (BES 's))) (, ,) (RS (-DFL- \])) (IP (-DFL- \+))) (NP-SBJ-2 (PRP it)) (VP (BES 's) (RS (-DFL- \])) (VP (VB help) (S (NP-SBJ (-NONE- *-2)) (VP (VB keep) (NP (NN inflation)) (PP-UNF (IN from) (, ,) (INTJ (UH um)) (, ,) (INTJ (UH uh)))))))))))) (, ,) (-DFL- N_S))","65",168.82675,177.25075,"I think what that's done is    it's,  it's,   it's   help keep inflation from,  um,   uh,  "," I/PRP  think/VBP   what/WP   that/WDT  's/BES done/VBN is/VBZ   it/PRP  's/BES ,/,   it/PRP  's/BES ,/,   it/PRP  's/BES   help/VB  keep/VB   inflation/NN  from/IN ,/, um/UH ,/,   uh/UH  ,/,"
"45","sw01utt/sw_0131_3561.utt","3/sw3561",3561,44,"sv","A",24,1,"{D Well, } at the moment we're doing very well on inflation. /","Well/UH ,/, at/IN  [ the/DT moment/NN ] [ we/PRP ] 're/VBP doing/VBG very/RB well/RB on/IN  [ inflation/NN ] ./.","(S (INTJ (UH Well)) (, ,) (PP-TMP (IN at) (NP (DT the) (NN moment))) (NP-SBJ (PRP we)) (VP (VBP 're) (VP (VBG doing) (ADVP-MNR (RB very) (RB well)) (PP (IN on) (NP (NN inflation))))) (. .) (-DFL- E_S))","67",176.897125,179.026125," Well,  at the moment we're doing very well on inflation. ","Well/UH ,/, at/IN   the/DT moment/NN   we/PRP  're/VBP doing/VBG very/RB well/RB on/IN   inflation/NN  ./."
"46","sw01utt/sw_0131_3561.utt","3/sw3561",3561,45,"aa","B",25,1,"Yeah,  /","Yeah/UH ,/,","(INTJ (UH Yeah) (, ,) (-DFL- E_S))","31",179.294,180.087,"Yeah,  ","Yeah/UH ,/,"
"47","sw01utt/sw_0131_3561.utt","3/sw3561",3561,46,"aa","B",25,2,"exactly. /","exactly/RB ./.","(INTJ (RB exactly) (. .) (-DFL- E_S))","32",179.294,180.087,"exactly. ","exactly/RB ./."
"48","sw01utt/sw_0131_3561.utt","3/sw3561",3561,47,"sv","A",26,1,"That's the sort of upside to the deficit. /","[ That/DT ] 's/BES  [ the/DT sort/NN ] of/IN upside/RB to/IN  [ the/DT deficit/NN ] ./.","(S (NP-SBJ (DT That)) (VP (BES 's) (NP-PRD (NP (DT the) (ADVP (NN sort) (IN of)) (RB upside)) (PP (IN to) (NP (DT the) (NN deficit))))) (. .) (-DFL- E_S))","72",180.23375,182.836625,"That's the sort of upside to the deficit. "," That/DT  's/BES   the/DT sort/NN  of/IN upside/RB to/IN   the/DT deficit/NN  ./."
"49","sw01utt/sw_0131_3561.utt","3/sw3561",3561,48,"sv","B",27,1,"It's a sort of a piece of luck. /","[ It/PRP ] 's/BES  [ a/DT sort/NN ] of/IN  [ a/DT piece/NN ] of/IN  [ luck/NN ] ./.","(S (NP-SBJ (PRP It)) (VP (BES 's) (NP-PRD (NP (DT a) (NN sort)) (PP (IN of) (NP (NP (DT a) (NN piece)) (PP (IN of) (NP (NN luck))))))) (. .) (-DFL- E_S))","74",181.481,182.911125,"It's a sort of a piece of luck. "," It/PRP  's/BES   a/DT sort/NN  of/IN   a/DT piece/NN  of/IN   luck/NN  ./."
"50","sw01utt/sw_0131_3561.utt","3/sw3561",3561,49,"sv","A",28,1,"That's the upside to the recession. /","[ That/DT ] 's/BES  [ the/DT ] upside/RB to/IN  [ the/DT recession/NN ] ./.","(S (NP-SBJ (DT That)) (VP (BES 's) (NP-PRD (NP (DT the) (RB upside)) (PP (IN to) (NP (DT the) (NN recession))))) (. .) (-DFL- E_S))","76",183.369375,184.700875,"That's the upside to the recession. "," That/DT  's/BES   the/DT  upside/RB to/IN   the/DT recession/NN  ./."
"51","sw01utt/sw_0131_3561.utt","3/sw3561",3561,50,"b","B",29,1,"Yeah, {F um. }  /","Yeah/UH ,/, um/UH ./.","(INTJ (INTJ (UH Yeah)) (, ,) (INTJ (UH um)) (. .) (-DFL- E_S))","78",184.813625,191.9625,"Yeah,  um.   ","Yeah/UH ,/, um/UH ./."
"52","sw01utt/sw_0131_3561.utt","3/sw3561",3561,51,"h","B",29,2,"I don't know,  /","[ I/PRP ] do/VBP n't/RB know/VB ,/,","(S (NP-SBJ (PRP I)) (VP (VBP do) (RB n't) (VP (VB know))) (, ,) (-DFL- E_S))","79",184.813625,191.9625,"I don't know,  "," I/PRP  do/VBP n't/RB know/VB ,/,"
"53","sw01utt/sw_0131_3561.utt","3/sw3561",3561,52,"qw","B",29,3,"what kind of things do you think can be done [ [ in, + in, ] + {F uh, } in ] the long term? /","[ what/WP kind/NN ] of/IN  [ things/NNS ] do/VBP  [ you/PRP ] think/VB can/MD be/VB done/VBN in/IN ,/, in/IN ,/,  [ uh/UH ] ,/, in/IN  [ the/DT long/JJ term/NN ] ?/.","(SBARQ (WHNP-1 (WHNP (WP what) (NN kind)) (PP (IN of) (NP (NNS things)))) (SQ (VBP do) (NP-SBJ (PRP you)) (VP (VB think) (SBAR (-NONE- 0) (S (NP-SBJ-2 (-NONE- *T*-1)) (VP (MD can) (VP (VB be) (VP (VBN done) (NP (-NONE- *-2)) (EDITED (RM (-DFL- \[)) (EDITED (RM (-DFL- \[)) (PP-TMP-UNF (IN in)) (, ,) (IP (-DFL- \+))) (PP-TMP-UNF (IN in)) (, ,) (RS (-DFL- \])) (IP (-DFL- \+))) (INTJ (UH uh)) (, ,) (PP-TMP (IN in) (RS (-DFL- \])) (NP (DT the) (JJ long) (NN term)))))))))) (. ?) (-DFL- E_S))","80",184.813625,191.9625,"what kind of things do you think can be done   in,  in,    uh,  in  the long term? "," what/WP kind/NN  of/IN   things/NNS  do/VBP   you/PRP  think/VB can/MD be/VB done/VBN in/IN ,/, in/IN ,/,   uh/UH  ,/, in/IN   the/DT long/JJ term/NN  ?/."
"54","sw01utt/sw_0131_3561.utt","3/sw3561",3561,53,"sv","A",30,1,"((   ))  {D Well, } can be done or will be done  are two different things.  /","[ MUMBLEx/XX ] Well/UH ,/, can/MD be/VB done/VBN or/CC will/MD be/VB done/VBN are/VBP  [ two/CD different/JJ things/NNS ] ./.","(S (X (XX MUMBLEx)) (INTJ (UH Well)) (, ,) (S-SBJ (S (NP-SBJ-1 (-NONE- *)) (VP (MD can) (VP (VB be) (VP (VBN done) (NP (-NONE- *-1)))))) (CC or) (S (NP-SBJ-2 (-NONE- *)) (VP (MD will) (VP (VB be) (VP (VBN done) (NP (-NONE- *-2))))))) (VP (VBP are) (NP-PRD (CD two) (JJ different) (NNS things))) (. .) (-DFL- E_S))","82",191.353125,207.2665,"      Well,  can be done or will be done  are two different things.  "," MUMBLEx/XX  Well/UH ,/, can/MD be/VB done/VBN or/CC will/MD be/VB done/VBN are/VBP   two/CD different/JJ things/NNS  ./."
"55","sw01utt/sw_0131_3561.utt","3/sw3561",3561,54,"sd","A",30,2,"{F Um, } at various places to look [ for, + for ]  cutting the budget, first of all I consider more defense cuts than are already planned --","Um/UH ,/, at/IN  [ various/JJ places/NNS ] to/TO look/VB for/IN ,/, for/IN cutting/NN  [ the/DT budget/NN ] ,/,  [ first/JJ ] of/IN  [ all/DT ] [ I/PRP ] consider/VBP  [ more/JJR defense/NN ] cuts/VBZ than/WDT are/VBP already/RB planned/VBN --/:","(S (INTJ (UH Um)) (, ,) (PP (IN at) (NP (NP (JJ various) (NNS places)) (SBAR (WHADVP-1 (-NONE- 0)) (S (NP-SBJ (-NONE- *)) (VP (TO to) (VP (VB look) (ADVP (-NONE- *T*-1)))))))) (EDITED (RM (-DFL- \[)) (PP-UNF (IN for)) (, ,) (IP (-DFL- \+))) (PP (IN for) (RS (-DFL- \])) (S-NOM (NP-SBJ (-NONE- *)) (VP (NN cutting) (NP (DT the) (NN budget))))) (, ,) (ADVP (JJ first) (PP (IN of) (NP (DT all)))) (NP-SBJ (PRP I)) (VP (VBP consider) (NP (NP (JJR more) (NN defense) (VBZ cuts)) (SBAR (WDT than) (S (NP-SBJ-2 (-NONE- *?*)) (VP (VBP are) (ADVP-TMP (RB already)) (VP (VBN planned) (NP (-NONE- *-2))))))) (PP (VBG depending) (PP (IN on) (NP (DT the) (NN world) (NN situation))))) (. .) (-DFL- E_S))","83",191.353125,207.2665," Um,  at various places to look  for,  for   cutting the budget, first of all I consider more defense cuts than are already planned ","Um/UH ,/, at/IN   various/JJ places/NNS  to/TO look/VB for/IN ,/, for/IN cutting/NN   the/DT budget/NN  ,/,   first/JJ  of/IN   all/DT   I/PRP  consider/VBP   more/JJR defense/NN  cuts/VBZ than/WDT are/VBP already/RB planned/VBN /:"
"56","sw01utt/sw_0131_3561.utt","3/sw3561",3561,55,"b","B",31,1,"Sure. /","[ Sure/JJ ] ./.","(INTJ (JJ Sure) (. .) (-DFL- E_S))","85",205.3445,205.725625,"Sure. "," Sure/JJ  ./."
"57","sw01utt/sw_0131_3561.utt","3/sw3561",3561,56,"+","A",32,1,"-- depending on the world situation.  /","--/: depending/VBG on/IN  [ the/DT world/NN situation/NN ] ./.","(S (INTJ (UH Um)) (, ,) (PP (IN at) (NP (NP (JJ various) (NNS places)) (SBAR (WHADVP-1 (-NONE- 0)) (S (NP-SBJ (-NONE- *)) (VP (TO to) (VP (VB look) (ADVP (-NONE- *T*-1)))))))) (EDITED (RM (-DFL- \[)) (PP-UNF (IN for)) (, ,) (IP (-DFL- \+))) (PP (IN for) (RS (-DFL- \])) (S-NOM (NP-SBJ (-NONE- *)) (VP (NN cutting) (NP (DT the) (NN budget))))) (, ,) (ADVP (JJ first) (PP (IN of) (NP (DT all)))) (NP-SBJ (PRP I)) (VP (VBP consider) (NP (NP (JJR more) (NN defense) (VBZ cuts)) (SBAR (WDT than) (S (NP-SBJ-2 (-NONE- *?*)) (VP (VBP are) (ADVP-TMP (RB already)) (VP (VBN planned) (NP (-NONE- *-2))))))) (PP (VBG depending) (PP (IN on) (NP (DT the) (NN world) (NN situation))))) (. .) (-DFL- E_S))","83",209.223,232.603," depending on the world situation.  ","/: depending/VBG on/IN   the/DT world/NN situation/NN  ./."
"58","sw01utt/sw_0131_3561.utt","3/sw3561",3561,57,"sv","A",32,2,"{C But } there are various other areas such [ as, + as ] farm subsidies that ought to be slashed.  /","But/CC  [ there/EX ] are/VBP  [ various/JJ other/JJ areas/NNS ] such/IN as/IN ,/, as/IN  [ farm/NN subsidies/NNS ] [ that/WDT ] ought/MD to/TO be/VB slashed/VBN ./.","(S (CC But) (NP-SBJ (EX there)) (VP (VBP are) (NP-PRD (NP (JJ various) (JJ other) (NNS areas)) (PP (IN such) (EDITED (RM (-DFL- \[)) (IN as) (, ,) (IP (-DFL- \+))) (IN as) (RS (-DFL- \])) (NP (NN farm) (NNS subsidies))) (SBAR (WHNP-2 (WDT that)) (S (NP-SBJ-1 (-NONE- *T*-2)) (VP (MD ought) (S (NP-SBJ (-NONE- *-1)) (VP (TO to) (VP (VB be) (VP (VBN slashed) (NP (-NONE- *-1))))))))))) (. .) (-DFL- E_S))","87",209.223,232.603," But  there are various other areas such  as,  as  farm subsidies that ought to be slashed.  ","But/CC   there/EX  are/VBP   various/JJ other/JJ areas/NNS  such/IN as/IN ,/, as/IN   farm/NN subsidies/NNS   that/WDT  ought/MD to/TO be/VB slashed/VBN ./."
"59","sw01utt/sw_0131_3561.utt","3/sw3561",3561,58,"sv","A",32,3,"{F Uh, } a lot of entitlement programs, like education aid, I think, {F uh, }  they should put [ a, + in ] - /","[ Uh/UH ] ,/,  [ a/DT lot/NN ] of/IN  [ entitlement/NN programs/NNS ] ,/, like/IN  [ education/NN aid/NN ] ,/,  [ I/PRP ] think/VBP ,/, uh/UH ,/,  [ they/PRP ] should/MD put/VB  [ a/DT ] ,/, in/IN","(S (INTJ (UH Uh)) (, ,) (NP-ADV (NP (DT a) (NN lot)) (PP (IN of) (NP (NP (NN entitlement) (NNS programs)) (, ,) (PP (IN like) (NP (NN education) (NN aid)))))) (, ,) (NP-SBJ (PRP I)) (VP (VBP think) (, ,) (INTJ (UH uh)) (, ,) (SBAR (-NONE- 0) (S (NP-SBJ (PRP they)) (VP (MD should) (VP-UNF (VB put) (EDITED (RM (-DFL- \[)) (NP-UNF (DT a)) (, ,) (IP (-DFL- \+))) (X (IN in)))))) (RS (-DFL- \]))) (-DFL- N_S))","88",209.223,232.603," Uh,  a lot of entitlement programs, like education aid, I think,  uh,   they should put  a,  in   "," Uh/UH  ,/,   a/DT lot/NN  of/IN   entitlement/NN programs/NNS  ,/, like/IN   education/NN aid/NN  ,/,   I/PRP  think/VBP ,/, uh/UH ,/,   they/PRP  should/MD put/VB   a/DT  ,/, in/IN"
"60","sw01utt/sw_0131_3561.utt","3/sw3561",3561,59,"sv","A",32,4,"the Reagan administration took all such entitlements to the poor --","[ the/DT Reagan/NNP administration/NN ] took/VBD  [ all/DT such/JJ entitlements/NNS ] to/IN  [ the/DT poor/NN ] --/:","(S (NP-SBJ (DT the) (NNP Reagan) (NN administration)) (VP (VP (VBD took) (NP (NP (DT all) (JJ such) (NNS entitlements)) (PP (IN to) (NP (DT the) (NN poor))))) (CC but) (VP (VBD left) (NP (NP (PRP them)) (PP (IN for) (NP (DT the) (JJ middle) (NN class)))) (, ,) (INTJ (UH uh)))) (, ,) (-DFL- E_S))","89",209.223,232.603,"the Reagan administration took all such entitlements to the poor "," the/DT Reagan/NNP administration/NN  took/VBD   all/DT such/JJ entitlements/NNS  to/IN   the/DT poor/NN  /:"
"61","sw01utt/sw_0131_3561.utt","3/sw3561",3561,60,"b","B",33,1,"Uh-huh. /","[ Uh-huh/UH ] ./.","(INTJ (UH Uh-huh) (. .) (-DFL- E_S))","60",228.6625,228.992,"Uhhuh. "," Uhhuh/UH  ./."
"62","sw01utt/sw_0131_3561.utt","3/sw3561",3561,61,"+","A",34,1,"-- but left them for the middle class, {F uh, }  /","--/: but/CC left/VBD  [ them/PRP ] for/IN  [ the/DT middle/JJ class/NN ] ,/,  [ uh/UH ] ,/,","(S (NP-SBJ (DT the) (NNP Reagan) (NN administration)) (VP (VP (VBD took) (NP (NP (DT all) (JJ such) (NNS entitlements)) (PP (IN to) (NP (DT the) (NN poor))))) (CC but) (VP (VBD left) (NP (NP (PRP them)) (PP (IN for) (NP (DT the) (JJ middle) (NN class)))) (, ,) (INTJ (UH uh)))) (, ,) (-DFL- E_S))","89",233.22825,243.761375," but left them for the middle class,  uh,   ","/: but/CC left/VBD   them/PRP  for/IN   the/DT middle/JJ class/NN  ,/,   uh/UH  ,/,"
"63","sw01utt/sw_0131_3561.utt","3/sw3561",3561,62,"sv","A",34,2,"in the longer term, {F uh, } [ [ we, + we, ] + we'd ] do well, I think [ to make, + to make, ]  {F uh, } reductions there.  /","in/IN  [ the/DT longer/JJR term/NN ] ,/,  [ uh/UH ] ,/,  [ we/PRP ] ,/,  [ we/PRP ] ,/,  [ we/PRP ] 'd/MD do/VB well/RB ,/,  [ I/PRP ] think/VBP to/TO make/VB ,/, to/TO make/VB ,/,  [ uh/UH ] ,/,  [ reductions/NNS ] there/RB ./.","(S-2 (PP-TMP (IN in) (NP (DT the) (JJR longer) (NN term))) (, ,) (INTJ (UH uh)) (, ,) (EDITED (RM (-DFL- \[)) (EDITED (RM (-DFL- \[)) (NP-SBJ (PRP we)) (, ,) (IP (-DFL- \+))) (NP-SBJ (PRP we)) (, ,) (RS (-DFL- \])) (IP (-DFL- \+))) (NP-SBJ-1 (PRP we)) (VP (MD 'd) (RS (-DFL- \])) (VP (VB do) (ADVP-MNR (RB well)) (PRN (, ,) (S (NP-SBJ (PRP I)) (VP (VBP think) (SBAR (-NONE- 0) (S (-NONE- *T*-2)))))) (S (NP-SBJ (-NONE- *-1)) (EDITED (RM (-DFL- \[)) (VP (TO to) (VP-UNF (VB make))) (, ,) (IP (-DFL- \+))) (VP (TO to) (VP (VB make) (, ,) (RS (-DFL- \])) (INTJ (UH uh)) (, ,) (NP (NNS reductions)) (ADVP (RB there))))))) (. .) (-DFL- E_S))","93",233.22825,243.761375,"in the longer term,  uh,    we,  we,   we'd  do well, I think  to make,  to make,    uh,  reductions there.  ","in/IN   the/DT longer/JJR term/NN  ,/,   uh/UH  ,/,   we/PRP  ,/,   we/PRP  ,/,   we/PRP  'd/MD do/VB well/RB ,/,   I/PRP  think/VBP to/TO make/VB ,/, to/TO make/VB ,/,   uh/UH  ,/,   reductions/NNS  there/RB ./."
"64","sw01utt/sw_0131_3561.utt","3/sw3561",3561,63,"sv","A",34,3,"Also somewhat ((   ))  is to collect owed to the government from various loan programs that people have borrowed. /","Also/RB somewhat/RB MUMBLEx/XX is/VBZ to/TO collect/VB owed/JJ to/IN  [ the/DT government/NN ] from/IN  [ various/JJ loan/NN programs/NNS ] that/WDT  [ people/NNS ] have/VBP borrowed/VBN ./.","(X (ADVP (RB Also)) (RB somewhat) (XX MUMBLEx) (VP (VBZ is) (S (NP-SBJ (-NONE- *)) (VP (TO to) (VP (VB collect))))) (VP (JJ owed) (NP (-NONE- *)) (PP-DTV (IN to) (NP (DT the) (NN government)))) (PP (IN from) (NP (JJ various) (NN loan) (NNS programs))) (SBAR (WHNP-1 (WDT that)) (S (NP-SBJ (NNS people)) (VP (VBP have) (VP (VBN borrowed) (NP (-NONE- *T*-1)))))) (. .) (-DFL- E_S))","94",233.22825,243.761375,"Also somewhat      is to collect owed to the government from various loan programs that people have borrowed. ","Also/RB somewhat/RB MUMBLEx/XX is/VBZ to/TO collect/VB owed/JJ to/IN   the/DT government/NN  from/IN   various/JJ loan/NN programs/NNS  that/WDT   people/NNS  have/VBP borrowed/VBN ./."
"65","sw01utt/sw_0131_3561.utt","3/sw3561",3561,64,"aa","B",35,1,"Right.  /","[ Right/UH ] ./.","(INTJ (UH Right) (. .) (-DFL- E_S))","96",244.558375,258.107,"Right.  "," Right/UH  ./."
"66","sw01utt/sw_0131_3561.utt","3/sw3561",3561,65,"sd","B",35,2,"[  I think that, + I think [ that, +    that ] ] I agree with you certainly in the second situation, /","[ I/PRP ] think/VBP  [ that/DT ] ,/,  [ I/PRP ] think/VBP that/IN ,/, that/IN  [ I/PRP ] agree/VBP with/IN  [ you/PRP ] certainly/RB in/IN  [ the/DT second/JJ situation/NN ] ,/,","(S (EDITED (RM (-DFL- \[)) (S (NP-SBJ (PRP I)) (VP (VBP think) (SBAR-UNF (DT that)))) (, ,) (IP (-DFL- \+))) (NP-SBJ (PRP I)) (VP (VBP think) (SBAR (EDITED (RM (-DFL- \[)) (SBAR-UNF (IN that)) (, ,) (IP (-DFL- \+))) (IN that) (RS (-DFL- \])) (RS (-DFL- \])) (S (NP-SBJ (PRP I)) (VP (VBP agree) (PP (IN with) (NP (PRP you))) (ADVP (RB certainly)) (PP (IN in) (NP (DT the) (JJ second) (NN situation))))))) (, ,) (-DFL- E_S))","97",244.558375,258.107,"  I think that,  I think  that,     that   I agree with you certainly in the second situation, "," I/PRP  think/VBP   that/DT  ,/,   I/PRP  think/VBP that/IN ,/, that/IN   I/PRP  agree/VBP with/IN   you/PRP  certainly/RB in/IN   the/DT second/JJ situation/NN  ,/,"
"67","sw01utt/sw_0131_3561.utt","3/sw3561",3561,66,"sd","B",35,3,"{C and } I think certain entitlements  [ I, + I'm ] inclined to agree with you, too.  /","and/CC  [ I/PRP ] think/VBP  [ certain/JJ entitlements/NNS I/PRP ] ,/,  [ I/PRP ] 'm/VBP inclined/JJ to/TO agree/VB with/IN  [ you/PRP ] ,/, too/RB ./.","(S (CC and) (NP-SBJ (PRP I)) (VP (VBP think) (SBAR (-NONE- 0) (S (NP-ADV (JJ certain) (NNS entitlements)) (EDITED (RM (-DFL- \[)) (NP-SBJ (PRP I)) (, ,) (IP (-DFL- \+))) (NP-SBJ-1 (PRP I)) (VP (VBP 'm) (RS (-DFL- \])) (ADJP-PRD (JJ inclined) (S (NP-SBJ (-NONE- *-1)) (VP (TO to) (VP (VB agree) (PP (IN with) (NP (PRP you))) (, ,) (ADVP (RB too)))))))))) (. .) (-DFL- E_S))","98",244.558375,258.107," and  I think certain entitlements   I,  I'm  inclined to agree with you, too.  ","and/CC   I/PRP  think/VBP   certain/JJ entitlements/NNS I/PRP  ,/,   I/PRP  'm/VBP inclined/JJ to/TO agree/VB with/IN   you/PRP  ,/, too/RB ./."
"68","sw01utt/sw_0131_3561.utt","3/sw3561",3561,67,"sv","B",35,4,"Education happens to be one  place where I think that we would foolish to {F um, } {F uh, } -/","[ Education/NN ] happens/VBZ to/TO be/VB  [ one/CD ] place/VB where/WRB  [ I/PRP ] think/VBP that/IN  [ we/PRP ] would/MD foolish/JJ to/TO um/UH ,/,  [ uh/UH ] ,/,","(S (NP-SBJ-1 (NN Education)) (VP (VBZ happens) (S (NP-SBJ (-NONE- *-1)) (VP (TO to) (VP (VB be) (NP-PRD (NP (CD one) (VB place)) (SBAR (WHADVP-3 (WRB where)) (S (NP-SBJ (PRP I)) (VP (VBP think) (SBAR (IN that) (S (NP-SBJ-2 (PRP we)) (VP (MD would) (X (ADJP-PRD (JJ foolish) (S (NP-SBJ (-NONE- *-2)) (VP-UNF (TO to) (INTJ (UH um)) (, ,) (INTJ (UH uh))))))))) (ADVP (-NONE- *T*-3)))))))))) (, ,) (-DFL- N_S))","99",244.558375,258.107,"Education happens to be one  place where I think that we would foolish to  um,   uh,  "," Education/NN  happens/VBZ to/TO be/VB   one/CD  place/VB where/WRB   I/PRP  think/VBP that/IN   we/PRP  would/MD foolish/JJ to/TO um/UH ,/,   uh/UH  ,/,"
"69","sw01utt/sw_0131_3561.utt","3/sw3561",3561,68,"sd","A",36,1,"A lot of education aid has gone to so-called trade schools --","[ A/DT lot/NN ] of/IN  [ education/NN aid/NN ] has/VBZ gone/VBN to/IN  [ so-called/VBN trade/NN schools/NNS ] --/:","(S (NP-SBJ (NP (DT A) (NN lot)) (PP (IN of) (NP (NN education) (NN aid)))) (VP (VBZ has) (VP (VBN gone) (PP (IN to) (NP (NP (VBN so-called) (NN trade) (NNS schools)) (SBAR (WHNP-1 (WDT which)) (S (NP-SBJ (-NONE- *T*-1)) (VP (VBP are) (ADVP (RB sort) (RB of)) (RB not) (NP-PRD (NNS colleges))))))))) (-DFL- E_S))","101",258.322625,264.451875,"A lot of education aid has gone to socalled trade schools "," A/DT lot/NN  of/IN   education/NN aid/NN  has/VBZ gone/VBN to/IN   socalled/VBN trade/NN schools/NNS  /:"
"70","sw01utt/sw_0131_3561.utt","3/sw3561",3561,69,"b","B",37,1,"Uh-huh. /","[ Uh-huh/UH ] ./.","(INTJ (UH Uh-huh) (. .) (-DFL- E_S))","91",262.295375,262.671625,"Uhhuh. "," Uhhuh/UH  ./."
"71","sw01utt/sw_0131_3561.utt","3/sw3561",3561,70,"+","A",38,1,"-- which are sort of not colleges  /","--/:  [ which/WDT ] are/VBP  [ sort/RB ] of/RB not/RB  [ colleges/NNS ]","(S (NP-SBJ (NP (DT A) (NN lot)) (PP (IN of) (NP (NN education) (NN aid)))) (VP (VBZ has) (VP (VBN gone) (PP (IN to) (NP (NP (VBN so-called) (NN trade) (NNS schools)) (SBAR (WHNP-1 (WDT which)) (S (NP-SBJ (-NONE- *T*-1)) (VP (VBP are) (ADVP (RB sort) (RB of)) (RB not) (NP-PRD (NNS colleges))))))))) (-DFL- E_S))","101",264.451875,279.287875," which are sort of not colleges  ","/:   which/WDT  are/VBP   sort/RB  of/RB not/RB   colleges/NNS "
"72","sw01utt/sw_0131_3561.utt","3/sw3561",3561,71,"sd","A",38,2,"{C but }  schools that teach you trades, {D you know, } beautician --","but/CC  [ schools/NNS ] [ that/WDT ] teach/VBP  [ you/PRP trades/NNS ] ,/,  [ you/PRP ] know/VBP ,/,  [ beautician/NN ] --/:","(S (CC but) (NP-SBJ (NP (NNS schools)) (SBAR (WHNP-1 (WDT that)) (S (NP-SBJ (-NONE- *T*-1)) (VP (VBP teach) (NP (PRP you)) (NP (NP (NNS trades)) (PRN (, ,) (S (NP-SBJ (PRP you)) (VP (VBP know))) (, ,)) (NP (NN beautician))))))) (INTJ (UH well)) (, ,) (EDITED (RM (-DFL- \[)) (CC and) (IP (-DFL- \+)) (RS (-DFL- \]))) (ADVP-TMP (RB often)) (VP (VBZ exists) (ADVP (RB only)) (PP-PRP (IN because) (IN of) (NP (NP (DT the) (JJ federal) (NNS programs)) (SBAR (WHADVP-3 (WDT that)) (S (S (NP-SBJ (PRP they)) (VP (MD can) (VP (VP (VB take) (NP (NNS people))) (CC and) (VP (VB tell) (NP (PRP them)) (SBAR (-NONE- 0) (S (NP-SBJ (PRP they)) (VP (MD can) (VP (VB get) (NP (NNS loans)) (PP (IN for) (NP (PRP$ their) (JJ full) (NN tuition)))))))) (ADVP (-NONE- *T*-3))))) (, ,) (INTJ (UH uh)) (, ,) (CC and) (S (NP-SBJ-2 (DT the) (NN school)) (VP (VBZ gets) (VP (VBN paid) (NP (-NONE- *-2)) (PRT (IN off)) (ADVP-TMP (RB immediately)) (ADVP (-NONE- *T*-3))))))))) (, ,) (INTJ (UH uh))) (-DFL- E_S))","105",264.451875,279.287875," but   schools that teach you trades,  you know,  beautician ","but/CC   schools/NNS   that/WDT  teach/VBP   you/PRP trades/NNS  ,/,   you/PRP  know/VBP ,/,   beautician/NN  /:"
"73","sw01utt/sw_0131_3561.utt","3/sw3561",3561,72,"bk","B",39,1,"{F Oh, } [ I see, + I see ] what you're saying. /","Oh/UH ,/,  [ I/PRP ] see/VBP ,/,  [ I/PRP ] see/VBP  [ what/WP ] [ you/PRP ] 're/VBP saying/VBG ./.","(S (INTJ (UH Oh)) (, ,) (EDITED (RM (-DFL- \[)) (S (NP-SBJ (PRP I)) (VP-UNF (VBP see))) (, ,) (IP (-DFL- \+))) (NP-SBJ (PRP I)) (VP (VBP see) (RS (-DFL- \])) (SBAR (WHNP-1 (WP what)) (S (NP-SBJ (PRP you)) (VP (VBP 're) (VP (VBG saying) (NP (-NONE- *T*-1))))))) (. .) (-DFL- E_S))","107",267.626375,269.06425," Oh,   I see,  I see  what you're saying. ","Oh/UH ,/,   I/PRP  see/VBP ,/,   I/PRP  see/VBP   what/WP   you/PRP  're/VBP saying/VBG ./."
"74","sw01utt/sw_0131_3561.utt","3/sw3561",3561,73,"+","A",40,1,"-- {D well, } [ and + ] often exists only  because of the federal programs that they can take people and tell them they can get loans  for their full tuition, {F uh, } and the school gets paid off immediately, {F uh } -- /","--/: well/UH ,/, and/CC often/RB exists/VBZ only/RB because/IN of/IN  [ the/DT federal/JJ programs/NNS ] that/WDT  [ they/PRP ] can/MD take/VB  [ people/NNS ] and/CC tell/VB  [ them/PRP ] [ they/PRP ] can/MD get/VB  [ loans/NNS ] for/IN  [ their/PRP$ full/JJ tuition/NN ] ,/,  [ uh/UH ] ,/, and/CC  [ the/DT school/NN ] gets/VBZ paid/VBN off/IN immediately/RB ,/,  [ uh/UH ] --/:","(S (CC but) (NP-SBJ (NP (NNS schools)) (SBAR (WHNP-1 (WDT that)) (S (NP-SBJ (-NONE- *T*-1)) (VP (VBP teach) (NP (PRP you)) (NP (NP (NNS trades)) (PRN (, ,) (S (NP-SBJ (PRP you)) (VP (VBP know))) (, ,)) (NP (NN beautician))))))) (INTJ (UH well)) (, ,) (EDITED (RM (-DFL- \[)) (CC and) (IP (-DFL- \+)) (RS (-DFL- \]))) (ADVP-TMP (RB often)) (VP (VBZ exists) (ADVP (RB only)) (PP-PRP (IN because) (IN of) (NP (NP (DT the) (JJ federal) (NNS programs)) (SBAR (WHADVP-3 (WDT that)) (S (S (NP-SBJ (PRP they)) (VP (MD can) (VP (VP (VB take) (NP (NNS people))) (CC and) (VP (VB tell) (NP (PRP them)) (SBAR (-NONE- 0) (S (NP-SBJ (PRP they)) (VP (MD can) (VP (VB get) (NP (NNS loans)) (PP (IN for) (NP (PRP$ their) (JJ full) (NN tuition)))))))) (ADVP (-NONE- *T*-3))))) (, ,) (INTJ (UH uh)) (, ,) (CC and) (S (NP-SBJ-2 (DT the) (NN school)) (VP (VBZ gets) (VP (VBN paid) (NP (-NONE- *-2)) (PRT (IN off)) (ADVP-TMP (RB immediately)) (ADVP (-NONE- *T*-3))))))))) (, ,) (INTJ (UH uh))) (-DFL- E_S))","105",NA,NA,"  well,   and   often exists only  because of the federal programs that they can take people and tell them they can get loans  for their full tuition,  uh,  and the school gets paid off immediately,  uh   ","/: well/UH ,/, and/CC often/RB exists/VBZ only/RB because/IN of/IN   the/DT federal/JJ programs/NNS  that/WDT   they/PRP  can/MD take/VB   people/NNS  and/CC tell/VB   them/PRP   they/PRP  can/MD get/VB   loans/NNS  for/IN   their/PRP$ full/JJ tuition/NN  ,/,   uh/UH  ,/, and/CC   the/DT school/NN  gets/VBZ paid/VBN off/IN immediately/RB ,/,   uh/UH  /:"
"75","sw01utt/sw_0131_3561.utt","3/sw3561",3561,74,"sv","B",41,1,"# [ {C And then } they # -- +","And/CC then/RB  [ they/PRP ] --/:","(S (EDITED (RM (-DFL- \[)) (S-UNF (CONJP (CC And) (RB then)) (NP-SBJ (PRP they))) (IP (-DFL- \+))) (CONJP (CC and) (RB then)) (NP-SBJ (DT the) (NNS people)) (RS (-DFL- \])) (VP (NN default) (PP (IN on) (NP (DT the) (NNS loans)))) (. .) (-DFL- E_S))","110",279.474125,283.640125,"#   And then  they #  ","And/CC then/RB   they/PRP  /:"
"76","sw01utt/sw_0131_3561.utt","3/sw3561",3561,75,"^2","A",42,1,"-- # {C and then } they # don't provide very much education. /","--/: and/CC then/RB  [ they/PRP ] do/VBP n't/RB provide/VB  [ very/RB much/JJ education/NN ] ./.","(S (CONJP (CC and) (RB then)) (NP-SBJ (PRP they)) (VP (VBP do) (RB n't) (VP (VB provide) (NP (ADJP (RB very) (JJ much)) (NN education)))) (. .) (-DFL- E_S))","112",279.287875,281.2945," #  and then  they # don't provide very much education. ","/: and/CC then/RB   they/PRP  do/VBP n't/RB provide/VB   very/RB much/JJ education/NN  ./."
"77","sw01utt/sw_0131_3561.utt","3/sw3561",3561,76,"+","B",43,1,"-- {C and then } the people ] default --","--/: and/CC then/RB  [ the/DT people/NNS default/NN ] --/:","(S (EDITED (RM (-DFL- \[)) (S-UNF (CONJP (CC And) (RB then)) (NP-SBJ (PRP they))) (IP (-DFL- \+))) (CONJP (CC and) (RB then)) (NP-SBJ (DT the) (NNS people)) (RS (-DFL- \])) (VP (NN default) (PP (IN on) (NP (DT the) (NNS loans)))) (. .) (-DFL- E_S))","110",NA,NA,"  and then  the people  default ","/: and/CC then/RB   the/DT people/NNS default/NN  /:"
"78","sw01utt/sw_0131_3561.utt","3/sw3561",3561,77,"b","A",44,1,"Yes. /","Yes/UH ./.","(INTJ (UH Yes) (. .) (-DFL- E_S))","115",282.7,283.005875,"Yes. ","Yes/UH ./."
"79","sw01utt/sw_0131_3561.utt","3/sw3561",3561,78,"+","B",45,1,"-- on the loans.  /","--/: on/IN  [ the/DT loans/NNS ] ./.","(S (EDITED (RM (-DFL- \[)) (S-UNF (CONJP (CC And) (RB then)) (NP-SBJ (PRP they))) (IP (-DFL- \+))) (CONJP (CC and) (RB then)) (NP-SBJ (DT the) (NNS people)) (RS (-DFL- \])) (VP (NN default) (PP (IN on) (NP (DT the) (NNS loans)))) (. .) (-DFL- E_S))","110",284.3855,297.935125," on the loans.  ","/: on/IN   the/DT loans/NNS  ./."
"80","sw01utt/sw_0131_3561.utt","3/sw3561",3561,79,"sd","B",45,2,"{D Well, } I would have  to agree with you if there are circumstances like that, {F uh, } around, {F uh, }  /","Well/UH ,/,  [ I/PRP ] would/MD have/VB to/TO agree/VB with/IN  [ you/PRP ] if/IN  [ there/EX ] are/VBP  [ circumstances/NNS ] like/IN  [ that/DT ] ,/,  [ uh/UH ] ,/, around/RB ,/,  [ uh/UH ] ,/,","(S (INTJ (UH Well)) (, ,) (NP-SBJ-1 (PRP I)) (VP (MD would) (VP (VB have) (S (NP-SBJ (-NONE- *-1)) (VP (TO to) (VP (VB agree) (PP (IN with) (NP (PRP you)))))) (SBAR-ADV (IN if) (S (NP-SBJ (EX there)) (VP (VBP are) (NP-PRD (NP (NNS circumstances)) (PP (IN like) (NP (DT that))) (, ,) (INTJ (UH uh))) (, ,) (ADVP (RB around))))) (, ,) (INTJ (UH uh)))) (, ,) (-DFL- E_S))","117",284.3855,297.935125," Well,  I would have  to agree with you if there are circumstances like that,  uh,  around,  uh,   ","Well/UH ,/,   I/PRP  would/MD have/VB to/TO agree/VB with/IN   you/PRP  if/IN   there/EX  are/VBP   circumstances/NNS  like/IN   that/DT  ,/,   uh/UH  ,/, around/RB ,/,   uh/UH  ,/,"
"81","sw01utt/sw_0131_3561.utt","3/sw3561",3561,80,"sd","B",45,3,"{C and } [ [ I, + I, ] + I ]  can't confess to having any substantial knowledge of that sort of thing,  /","and/CC  [ I/PRP ] ,/,  [ I/PRP ] ,/,  [ I/PRP ] ca/MD n't/RB confess/VB to/TO having/VBG  [ any/DT substantial/JJ knowledge/NN ] of/IN  [ that/DT sort/NN ] of/IN  [ thing/NN ] ,/,","(S (CC and) (EDITED (RM (-DFL- \[)) (EDITED (RM (-DFL- \[)) (NP-SBJ (PRP I)) (, ,) (IP (-DFL- \+))) (NP-SBJ (PRP I)) (, ,) (RS (-DFL- \])) (IP (-DFL- \+))) (NP-SBJ-1 (PRP I)) (RS (-DFL- \])) (VP (MD ca) (RB n't) (VP (VB confess) (PP (TO to) (S-NOM (NP-SBJ (-NONE- *-1)) (VP (VBG having) (NP (NP (DT any) (JJ substantial) (NN knowledge)) (PP (IN of) (NP (NP (DT that) (NN sort)) (PP (IN of) (NP (NN thing))))))))))) (, ,) (-DFL- E_S))","118",284.3855,297.935125," and    I,  I,   I   can't confess to having any substantial knowledge of that sort of thing,  ","and/CC   I/PRP  ,/,   I/PRP  ,/,   I/PRP  ca/MD n't/RB confess/VB to/TO having/VBG   any/DT substantial/JJ knowledge/NN  of/IN   that/DT sort/NN  of/IN   thing/NN  ,/,"
"82","sw01utt/sw_0131_3561.utt","3/sw3561",3561,81,"sd","B",45,4,"[ {C but, } + {C but } ] taking what you're saying at face value, then I would have to agree with completely. /","but/CC ,/, but/IN taking/VBG  [ what/WP ] [ you/PRP ] 're/VBP saying/VBG at/IN  [ face/NN value/NN ] ,/, then/RB  [ I/PRP ] would/MD have/VB to/TO agree/VB with/IN completely/RB ./.","(S (EDITED (RM (-DFL- \[)) (CC but) (, ,) (IP (-DFL- \+))) (IN but) (RS (-DFL- \])) (S-ADV (NP-SBJ (-NONE- *-2)) (VP (VBG taking) (SBAR-NOM (WHNP-1 (WP what)) (S (NP-SBJ (PRP you)) (VP (VBP 're) (VP (VBG saying) (NP (-NONE- *T*-1)))))) (PP (IN at) (NP (NN face) (NN value))))) (, ,) (ADVP (RB then)) (NP-SBJ-2 (PRP I)) (VP (MD would) (VP (VB have) (S (NP-SBJ (-NONE- *-2)) (VP (TO to) (VP (VB agree) (PP-UNF (IN with)) (ADVP-MNR (RB completely))))))) (. .) (-DFL- E_S))","119",284.3855,297.935125,"  but,    but   taking what you're saying at face value, then I would have to agree with completely. ","but/CC ,/, but/IN taking/VBG   what/WP   you/PRP  're/VBP saying/VBG at/IN   face/NN value/NN  ,/, then/RB   I/PRP  would/MD have/VB to/TO agree/VB with/IN completely/RB ./."
"83","sw01utt/sw_0131_3561.utt","3/sw3561",3561,82,"b","A",46,1,"Yeah. /","Yeah/UH ./.","(INTJ (UH Yeah) (. .) (-DFL- E_S))","121",298.306125,298.533375,"Yeah. ","Yeah/UH ./."
