"","swda_filename","ptb_basename","conversation_no","transcript_index","act_tag","caller","turn_index","subutterance_index","text","pos","trees","ptb_treenumbers","start_turn","end_turn","newtext","newpos"
"1","sw02utt/sw_0247_3660.utt","3/sw3660",3660,0,"o","B",1,1,"Okay,  /","Okay/UH ,/,","(INTJ (UH Okay) (, ,) (-DFL- E_S))","1",0.0195,2.781875,"Okay,  ","Okay/UH ,/,"
"2","sw02utt/sw_0247_3660.utt","3/sw3660",3660,1,"sd^t","B",1,2,"all set, then.  /","[ all/DT ] set/JJ ,/, then/RB ./.","(FRAG (ADJP (DT all) (JJ set)) (, ,) (ADVP (RB then)) (. .) (-DFL- E_S))","2",0.0195,2.781875,"all set, then.  "," all/DT  set/JJ ,/, then/RB ./."
"3","sw02utt/sw_0247_3660.utt","3/sw3660",3660,2,"qo","B",1,3,"{F Uh, } what do you think about it? /","[ Uh/UH ] ,/,  [ what/WP ] do/VBP  [ you/PRP ] think/VB about/IN  [ it/PRP ] ?/.","(SBARQ (INTJ (UH Uh)) (, ,) (WHNP-1 (WP what)) (SQ (VBP do) (NP-SBJ (PRP you)) (VP (VB think) (NP (-NONE- *T*-1)) (PP (IN about) (NP (PRP it))))) (. ?) (-DFL- E_S))","3",0.0195,2.781875," Uh,  what do you think about it? "," Uh/UH  ,/,   what/WP  do/VBP   you/PRP  think/VB about/IN   it/PRP  ?/."
"4","sw02utt/sw_0247_3660.utt","3/sw3660",3660,3,"sv","A",2,1,"{F Uh, } <breathing> I think it's a real good concept.  /","[ Uh/UH ] ,/,  [ I/PRP ] think/VBP  [ it/PRP ] 's/BES  [ a/DT real/RB good/JJ concept/NN ] ./.","(S (INTJ (UH Uh)) (, ,) (NP-SBJ (PRP I)) (VP (VBP think) (SBAR (-NONE- 0) (S (NP-SBJ (PRP it)) (VP (BES 's) (NP-PRD (DT a) (ADJP (RB real) (JJ good)) (NN concept)))))) (. .) (-DFL- E_S))","5",3.841875,10.75475," Uh,  breathing I think it's a real good concept.  "," Uh/UH  ,/,   I/PRP  think/VBP   it/PRP  's/BES   a/DT real/RB good/JJ concept/NN  ./."
"5","sw02utt/sw_0247_3660.utt","3/sw3660",3660,4,"sv","A",2,2,"{F Uh, } drug testing procedures would have to be refined. /","[ Uh/UH ] ,/,  [ drug/NN testing/NN procedures/NNS ] would/MD have/VB to/TO be/VB refined/VBN ./.","(S (INTJ (UH Uh)) (, ,) (NP-SBJ-1 (NN drug) (NN testing) (NNS procedures)) (VP (MD would) (VP (VB have) (S (NP-SBJ-2 (-NONE- *-1)) (VP (TO to) (VP (VB be) (VP (VBN refined) (NP (-NONE- *-2)))))))) (. .) (-DFL- E_S))","6",3.841875,10.75475," Uh,  drug testing procedures would have to be refined. "," Uh/UH  ,/,   drug/NN testing/NN procedures/NNS  would/MD have/VB to/TO be/VB refined/VBN ./."
"6","sw02utt/sw_0247_3660.utt","3/sw3660",3660,5,"b","B",3,1,"Uh-huh. /","[ Uh-huh/UH ] ./.","(INTJ (UH Uh-huh) (. .) (-DFL- E_S))","8",11.636625,12.212125,"Uhhuh. "," Uhhuh/UH  ./."
"7","sw02utt/sw_0247_3660.utt","3/sw3660",3660,6,"sd","A",4,1,"From what I've seen on the news <baby_crying>, there's [ a, + a ] pretty good size problem with poor accuracy, poor procedure in, {F uh, } drug testing. /","From/IN  [ what/WP ] [ I/PRP ] 've/VBP seen/VBN on/IN  [ the/DT news/NN ] ,/,  [ there/EX ] 's/BES  [ a/DT ] ,/,  [ a/DT pretty/RB good/JJ size/NN problem/NN ] with/IN  [ poor/JJ accuracy/NN ] ,/,  [ poor/JJ procedure/NN ] in/IN ,/,  [ uh/UH ] ,/,  [ drug/NN testing/NN ] ./.","(S (PP (IN From) (SBAR-NOM (WHNP-1 (WP what)) (S (NP-SBJ (PRP I)) (VP (VBP 've) (VP (VBN seen) (NP (-NONE- *T*-1)) (PP (IN on) (NP (DT the) (NN news)))))))) (, ,) (NP-SBJ (EX there)) (VP (BES 's) (EDITED (RM (-DFL- \[)) (NP-PRD-UNF (DT a)) (, ,) (IP (-DFL- \+))) (NP-PRD (NP (DT a) (RS (-DFL- \])) (ADJP (RB pretty) (JJ good)) (NN size) (NN problem)) (PP (IN with) (NP (NP (JJ poor) (NN accuracy)) (, ,) (NP (JJ poor) (NN procedure)))) (PP (IN in) (, ,) (INTJ (UH uh)) (, ,) (NP (NN drug) (NN testing))))) (. .) (-DFL- E_S))","10",11.904,20.975875,"From what I've seen on the news baby_crying, there's  a,  a  pretty good size problem with poor accuracy, poor procedure in,  uh,  drug testing. ","From/IN   what/WP   I/PRP  've/VBP seen/VBN on/IN   the/DT news/NN  ,/,   there/EX  's/BES   a/DT  ,/,   a/DT pretty/RB good/JJ size/NN problem/NN  with/IN   poor/JJ accuracy/NN  ,/,   poor/JJ procedure/NN  in/IN ,/,   uh/UH  ,/,   drug/NN testing/NN  ./."
"8","sw02utt/sw_0247_3660.utt","3/sw3660",3660,7,"sd","B",5,1,"{F Oh, } I didn't realize that. /","Oh/UH ,/,  [ I/PRP ] did/VBD n't/RB realize/VB  [ that/DT ] ./.","(S (INTJ (UH Oh)) (, ,) (NP-SBJ (PRP I)) (VP (VBD did) (RB n't) (VP (VB realize) (NP (DT that)))) (. .) (-DFL- E_S))","12",21.262625,22.322625," Oh,  I didn't realize that. ","Oh/UH ,/,   I/PRP  did/VBD n't/RB realize/VB   that/DT  ./."
"9","sw02utt/sw_0247_3660.utt","3/sw3660",3660,8,"b","A",6,1,"Yeah.  /","Yeah/UH ./.","(INTJ (UH Yeah) (. .) (-DFL- E_S))","14",22.595375,42.4205,"Yeah.  ","Yeah/UH ./."
"10","sw02utt/sw_0247_3660.utt","3/sw3660",3660,9,"sd","A",6,2,"{F Uh, } there have been people who have been turned down for jobs because there was a drug showed up [ in their, + in their, ] {F uh, } test,  /","[ Uh/UH ] ,/,  [ there/EX ] have/VBP been/VBN  [ people/NNS ] [ who/WP ] have/VBP been/VBN turned/VBN down/RP for/IN  [ jobs/NNS ] because/IN  [ there/EX ] was/VBD  [ a/DT drug/NN ] showed/VBD up/RP in/IN  [ their/PRP$ ] ,/, in/IN  [ their/PRP$ ] ,/,  [ uh/UH ] ,/,  [ test/NN ] ,/,","(S (INTJ (UH Uh)) (, ,) (NP-SBJ (EX there)) (VP (VBP have) (VP (VBN been) (NP-PRD (NP (NNS people)) (SBAR (WHNP-1 (WP who)) (S (NP-SBJ-2 (-NONE- *T*-1)) (VP (VBP have) (VP (VBN been) (VP (VBN turned) (PRT (RP down)) (NP (-NONE- *-2)) (PP (IN for) (NP (NNS jobs))) (SBAR-PRP (IN because) (S (NP-SBJ (EX there)) (VP (VBD was) (NP-PRD (NP (DT a) (NN drug)) (VP (VBD showed) (NP (-NONE- *)) (PRT (RP up)) (EDITED (RM (-DFL- \[)) (PP-LOC (IN in) (NP-UNF (PRP$ their))) (, ,) (IP (-DFL- \+))) (PP-LOC (IN in) (NP (PRP$ their) (, ,) (RS (-DFL- \])) (INTJ (UH uh)) (, ,) (NN test)))))))))))))))) (, ,) (-DFL- E_S))","15",22.595375,42.4205," Uh,  there have been people who have been turned down for jobs because there was a drug showed up  in their,  in their,   uh,  test,  "," Uh/UH  ,/,   there/EX  have/VBP been/VBN   people/NNS   who/WP  have/VBP been/VBN turned/VBN down/RP for/IN   jobs/NNS  because/IN   there/EX  was/VBD   a/DT drug/NN  showed/VBD up/RP in/IN   their/PRP$  ,/, in/IN   their/PRP$  ,/,   uh/UH  ,/,   test/NN  ,/,"
"11","sw02utt/sw_0247_3660.utt","3/sw3660",3660,10,"sd","A",6,3,"{C but } they didn't know for sure what it was,  /","but/CC  [ they/PRP ] did/VBD n't/RB know/VB for/IN  [ sure/JJ ] [ what/WP ] [ it/PRP ] was/VBD ,/,","(S (CC but) (NP-SBJ (PRP they)) (VP (VBD did) (RB n't) (VP (VB know) (PP (IN for) (ADJP (JJ sure))) (SBAR (WHNP-1 (WP what)) (S (NP-SBJ (PRP it)) (VP (VBD was) (NP-PRD (-NONE- *T*-1))))))) (, ,) (-DFL- E_S))","16",22.595375,42.4205," but  they didn't know for sure what it was,  ","but/CC   they/PRP  did/VBD n't/RB know/VB for/IN   sure/JJ   what/WP   it/PRP  was/VBD ,/,"
"12","sw02utt/sw_0247_3660.utt","3/sw3660",3660,11,"sd","A",6,4,"{C but } it was a drug,  /","but/CC  [ it/PRP ] was/VBD  [ a/DT drug/NN ] ,/,","(S (CC but) (NP-SBJ (PRP it)) (VP (VBD was) (NP-PRD (DT a) (NN drug))) (, ,) (-DFL- E_S))","17",22.595375,42.4205," but  it was a drug,  ","but/CC   it/PRP  was/VBD   a/DT drug/NN  ,/,"
"13","sw02utt/sw_0247_3660.utt","3/sw3660",3660,12,"sd","A",6,5,"{C so } they got turned down  /","so/RB  [ they/PRP ] got/VBD turned/VBN down/RP","(S (RB so) (NP-SBJ-1 (PRP they)) (VP (VBD got) (VP (VBN turned) (NP (-NONE- *-1)) (PRT (RP down)))) (-DFL- E_S))","18",22.595375,42.4205," so  they got turned down  ","so/RB   they/PRP  got/VBD turned/VBN down/RP"
"14","sw02utt/sw_0247_3660.utt","3/sw3660",3660,13,"sd","A",6,6,"{C and, }  {F uh, } turns out it was a prescription.  Or people getting somebody else's blood test. /","and/CC ,/,  [ uh/UH ] ,/, turns/VBZ out/RP  [ it/PRP ] was/VBD  [ a/DT prescription/NN ] ./.  Or/CC  [ people/NNS ] getting/VBG  [ somebody/NN ] else/RB  [ 's/POS blood/NN test/NN ] ./.","(S (CC and) (, ,) (INTJ (UH uh)) (, ,) (NP-SBJ (-NONE- *)) (VP (VBZ turns) (PRT (RP out)) (SBAR (-NONE- 0) (S (NP-SBJ (PRP it)) (VP (VBD was) (NP-PRD (NP (DT a) (NN prescription)) (. .) (CC Or) (S-NOM (NP-SBJ (NNS people)) (VP (VBG getting) (NP (NP (NP (NN somebody)) (ADVP (RB else) (POS 's))) (NN blood) (NN test))))))))) (. .) (-DFL- E_S))","19",22.595375,42.4205," and,    uh,  turns out it was a prescription.  Or people getting somebody else's blood test. ","and/CC ,/,   uh/UH  ,/, turns/VBZ out/RP   it/PRP  was/VBD   a/DT prescription/NN  ./.  Or/CC   people/NNS  getting/VBG   somebody/NN  else/RB   's/POS blood/NN test/NN  ./."
"15","sw02utt/sw_0247_3660.utt","3/sw3660",3660,14,"b","B",7,1,"Uh-huh. /","[ Uh-huh/UH ] ./.","(INTJ (UH Uh-huh) (. .) (-DFL- E_S))","8",42.559125,43.115125,"Uhhuh. "," Uhhuh/UH  ./."
"16","sw02utt/sw_0247_3660.utt","3/sw3660",3660,15,"sd","A",8,1,"Same sort of problem that happens --","[ Same/JJ sort/NN ] of/IN  [ problem/NN ] [ that/WDT ] happens/VBZ --/:","(S (NP-SBJ (NP (JJ Same) (NN sort)) (PP (IN of) (NP (NN problem))) (SBAR (WHNP-1 (WDT that)) (S (NP-SBJ (-NONE- *T*-1)) (VP (VBZ happens) (ADVP-TMP (RB sometimes)))))) (VP (VBZ is) (S-PRD-UNF (EDITED (RM (-DFL- \[)) (NP-SBJ-UNF (DT these)) (, ,) (IP (-DFL- \+))) (NP-SBJ (NP (NP (DT some)) (PP (IN of) (NP (DT these) (, ,) (RS (-DFL- \])) (INTJ (UH uh)) (, ,) (INTJ (UH like)) (NN AIDS) (NNS tests)))) (CC and) (NP (JJ such))))) (. .) (-DFL- E_S))","23",43.19525,48.21525,"Same sort of problem that happens "," Same/JJ sort/NN  of/IN   problem/NN   that/WDT  happens/VBZ /:"
"17","sw02utt/sw_0247_3660.utt","3/sw3660",3660,16,"b","B",9,1,"Okay. /","Okay/UH ./.","(INTJ (UH Okay) (. .) (-DFL- E_S))","25",44.060875,44.605125,"Okay. ","Okay/UH ./."
"18","sw02utt/sw_0247_3660.utt","3/sw3660",3660,17,"+","A",10,1,"-- sometimes is [ these, + some of these, ] {F uh, } {D like } AIDS tests and such. /","--/: sometimes/RB is/VBZ  [ these/DT ] ,/,  [ some/DT ] of/IN  [ these/DT ] ,/,  [ uh/UH ] ,/, like/UH  [ AIDS/NN tests/NNS ] and/CC  [ such/JJ ] ./.","(S (NP-SBJ (NP (JJ Same) (NN sort)) (PP (IN of) (NP (NN problem))) (SBAR (WHNP-1 (WDT that)) (S (NP-SBJ (-NONE- *T*-1)) (VP (VBZ happens) (ADVP-TMP (RB sometimes)))))) (VP (VBZ is) (S-PRD-UNF (EDITED (RM (-DFL- \[)) (NP-SBJ-UNF (DT these)) (, ,) (IP (-DFL- \+))) (NP-SBJ (NP (NP (DT some)) (PP (IN of) (NP (DT these) (, ,) (RS (-DFL- \])) (INTJ (UH uh)) (, ,) (INTJ (UH like)) (NN AIDS) (NNS tests)))) (CC and) (NP (JJ such))))) (. .) (-DFL- E_S))","23",NA,NA," sometimes is  these,  some of these,   uh,   like  AIDS tests and such. ","/: sometimes/RB is/VBZ   these/DT  ,/,   some/DT  of/IN   these/DT  ,/,   uh/UH  ,/, like/UH   AIDS/NN tests/NNS  and/CC   such/JJ  ./."
"19","sw02utt/sw_0247_3660.utt","3/sw3660",3660,18,"b","B",11,1,"Uh-huh,  /","[ Uh-huh/UH ] ,/,","(INTJ (UH Uh-huh) (, ,) (-DFL- E_S))","28",48.313875,63.894875,"Uhhuh,  "," Uhhuh/UH  ,/,"
"20","sw02utt/sw_0247_3660.utt","3/sw3660",3660,19,"b","B",11,2,"yeah,  /","yeah/UH ,/,","(INTJ (UH yeah) (, ,) (-DFL- E_S))","29",48.313875,63.894875,"yeah,  ","yeah/UH ,/,"
"21","sw02utt/sw_0247_3660.utt","3/sw3660",3660,20,"ba","B",11,3,"that's right,  /","[ that/DT ] 's/BES right/JJ ,/,","(S (NP-SBJ (DT that)) (VP (BES 's) (ADJP-PRD (JJ right))) (, ,) (-DFL- E_S))","30",48.313875,63.894875,"that's right,  "," that/DT  's/BES right/JJ ,/,"
"22","sw02utt/sw_0247_3660.utt","3/sw3660",3660,21,"sd","B",11,4,"I have heard, - /","[ I/PRP ] have/VBP heard/VBN ,/,","(S (NP-SBJ (PRP I)) (VP (VBP have) (VP-UNF (VBN heard))) (, ,) (-DFL- N_S))","31",48.313875,63.894875,"I have heard,  "," I/PRP  have/VBP heard/VBN ,/,"
"23","sw02utt/sw_0247_3660.utt","3/sw3660",3660,22,"sd","B",11,5,"{F uh, } I don't remember what they call it, sort of like a positive, negatives or [ some, + some ] kind of word they use when [ a, + ] {F uh, } you get [ a, + {F uh, } a ] positive indication of drugs,  /","[ uh/UH ] ,/,  [ I/PRP ] do/VBP n't/RB remember/VB  [ what/WP ] [ they/PRP ] call/VBP  [ it/PRP ] ,/,  [ sort/RB ] of/RB like/IN  [ a/DT positive/NN ] ,/,  [ negatives/NNS ] or/CC  [ some/DT ] ,/,  [ some/DT kind/NN ] of/IN  [ word/NN ] [ they/PRP ] use/VBP when/WRB  [ a/DT ] ,/,  [ uh/UH ] ,/,  [ you/PRP ] get/VBP  [ a/DT ] ,/,  [ uh/UH ] ,/,  [ a/DT positive/JJ indication/NN ] of/IN  [ drugs/NNS ] ,/,","(S (INTJ (UH uh)) (, ,) (NP-SBJ (PRP I)) (VP (VBP do) (RB n't) (VP (VB remember) (SBAR (WHNP-1 (WP what)) (S (NP-SBJ (PRP they)) (VP (VBP call) (S (NP-SBJ (PRP it)) (NP-PRD (-NONE- *T*-1)))))) (, ,) (ADVP (RB sort) (RB of)) (PP (IN like) (NP (NP (DT a) (NN positive) (, ,) (NNS negatives)) (CC or) (EDITED (RM (-DFL- \[)) (NP-UNF (DT some)) (, ,) (IP (-DFL- \+))) (NP (NP (DT some) (RS (-DFL- \])) (NN kind)) (PP (IN of) (NP (NN word))) (SBAR (WHNP-2 (-NONE- 0)) (S (NP-SBJ (PRP they)) (VP (VBP use) (NP (-NONE- *T*-2)) (SBAR-TMP (WHADVP-3 (WRB when)) (S (S (EDITED (RM (-DFL- \[)) (NP-SBJ-UNF (DT a)) (, ,) (IP (-DFL- \+)) (RS (-DFL- \]))) (INTJ (UH uh)) (, ,) (NP-SBJ (PRP you)) (VP (VBP get) (EDITED (RM (-DFL- \[)) (NP-UNF (DT a)) (, ,) (IP (-DFL- \+))) (INTJ (UH uh)) (, ,) (NP (NP (DT a) (RS (-DFL- \])) (JJ positive) (NN indication)) (PP (IN of) (NP (NNS drugs)))) (ADVP-TMP (-NONE- *T*-3)))) (, ,) (-DFL- E_S) (CC but) (S (EDITED (RM (-DFL- \[)) (S (NP-SBJ (EX there)) (VP-UNF (BES 's) (RB not) (ADVP (RB really)))) (, ,) (IP (-DFL- \+))) (NP-SBJ (EX there)) (VP (VBD were) (RB n't) (ADVP (RB really)) (RS (-DFL- \])) (NP-PRD (DT any)) (ADVP-LOC (RB there)) (ADVP-TMP (-NONE- *T*-3)))))))))))))) (. .) (-DFL- E_S))","32",48.313875,63.894875," uh,  I don't remember what they call it, sort of like a positive, negatives or  some,  some  kind of word they use when  a,    uh,  you get  a,   uh,  a  positive indication of drugs,  "," uh/UH  ,/,   I/PRP  do/VBP n't/RB remember/VB   what/WP   they/PRP  call/VBP   it/PRP  ,/,   sort/RB  of/RB like/IN   a/DT positive/NN  ,/,   negatives/NNS  or/CC   some/DT  ,/,   some/DT kind/NN  of/IN   word/NN   they/PRP  use/VBP when/WRB   a/DT  ,/,   uh/UH  ,/,   you/PRP  get/VBP   a/DT  ,/,   uh/UH  ,/,   a/DT positive/JJ indication/NN  of/IN   drugs/NNS  ,/,"
"24","sw02utt/sw_0247_3660.utt","3/sw3660",3660,23,"sd","B",11,6,"{C but } [ there's not really, + there weren't really ] any there. /","but/CC  [ there/EX ] 's/BES not/RB really/RB ,/,  [ there/EX ] were/VBD n't/RB really/RB  [ any/DT ] there/RB ./.","(S (INTJ (UH uh)) (, ,) (NP-SBJ (PRP I)) (VP (VBP do) (RB n't) (VP (VB remember) (SBAR (WHNP-1 (WP what)) (S (NP-SBJ (PRP they)) (VP (VBP call) (S (NP-SBJ (PRP it)) (NP-PRD (-NONE- *T*-1)))))) (, ,) (ADVP (RB sort) (RB of)) (PP (IN like) (NP (NP (DT a) (NN positive) (, ,) (NNS negatives)) (CC or) (EDITED (RM (-DFL- \[)) (NP-UNF (DT some)) (, ,) (IP (-DFL- \+))) (NP (NP (DT some) (RS (-DFL- \])) (NN kind)) (PP (IN of) (NP (NN word))) (SBAR (WHNP-2 (-NONE- 0)) (S (NP-SBJ (PRP they)) (VP (VBP use) (NP (-NONE- *T*-2)) (SBAR-TMP (WHADVP-3 (WRB when)) (S (S (EDITED (RM (-DFL- \[)) (NP-SBJ-UNF (DT a)) (, ,) (IP (-DFL- \+)) (RS (-DFL- \]))) (INTJ (UH uh)) (, ,) (NP-SBJ (PRP you)) (VP (VBP get) (EDITED (RM (-DFL- \[)) (NP-UNF (DT a)) (, ,) (IP (-DFL- \+))) (INTJ (UH uh)) (, ,) (NP (NP (DT a) (RS (-DFL- \])) (JJ positive) (NN indication)) (PP (IN of) (NP (NNS drugs)))) (ADVP-TMP (-NONE- *T*-3)))) (, ,) (-DFL- E_S) (CC but) (S (EDITED (RM (-DFL- \[)) (S (NP-SBJ (EX there)) (VP-UNF (BES 's) (RB not) (ADVP (RB really)))) (, ,) (IP (-DFL- \+))) (NP-SBJ (EX there)) (VP (VBD were) (RB n't) (ADVP (RB really)) (RS (-DFL- \])) (NP-PRD (DT any)) (ADVP-LOC (RB there)) (ADVP-TMP (-NONE- *T*-3)))))))))))))) (. .) (-DFL- E_S))","32",48.313875,63.894875," but   there's not really,  there weren't really  any there. ","but/CC   there/EX  's/BES not/RB really/RB ,/,   there/EX  were/VBD n't/RB really/RB   any/DT  there/RB ./."
"25","sw02utt/sw_0247_3660.utt","3/sw3660",3660,24,"b","A",12,1,"Yeah. /","Yeah/UH ./.","(INTJ (UH Yeah) (. .) (-DFL- E_S))","14",64.04225,64.4815,"Yeah. ","Yeah/UH ./."
"26","sw02utt/sw_0247_3660.utt","3/sw3660",3660,25,"sd","B",13,1,"{F Uh, } every now and then there's an error  /","[ Uh/UH ] ,/,  [ every/DT ] now/RB and/CC then/RB  [ there/EX ] 's/BES  [ an/DT error/NN ]","(S (INTJ (UH Uh)) (, ,) (ADVP-TMP (DT every) (RB now) (CC and) (RB then)) (NP-SBJ (EX there)) (VP (BES 's) (NP-PRD (DT an) (NN error))) (-DFL- E_S))","36",63.894875,69.63825," Uh,  every now and then there's an error  "," Uh/UH  ,/,   every/DT  now/RB and/CC then/RB   there/EX  's/BES   an/DT error/NN "
"27","sw02utt/sw_0247_3660.utt","3/sw3660",3660,26,"sd","B",13,2,"{C and } people are really upset about that when it comes to their rights and their rights being violated. /","and/CC  [ people/NNS ] are/VBP really/RB upset/JJ about/IN that/DT when/WRB  [ it/PRP ] comes/VBZ to/IN  [ their/PRP$ rights/NNS ] and/CC  [ their/PRP$ rights/NNS ] being/VBG violated/VBN ./.","(S (CC and) (NP-SBJ (NNS people)) (VP (VBP are) (ADJP-PRD (RB really) (JJ upset) (PP (IN about) (NP (DT that)))) (SBAR-TMP (WHADVP-2 (WRB when)) (S (NP-SBJ (PRP it)) (VP (VBZ comes) (PP (IN to) (NP (NP (PRP$ their) (NNS rights)) (CC and) (S-NOM (NP-SBJ-1 (PRP$ their) (NNS rights)) (VP (VBG being) (VP (VBN violated) (NP (-NONE- *-1))))))) (ADVP-TMP (-NONE- *T*-2)))))) (. .) (-DFL- E_S))","37",63.894875,69.63825," and  people are really upset about that when it comes to their rights and their rights being violated. ","and/CC   people/NNS  are/VBP really/RB upset/JJ about/IN that/DT when/WRB   it/PRP  comes/VBZ to/IN   their/PRP$ rights/NNS  and/CC   their/PRP$ rights/NNS  being/VBG violated/VBN ./."
"28","sw02utt/sw_0247_3660.utt","3/sw3660",3660,27,"aa","A",14,1,"{F Oh, } yeah. /","Oh/UH ,/, yeah/UH ./.","(INTJ (INTJ (UH Oh)) (, ,) (INTJ (UH yeah)) (. .) (-DFL- E_S))","39",70.0515,70.5215," Oh,  yeah. ","Oh/UH ,/, yeah/UH ./."
"29","sw02utt/sw_0247_3660.utt","3/sw3660",3660,28,"b","B",15,1,"Yeah.  /","Yeah/UH ./.","(INTJ (UH Yeah) (. .) (-DFL- E_S))","14",70.716875,78.787625,"Yeah.  ","Yeah/UH ./."
"30","sw02utt/sw_0247_3660.utt","3/sw3660",3660,29,"sd","B",15,2,"[  I, + I ] work here at Texas Instruments  /","[ I/PRP ] ,/,  [ I/PRP ] work/VBP here/RB at/IN  [ Texas/NNP Instruments/NNPS ]","(S (EDITED (RM (-DFL- \[)) (NP-SBJ (PRP I)) (, ,) (IP (-DFL- \+))) (NP-SBJ (PRP I)) (RS (-DFL- \])) (VP (VBP work) (ADVP-LOC (RB here)) (PP-LOC (IN at) (NP (NNP Texas) (NNPS Instruments)))) (-DFL- E_S))","42",70.716875,78.787625,"  I,  I  work here at Texas Instruments  "," I/PRP  ,/,   I/PRP  work/VBP here/RB at/IN   Texas/NNP Instruments/NNPS "
"31","sw02utt/sw_0247_3660.utt","3/sw3660",3660,30,"sd","B",15,3,"{C so, }  {F uh, } [ [ we, + we  do a, ] + let me think, do we, ] {D yeah, } everyone coming in. - /","so/RB ,/,  [ uh/UH ] ,/,  [ we/PRP ] ,/,  [ we/PRP ] do/VBP  [ a/DT ] ,/, let/VB  [ me/PRP ] think/VB ,/, do/VBP  [ we/PRP ] ,/, yeah/UH ,/,  [ everyone/NN ] coming/VBG in/RB ./.","(SQ (RB so) (, ,) (INTJ (UH uh)) (, ,) (EDITED (RM (-DFL- \[)) (EDITED (RM (-DFL- \[)) (NP-SBJ (PRP we)) (, ,) (IP (-DFL- \+))) (S (NP-SBJ (PRP we)) (VP (VBP do) (NP-UNF (DT a)))) (, ,) (RS (-DFL- \])) (IP (-DFL- \+))) (PRN (S-IMP (NP-SBJ (-NONE- *)) (VP (VB let) (S (NP-SBJ (PRP me)) (VP (VB think))))) (, ,)) (VBP do) (NP-SBJ (PRP we)) (, ,) (RS (-DFL- \])))|||(INTJ (UH yeah) (, ,))|||(NP (NP (NN everyone)) (VP (VBG coming) (ADVP-DIR (RB in))) (. .) (-DFL- N_S))","43|||44|||45",70.716875,78.787625," so,    uh,    we,  we  do a,   let me think, do we,   yeah,  everyone coming in.  ","so/RB ,/,   uh/UH  ,/,   we/PRP  ,/,   we/PRP  do/VBP   a/DT  ,/, let/VB   me/PRP  think/VB ,/, do/VBP   we/PRP  ,/, yeah/UH ,/,   everyone/NN  coming/VBG in/RB ./."
"32","sw02utt/sw_0247_3660.utt","3/sw3660",3660,31,"sd","B",15,4,"I guess I did three years ago. /","[ I/PRP ] guess/VBP  [ I/PRP ] did/VBD  [ three/CD years/NNS ] ago/RB ./.","(S (NP-SBJ (PRP I)) (VP (VBP guess) (SBAR (-NONE- 0) (S (NP-SBJ (PRP I)) (VP (VBD did) (ADVP-TMP (NP (CD three) (NNS years)) (RB ago)))))) (. .) (-DFL- E_S))","46",70.716875,78.787625,"I guess I did three years ago. "," I/PRP  guess/VBP   I/PRP  did/VBD   three/CD years/NNS  ago/RB ./."
"33","sw02utt/sw_0247_3660.utt","3/sw3660",3660,32,"b","A",16,1,"Yeah. /","Yeah/UH ./.","(INTJ (UH Yeah) (. .) (-DFL- E_S))","14",73.75625,74.059875,"Yeah. ","Yeah/UH ./."
"34","sw02utt/sw_0247_3660.utt","3/sw3660",3660,33,"sd","B",17,1,"Everyone coming in, {F uh, } goes through the drug <baby_crying> testing procedure  /","[ Everyone/NN ] coming/VBG in/RB ,/,  [ uh/UH ] ,/, goes/VBZ through/IN  [ the/DT drug/NN testing/NN procedure/NN ]","(S (NP-SBJ (NP (NN Everyone)) (VP (VBG coming) (ADVP-DIR (RB in)))) (, ,) (INTJ (UH uh)) (, ,) (VP (VBZ goes) (PP (IN through) (NP (DT the) (NN drug) (NN testing) (NN procedure)))) (-DFL- E_S))","50",79.479375,92.751,"Everyone coming in,  uh,  goes through the drug baby_crying testing procedure  "," Everyone/NN  coming/VBG in/RB ,/,   uh/UH  ,/, goes/VBZ through/IN   the/DT drug/NN testing/NN procedure/NN "
"35","sw02utt/sw_0247_3660.utt","3/sw3660",3660,34,"sd","B",17,2,"{C and } --","and/CC --/:","(S (CC and) (, ,) (INTJ (UH uh)) (, ,) (NP-SBJ (-NONE- *)) (VP (VBZ turns) (PRT (RP out)) (SBAR (-NONE- 0) (S (NP-SBJ (PRP it)) (VP (VBD was) (NP-PRD (NP (DT a) (NN prescription)) (. .) (CC Or) (S-NOM (NP-SBJ (NNS people)) (VP (VBG getting) (NP (NP (NP (NN somebody)) (ADVP (RB else) (POS 's))) (NN blood) (NN test))))))))) (. .) (-DFL- E_S))","19",79.479375,92.751," and  ","and/CC /:"
"36","sw02utt/sw_0247_3660.utt","3/sw3660",3660,35,"b","A",18,1,"Uh-huh. /","[ Uh-huh/UH ] ./.","(INTJ (UH Uh-huh) (. .) (-DFL- E_S))","21",85.133,85.616625,"Uhhuh. "," Uhhuh/UH  ./."
"37","sw02utt/sw_0247_3660.utt","3/sw3660",3660,36,"+","B",19,1,"-- they talk about it [ [ as a, + {D you know, } as, ] + as ] better for the country and  better for the working conditions.  /","--/:  [ they/PRP ] talk/VBP about/IN  [ it/PRP ] as/IN  [ a/DT ] ,/,  [ you/PRP ] know/VBP ,/, as/RB ,/, as/RB better/JJR for/IN  [ the/DT country/NN ] and/CC better/JJR for/IN  [ the/DT working/NN conditions/NNS ] ./.","(S (CC and) (NP-SBJ (PRP they)) (VP (VBP talk) (PP (IN about) (NP (PRP it))) (EDITED (RM (-DFL- \[)) (EDITED (RM (-DFL- \[)) (PP (IN as) (NP-UNF (DT a))) (, ,) (IP (-DFL- \+))) (PRN (S (NP-SBJ (PRP you)) (VP (VBP know))) (, ,)) (PP-UNF (RB as)) (, ,) (RS (-DFL- \])) (IP (-DFL- \+))) (PP (RB as) (RS (-DFL- \])) (ADJP (ADJP (JJR better) (PP (IN for) (NP (DT the) (NN country)))) (CC and) (ADJP (JJR better) (PP (IN for) (NP (DT the) (NN working) (NNS conditions))))))) (. .) (-DFL- E_S))","51",92.751,95.50475," they talk about it   as a,   you know,  as,   as  better for the country and  better for the working conditions.  ","/:   they/PRP  talk/VBP about/IN   it/PRP  as/IN   a/DT  ,/,   you/PRP  know/VBP ,/, as/RB ,/, as/RB better/JJR for/IN   the/DT country/NN  and/CC better/JJR for/IN   the/DT working/NN conditions/NNS  ./."
"38","sw02utt/sw_0247_3660.utt","3/sw3660",3660,37,"sd","B",19,2,"{C So } --","So/RB --/:","(S-UNF (RB So) (SBAR-ADV (IN if) (S (EDITED (RM (-DFL- \[)) (NP-SBJ (PRP they)) (, ,) (IP (-DFL- \+))) (INTJ (UH uh)) (, ,) (NP-SBJ (PRP they)) (RS (-DFL- \])) (VP (VBP test) (PP (IN for) (NP (NNS drugs)))))) (. .) (-DFL- N_S))","55",92.751,95.50475," So  ","So/RB /:"
"39","sw02utt/sw_0247_3660.utt","3/sw3660",3660,38,"b","A",20,1,"Yeah. /","Yeah/UH ./.","(INTJ (UH Yeah) (. .) (-DFL- E_S))","34",93.298,93.608,"Yeah. ","Yeah/UH ./."
"40","sw02utt/sw_0247_3660.utt","3/sw3660",3660,39,"+","B",21,1,"-- if [ they, + {F uh, } they  ] test for drugs. - /","--/: if/IN  [ they/PRP ] ,/,  [ uh/UH ] ,/,  [ they/PRP ] test/VBP for/IN  [ drugs/NNS ] ./.","(S-UNF (RB So) (SBAR-ADV (IN if) (S (EDITED (RM (-DFL- \[)) (NP-SBJ (PRP they)) (, ,) (IP (-DFL- \+))) (INTJ (UH uh)) (, ,) (NP-SBJ (PRP they)) (RS (-DFL- \])) (VP (VBP test) (PP (IN for) (NP (NNS drugs)))))) (. .) (-DFL- N_S))","55",95.50475,102.49475," if  they,   uh,  they   test for drugs.  ","/: if/IN   they/PRP  ,/,   uh/UH  ,/,   they/PRP  test/VBP for/IN   drugs/NNS  ./."
"41","sw02utt/sw_0247_3660.utt","3/sw3660",3660,40,"sd","B",21,2,"[ [ I, + I'm, ] + I ] can't even remember if we do random sampling anymore.  /","[ I/PRP ] ,/,  [ I/PRP ] 'm/VBP ,/,  [ I/PRP ] ca/MD n't/RB even/RB remember/VB if/IN  [ we/PRP ] do/VBP  [ random/JJ sampling/NN ] anymore/RB ./.","(S (EDITED (RM (-DFL- \[)) (EDITED (RM (-DFL- \[)) (NP-SBJ (PRP I)) (, ,) (IP (-DFL- \+))) (S (NP-SBJ (PRP I)) (VP-UNF (VBP 'm))) (, ,) (RS (-DFL- \])) (IP (-DFL- \+))) (NP-SBJ (PRP I)) (RS (-DFL- \])) (VP (MD ca) (RB n't) (ADVP (RB even)) (VP (VB remember) (SBAR (IN if) (S (NP-SBJ (PRP we)) (VP (VBP do) (NP (JJ random) (NN sampling)) (ADVP-TMP (RB anymore))))))) (. .) (-DFL- E_S))","59",95.50475,102.49475,"  I,  I'm,   I  can't even remember if we do random sampling anymore.  "," I/PRP  ,/,   I/PRP  'm/VBP ,/,   I/PRP  ca/MD n't/RB even/RB remember/VB if/IN   we/PRP  do/VBP   random/JJ sampling/NN  anymore/RB ./."
"42","sw02utt/sw_0247_3660.utt","3/sw3660",3660,41,"sd","B",21,3,"I know we did in the military,  /","[ I/PRP ] know/VBP  [ we/PRP ] did/VBD in/IN  [ the/DT military/NN ] ,/,","(S (NP-SBJ (PRP I)) (VP (VBP know) (SBAR (-NONE- 0) (S (NP-SBJ (PRP we)) (VP (VBD did) (PP (IN in) (NP (DT the) (NN military))))))) (, ,) (-DFL- E_S))","60",95.50475,102.49475,"I know we did in the military,  "," I/PRP  know/VBP   we/PRP  did/VBD in/IN   the/DT military/NN  ,/,"
"43","sw02utt/sw_0247_3660.utt","3/sw3660",3660,42,"sd","B",21,4,"{C but } --","but/CC --/:","(S (INTJ (UH uh)) (, ,) (NP-SBJ (PRP I)) (VP (VBP do) (RB n't) (VP (VB remember) (SBAR (WHNP-1 (WP what)) (S (NP-SBJ (PRP they)) (VP (VBP call) (S (NP-SBJ (PRP it)) (NP-PRD (-NONE- *T*-1)))))) (, ,) (ADVP (RB sort) (RB of)) (PP (IN like) (NP (NP (DT a) (NN positive) (, ,) (NNS negatives)) (CC or) (EDITED (RM (-DFL- \[)) (NP-UNF (DT some)) (, ,) (IP (-DFL- \+))) (NP (NP (DT some) (RS (-DFL- \])) (NN kind)) (PP (IN of) (NP (NN word))) (SBAR (WHNP-2 (-NONE- 0)) (S (NP-SBJ (PRP they)) (VP (VBP use) (NP (-NONE- *T*-2)) (SBAR-TMP (WHADVP-3 (WRB when)) (S (S (EDITED (RM (-DFL- \[)) (NP-SBJ-UNF (DT a)) (, ,) (IP (-DFL- \+)) (RS (-DFL- \]))) (INTJ (UH uh)) (, ,) (NP-SBJ (PRP you)) (VP (VBP get) (EDITED (RM (-DFL- \[)) (NP-UNF (DT a)) (, ,) (IP (-DFL- \+))) (INTJ (UH uh)) (, ,) (NP (NP (DT a) (RS (-DFL- \])) (JJ positive) (NN indication)) (PP (IN of) (NP (NNS drugs)))) (ADVP-TMP (-NONE- *T*-3)))) (, ,) (-DFL- E_S) (CC but) (S (EDITED (RM (-DFL- \[)) (S (NP-SBJ (EX there)) (VP-UNF (BES 's) (RB not) (ADVP (RB really)))) (, ,) (IP (-DFL- \+))) (NP-SBJ (EX there)) (VP (VBD were) (RB n't) (ADVP (RB really)) (RS (-DFL- \])) (NP-PRD (DT any)) (ADVP-LOC (RB there)) (ADVP-TMP (-NONE- *T*-3)))))))))))))) (. .) (-DFL- E_S))","32",95.50475,102.49475," but  ","but/CC /:"
"44","sw02utt/sw_0247_3660.utt","3/sw3660",3660,43,"b","A",22,1,"Yeah <<faint>>. /","Yeah/UH ./.","(INTJ (UH Yeah) (. .) (-DFL- E_S))","34",100.533875,100.783875,"Yeah faint. ","Yeah/UH ./."
"45","sw02utt/sw_0247_3660.utt","3/sw3660",3660,44,"+","B",23,1,"-- I don't know if once your in they continue to do it,  /","--/:  [ I/PRP ] do/VBP n't/RB know/VB if/IN once/RB you/PRP 're/VBP in/IN   [ they/PRP ] continue/VBP to/TO do/VB  [ it/PRP ] ,/,","(S (CC but) (NP-SBJ (PRP I)) (VP (VBP do) (RB n't) (VP (VB know) (SBAR (IN if) (S (SBAR-TMP (RB once) (S (NP-SBJ (PRP you)) (VP (VBP 're) (ADVP-PRD (IN in))))) (NP-SBJ-1 (PRP they)) (VP (VBP continue) (S (NP-SBJ (-NONE- *-1)) (VP (TO to) (VP (VB do) (NP (PRP it)))))))))) (, ,) (-DFL- E_S))","61",102.49475,104.033," I don't know if once your in they continue to do it,  ","/:   I/PRP  do/VBP n't/RB know/VB if/IN once/RB you/PRP 're/VBP in/IN    they/PRP  continue/VBP to/TO do/VB   it/PRP  ,/,"
"46","sw02utt/sw_0247_3660.utt","3/sw3660",3660,45,"sd","B",23,2,"{C but } I guess you're  always on <yelling> call for it. /","but/CC  [ I/PRP ] guess/VBP  [ you/PRP ] 're/VBP always/RB on/IN  [ call/NN ] for/IN  [ it/PRP ] ./.","(S (CC but) (NP-SBJ (PRP I)) (VP (VBP guess) (SBAR (-NONE- 0) (S (NP-SBJ (PRP you)) (VP (VBP 're) (ADVP-TMP (RB always)) (PP-PRD (IN on) (NP (NN call))) (PP (IN for) (NP (PRP it))))))) (. .) (-DFL- E_S))","65",102.49475,104.033," but  I guess you're  always on yelling call for it. ","but/CC   I/PRP  guess/VBP   you/PRP  're/VBP always/RB on/IN   call/NN  for/IN   it/PRP  ./."
"47","sw02utt/sw_0247_3660.utt","3/sw3660",3660,46,"b","A",24,1,"Yeah,  /","[ Yeah/UH ] ,/,","(INTJ (UH Yeah) (, ,) (-DFL- E_S))","67",104.919375,107.266125,"Yeah,  "," Yeah/UH  ,/,"
"48","sw02utt/sw_0247_3660.utt","3/sw3660",3660,47,"sd","A",24,2,"I not very long ago worked for Wal-Mart -- /","[ I/PRP ] not/RB very/RB long/RB ago/RB worked/VBD for/IN  [ Wal-Mart/NNP ] --/:","(S (NP-SBJ (PRP I)) (ADVP-TMP (ADVP (RB not) (RB very) (RB long)) (RB ago)) (VP (VBD worked) (PP (IN for) (NP (NNP Wal-Mart)))) (-DFL- E_S))","68",104.919375,107.266125,"I not very long ago worked for WalMart  "," I/PRP  not/RB very/RB long/RB ago/RB worked/VBD for/IN   WalMart/NNP  /:"
"49","sw02utt/sw_0247_3660.utt","3/sw3660",3660,48,"b","B",25,1,"Uh-huh. /","[ Uh-huh/UH ] ./.","(INTJ (UH Uh-huh) (. .) (-DFL- E_S))","53",107.602125,107.902125,"Uhhuh. "," Uhhuh/UH  ./."
"50","sw02utt/sw_0247_3660.utt","3/sw3660",3660,49,"sd","A",26,1,"-- {C and } about a year and a half ago they instituted [ a, + {F uh, } <ringing> a, ] {F uh, } [ drug testing program, + {F uh, } {D well } drug and alcohol <ringing> testing program. ]  /","--/: and/CC about/RB  [ a/DT year/NN ] and/CC  [ a/DT half/NN ] ago/RB  [ they/PRP ] instituted/VBD  [ a/DT ] ,/,  [ uh/UH ] ,/,  [ a/DT ] ,/,  [ uh/UH ] ,/,  [ drug/NN testing/NN program/NN ] ,/,  [ uh/UH ] ,/, well/UH  [ drug/NN ] and/CC  [ alcohol/NN testing/NN program/NN ] ./.","(S (CC and) (ADVP-TMP (NP (QP (RB about) (DT a)) (NN year) (QP (CC and) (DT a) (NN half))) (RB ago)) (NP-SBJ (PRP they)) (VP (VBD instituted) (EDITED (RM (-DFL- \[)) (NP-UNF (DT a)) (, ,) (IP (-DFL- \+))) (INTJ (UH uh)) (, ,) (NP (DT a) (, ,) (RS (-DFL- \])) (INTJ (UH uh)) (, ,) (EDITED (RM (-DFL- \[)) (NN drug) (NN testing) (NN program) (, ,) (IP (-DFL- \+))) (INTJ (UH uh)) (, ,) (INTJ (UH well)) (NN drug) (CC and) (NN alcohol) (NN testing) (NN program))) (. .) (RS (-DFL- \])) (-DFL- E_S))","72",107.566125,118.7355,"  and  about a year and a half ago they instituted  a,   uh,  ringing a,   uh,   drug testing program,   uh,   well  drug and alcohol ringing testing program.   ","/: and/CC about/RB   a/DT year/NN  and/CC   a/DT half/NN  ago/RB   they/PRP  instituted/VBD   a/DT  ,/,   uh/UH  ,/,   a/DT  ,/,   uh/UH  ,/,   drug/NN testing/NN program/NN  ,/,   uh/UH  ,/, well/UH   drug/NN  and/CC   alcohol/NN testing/NN program/NN  ./."
"51","sw02utt/sw_0247_3660.utt","3/sw3660",3660,50,"sd","A",26,2,"[ It's, + it's ] not a random -- -/","[ It/PRP ] 's/BES ,/,  [ it/PRP ] 's/BES not/RB  [ a/DT random/JJ ] --/:","(S (EDITED (RM (-DFL- \[)) (S (NP-SBJ (PRP It)) (VP-UNF (BES 's))) (, ,) (IP (-DFL- \+))) (NP-SBJ (PRP it)) (VP (BES 's) (RS (-DFL- \])) (RB not) (NP-PRD-UNF (DT a) (JJ random))) (-DFL- N_S))","73",107.566125,118.7355," It's,  it's  not a random  "," It/PRP  's/BES ,/,   it/PRP  's/BES not/RB   a/DT random/JJ  /:"
"52","sw02utt/sw_0247_3660.utt","3/sw3660",3660,51,"b","B",27,1,"Uh-huh. /","[ Uh-huh/UH ] ./.","(INTJ (UH Uh-huh) (. .) (-DFL- E_S))","53",118.43425,119,"Uhhuh. "," Uhhuh/UH  ./."
"53","sw02utt/sw_0247_3660.utt","3/sw3660",3660,52,"%","A",28,1,"-- through the s-, - /","--/: through/IN  [ the/DT s-/XX ] ,/,","(PP (IN through) (NP-UNF (DT the) (XX s-)) (, ,) (-DFL- N_S))","77",119.0255,127.660875," through the s,  ","/: through/IN   the/DT s/XX  ,/,"
"54","sw02utt/sw_0247_3660.utt","3/sw3660",3660,53,"%","A",28,2,"it, - /","[ it/PRP ] ,/,","(S-UNF (NP-SBJ (PRP it)) (, ,) (-DFL- N_S))","78",119.0255,127.660875,"it,  "," it/PRP  ,/,"
"55","sw02utt/sw_0247_3660.utt","3/sw3660",3660,54,"sd","A",28,3,"as each employee comes in <ringing> --","as/IN  [ each/DT employee/NN ] comes/VBZ in/RB --/:","(S (SBAR-TMP (IN as) (S (NP-SBJ (DT each) (NN employee)) (VP (VBZ comes) (ADVP-DIR (RB in))))) (NP-SBJ (NP (NN part)) (PP (IN of) (NP (DT the) (NN hiring) (NN procedure)))) (VP (VBZ is) (EDITED (RM (-DFL- \[)) (NP-PRD-UNF (DT a)) (, ,) (IP (-DFL- \+))) (NP-PRD (DT a) (RS (-DFL- \])) (NN blood) (NN test))) (. .))","79",119.0255,127.660875,"as each employee comes in ringing ","as/IN   each/DT employee/NN  comes/VBZ in/RB /:"
"56","sw02utt/sw_0247_3660.utt","3/sw3660",3660,55,"b","B",29,1,"Uh-huh. /","[ Uh-huh/UH ] ./.","(INTJ (UH Uh-huh) (. .) (-DFL- E_S))","53",121.838625,122.260625,"Uhhuh. "," Uhhuh/UH  ./."
"57","sw02utt/sw_0247_3660.utt","3/sw3660",3660,56,"+","A",30,1,"-- part of the hiring procedure is [ a, + a ] blood test <baby_crying>.  {F Uh, }  /","--/:  [ part/NN ] of/IN  [ the/DT hiring/NN procedure/NN ] is/VBZ  [ a/DT ] ,/,  [ a/DT blood/NN test/NN ] ./.  [ Uh/UH ] ,/,","(S (SBAR-TMP (IN as) (S (NP-SBJ (DT each) (NN employee)) (VP (VBZ comes) (ADVP-DIR (RB in))))) (NP-SBJ (NP (NN part)) (PP (IN of) (NP (DT the) (NN hiring) (NN procedure)))) (VP (VBZ is) (EDITED (RM (-DFL- \[)) (NP-PRD-UNF (DT a)) (, ,) (IP (-DFL- \+))) (NP-PRD (DT a) (RS (-DFL- \])) (NN blood) (NN test))) (. .))|||(INTJ (UH Uh) (, ,) (-DFL- E_S))","79|||80",129.203,134.705125," part of the hiring procedure is  a,  a  blood test baby_crying.   Uh,   ","/:   part/NN  of/IN   the/DT hiring/NN procedure/NN  is/VBZ   a/DT  ,/,   a/DT blood/NN test/NN  ./.   Uh/UH  ,/,"
"58","sw02utt/sw_0247_3660.utt","3/sw3660",3660,57,"sv","A",30,2,"{C but } --","but/CC --/:","(S (CC but) (NP-SBJ (PRP I)) (VP (VBP do) (RB n't) (VP (VB know) (SBAR (IN if) (S (SBAR-TMP (RB once) (S (NP-SBJ (PRP you)) (VP (VBP 're) (ADVP-PRD (IN in))))) (NP-SBJ-1 (PRP they)) (VP (VBP continue) (S (NP-SBJ (-NONE- *-1)) (VP (TO to) (VP (VB do) (NP (PRP it)))))))))) (, ,) (-DFL- E_S))","61",129.203,134.705125," but  ","but/CC /:"
"59","sw02utt/sw_0247_3660.utt","3/sw3660",3660,58,"%","B",31,1,"B-, -/","[ B-/CC ] ,/,","(X (CC B-) (, ,) (-DFL- N_S))","86",129.279625,129.339625,"B, "," B/CC  ,/,"
"60","sw02utt/sw_0247_3660.utt","3/sw3660",3660,59,"+","A",32,1,"--  ((   ))  I think the big problem, though, [ is, + is ] they send these <baby_crying> off to large labs -- /","--/:  [ MUMBLEx/XX I/PRP ] think/VBP  [ the/DT big/JJ problem/NN ] ,/, though/RB ,/, is/VBZ ,/, is/VBZ  [ they/PRP ] send/VBP  [ these/DT ] off/IN to/IN  [ large/JJ labs/NNS ] --/:","(S (CC but) (X (XX MUMBLEx)) (NP-SBJ (PRP I)) (VP (VBP think) (SBAR (-NONE- 0) (S (NP-SBJ (DT the) (JJ big) (NN problem)) (, ,) (ADVP (RB though)) (, ,) (EDITED (RM (-DFL- \[)) (VP-UNF (VBZ is)) (, ,) (IP (-DFL- \+))) (VP (VBZ is) (RS (-DFL- \])) (SBAR-PRD (-NONE- 0) (S (NP-SBJ (PRP they)) (VP (VBP send) (NP (DT these)) (PRT (IN off)) (PP (IN to) (NP (JJ large) (NNS labs)))))))))) (-DFL- E_S))","84",NA,NA,"       I think the big problem, though,  is,  is  they send these baby_crying off to large labs  ","/:   MUMBLEx/XX I/PRP  think/VBP   the/DT big/JJ problem/NN  ,/, though/RB ,/, is/VBZ ,/, is/VBZ   they/PRP  send/VBP   these/DT  off/IN to/IN   large/JJ labs/NNS  /:"
"61","sw02utt/sw_0247_3660.utt","3/sw3660",3660,60,"b","B",33,1,"Uh-huh,  /","[ Uh-huh/UH ] ,/,","(INTJ (UH Uh-huh) (, ,) (-DFL- E_S))","89",135.175375,135.891375,"Uhhuh,  "," Uhhuh/UH  ,/,"
"62","sw02utt/sw_0247_3660.utt","3/sw3660",3660,61,"b","B",33,2,"right. /","right/UH ./.","(INTJ (UH right) (. .) (-DFL- E_S))","90",135.175375,135.891375,"right. ","right/UH ./."
"63","sw02utt/sw_0247_3660.utt","3/sw3660",3660,62,"sd","A",34,1,"-- {C and then } they have thousands and thousands of samples that, {F uh, } going through it in a day and <baby_crying> bottles get mixed up, things like that. /","--/: and/CC then/RB  [ they/PRP ] have/VBP  [ thousands/NNS ] and/CC  [ thousands/NNS ] of/IN  [ samples/NNS ] [ that/WDT ] ,/,  [ uh/UH ] ,/, going/VBG through/IN  [ it/PRP ] in/IN  [ a/DT day/NN ] and/CC  [ bottles/NNS ] get/VBP mixed/VBN up/RP ,/,  [ things/NNS ] like/IN  [ that/DT ] ./.","(S (CONJP (CC and) (RB then)) (NP-SBJ (PRP they)) (VP (VBP have) (S (NP-SBJ (NP (NNS thousands) (CC and) (NNS thousands)) (PP (IN of) (NP (NNS samples))) (EDITED (WHNP (WDT that)))) (, ,) (INTJ (UH uh)) (, ,) (VP (VBG going) (PP (IN through) (NP (PRP it))) (PP-TMP (IN in) (NP (DT a) (NN day)))))))|||(S (CC and) (NP-SBJ-1 (NNS bottles)) (VP (VBP get) (VP (VP (VBN mixed) (NP (-NONE- *-1)) (PRT (RP up))) (, ,) (NP-ETC (NP (NNS things)) (PP (IN like) (NP (DT that)))))) (. .) (-DFL- E_S))","92|||93",135.25425,147.30125,"  and then  they have thousands and thousands of samples that,  uh,  going through it in a day and baby_crying bottles get mixed up, things like that. ","/: and/CC then/RB   they/PRP  have/VBP   thousands/NNS  and/CC   thousands/NNS  of/IN   samples/NNS   that/WDT  ,/,   uh/UH  ,/, going/VBG through/IN   it/PRP  in/IN   a/DT day/NN  and/CC   bottles/NNS  get/VBP mixed/VBN up/RP ,/,   things/NNS  like/IN   that/DT  ./."
"64","sw02utt/sw_0247_3660.utt","3/sw3660",3660,63,"qy^d","B",35,1,"{C So } your big beef with it is the, {F uh, } -/","[ So/RB your/PRP$ big/JJ beef/NN ] with/IN  [ it/PRP ] is/VBZ  [ the/DT ] ,/,  [ uh/UH ] ,/,","(S (RB So) (NP-SBJ (NP (PRP$ your) (JJ big) (NN beef)) (PP (IN with) (NP (PRP it)))) (VP (VBZ is) (NP-PRD-UNF (DT the) (, ,) (INTJ (UH uh)))) (, ,) (-DFL- N_S))","95",147.2835,149.307375," So  your big beef with it is the,  uh,  "," So/RB your/PRP$ big/JJ beef/NN  with/IN   it/PRP  is/VBZ   the/DT  ,/,   uh/UH  ,/,"
"65","sw02utt/sw_0247_3660.utt","3/sw3660",3660,64,"%","A",36,1,"It's  ((   )) . -/","[ It/PRP ] [ 's/BES MUMBLEx/XX ] ./.","(S (NP-SBJ (PRP It)) (VP-UNF (BES 's) (X (XX MUMBLEx))) (. .) (-DFL- N_S))","97",149.88225,150.42225,"It's      . "," It/PRP   's/BES MUMBLEx/XX  ./."
"66","sw02utt/sw_0247_3660.utt","3/sw3660",3660,65,"sv","B",37,1,"[ [ Is, + is, ] + it's ] a good idea,  /","Is/VBZ ,/, is/VBZ ,/,  [ it/PRP ] 's/BES  [ a/DT good/JJ idea/NN ] ,/,","(S (EDITED (RM (-DFL- \[)) (EDITED (RM (-DFL- \[)) (SQ-UNF (VBZ Is)) (, ,) (IP (-DFL- \+))) (SQ-UNF (VBZ is)) (, ,) (RS (-DFL- \])) (IP (-DFL- \+))) (NP-SBJ (PRP it)) (VP (BES 's) (RS (-DFL- \])) (NP-PRD (DT a) (JJ good) (NN idea))) (, ,) (-DFL- E_S))","99",150.262375,156.22025,"  Is,  is,   it's  a good idea,  ","Is/VBZ ,/, is/VBZ ,/,   it/PRP  's/BES   a/DT good/JJ idea/NN  ,/,"
"67","sw02utt/sw_0247_3660.utt","3/sw3660",3660,66,"sv","B",37,2,"{C but } like you said the drug testing procedures need to be defined a little better. /","but/CC like/IN  [ you/PRP ] said/VBD  [ the/DT drug/NN testing/NN procedures/NNS ] need/VBP to/TO be/VB defined/VBN  [ a/DT little/RB better/RBR ] ./.","(S (CC but) (SBAR-ADV (IN like) (S (NP-SBJ (PRP you)) (VP (VBD said)))) (NP-SBJ-1 (DT the) (NN drug) (NN testing) (NNS procedures)) (VP (VBP need) (S (NP-SBJ-2 (-NONE- *-1)) (VP (TO to) (VP (VB be) (VP (VBN defined) (NP (-NONE- *-2)) (ADVP (NP (DT a) (RB little)) (RBR better))))))) (. .) (-DFL- E_S))","100",150.262375,156.22025," but  like you said the drug testing procedures need to be defined a little better. ","but/CC like/IN   you/PRP  said/VBD   the/DT drug/NN testing/NN procedures/NNS  need/VBP to/TO be/VB defined/VBN   a/DT little/RB better/RBR  ./."
"68","sw02utt/sw_0247_3660.utt","3/sw3660",3660,67,"b","A",38,1,"Yeah. /","Yeah/UH ./.","(INTJ (UH Yeah) (. .) (-DFL- E_S))","102",157.18825,157.52475,"Yeah. ","Yeah/UH ./."
"69","sw02utt/sw_0247_3660.utt","3/sw3660",3660,68,"sv","B",39,1,"Make sure it's a lot safer because a couple of people are going to be discriminated against unfairly or whatever.  /","Make/VB  [ sure/JJ ] [ it/PRP ] 's/BES  [ a/DT ] lot/RB safer/JJR because/IN  [ a/DT couple/NN ] of/IN  [ people/NNS ] are/VBP going/VBG to/TO be/VB  [ discriminated/VBN ] against/IN unfairly/RB or/CC whatever/RB ./.","(VP (VB Make) (S (NP-SBJ (-NONE- *)) (ADJP-PRD (JJ sure) (SBAR (-NONE- 0) (S (NP-SBJ (PRP it)) (VP (BES 's) (ADJP-PRD (NP-ADV (DT a) (RB lot)) (JJR safer))))))) (SBAR-PRP (IN because) (S (NP-SBJ-1 (NP (DT a) (NN couple)) (PP (IN of) (NP (NNS people)))) (VP (VBP are) (VP (VBG going) (S (NP-SBJ-2 (-NONE- *-1)) (VP (TO to) (VP (VB be) (VP (VP (VBN discriminated) (PP (IN against) (NP (-NONE- *-2))) (ADVP-MNR (RB unfairly))) (CC or) (NP-ETC (RB whatever)))))))))) (. .) (-DFL- E_S))","104",157.19875,163.03825,"Make sure it's a lot safer because a couple of people are going to be discriminated against unfairly or whatever.  ","Make/VB   sure/JJ   it/PRP  's/BES   a/DT  lot/RB safer/JJR because/IN   a/DT couple/NN  of/IN   people/NNS  are/VBP going/VBG to/TO be/VB   discriminated/VBN  against/IN unfairly/RB or/CC whatever/RB ./."
"70","sw02utt/sw_0247_3660.utt","3/sw3660",3660,69,"b","B",39,2,"Yeah,  /","[ Yeah/UH ] ,/,","(INTJ (UH Yeah) (, ,) (-DFL- E_S))","105",157.19875,163.03825,"Yeah,  "," Yeah/UH  ,/,"
"71","sw02utt/sw_0247_3660.utt","3/sw3660",3660,70,"sd","B",39,3,"[ [ I -- +","[ I/PRP ] --/:","(S (CC but) (X (XX MUMBLEx)) (NP-SBJ (PRP I)) (VP (VBP think) (SBAR (-NONE- 0) (S (NP-SBJ (DT the) (JJ big) (NN problem)) (, ,) (ADVP (RB though)) (, ,) (EDITED (RM (-DFL- \[)) (VP-UNF (VBZ is)) (, ,) (IP (-DFL- \+))) (VP (VBZ is) (RS (-DFL- \])) (SBAR-PRD (-NONE- 0) (S (NP-SBJ (PRP they)) (VP (VBP send) (NP (DT these)) (PRT (IN off)) (PP (IN to) (NP (JJ large) (NNS labs)))))))))) (-DFL- E_S))","84",157.19875,163.03825,"  I  "," I/PRP  /:"
"72","sw02utt/sw_0247_3660.utt","3/sw3660",3660,71,"b","A",40,1,"Yeah. /","Yeah/UH ./.","(INTJ (UH Yeah) (. .) (-DFL- E_S))","102",161.240125,161.60375,"Yeah. ","Yeah/UH ./."
"73","sw02utt/sw_0247_3660.utt","3/sw3660",3660,72,"+","B",41,1,"-- I, ] + I ] tend to agree with you David.  /","--/:  [ I/PRP ] ,/,  [ I/PRP ] tend/VBP to/TO agree/VB with/IN  [ you/PRP ] [ David/NNP ] ./.","(S (EDITED (RM (-DFL- \[)) (EDITED (RM (-DFL- \[)) (NP-SBJ (PRP I)) (IP (-DFL- \+))) (NP-SBJ (PRP I)) (, ,) (RS (-DFL- \])) (IP (-DFL- \+))) (NP-SBJ-1 (PRP I)) (RS (-DFL- \])) (VP (VBP tend) (S (NP-SBJ (-NONE- *-1)) (VP (TO to) (VP (VB agree) (PP (IN with) (NP (PRP you)))))) (NP-VOC (NNP David))) (. .) (-DFL- E_S))","106",163.66075,172.37075," I,   I  tend to agree with you David.  ","/:   I/PRP  ,/,   I/PRP  tend/VBP to/TO agree/VB with/IN   you/PRP   David/NNP  ./."
"74","sw02utt/sw_0247_3660.utt","3/sw3660",3660,73,"b","B",41,2,"Yeah,  /","Yeah/UH ,/,","(INTJ (UH Yeah) (, ,) (-DFL- E_S))","105",163.66075,172.37075,"Yeah,  ","Yeah/UH ,/,"
"75","sw02utt/sw_0247_3660.utt","3/sw3660",3660,74,"sd","B",41,3,"my [ brother, + {F uh, } brother ] used to work for Wal-Mart  /","[ my/PRP$ brother/NN ] ,/,  [ uh/UH ] ,/,  [ brother/NN ] used/VBD to/TO work/VB for/IN  [ Wal-Mart/NNP ]","(S (NP-SBJ-1 (PRP$ my) (EDITED (RM (-DFL- \[)) (NN brother) (, ,) (IP (-DFL- \+))) (INTJ (UH uh)) (, ,) (NN brother)) (RS (-DFL- \])) (VP (VBD used) (S (NP-SBJ (-NONE- *-1)) (VP (TO to) (VP (VB work) (PP (IN for) (NP (NNP Wal-Mart))))))) (-DFL- E_S))","111",163.66075,172.37075,"my  brother,   uh,  brother  used to work for WalMart  "," my/PRP$ brother/NN  ,/,   uh/UH  ,/,   brother/NN  used/VBD to/TO work/VB for/IN   WalMart/NNP "
"76","sw02utt/sw_0247_3660.utt","3/sw3660",3660,75,"sd","B",41,4,"{C and then, } I don't know if he still does or what because I don't know if Sam's is actually part of it,  /","and/CC then/RB ,/,  [ I/PRP ] do/VBP n't/RB know/VB if/IN  [ he/PRP ] still/RB does/VBZ or/CC  [ what/WP ] because/IN  [ I/PRP ] do/VBP n't/RB know/VB if/IN  [ Sam/NNP 's/POS ] is/VBZ actually/RB  [ part/NN ] of/IN  [ it/PRP ] ,/,","(S (CONJP (CC and) (RB then)) (, ,) (NP-SBJ (PRP I)) (VP (VBP do) (RB n't) (VP (VB know) (SBAR (IN if) (S (NP-SBJ (PRP he)) (VP (VP (ADVP-TMP (RB still)) (VBZ does)) (CC or) (NP-ETC (WP what))))) (SBAR-PRP (IN because) (S (NP-SBJ (PRP I)) (VP (VBP do) (RB n't) (VP (VB know) (SBAR (IN if) (S (NP-SBJ (NNP Sam) (POS 's)) (VP (VBZ is) (ADVP (RB actually)) (NP-PRD (NP (NN part)) (PP (IN of) (NP (PRP it))))))))))))) (, ,) (-DFL- E_S))","112",163.66075,172.37075," and then,  I don't know if he still does or what because I don't know if Sam's is actually part of it,  ","and/CC then/RB ,/,   I/PRP  do/VBP n't/RB know/VB if/IN   he/PRP  still/RB does/VBZ or/CC   what/WP  because/IN   I/PRP  do/VBP n't/RB know/VB if/IN   Sam/NNP 's/POS  is/VBZ actually/RB   part/NN  of/IN   it/PRP  ,/,"
"77","sw02utt/sw_0247_3660.utt","3/sw3660",3660,76,"sd","B",41,5,"<yelling> {C but } he, {D you know } --","but/CC  [ he/PRP ] ,/,  [ you/PRP ] know/VBP --/:","(S (CC but) (NP-SBJ (PRP he)) (PRN (, ,) (S (NP-SBJ (PRP you)) (VP (VBP know)))) (VP (VBZ is) (VP (VBG working) (PP-LOC (IN at) (NP (NNP Sam) (POS 's))) (ADVP-TMP (RB now)))) (. .) (-DFL- E_S))","113",163.66075,172.37075,"yelling  but  he,  you know  ","but/CC   he/PRP  ,/,   you/PRP  know/VBP /:"
"78","sw02utt/sw_0247_3660.utt","3/sw3660",3660,77,"b","A",42,1,"Yeah. /","Yeah/UH ./.","(INTJ (UH Yeah) (. .) (-DFL- E_S))","102",171.25825,171.662625,"Yeah. ","Yeah/UH ./."
"79","sw02utt/sw_0247_3660.utt","3/sw3660",3660,78,"+","B",43,1,"-- is working at Sam's now. /","--/: is/VBZ working/VBG at/IN  [ Sam/NNP 's/POS ] now/RB ./.","(S (CC but) (NP-SBJ (PRP he)) (PRN (, ,) (S (NP-SBJ (PRP you)) (VP (VBP know)))) (VP (VBZ is) (VP (VBG working) (PP-LOC (IN at) (NP (NNP Sam) (POS 's))) (ADVP-TMP (RB now)))) (. .) (-DFL- E_S))","113",NA,NA," is working at Sam's now. ","/: is/VBZ working/VBG at/IN   Sam/NNP 's/POS  now/RB ./."
"80","sw02utt/sw_0247_3660.utt","3/sw3660",3660,79,"ny","A",44,1,"Yeah,  /","[ Yeah/UH ] ,/,","(INTJ (UH Yeah) (, ,) (-DFL- E_S))","105",172.980375,174.406375,"Yeah,  "," Yeah/UH  ,/,"
"81","sw02utt/sw_0247_3660.utt","3/sw3660",3660,80,"sd^e","A",44,2,"Sam's is part of Wal-Mart. /","[ Sam/NNP 's/POS ] is/VBZ  [ part/NN ] of/IN  [ Wal-Mart/NNP ] ./.","(S (NP-SBJ (NNP Sam) (POS 's)) (VP (VBZ is) (NP-PRD (NP (NN part)) (PP (IN of) (NP (NNP Wal-Mart))))) (. .) (-DFL- E_S))","119",172.980375,174.406375,"Sam's is part of WalMart. "," Sam/NNP 's/POS  is/VBZ   part/NN  of/IN   WalMart/NNP  ./."
"82","sw02utt/sw_0247_3660.utt","3/sw3660",3660,81,"b","B",45,1,"Okay,  /","Okay/UH ,/,","(INTJ (UH Okay) (, ,) (-DFL- E_S))","121",174.308375,178.4025,"Okay,  ","Okay/UH ,/,"
"83","sw02utt/sw_0247_3660.utt","3/sw3660",3660,82,"b","B",45,2,"yeah,  /","yeah/UH ,/,","(INTJ (UH yeah) (, ,) (-DFL- E_S))","122",174.308375,178.4025,"yeah,  ","yeah/UH ,/,"
"84","sw02utt/sw_0247_3660.utt","3/sw3660",3660,83,"sd","B",45,3,"then he's been working for the company for a while, too.  /","then/RB  [ he/PRP ] 's/HVS been/VBN working/VBG for/IN  [ the/DT company/NN ] for/IN  [ a/DT while/NN ] ,/, too/RB ./.","(S (ADVP (RB then)) (NP-SBJ (PRP he)) (VP (HVS 's) (VP (VBN been) (VP (VBG working) (PP (IN for) (NP (DT the) (NN company))) (PP-TMP (IN for) (NP (DT a) (NN while))) (, ,) (ADVP (RB too))))) (. .) (-DFL- E_S))","123",174.308375,178.4025,"then he's been working for the company for a while, too.  ","then/RB   he/PRP  's/HVS been/VBN working/VBG for/IN   the/DT company/NN  for/IN   a/DT while/NN  ,/, too/RB ./."
"85","sw02utt/sw_0247_3660.utt","3/sw3660",3660,84,"%","B",45,4,"He,   {F uh, } -/","[ He/PRP ] ,/,  [ uh/UH ] ,/,","(S-UNF (NP-SBJ (PRP He)) (, ,) (INTJ (UH uh)) (, ,) (-DFL- N_S))","124",174.308375,178.4025,"He,    uh,  "," He/PRP  ,/,   uh/UH  ,/,"
"86","sw02utt/sw_0247_3660.utt","3/sw3660",3660,85,"b","A",46,1,"Yeah. /","Yeah/UH ./.","(INTJ (UH Yeah) (. .) (-DFL- E_S))","102",177.79875,178.167375,"Yeah. ","Yeah/UH ./."
"87","sw02utt/sw_0247_3660.utt","3/sw3660",3660,86,"sv","B",47,1,"Good company, {F uh, } /","[ Good/JJ company/NN ] ,/,  [ uh/UH ] ,/,","(FRAG (NP (JJ Good) (NN company)) (, ,) (INTJ (UH uh)) (, ,) (-DFL- E_S))","128",178.4625,179.4825,"Good company,  uh,  "," Good/JJ company/NN  ,/,   uh/UH  ,/,"
"88","sw02utt/sw_0247_3660.utt","3/sw3660",3660,87,"ba","A",48,1,"{F Oh, } yeah. /","Oh/UH ,/, yeah/UH ./.","(INTJ (INTJ (UH Oh)) (, ,) (INTJ (UH yeah)) (. .) (-DFL- E_S))","130",179.57275,180.008875," Oh,  yeah. ","Oh/UH ,/, yeah/UH ./."
"89","sw02utt/sw_0247_3660.utt","3/sw3660",3660,88,"%","B",49,1,"You all, {F uh, } have some, - /","[ You/PRP ] [ all/DT ] ,/,  [ uh/UH ] ,/, have/VBP  [ some/DT ] ,/,","(S (NP-SBJ (NP (PRP You)) (NP (DT all))) (, ,) (INTJ (UH uh)) (, ,) (VP (VBP have) (NP-UNF (DT some))) (, ,) (-DFL- N_S))","132",179.4825,184.6145,"You all,  uh,  have some,  "," You/PRP   all/DT  ,/,   uh/UH  ,/, have/VBP   some/DT  ,/,"
"90","sw02utt/sw_0247_3660.utt","3/sw3660",3660,89,"sd","B",49,2,"he's --","[ he/PRP ] 's/BES --/:","(S (ADVP (RB then)) (NP-SBJ (PRP he)) (VP (HVS 's) (VP (VBN been) (VP (VBG working) (PP (IN for) (NP (DT the) (NN company))) (PP-TMP (IN for) (NP (DT a) (NN while))) (, ,) (ADVP (RB too))))) (. .) (-DFL- E_S))","123",179.4825,184.6145,"he's "," he/PRP  's/BES /:"
"91","sw02utt/sw_0247_3660.utt","3/sw3660",3660,90,"sv","A",50,1,"Company's, that was a great place to work. /","[ Company/NN ] 's/BES ,/,  [ that/WDT ] was/VBD  [ a/DT great/JJ place/NN ] to/TO work/VB ./.","(S (NP-SBJ (NN Company)) (VP-UNF (BES 's)) (, ,))|||(S (NP-SBJ (WDT that)) (VP (VBD was) (NP-PRD (NP (DT a) (JJ great) (NN place)) (SBAR (WHADVP-1 (-NONE- 0)) (S (NP-SBJ (-NONE- *)) (VP (TO to) (VP (VB work) (ADVP-LOC (-NONE- *T*-1)))))))) (. .) (-DFL- E_S))","135|||136",180.91725,182.745,"Company's, that was a great place to work. "," Company/NN  's/BES ,/,   that/WDT  was/VBD   a/DT great/JJ place/NN  to/TO work/VB ./."
"92","sw02utt/sw_0247_3660.utt","3/sw3660",3660,91,"+","B",51,1,"-- telling me about good profit sharing and all that,  /","--/: telling/VBG  [ me/PRP ] about/IN  [ good/JJ profit/NN ] sharing/NN and/CC  [ all/PDT that/DT ] ,/,","(S (NP-SBJ (PRP he)) (VP (BES 's) (VP (VBG telling) (NP (PRP me)) (PP (IN about) (NP (NP (JJ good) (NN profit) (NN sharing)) (CC and) (NP (PDT all) (DT that)))))) (, ,) (-DFL- E_S))","133",184.6145,184.986," telling me about good profit sharing and all that,  ","/: telling/VBG   me/PRP  about/IN   good/JJ profit/NN  sharing/NN and/CC   all/PDT that/DT  ,/,"
"93","sw02utt/sw_0247_3660.utt","3/sw3660",3660,92,"%","B",51,2,"{C so. } -/","so/RB ./.","(S-UNF (RB so) (. .) (-DFL- N_S))","138",184.6145,184.986," so.  ","so/RB ./."
"94","sw02utt/sw_0247_3660.utt","3/sw3660",3660,93,"b","A",52,1,"Uh-huh. /","[ Uh-huh/UH ] ./.","(INTJ (UH Uh-huh) (. .) (-DFL- E_S))","140",184.711,185.150625,"Uhhuh. "," Uhhuh/UH  ./."
"95","sw02utt/sw_0247_3660.utt","3/sw3660",3660,94,"ba","B",53,1,"It's good news <laughter>. /","[ It/PRP ] [ 's/BES good/JJ news/NN ] ./.","(S (NP-SBJ (PRP It)) (VP (BES 's) (NP-PRD (JJ good) (NN news))) (. .) (-DFL- E_S))","142",185.927125,186.6885,"It's good news laughter. "," It/PRP   's/BES good/JJ news/NN  ./."
"96","sw02utt/sw_0247_3660.utt","3/sw3660",3660,95,"b","A",54,1,"Yeah,  /","Yeah/UH ,/,","(INTJ (UH Yeah) (, ,) (-DFL- E_S))","118",187.416375,200.396375,"Yeah,  ","Yeah/UH ,/,"
"97","sw02utt/sw_0247_3660.utt","3/sw3660",3660,96,"sd","A",54,2,"they got to had two or three years in with them you can start buying stock  /","[ they/PRP ] got/VBD to/TO had/^VB  [ two/CD ] or/CC  [ three/CD years/NNS ] in/IN with/IN  [ them/PRP ] [ you/PRP ] can/MD start/VB  [ buying/VBG stock/NN ]","(S (NP-SBJ (PRP they)) (EDITED (VP (VBD got) (S (NP-SBJ (-NONE- *)) (VP-UNF (TO to))))) (VP-UNF (^VB had)))|||(S (NP-ADV (NP (QP (CD two) (CC or) (CD three)) (NNS years)) (PP (IN in) (PP (IN with) (NP (PRP them))))) (NP-SBJ-1 (PRP you)) (VP (MD can) (VP (VB start) (S (NP-SBJ (-NONE- *-1)) (VP (VBG buying) (NP (NN stock)))))) (-DFL- E_S))","145|||146",187.416375,200.396375,"they got to had two or three years in with them you can start buying stock  "," they/PRP  got/VBD to/TO had/^VB   two/CD  or/CC   three/CD years/NNS  in/IN with/IN   them/PRP   you/PRP  can/MD start/VB   buying/VBG stock/NN "
"98","sw02utt/sw_0247_3660.utt","3/sw3660",3660,97,"sd","A",54,3,"{C and } you [ have a, + have a ] little taken out of your check [ each, + each ] payday to --","and/CC  [ you/PRP ] have/VBP  [ a/DT ] ,/, have/VBP  [ a/DT little/RB ] taken/VBN out/IN of/IN  [ your/PRP$ check/NN ] [ each/DT ] ,/,  [ each/DT payday/NN ] to/TO --/:","(S (CC and) (NP-SBJ-3 (PRP you)) (EDITED (RM (-DFL- \[)) (VP (VBP have) (NP-UNF (DT a))) (, ,) (IP (-DFL- \+))) (VP (VBP have) (S (NP-SBJ-1 (NP (DT a) (RS (-DFL- \])) (RB little)) (SBAR (-NONE- *ICH*-2))) (VP (VBN taken) (NP (-NONE- *-1)) (PP (IN out) (PP (IN of) (NP (PRP$ your) (NN check)))) (EDITED (RM (-DFL- \[)) (NP-TMP-UNF (DT each)) (, ,) (IP (-DFL- \+))) (NP-TMP (DT each) (RS (-DFL- \])) (NN payday)) (SBAR-2 (WHNP-4 (-NONE- 0)) (S (NP-SBJ (-NONE- *-3)) (VP (TO to) (VP (VB put) (NP (-NONE- *T*-4)) (RM (-DFL- \[)) (EDITED (PP-PUT (IN against) (, ,) (IP (-DFL- \+)) (INTJ (UH uh)) (, ,) (INTJ (UH uh)) (, ,) (NP (NN stock) (NN portfolio))) (. .) (INTJ (UH Uh)) (, ,) (RB not) (NP (NN portfolio)) (, ,) (ADVP (RB just)) (, ,) (IP (-DFL- \+))) (PRN (S (NP-SBJ (PRP you)) (VP (VBP know))) (, ,)) (PP-PUT (IN against) (NP (NNP Wal-Mart) (NN stock)))))))))) (. .) (RS (-DFL- \])) (-DFL- E_S))","147",187.416375,200.396375," and  you  have a,  have a  little taken out of your check  each,  each  payday to ","and/CC   you/PRP  have/VBP   a/DT  ,/, have/VBP   a/DT little/RB  taken/VBN out/IN of/IN   your/PRP$ check/NN   each/DT  ,/,   each/DT payday/NN  to/TO /:"
"99","sw02utt/sw_0247_3660.utt","3/sw3660",3660,98,"b","B",55,1,"Uh-huh. /","[ Uh-huh/UH ] ./.","(INTJ (UH Uh-huh) (. .) (-DFL- E_S))","140",193.850125,194.2485,"Uhhuh. "," Uhhuh/UH  ./."
"100","sw02utt/sw_0247_3660.utt","3/sw3660",3660,99,"+","A",56,1,"-- put [ against, + {F uh, } {F uh,  stock portfolio.","--/: put/VB against/IN ,/,  [ uh/UH ] ,/,  [ uh/UH ] ,/,  [ stock/NN portfolio/NN ] ./.","(S (CC and) (NP-SBJ-3 (PRP you)) (EDITED (RM (-DFL- \[)) (VP (VBP have) (NP-UNF (DT a))) (, ,) (IP (-DFL- \+))) (VP (VBP have) (S (NP-SBJ-1 (NP (DT a) (RS (-DFL- \])) (RB little)) (SBAR (-NONE- *ICH*-2))) (VP (VBN taken) (NP (-NONE- *-1)) (PP (IN out) (PP (IN of) (NP (PRP$ your) (NN check)))) (EDITED (RM (-DFL- \[)) (NP-TMP-UNF (DT each)) (, ,) (IP (-DFL- \+))) (NP-TMP (DT each) (RS (-DFL- \])) (NN payday)) (SBAR-2 (WHNP-4 (-NONE- 0)) (S (NP-SBJ (-NONE- *-3)) (VP (TO to) (VP (VB put) (NP (-NONE- *T*-4)) (RM (-DFL- \[)) (EDITED (PP-PUT (IN against) (, ,) (IP (-DFL- \+)) (INTJ (UH uh)) (, ,) (INTJ (UH uh)) (, ,) (NP (NN stock) (NN portfolio))) (. .) (INTJ (UH Uh)) (, ,) (RB not) (NP (NN portfolio)) (, ,) (ADVP (RB just)) (, ,) (IP (-DFL- \+))) (PRN (S (NP-SBJ (PRP you)) (VP (VBP know))) (, ,)) (PP-PUT (IN against) (NP (NNP Wal-Mart) (NN stock)))))))))) (. .) (RS (-DFL- \])) (-DFL- E_S))","147",NA,NA," put  against,   uh,   uh,  stock portfolio.","/: put/VB against/IN ,/,   uh/UH  ,/,   uh/UH  ,/,   stock/NN portfolio/NN  ./."
"101","sw02utt/sw_0247_3660.utt","3/sw3660",3660,100,"b","B",57,1,"Uh-huh. /","[ Uh-huh/UH ] ./.","(INTJ (UH Uh-huh) (. .) (-DFL- E_S))","140",197.501,198.19925,"Uhhuh. "," Uhhuh/UH  ./."
"102","sw02utt/sw_0247_3660.utt","3/sw3660",3660,101,"+","A",58,1,"{F Uh, }  not portfolio, just, + {D you know, } against  Wal-Mart stock. ]  /","[ Uh/UH ] ,/, not/RB  [ portfolio/NN ] ,/, just/RB ,/,  [ you/PRP ] know/VBP ,/, against/IN  [ Wal-Mart/NNP stock/NN ] ./.","(S (CC and) (NP-SBJ-3 (PRP you)) (EDITED (RM (-DFL- \[)) (VP (VBP have) (NP-UNF (DT a))) (, ,) (IP (-DFL- \+))) (VP (VBP have) (S (NP-SBJ-1 (NP (DT a) (RS (-DFL- \])) (RB little)) (SBAR (-NONE- *ICH*-2))) (VP (VBN taken) (NP (-NONE- *-1)) (PP (IN out) (PP (IN of) (NP (PRP$ your) (NN check)))) (EDITED (RM (-DFL- \[)) (NP-TMP-UNF (DT each)) (, ,) (IP (-DFL- \+))) (NP-TMP (DT each) (RS (-DFL- \])) (NN payday)) (SBAR-2 (WHNP-4 (-NONE- 0)) (S (NP-SBJ (-NONE- *-3)) (VP (TO to) (VP (VB put) (NP (-NONE- *T*-4)) (RM (-DFL- \[)) (EDITED (PP-PUT (IN against) (, ,) (IP (-DFL- \+)) (INTJ (UH uh)) (, ,) (INTJ (UH uh)) (, ,) (NP (NN stock) (NN portfolio))) (. .) (INTJ (UH Uh)) (, ,) (RB not) (NP (NN portfolio)) (, ,) (ADVP (RB just)) (, ,) (IP (-DFL- \+))) (PRN (S (NP-SBJ (PRP you)) (VP (VBP know))) (, ,)) (PP-PUT (IN against) (NP (NNP Wal-Mart) (NN stock)))))))))) (. .) (RS (-DFL- \])) (-DFL- E_S))","147",201.55925,204.74925," Uh,   not portfolio, just,   you know,  against  WalMart stock.   "," Uh/UH  ,/, not/RB   portfolio/NN  ,/, just/RB ,/,   you/PRP  know/VBP ,/, against/IN   WalMart/NNP stock/NN  ./."
"103","sw02utt/sw_0247_3660.utt","3/sw3660",3660,102,"sd","A",58,2,"{C But, }  {F uh, } you can build a pretty fair amount of stock after a while. /","But/CC ,/,  [ uh/UH ] ,/,  [ you/PRP ] can/MD build/VB  [ a/DT pretty/RB fair/JJ amount/NN ] of/IN  [ stock/NN ] after/IN  [ a/DT while/NN ] ./.","(S (CC But) (, ,) (INTJ (UH uh)) (, ,) (NP-SBJ (PRP you)) (VP (MD can) (VP (VB build) (NP (NP (DT a) (ADJP (RB pretty) (JJ fair)) (NN amount)) (PP (IN of) (NP (NN stock)))) (PP-TMP (IN after) (NP (DT a) (NN while))))) (. .) (-DFL- E_S))","154",201.55925,204.74925," But,    uh,  you can build a pretty fair amount of stock after a while. ","But/CC ,/,   uh/UH  ,/,   you/PRP  can/MD build/VB   a/DT pretty/RB fair/JJ amount/NN  of/IN   stock/NN  after/IN   a/DT while/NN  ./."
"104","sw02utt/sw_0247_3660.utt","3/sw3660",3660,103,"b","B",59,1,"Yeah,  /","Yeah/UH ,/,","(INTJ (UH Yeah) (, ,) (-DFL- E_S))","144",205.014625,214.113,"Yeah,  ","Yeah/UH ,/,"
"105","sw02utt/sw_0247_3660.utt","3/sw3660",3660,104,"sd","B",59,2,"that's what my brother was telling me.  /","[ that/DT ] 's/BES  [ what/WP ] [ my/PRP$ brother/NN ] was/VBD telling/VBG  [ me/PRP ] ./.","(S (NP-SBJ (DT that)) (VP (BES 's) (SBAR-NOM-PRD (WHNP-1 (WP what)) (S (NP-SBJ (PRP$ my) (NN brother)) (VP (VBD was) (VP (VBG telling) (NP (PRP me)) (NP (-NONE- *T*-1))))))) (. .) (-DFL- E_S))","157",205.014625,214.113,"that's what my brother was telling me.  "," that/DT  's/BES   what/WP   my/PRP$ brother/NN  was/VBD telling/VBG   me/PRP  ./."
"106","sw02utt/sw_0247_3660.utt","3/sw3660",3660,105,"sd","B",59,3,"That's [ [ good, + good new-, ] + good ] deal.  /","[ That/DT ] 's/BES good/JJ ,/,  [ good/JJ new-/NN ] ,/,  [ good/JJ deal/NN ] ./.","(S (NP-SBJ (DT That)) (VP (BES 's) (EDITED (RM (-DFL- \[)) (EDITED (RM (-DFL- \[)) (NP-PRD-UNF (JJ good)) (, ,) (IP (-DFL- \+))) (NP-PRD-UNF (JJ good) (NN new-)) (, ,) (RS (-DFL- \])) (IP (-DFL- \+))) (NP-PRD (JJ good) (RS (-DFL- \])) (NN deal))) (. .) (-DFL- E_S))","158",205.014625,214.113,"That's   good,  good new,   good  deal.  "," That/DT  's/BES good/JJ ,/,   good/JJ new/NN  ,/,   good/JJ deal/NN  ./."
"107","sw02utt/sw_0247_3660.utt","3/sw3660",3660,106,"qw^t","B",59,4,"{D Well, } {F uh, } how long were we s-, - /","Well/UH ,/,  [ uh/UH ] ,/, how/WRB  [ long/RB ] were/VBD  [ we/PRP s-/XX ] ,/,","(SBARQ (INTJ (UH Well)) (, ,) (INTJ (UH uh)) (, ,) (WHADVP (WRB how) (RB long)) (SQ (VBD were) (NP-SBJ (PRP we)) (VP-UNF (XX s-))) (, ,) (-DFL- N_S))","159",205.014625,214.113," Well,   uh,  how long were we s,  ","Well/UH ,/,   uh/UH  ,/, how/WRB   long/RB  were/VBD   we/PRP s/XX  ,/,"
"108","sw02utt/sw_0247_3660.utt","3/sw3660",3660,107,"sd^t","B",59,5,"I haven't done this in a couple months.  /","[ I/PRP ] have/VBP n't/RB done/VBN  [ this/DT ] in/IN  [ a/DT couple/NN months/NNS ] ./.","(S (NP-SBJ (PRP I)) (VP (VBP have) (RB n't) (VP (VBN done) (NP (DT this)) (PP-TMP (IN in) (NP (DT a) (NN couple) (NNS months))))) (. .) (-DFL- E_S))","160",205.014625,214.113,"I haven't done this in a couple months.  "," I/PRP  have/VBP n't/RB done/VBN   this/DT  in/IN   a/DT couple/NN months/NNS  ./."
"109","sw02utt/sw_0247_3660.utt","3/sw3660",3660,108,"qw^t","B",59,6,"How long were we supposed to discuss for? /","How/WRB  [ long/RB ] were/VBD  [ we/PRP ] supposed/VBN to/TO discuss/VB for/IN ?/.","(SBARQ (WHADVP-2 (WRB How) (RB long)) (SQ (VBD were) (NP-SBJ-1 (PRP we)) (VP (VBN supposed) (S (NP-SBJ (-NONE- *-1)) (VP (TO to) (VP (VB discuss) (PP-TMP (IN for) (ADVP (-NONE- *T*-2)))))))) (. ?) (-DFL- E_S))","161",205.014625,214.113,"How long were we supposed to discuss for? ","How/WRB   long/RB  were/VBD   we/PRP  supposed/VBN to/TO discuss/VB for/IN ?/."
"110","sw02utt/sw_0247_3660.utt","3/sw3660",3660,109,"sd^t","A",60,1,"{F Uh, } you're supposed to get five minutes. /","[ Uh/UH ] ,/,  [ you/PRP ] 're/VBP supposed/VBN to/TO get/VB  [ five/CD minutes/NNS ] ./.","(S (INTJ (UH Uh)) (, ,) (NP-SBJ-1 (PRP you)) (VP (VBP 're) (VP (VBN supposed) (S (NP-SBJ (-NONE- *-1)) (VP (TO to) (VP (VB get) (NP (CD five) (NNS minutes))))))) (. .) (-DFL- E_S))","163",214.34525,215.66525," Uh,  you're supposed to get five minutes. "," Uh/UH  ,/,   you/PRP  're/VBP supposed/VBN to/TO get/VB   five/CD minutes/NNS  ./."
"111","sw02utt/sw_0247_3660.utt","3/sw3660",3660,110,"bk","B",61,1,"Okay,  /","Okay/UH ,/,","(INTJ (UH Okay) (, ,) (-DFL- E_S))","165",215.65525,220.91525,"Okay,  ","Okay/UH ,/,"
"112","sw02utt/sw_0247_3660.utt","3/sw3660",3660,111,"sd^t","B",61,2,"we got a couple more minutes then, I guess <sniffing>.  /","[ we/PRP ] got/VBN  [ a/DT couple/NN ] more/JJR  [ minutes/NNS ] then/RB ,/,  [ I/PRP ] guess/VBP ./.","(S (S-TPC-1 (NP-SBJ (PRP we)) (VP (VBN got) (NP (DT a) (NN couple) (JJR more) (NNS minutes)) (ADVP (RB then)))) (, ,) (NP-SBJ (PRP I)) (VP (VBP guess) (SBAR (-NONE- 0) (S (-NONE- *T*-1)))) (. .) (-DFL- E_S))","166",215.65525,220.91525,"we got a couple more minutes then, I guess sniffing.  "," we/PRP  got/VBN   a/DT couple/NN  more/JJR   minutes/NNS  then/RB ,/,   I/PRP  guess/VBP ./."
"113","sw02utt/sw_0247_3660.utt","3/sw3660",3660,112,"^h","B",61,3,"{F Uh, } think what else I can say about that.  {F Uh, } /","[ Uh/UH ] ,/, think/VB  [ what/WP ] else/RB  [ I/PRP ] can/MD say/VB about/IN  [ that/DT ] ./.  [ Uh/UH ] ,/,","(FRAG (INTJ (UH Uh)) (, ,) (VP (VB think) (SBAR (WHNP-1 (WHNP (WP what)) (ADVP (RB else))) (S (NP-SBJ (PRP I)) (VP (MD can) (VP (VB say) (NP (-NONE- *T*-1)) (PP (IN about) (NP (DT that)))))))) (. .))|||(INTJ (UH Uh) (, ,) (-DFL- E_S))","167|||168",215.65525,220.91525," Uh,  think what else I can say about that.   Uh,  "," Uh/UH  ,/, think/VB   what/WP  else/RB   I/PRP  can/MD say/VB about/IN   that/DT  ./.   Uh/UH  ,/,"
"114","sw02utt/sw_0247_3660.utt","3/sw3660",3660,113,"qy","A",62,1,"{F Uh, } do you have any idea, {F uh, } - /","[ Uh/UH ] ,/, do/VBP  [ you/PRP ] have/VB  [ any/DT idea/NN ] ,/,  [ uh/UH ] ,/,","(SQ (INTJ (UH Uh)) (, ,) (VBP do) (NP-SBJ (PRP you)) (VP-UNF (VB have) (NP (DT any) (NN idea)) (, ,) (INTJ (UH uh))) (, ,) (-DFL- N_S))","170",221.38025,230.49325," Uh,  do you have any idea,  uh,   "," Uh/UH  ,/, do/VBP   you/PRP  have/VB   any/DT idea/NN  ,/,   uh/UH  ,/,"
"115","sw02utt/sw_0247_3660.utt","3/sw3660",3660,114,"^h","A",62,2,"let's see,  /","let/VB  [ 's/PRP ] see/VB ,/,","(S-IMP (NP-SBJ (-NONE- *)) (VP (VB let) (S (NP-SBJ (PRP 's)) (VP (VB see)))) (, ,) (-DFL- E_S))","171",221.38025,230.49325,"let's see,  ","let/VB   's/PRP  see/VB ,/,"
"116","sw02utt/sw_0247_3660.utt","3/sw3660",3660,115,"qy","A",62,3,"[ you were, + you were ] tested for drugs as [ you got into T, + [ as, + as ] you got into T I? ] /","[ you/PRP ] were/VBD ,/,  [ you/PRP ] were/VBD tested/VBN for/IN  [ drugs/NNS ] as/IN  [ you/PRP ] got/VBD into/IN  [ T/NNP ] ,/, as/IN ,/, as/IN  [ you/PRP ] got/VBD into/IN  [ T/NNP I/NNP ] ?/.","(S (EDITED (RM (-DFL- \[)) (S (NP-SBJ (PRP you)) (VP-UNF (VBD were))) (, ,) (IP (-DFL- \+))) (NP-SBJ-1 (PRP you)) (VP (VBD were) (RS (-DFL- \])) (VP (VBN tested) (NP (-NONE- *-1)) (PP (IN for) (NP (NNS drugs))) (SBAR (EDITED (SBAR (IN as) (S (RM (-DFL- \[)) (NP-SBJ (PRP you)) (VP (VBD got) (PP (IN into) (NP-UNF (NNP T)))))) (, ,) (IP (-DFL- \+))) (EDITED (RM (-DFL- \[)) (SBAR-UNF (IN as)) (, ,) (IP (-DFL- \+))) (IN as) (RS (-DFL- \])) (S (NP-SBJ (PRP you)) (VP (VBD got) (PP (IN into) (NP (NNP T) (NNP I)))))))) (. ?) (RS (-DFL- \])) (-DFL- E_S))","172",221.38025,230.49325," you were,  you were  tested for drugs as  you got into T,   as,  as  you got into T I?  "," you/PRP  were/VBD ,/,   you/PRP  were/VBD tested/VBN for/IN   drugs/NNS  as/IN   you/PRP  got/VBD into/IN   T/NNP  ,/, as/IN ,/, as/IN   you/PRP  got/VBD into/IN   T/NNP I/NNP  ?/."
"117","sw02utt/sw_0247_3660.utt","3/sw3660",3660,116,"na","B",63,1,"Right,  /","Right/UH ,/,","(INTJ (UH Right) (, ,) (-DFL- E_S))","174",230.7925,234.24,"Right,  ","Right/UH ,/,"
"118","sw02utt/sw_0247_3660.utt","3/sw3660",3660,117,"sd^e","B",63,2,"{F uh, } everyone coming in [ gets, + goes ] through the drug test. /","[ uh/UH ] ,/,  [ everyone/NN ] coming/VBG in/RB gets/VBZ ,/, goes/VBZ through/IN  [ the/DT drug/NN test/NN ] ./.","(S (INTJ (UH uh)) (, ,) (NP-SBJ (NP (NN everyone)) (VP (VBG coming) (ADVP-DIR (RB in)))) (EDITED (RM (-DFL- \[)) (VP-UNF (VBZ gets)) (, ,) (IP (-DFL- \+))) (VP (VBZ goes) (RS (-DFL- \])) (PP (IN through) (NP (DT the) (NN drug) (NN test)))) (. .) (-DFL- E_S))","175",230.7925,234.24," uh,  everyone coming in  gets,  goes  through the drug test. "," uh/UH  ,/,   everyone/NN  coming/VBG in/RB gets/VBZ ,/, goes/VBZ through/IN   the/DT drug/NN test/NN  ./."
"119","sw02utt/sw_0247_3660.utt","3/sw3660",3660,118,"b","A",64,1,"Yeah.  /","Yeah/UH ./.","(INTJ (UH Yeah) (. .) (-DFL- E_S))","177",235.147125,242.603875,"Yeah.  ","Yeah/UH ./."
"120","sw02utt/sw_0247_3660.utt","3/sw3660",3660,119,"qy","A",64,2,"{F Uh, } {D now, } {F uh, } were you asked to wait before starting to work until the drug test came through  /","[ Uh/UH ] ,/, now/UH ,/,  [ uh/UH ] ,/, were/VBD  [ you/PRP ] asked/VBN to/TO wait/VB before/IN  starting/VBG to/TO work/VB until/IN  [ the/DT drug/NN test/NN ] came/VBD through/IN","(SQ (INTJ (UH Uh)) (, ,) (INTJ (UH now)) (, ,) (INTJ (UH uh)) (, ,) (VBD were) (NP-SBJ-1 (PRP you)) (VP (VBN asked) (S (NP-SBJ-2 (-NONE- *-1)) (VP (TO to) (VP (VB wait) (SBAR-TMP (IN before) (S (NP-SBJ-3 (-NONE- *-2)) (VP (VBG starting) (S (NP-SBJ (-NONE- *-3)) (VP (TO to) (VP (VB work))))))) (SBAR-TMP (IN until) (S (NP-SBJ (DT the) (NN drug) (NN test)) (VP (VBD came) (PRT (IN through))))))))) (-DFL- E_S))","178",235.147125,242.603875," Uh,   now,   uh,  were you asked to wait before starting to work until the drug test came through  "," Uh/UH  ,/, now/UH ,/,   uh/UH  ,/, were/VBD   you/PRP  asked/VBN to/TO wait/VB before/IN  starting/VBG to/TO work/VB until/IN   the/DT drug/NN test/NN  came/VBD through/IN"
"121","sw02utt/sw_0247_3660.utt","3/sw3660",3660,120,"%","A",64,3,"{C or, } -/","or/CC ,/,","(S-UNF (CC or) (, ,) (-DFL- N_S))","179",235.147125,242.603875," or,  ","or/CC ,/,"
"122","sw02utt/sw_0247_3660.utt","3/sw3660",3660,121,"nn","B",65,1,"{F Uh, } no,  /","[ Uh/UH ] ,/, no/UH ,/,","(INTJ (INTJ (UH Uh)) (, ,) (INTJ (UH no)) (, ,) (-DFL- E_S))","181",243.1755,249.293625," Uh,  no,  "," Uh/UH  ,/, no/UH ,/,"
"123","sw02utt/sw_0247_3660.utt","3/sw3660",3660,122,"^h","B",65,2,"{D well, } let me think about that.  /","well/UH ,/, let/VB  [ me/PRP ] think/VB about/IN  [ that/DT ] ./.","(S-IMP (INTJ (UH well)) (, ,) (NP-SBJ (-NONE- *)) (VP (VB let) (S (NP-SBJ (PRP me)) (VP (VB think) (PP (IN about) (NP (DT that)))))) (. .) (-DFL- E_S))","182",243.1755,249.293625," well,  let me think about that.  ","well/UH ,/, let/VB   me/PRP  think/VB about/IN   that/DT  ./."
"124","sw02utt/sw_0247_3660.utt","3/sw3660",3660,123,"o","B",65,3,"Yeah,  /","Yeah/UH ,/,","(INTJ (UH Yeah) (, ,) (-DFL- E_S))","144",243.1755,249.293625,"Yeah,  ","Yeah/UH ,/,"
"125","sw02utt/sw_0247_3660.utt","3/sw3660",3660,124,"sd","B",65,4,"it was after, [ I w-, + I had ] already been hired.  {F Uh, } /","[ it/PRP ] was/VBD after/IN ,/,  [ I/PRP w-/XX ] ,/,  [ I/PRP ] had/VBD already/RB been/VBN hired/VBN ./.  [ Uh/UH ] ,/,","(S (NP-SBJ (PRP it)) (VP (VBD was) (SBAR-TMP-PRD (IN after) (, ,) (S (EDITED (RM (-DFL- \[)) (S (NP-SBJ (PRP I)) (VP-UNF (XX w-))) (, ,) (IP (-DFL- \+))) (NP-SBJ-1 (PRP I)) (VP (VBD had) (RS (-DFL- \])) (ADVP-TMP (RB already)) (VP (VBN been) (VP (VBN hired) (NP (-NONE- *-1)))))))) (. .))|||(INTJ (UH Uh) (, ,) (-DFL- E_S))","184|||185",243.1755,249.293625,"it was after,  I w,  I had  already been hired.   Uh,  "," it/PRP  was/VBD after/IN ,/,   I/PRP w/XX  ,/,   I/PRP  had/VBD already/RB been/VBN hired/VBN ./.   Uh/UH  ,/,"
"126","sw02utt/sw_0247_3660.utt","3/sw3660",3660,125,"bk","A",66,1,"Okay <<faint>>. /","Okay/UH ./.","(INTJ (UH Okay) (. .) (-DFL- E_S))","187",250.2145,250.548125,"Okay faint. ","Okay/UH ./."
"127","sw02utt/sw_0247_3660.utt","3/sw3660",3660,126,"b","B",67,1,"Yeah,  /","Yeah/UH ,/,","(INTJ (UH Yeah) (, ,) (-DFL- E_S))","156",249.884875,285.264125,"Yeah,  ","Yeah/UH ,/,"
"128","sw02utt/sw_0247_3660.utt","3/sw3660",3660,127,"sd","B",67,2,"you get hired, then you come in the first, - /","[ you/PRP ] get/VBP hired/VBN ,/, then/RB  [ you/PRP ] come/VBP in/IN  [ the/DT first/JJ ] ,/,","(S (NP-SBJ-1 (PRP you)) (VP (VBP get) (VP (VBN hired) (NP (-NONE- *-1)))) (, ,))|||(S (ADVP (RB then)) (NP-SBJ (PRP you)) (VP (VBP come) (ADVP-DIR (IN in)) (NP-TMP (DT the) (JJ first))) (, ,) (-DFL- N_S))","190|||191",249.884875,285.264125,"you get hired, then you come in the first,  "," you/PRP  get/VBP hired/VBN ,/, then/RB   you/PRP  come/VBP in/IN   the/DT first/JJ  ,/,"
"129","sw02utt/sw_0247_3660.utt","3/sw3660",3660,128,"%","B",67,3,"I, - /","[ I/PRP ] ,/,","(S-UNF (NP-SBJ (PRP I)) (, ,) (-DFL- N_S))","192",249.884875,285.264125,"I,  "," I/PRP  ,/,"
"130","sw02utt/sw_0247_3660.utt","3/sw3660",3660,129,"sd","B",67,4,"seems to me I remember that, {F uh, } I was hired, came in and went through some orientation  /","seems/VBZ to/IN  [ me/PRP ] [ I/PRP ] remember/VBP  [ that/DT ] ,/,  [ uh/UH ] ,/,  [ I/PRP ] was/VBD hired/VBN ,/, came/VBD in/RB and/CC went/VBD through/IN  [ some/DT orientation/NN ]","(S (NP-SBJ (-NONE- *)) (VP (VBZ seems) (PP (IN to) (NP (PRP me))) (SBAR (-NONE- 0) (S (NP-SBJ (PRP I)) (VP (VBP remember) (SBAR (DT that) (, ,) (INTJ (UH uh)) (, ,) (S (NP-SBJ-1 (PRP I)) (VP (VP (VBD was) (VP (VBN hired) (NP (-NONE- *-1)))) (, ,) (VP (VBD came) (ADVP-DIR (RB in))) (CC and) (VP (VBD went) (PP (IN through) (NP (DT some) (NN orientation))))))))))) (-DFL- E_S))","193",249.884875,285.264125,"seems to me I remember that,  uh,  I was hired, came in and went through some orientation  ","seems/VBZ to/IN   me/PRP   I/PRP  remember/VBP   that/DT  ,/,   uh/UH  ,/,   I/PRP  was/VBD hired/VBN ,/, came/VBD in/RB and/CC went/VBD through/IN   some/DT orientation/NN "
"131","sw02utt/sw_0247_3660.utt","3/sw3660",3660,130,"%","B",67,5,"{C and } I thought I, - /","and/CC  [ I/PRP ] thought/VBD  [ I/PRP ] ,/,","(S (CC and) (NP-SBJ (PRP I)) (VP (VBD thought) (SBAR (-NONE- 0) (S-UNF (NP-SBJ (PRP I))))) (, ,) (-DFL- N_S))","194",249.884875,285.264125," and  I thought I,  ","and/CC   I/PRP  thought/VBD   I/PRP  ,/,"
"132","sw02utt/sw_0247_3660.utt","3/sw3660",3660,131,"h","B",67,6,"{D boy, } I can't remember.  /","[ boy/UH ] ,/,  [ I/PRP ] ca/MD n't/RB remember/VB ./.","(S (INTJ (UH boy)) (, ,) (NP-SBJ (PRP I)) (VP (MD ca) (RB n't) (VP (VB remember))) (. .) (-DFL- E_S))","195",249.884875,285.264125," boy,  I can't remember.  "," boy/UH  ,/,   I/PRP  ca/MD n't/RB remember/VB ./."
"133","sw02utt/sw_0247_3660.utt","3/sw3660",3660,132,"sd","B",67,7,"That would seem strange to already be working here in the first week of the drug test.  /","[ That/DT ] would/MD seem/VB strange/JJ to/TO  already/RB be/VB working/VBG here/RB in/IN  [ the/DT first/JJ week/NN ] of/IN  [ the/DT drug/NN test/NN ] ./.","(S (NP-SBJ (DT That)) (VP (MD would) (VP (VB seem) (ADJP-PRD (JJ strange)) (S-TPC (NP-SBJ (-NONE- *)) (VP (TO to) (ADVP-TMP (RB already)) (VP (VB be) (VP (VBG working) (ADVP-LOC (RB here)) (PP-TMP (IN in) (NP (NP (DT the) (JJ first) (NN week)) (PP (IN of) (NP (DT the) (NN drug) (NN test))))))))))) (. .) (-DFL- E_S))","196",249.884875,285.264125,"That would seem strange to already be working here in the first week of the drug test.  "," That/DT  would/MD seem/VB strange/JJ to/TO  already/RB be/VB working/VBG here/RB in/IN   the/DT first/JJ week/NN  of/IN   the/DT drug/NN test/NN  ./."
"134","sw02utt/sw_0247_3660.utt","3/sw3660",3660,133,"sd","B",67,8,"Maybe it was during the interview.  /","Maybe/RB  [ it/PRP ] was/VBD during/IN  [ the/DT interview/NN ] ./.","(S (ADVP (RB Maybe)) (NP-SBJ (PRP it)) (VP (VBD was) (PP-TMP-PRD (IN during) (NP (DT the) (NN interview)))) (. .) (-DFL- E_S))","197",249.884875,285.264125,"Maybe it was during the interview.  ","Maybe/RB   it/PRP  was/VBD during/IN   the/DT interview/NN  ./."
"135","sw02utt/sw_0247_3660.utt","3/sw3660",3660,134,"sd","B",67,9,"I came up a couple times for an interview,  /","[ I/PRP ] came/VBD up/RP  [ a/DT couple/NN times/NNS ] for/IN  [ an/DT interview/NN ] ,/,","(S (NP-SBJ (PRP I)) (VP (VBD came) (ADVP-DIR (RP up)) (NP-TMP (DT a) (NN couple) (NNS times)) (PP-PRP (IN for) (NP (DT an) (NN interview)))) (, ,) (-DFL- E_S))","198",249.884875,285.264125,"I came up a couple times for an interview,  "," I/PRP  came/VBD up/RP   a/DT couple/NN times/NNS  for/IN   an/DT interview/NN  ,/,"
"136","sw02utt/sw_0247_3660.utt","3/sw3660",3660,135,"sd","B",67,10,"{C so } it's hard for me to remember where I was when all that happened.  /","so/RB  [ it/PRP ] 's/BES hard/JJ for/IN  [ me/PRP ] to/TO remember/VB where/WRB  [ I/PRP ] was/VBD when/WRB  [ all/PDT that/DT ] happened/VBD ./.","(S (RB so) (NP-SBJ (NP (PRP it)) (SBAR (-NONE- *EXP*-3))) (VP (BES 's) (ADJP-PRD (JJ hard)) (SBAR-3 (IN for) (S (NP-SBJ (PRP me)) (VP (TO to) (VP (VB remember) (SBAR (WHADVP-1 (WRB where)) (S (NP-SBJ (PRP I)) (VP (VBD was) (ADVP-LOC-PRD (-NONE- *T*-1)) (SBAR-TMP (WHADVP-2 (WRB when)) (S (NP-SBJ (PDT all) (DT that)) (VP (VBD happened) (ADVP-TMP (-NONE- *T*-2))))))))))))) (. .) (-DFL- E_S))","199",249.884875,285.264125," so  it's hard for me to remember where I was when all that happened.  ","so/RB   it/PRP  's/BES hard/JJ for/IN   me/PRP  to/TO remember/VB where/WRB   I/PRP  was/VBD when/WRB   all/PDT that/DT  happened/VBD ./."
"137","sw02utt/sw_0247_3660.utt","3/sw3660",3660,136,"sd","B",67,11,"{C But, }  {F uh, } I guess, just like other companies, other friends I've been hearing about that have been moving around, - /","But/CC ,/,  [ uh/UH ] ,/,  [ I/PRP ] guess/VBP ,/, just/RB like/IN  [ other/JJ companies/NNS ] ,/,  [ other/JJ friends/NNS I/PRP ] 've/VBP been/VBN hearing/VBG about/IN  [ that/WDT ] have/VBP been/VBN moving/VBG around/IN ,/,","(S-UNF (CC But) (, ,) (INTJ (UH uh)) (PRN (, ,) (S (NP-SBJ (PRP I)) (VP (VBP guess))) (, ,)) (PP (ADVP (RB just)) (IN like) (NP (JJ other) (NNS companies))) (, ,) (NP-SBJ (NP (JJ other) (NNS friends)) (SBAR (WHNP-1 (-NONE- 0)) (S (NP-SBJ (PRP I)) (VP (VBP 've) (VP (VBN been) (VP (VBG hearing) (PP (IN about) (NP (-NONE- *T*-1)))))))) (SBAR (WHNP-2 (WDT that)) (S (NP-SBJ (-NONE- *T*-2)) (VP (VBP have) (VP (VBN been) (VP (VBG moving) (ADVP (IN around)))))))) (, ,) (-DFL- N_S))","200",249.884875,285.264125," But,    uh,  I guess, just like other companies, other friends I've been hearing about that have been moving around,  ","But/CC ,/,   uh/UH  ,/,   I/PRP  guess/VBP ,/, just/RB like/IN   other/JJ companies/NNS  ,/,   other/JJ friends/NNS I/PRP  've/VBP been/VBN hearing/VBG about/IN   that/WDT  have/VBP been/VBN moving/VBG around/IN ,/,"
"138","sw02utt/sw_0247_3660.utt","3/sw3660",3660,137,"sd","B",67,12,"[ it's, + it's ] before.  /","[ it/PRP ] 's/BES ,/,  [ it/PRP ] 's/BES before/RB ./.","(S (EDITED (RM (-DFL- \[)) (S (NP-SBJ (PRP it)) (VP-UNF (BES 's))) (, ,) (IP (-DFL- \+))) (NP-SBJ (PRP it)) (VP (BES 's) (RS (-DFL- \])) (SBAR-TMP-PRD-UNF (RB before))) (. .) (-DFL- E_S))","201",249.884875,285.264125," it's,  it's  before.  "," it/PRP  's/BES ,/,   it/PRP  's/BES before/RB ./."
"139","sw02utt/sw_0247_3660.utt","3/sw3660",3660,138,"sd","B",67,13,"They have to wait for the drug test to come in before you actually get employment,  /","[ They/PRP ] have/VBP to/TO wait/VB for/IN  [ the/DT drug/NN test/NN ] to/TO come/VB in/RB before/IN  [ you/PRP ] actually/RB get/VBP  [ employment/NN ] ,/,","(S (NP-SBJ-1 (PRP They)) (VP (VBP have) (S (NP-SBJ (-NONE- *-1)) (VP (TO to) (VP (VB wait) (SBAR (IN for) (S (NP-SBJ (DT the) (NN drug) (NN test)) (VP (TO to) (VP (VB come) (PRT (RB in)))))) (SBAR-TMP (IN before) (S (NP-SBJ (PRP you)) (ADVP (RB actually)) (VP (VBP get) (NP (NN employment))))))))) (, ,) (-DFL- E_S))","202",249.884875,285.264125,"They have to wait for the drug test to come in before you actually get employment,  "," They/PRP  have/VBP to/TO wait/VB for/IN   the/DT drug/NN test/NN  to/TO come/VB in/RB before/IN   you/PRP  actually/RB get/VBP   employment/NN  ,/,"
"140","sw02utt/sw_0247_3660.utt","3/sw3660",3660,139,"sd","B",67,14,"{C so } I'm --","so/RB  [ I/PRP ] 'm/VBP --/:","(S (RB so) (NP-SBJ (PRP I)) (VP (VBP 'm) (ADJP-PRD (JJ sure) (SBAR (-NONE- 0) (S (NP-SBJ (DT that)) (VP (VBD happened) (PP (IN to) (NP (PRP me))) (, ,) (ADVP (RB too))))))) (. .) (-DFL- E_S))","203",249.884875,285.264125," so  I'm ","so/RB   I/PRP  'm/VBP /:"
"141","sw02utt/sw_0247_3660.utt","3/sw3660",3660,140,"b","A",68,1,"Yeah. /","Yeah/UH ./.","(INTJ (UH Yeah) (. .) (-DFL- E_S))","177",284.23825,284.57625,"Yeah. ","Yeah/UH ./."
"142","sw02utt/sw_0247_3660.utt","3/sw3660",3660,141,"+","B",69,1,"-- sure that happened to me, too. /","--/: sure/JJ that/DT happened/VBD to/IN  [ me/PRP ] ,/, too/RB ./.","(S (RB so) (NP-SBJ (PRP I)) (VP (VBP 'm) (ADJP-PRD (JJ sure) (SBAR (-NONE- 0) (S (NP-SBJ (DT that)) (VP (VBD happened) (PP (IN to) (NP (PRP me))) (, ,) (ADVP (RB too))))))) (. .) (-DFL- E_S))","203",NA,NA," sure that happened to me, too. ","/: sure/JJ that/DT happened/VBD to/IN   me/PRP  ,/, too/RB ./."
"143","sw02utt/sw_0247_3660.utt","3/sw3660",3660,142,"b","A",70,1,"Yeah. /","Yeah/UH ./.","(INTJ (UH Yeah) (. .) (-DFL- E_S))","177",285.967125,286.34675,"Yeah. ","Yeah/UH ./."
"144","sw02utt/sw_0247_3660.utt","3/sw3660",3660,143,"qo","B",71,1,"[ What, + what ] about, {F oh, } - /","[ What/WP ] ,/,  [ what/WP ] about/IN ,/, oh/UH ,/,","(FRAG (EDITED (RM (-DFL- \[)) (WHNP (WP What)) (, ,) (IP (-DFL- \+))) (WHNP (WP what)) (RS (-DFL- \])) (PP-UNF (IN about) (, ,) (INTJ (UH oh))) (, ,) (-DFL- N_S))","210",286.65375,289.802125," What,  what  about,  oh,   "," What/WP  ,/,   what/WP  about/IN ,/, oh/UH ,/,"
"145","sw02utt/sw_0247_3660.utt","3/sw3660",3660,144,"sd","B",71,2,"they just instituted it there at Wal-Mart -- /","[ they/PRP ] just/RB instituted/VBD  [ it/PRP ] there/RB at/IN  [ Wal-Mart/NNP ] --/:","(S (NP-SBJ (PRP they)) (ADVP (RB just)) (VP (VBD instituted) (NP (PRP it)) (ADVP-LOC (RB there)) (PP-LOC (IN at) (NP (NNP Wal-Mart)))) (-DFL- E_S))","211",286.65375,289.802125,"they just instituted it there at WalMart  "," they/PRP  just/RB instituted/VBD   it/PRP  there/RB at/IN   WalMart/NNP  /:"
"146","sw02utt/sw_0247_3660.utt","3/sw3660",3660,145,"b","A",72,1,"Yeah. /","Yeah/UH ./.","(INTJ (UH Yeah) (. .) (-DFL- E_S))","177",289.51475,289.75475,"Yeah. ","Yeah/UH ./."
"147","sw02utt/sw_0247_3660.utt","3/sw3660",3660,146,"%","B",73,1,"-- {C so, } -/","--/: so/RB ,/,","(S-UNF (RB so) (, ,) (-DFL- N_S))","215",289.802125,290.322125,"  so,  ","/: so/RB ,/,"
"148","sw02utt/sw_0247_3660.utt","3/sw3660",3660,147,"sd","A",74,1,"[ They, + they, ] it was after I was already working there  /","[ They/PRP ] ,/,  [ they/PRP ] ,/,  [ it/PRP ] was/VBD after/IN  [ I/PRP ] was/VBD already/RB working/VBG there/RB","(S (EDITED (RM (-DFL- \[)) (NP-SBJ (PRP They)) (, ,) (IP (-DFL- \+))) (EDITED (NP-SBJ (PRP they))) (, ,) (RS (-DFL- \])) (NP-SBJ (PRP it)) (VP (VBD was) (SBAR-TMP-PRD (IN after) (S (NP-SBJ (PRP I)) (VP (VBD was) (ADVP-TMP (RB already)) (VP (VBG working) (ADVP-LOC (RB there))))))) (-DFL- E_S))","217",289.75475,295.32," They,  they,  it was after I was already working there  "," They/PRP  ,/,   they/PRP  ,/,   it/PRP  was/VBD after/IN   I/PRP  was/VBD already/RB working/VBG there/RB"
"149","sw02utt/sw_0247_3660.utt","3/sw3660",3660,148,"sd","A",74,2,"{C and } they weren't testing any of those who were already working. /","and/CC  [ they/PRP ] were/VBD n't/RB testing/VBG  [ any/DT ] of/IN  [ those/DT ] [ who/WP ] were/VBD already/RB working/VBG ./.","(S (CC and) (NP-SBJ (PRP they)) (VP (VBD were) (RB n't) (VP (VBG testing) (NP (NP (DT any)) (PP (IN of) (NP (NP (DT those)) (SBAR (WHNP-1 (WP who)) (S (NP-SBJ (-NONE- *T*-1)) (VP (VBD were) (ADVP-TMP (RB already)) (VP (VBG working)))))))))) (. .) (-DFL- E_S))","218",289.75475,295.32," and  they weren't testing any of those who were already working. ","and/CC   they/PRP  were/VBD n't/RB testing/VBG   any/DT  of/IN   those/DT   who/WP  were/VBD already/RB working/VBG ./."
"150","sw02utt/sw_0247_3660.utt","3/sw3660",3660,149,"b","B",75,1,"Right. /","[ Right/UH ] ./.","(INTJ (UH Right) (. .) (-DFL- E_S))","220",295.5625,296.0375,"Right. "," Right/UH  ./."
"151","sw02utt/sw_0247_3660.utt","3/sw3660",3660,150,"%","A",76,1,"{C So, } -/","So/UH ,/,","(S-UNF (RB So) (, ,) (-DFL- N_S))","222",296.85325,297.234125," So,  ","So/UH ,/,"
