"","swda_filename","ptb_basename","conversation_no","transcript_index","act_tag","caller","turn_index","subutterance_index","text","pos","trees","ptb_treenumbers","start_turn","end_turn","newtext","newpos"
"1","sw04utt/sw_0429_3607.utt","3/sw3607",3607,0,"qw","A",1,1,"{C So, }  {F uh, } what kind of home repair work have you done? /","So/UH ,/,  [ uh/UH ] ,/,  [ what/WDT kind/NN ] of/IN [ home/NN repair/NN work/NN ] have/VBP  [ you/PRP ] done/VBN ?/.","(SBARQ (RB So) (, ,) (INTJ (UH uh)) (, ,) (WHNP-1 (WHNP (WDT what) (NN kind)) (PP (IN of) (NP (NN home) (NN repair) (NN work)))) (SQ (VBP have) (NP-SBJ (PRP you)) (VP (VBN done) (NP (-NONE- *T*-1)))) (. ?) (-DFL- E_S))","1",0.9055,4.07," So,    uh,  what kind of home repair work have you done? ","So/UH ,/,   uh/UH  ,/,   what/WDT kind/NN  of/IN  home/NN repair/NN work/NN  have/VBP   you/PRP  done/VBN ?/."
"2","sw04utt/sw_0429_3607.utt","3/sw3607",3607,1,"sd","B",2,1,"{D Well, } {F um, } done a little, {F uh, } repair on the, {F uh, } shingles on the roof recently.  /","Well/UH ,/, um/UH ,/, done/VBN  [ a/DT little/JJ ] ,/,  [ uh/UH ] ,/,  [ repair/NN ] on/IN  [ the/DT ] ,/,  [ uh/UH ] ,/,  [ shingles/NNS ] on/IN  [ the/DT roof/NN ] recently/RB ./.","(S (INTJ (UH Well)) (, ,) (INTJ (UH um)) (, ,) (NP-SBJ (-NONE- *)) (VP (VBN done) (NP (NP (DT a) (JJ little) (, ,) (INTJ (UH uh)) (, ,) (NN repair)) (PP (IN on) (NP (NP (DT the) (, ,) (INTJ (UH uh)) (, ,) (NNS shingles)) (PP-LOC (IN on) (NP (DT the) (NN roof)))))) (ADVP-TMP (RB recently))) (. .) (-DFL- E_S))","3",5.45925,12.335," Well,   um,  done a little,  uh,  repair on the,  uh,  shingles on the roof recently.  ","Well/UH ,/, um/UH ,/, done/VBN   a/DT little/JJ  ,/,   uh/UH  ,/,   repair/NN  on/IN   the/DT  ,/,   uh/UH  ,/,   shingles/NNS  on/IN   the/DT roof/NN  recently/RB ./."
"3","sw04utt/sw_0429_3607.utt","3/sw3607",3607,2,"sd","B",2,2,"We've had a lot of wind around here. /","[ We/PRP ] 've/VBP had/VBN  [ a/DT lot/NN ] of/IN  [ wind/NN ] around/IN here/RB ./.","(S (NP-SBJ (PRP We)) (VP (VBP 've) (VP (VBN had) (NP (NP (DT a) (NN lot)) (PP (IN of) (NP (NN wind)))) (PP-LOC (IN around) (ADVP (RB here))))) (. .) (-DFL- E_S))","4",5.45925,12.335,"We've had a lot of wind around here. "," We/PRP  've/VBP had/VBN   a/DT lot/NN  of/IN   wind/NN  around/IN here/RB ./."
"4","sw04utt/sw_0429_3607.utt","3/sw3607",3607,3,"qrr","A",3,1,"Been pulling them up, {F huh, } or just loosening them until the rain came in? /","Been/VBN pulling/VBG  [ them/PRP ] up/RP ,/, huh/UH ,/, or/CC just/RB loosening/VBG  [ them/PRP ] until/IN  [ the/DT rain/NN ] came/VBD in/RB ?/.","(S (NP-SBJ (-NONE- *)) (VP (VBN Been) (VP (VP (VBG pulling) (NP (PRP them)) (ADVP (RP up))) (, ,) (INTJ (UH huh)) (, ,) (CC or) (VP (ADVP (RB just)) (VBG loosening) (NP (PRP them)) (SBAR-TMP (IN until) (S (NP-SBJ (DT the) (NN rain)) (VP (VBD came) (ADVP-DIR (RB in)))))))) (. ?) (-DFL- E_S))","6",13.087625,16.237625,"Been pulling them up,  huh,  or just loosening them until the rain came in? ","Been/VBN pulling/VBG   them/PRP  up/RP ,/, huh/UH ,/, or/CC just/RB loosening/VBG   them/PRP  until/IN   the/DT rain/NN  came/VBD in/RB ?/."
"5","sw04utt/sw_0429_3607.utt","3/sw3607",3607,4,"ny","B",4,1,"Yes.  /","Yes/UH ./.","(INTJ (UH Yes) (. .) (-DFL- E_S))","8",16.500875,20.33,"Yes.  ","Yes/UH ./."
"6","sw04utt/sw_0429_3607.utt","3/sw3607",3607,5,"sd^e","B",4,2,"It looks like I'm going to have to get up there again, because we may have a leak. /","[ It/PRP ] looks/VBZ like/IN  [ I/PRP ] 'm/VBP going/VBG to/TO have/VB to/TO get/VB up/IN there/RB  again/RB ,/, because/IN  [ we/PRP ] may/MD have/VB  [ a/DT leak/NN ] ./.","(S (NP-SBJ (PRP It)) (VP (VBZ looks) (SBAR (IN like) (S (NP-SBJ-1 (PRP I)) (VP (VBP 'm) (VP (VBG going) (S (NP-SBJ-2 (-NONE- *-1)) (VP (TO to) (VP (VB have) (S (NP-SBJ (-NONE- *-2)) (VP (TO to) (VP (VB get) (PP-LOC (IN up) (ADVP (RB there))) (ADVP (RB again)))))))))))) (, ,) (SBAR-PRP (IN because) (S (NP-SBJ (PRP we)) (VP (MD may) (VP (VB have) (NP (DT a) (NN leak))))))) (. .) (-DFL- E_S))","9",16.500875,20.33,"It looks like I'm going to have to get up there again, because we may have a leak. "," It/PRP  looks/VBZ like/IN   I/PRP  'm/VBP going/VBG to/TO have/VB to/TO get/VB up/IN there/RB  again/RB ,/, because/IN   we/PRP  may/MD have/VB   a/DT leak/NN  ./."
"7","sw04utt/sw_0429_3607.utt","3/sw3607",3607,6,"qy","A",5,1,"Are you in the section of Texas that's been getting so much rain? /","[ Are/VBP you/PRP ] in/IN  [ the/DT section/NN ] of/IN  [ Texas/NNP ] [ that/WDT ] 's/HVS been/VBN getting/VBG  [ so/RB much/JJ rain/NN ] ?/.","(SQ (VBP Are) (NP-SBJ (PRP you)) (PP-LOC-PRD (IN in) (NP (NP (DT the) (NN section)) (PP (IN of) (NP (NNP Texas))) (SBAR (WHNP-1 (WDT that)) (S (NP-SBJ (-NONE- *T*-1)) (VP (HVS 's) (VP (VBN been) (VP (VBG getting) (NP (ADJP (RB so) (JJ much)) (NN rain))))))))) (. ?) (-DFL- E_S))","11",21.45775,24.06775,"Are you in the section of Texas that's been getting so much rain? "," Are/VBP you/PRP  in/IN   the/DT section/NN  of/IN   Texas/NNP   that/WDT  's/HVS been/VBN getting/VBG   so/RB much/JJ rain/NN  ?/."
"8","sw04utt/sw_0429_3607.utt","3/sw3607",3607,7,"nd","B",6,1,"We've been getting quite a bit,  maybe not quite as bad as some of the folks down around San Antonio,  /","[ We/PRP ] 've/VBP been/VBN getting/VBG quite/PDT  [ a/DT bit/NN ] ,/, maybe/RB not/RB quite/RB as/RB bad/JJ as/IN  [ some/DT ] of/IN  [ the/DT folks/NNS ] down/IN around/IN  [ San/NNP Antonio/NNP ] ,/,","(S (NP-SBJ (PRP We)) (VP (VBP 've) (VP (VBN been) (VP (VBG getting) (NP (NP (PDT quite) (DT a) (NN bit)) (, ,) (ADJP (ADJP (RB maybe) (ADVP (RB not) (RB quite)) (RB as) (JJ bad)) (PP (IN as) (NP (NP (DT some)) (PP (IN of) (NP (NP (DT the) (NNS folks)) (PP-LOC (IN down) (PP (IN around) (NP (NNP San) (NNP Antonio))))))))))))) (, ,) (-DFL- E_S))","13",24.476375,32.576375,"We've been getting quite a bit,  maybe not quite as bad as some of the folks down around San Antonio,  "," We/PRP  've/VBP been/VBN getting/VBG quite/PDT   a/DT bit/NN  ,/, maybe/RB not/RB quite/RB as/RB bad/JJ as/IN   some/DT  of/IN   the/DT folks/NNS  down/IN around/IN   San/NNP Antonio/NNP  ,/,"
"9","sw04utt/sw_0429_3607.utt","3/sw3607",3607,8,"%","B",6,2,"{C but, }  {F uh, } {D well, } I'm right, - /","but/CC ,/,  [ uh/UH ] ,/, well/UH ,/,  [ I/PRP ] 'm/VBP right/RB ,/,","(S (CC but) (, ,) (INTJ (UH uh)) (, ,) (INTJ (UH well)) (, ,) (NP-SBJ (PRP I)) (VP-UNF (VBP 'm) (ADVP (RB right))) (, ,) (-DFL- N_S))","14",24.476375,32.576375," but,    uh,   well,  I'm right,  ","but/CC ,/,   uh/UH  ,/, well/UH ,/,   I/PRP  'm/VBP right/RB ,/,"
"10","sw04utt/sw_0429_3607.utt","3/sw3607",3607,9,"sd","B",6,3,"Plano's just north of Dallas -- /","[ Plano/NNP ] 's/BES just/RB north/JJ of/IN  [ Dallas/NNP ] --/:","(S (NP-SBJ (NNP Plano)) (VP (BES 's) (ADVP-LOC-PRD (RB just) (JJ north) (PP (IN of) (NP (NNP Dallas))))) (-DFL- E_S))","15",24.476375,32.576375,"Plano's just north of Dallas  "," Plano/NNP  's/BES just/RB north/JJ of/IN   Dallas/NNP  /:"
"11","sw04utt/sw_0429_3607.utt","3/sw3607",3607,10,"bk","A",7,1,"{F Oh, } okay. /","Oh/UH ,/, okay/UH ./.","(INTJ (INTJ (UH Oh)) (, ,) (INTJ (UH okay)) (. .) (-DFL- E_S))","17",33.113,33.853," Oh,  okay. ","Oh/UH ,/, okay/UH ./."
"12","sw04utt/sw_0429_3607.utt","3/sw3607",3607,11,"sd","B",8,1,"-- {C and } there are parts of downtown  or near downtown Dallas that are under water right now, I guess,  /","--/: and/CC  [ there/EX ] are/VBP  [ parts/NNS ] of/IN  [ downtown/NN ] or/CC  [ near/JJ downtown/NN Dallas/NNP ] [ that/WDT ] are/VBP under/IN  [ water/NN ] right/RB now/RB ,/,  [ I/PRP ] guess/VBP ,/,","(S (CC and) (S-TPC-2 (NP-SBJ (EX there)) (VP (VBP are) (NP-PRD (NP (NNS parts)) (UCP (PP (IN of) (NP (NN downtown))) (CC or) (ADVP-LOC (JJ near) (NP (NN downtown) (NNP Dallas)))) (SBAR (WHNP-1 (WDT that)) (S (NP-SBJ (-NONE- *T*-1)) (VP (VBP are) (PP-LOC-PRD (IN under) (NP (NN water))) (ADVP-TMP (RB right) (RB now)))))))) (, ,) (NP-SBJ (PRP I)) (VP (VBP guess) (SBAR (-NONE- 0) (S (-NONE- *T*-2)))) (, ,) (-DFL- E_S))","19",33.228125,38.4,"  and  there are parts of downtown  or near downtown Dallas that are under water right now, I guess,  ","/: and/CC   there/EX  are/VBP   parts/NNS  of/IN   downtown/NN  or/CC   near/JJ downtown/NN Dallas/NNP   that/WDT  are/VBP under/IN   water/NN  right/RB now/RB ,/,   I/PRP  guess/VBP ,/,"
"13","sw04utt/sw_0429_3607.utt","3/sw3607",3607,12,"sd","B",8,2,"I saw on the news. /","[ I/PRP ] saw/VBD on/IN  [ the/DT news/NN ] ./.","(S (NP-SBJ (PRP I)) (VP (VBD saw) (PP (IN on) (NP (DT the) (NN news)))) (. .) (-DFL- E_S))","20",33.228125,38.4,"I saw on the news. "," I/PRP  saw/VBD on/IN   the/DT news/NN  ./."
"14","sw04utt/sw_0429_3607.utt","3/sw3607",3607,13,"b","A",9,1,"Yeah.   /","Yeah/UH ./.","(INTJ (UH Yeah) (. .) (-DFL- E_S))","22",38.303125,42.333625,"Yeah.   ","Yeah/UH ./."
"15","sw04utt/sw_0429_3607.utt","3/sw3607",3607,14,"qy^g","A",9,2,"{C But } you're probably, [ what, + ] about halfway across the state from San Antonio, though, aren't you? /","But/CC  [ you/PRP ] 're/VBP probably/RB ,/,  [ what/WP ] ,/, about/IN halfway/RB across/IN  [ the/DT state/NN ] from/IN  [ San/NNP Antonio/NNP ] ,/, though/RB ,/, are/VBP n't/RB  [ you/PRP ] ?/.","(SQ (CC But) (S (NP-SBJ (PRP you)) (VP (VBP 're) (ADVP (RB probably)) (, ,) (RM (-DFL- \[)) (INTJ (WP what)) (, ,) (IP (-DFL- \+)) (RS (-DFL- \])) (PP-LOC-PRD (ADVP (IN about) (RB halfway)) (IN across) (NP (DT the) (NN state)) (PP (IN from) (NP (NNP San) (NNP Antonio)))) (, ,) (ADVP (RB though)))) (, ,) (SQ (VBP are) (RB n't) (NP-SBJ (PRP you)) (PP-LOC-PRD (-NONE- *?*))) (. ?) (-DFL- E_S))","23",38.303125,42.333625," But  you're probably,  what,   about halfway across the state from San Antonio, though, aren't you? ","But/CC   you/PRP  're/VBP probably/RB ,/,   what/WP  ,/, about/IN halfway/RB across/IN   the/DT state/NN  from/IN   San/NNP Antonio/NNP  ,/, though/RB ,/, are/VBP n't/RB   you/PRP  ?/."
"16","sw04utt/sw_0429_3607.utt","3/sw3607",3607,15,"nd","B",10,1,"{D Well, } [ we're up, + {F uh, } we're north ] --","Well/UH ,/,  [ we/PRP ] 're/VBP up/IN ,/,  [ uh/UH ] ,/,  [ we/PRP ] 're/VBP  [ north/JJ ] --/:","(S (INTJ (UH Well)) (, ,) (S-TPC-1 (EDITED (RM (-DFL- \[)) (S (NP-SBJ (PRP we)) (VP (VBP 're) (PP-LOC-PRD-UNF (IN up)))) (, ,) (IP (-DFL- \+))) (INTJ (UH uh)) (, ,) (NP-SBJ (PRP we)) (VP (VBP 're) (ADVP-LOC-PRD (ADVP (JJ north)) (RS (-DFL- \])) (CC and) (, ,) (INTJ (UH uh)) (, ,) (INTJ (UH oh)) (, ,) (ADVP (NP (QP (RB about) (, ,) (INTJ (UH uh)) (PRN (, ,) (S (NP-SBJ (PRP I)) (VP (VBP do) (RB n't) (VP (VB know)))) (, ,)) (INTJ (UH uh)) (, ,) (CD eighty) (IN to) (DT a) (CD hundred)) (NNS miles)) (RB south) (PP (IN of) (NP (DT the) (NNP Oklahoma) (NN line))))))) (, ,) (NP-SBJ (PRP I)) (VP (VBP guess) (SBAR (-NONE- 0) (S (-NONE- *T*-1)))) (. .) (-DFL- E_S))","25",42.955125,54.267," Well,   we're up,   uh,  we're north  ","Well/UH ,/,   we/PRP  're/VBP up/IN ,/,   uh/UH  ,/,   we/PRP  're/VBP   north/JJ  /:"
"17","sw04utt/sw_0429_3607.utt","3/sw3607",3607,16,"b","A",11,1,"Yeah. /","Yeah/UH ./.","(INTJ (UH Yeah) (. .) (-DFL- E_S))","22",45.5985,46.0315,"Yeah. ","Yeah/UH ./."
"18","sw04utt/sw_0429_3607.utt","3/sw3607",3607,17,"+","B",12,1,"-- and, {F uh, } {F oh, } about, {F uh, } {A I don't know, } {F uh, } eighty to a hundred miles south of the Oklahoma line, I guess. /","--/: and/CC ,/,  [ uh/UH ] ,/, oh/UH ,/, about/RB ,/,  [ uh/UH ] ,/,  [ I/PRP ] do/VBP n't/RB know/VB ,/,  [ uh/UH ] ,/,  [ eighty/CD ] to/IN  [ a/DT hundred/CD miles/NNS ] south/RB of/IN  [ the/DT Oklahoma/NNP line/NN ] ,/,  [ I/PRP ] guess/VBP ./.","(S (INTJ (UH Well)) (, ,) (S-TPC-1 (EDITED (RM (-DFL- \[)) (S (NP-SBJ (PRP we)) (VP (VBP 're) (PP-LOC-PRD-UNF (IN up)))) (, ,) (IP (-DFL- \+))) (INTJ (UH uh)) (, ,) (NP-SBJ (PRP we)) (VP (VBP 're) (ADVP-LOC-PRD (ADVP (JJ north)) (RS (-DFL- \])) (CC and) (, ,) (INTJ (UH uh)) (, ,) (INTJ (UH oh)) (, ,) (ADVP (NP (QP (RB about) (, ,) (INTJ (UH uh)) (PRN (, ,) (S (NP-SBJ (PRP I)) (VP (VBP do) (RB n't) (VP (VB know)))) (, ,)) (INTJ (UH uh)) (, ,) (CD eighty) (IN to) (DT a) (CD hundred)) (NNS miles)) (RB south) (PP (IN of) (NP (DT the) (NNP Oklahoma) (NN line))))))) (, ,) (NP-SBJ (PRP I)) (VP (VBP guess) (SBAR (-NONE- 0) (S (-NONE- *T*-1)))) (. .) (-DFL- E_S))","25",NA,NA," and,  uh,   oh,  about,  uh,   I don't know,   uh,  eighty to a hundred miles south of the Oklahoma line, I guess. ","/: and/CC ,/,   uh/UH  ,/, oh/UH ,/, about/RB ,/,   uh/UH  ,/,   I/PRP  do/VBP n't/RB know/VB ,/,   uh/UH  ,/,   eighty/CD  to/IN   a/DT hundred/CD miles/NNS  south/RB of/IN   the/DT Oklahoma/NNP line/NN  ,/,   I/PRP  guess/VBP ./."
"19","sw04utt/sw_0429_3607.utt","3/sw3607",3607,18,"bk","A",13,1,"Yeah,  /","Yeah/UH ,/,","(INTJ (UH Yeah) (, ,) (-DFL- E_S))","30",54.55075,59.282375,"Yeah,  ","Yeah/UH ,/,"
"20","sw04utt/sw_0429_3607.utt","3/sw3607",3607,19,"bk","A",13,2,"okay.  /","okay/UH ./.","(INTJ (UH okay) (. .) (-DFL- E_S))","31",54.55075,59.282375,"okay.  ","okay/UH ./."
"21","sw04utt/sw_0429_3607.utt","3/sw3607",3607,20,"qy^d","A",13,3,"{C But } you're still getting a good bit of the rain, though. /","But/CC  [ you/PRP ] 're/VBP still/RB getting/VBG  [ a/DT good/JJ bit/NN ] of/IN  [ the/DT rain/NN ] ,/, though/RB ./.","(S (CC But) (NP-SBJ (PRP you)) (VP (VBP 're) (ADVP-TMP (RB still)) (VP (VBG getting) (NP (NP (DT a) (JJ good) (NN bit)) (PP (IN of) (NP (DT the) (NN rain)))) (, ,) (ADVP (RB though)))) (. .) (-DFL- E_S))","32",54.55075,59.282375," But  you're still getting a good bit of the rain, though. ","But/CC   you/PRP  're/VBP still/RB getting/VBG   a/DT good/JJ bit/NN  of/IN   the/DT rain/NN  ,/, though/RB ./."
"22","sw04utt/sw_0429_3607.utt","3/sw3607",3607,21,"ng","B",14,1,"{F Uh, } we did have a little bit of rain yesterday.  /","[ Uh/UH ] ,/,  [ we/PRP ] did/VBD have/VB  [ a/DT little/JJ bit/NN ] of/IN  [ rain/NN yesterday/NN ] ./.","(S (INTJ (UH Uh)) (, ,) (NP-SBJ (PRP we)) (VP (VBD did) (VP (VB have) (NP (NP (DT a) (JJ little) (NN bit)) (PP (IN of) (NP (NN rain)))) (NP-TMP (NN yesterday)))) (. .) (-DFL- E_S))","34",59.836375,72.454875," Uh,  we did have a little bit of rain yesterday.  "," Uh/UH  ,/,   we/PRP  did/VBD have/VB   a/DT little/JJ bit/NN  of/IN   rain/NN yesterday/NN  ./."
"23","sw04utt/sw_0429_3607.utt","3/sw3607",3607,22,"ng","B",14,2,"So far we haven't had any today.  /","So/RB far/RB  [ we/PRP ] have/VBP n't/RB had/VBN  [ any/DT today/NN ] ./.","(S (ADVP-TMP (RB So) (RB far)) (NP-SBJ (PRP we)) (VP (VBP have) (RB n't) (VP (VBN had) (NP (DT any)) (NP-TMP (NN today)))) (. .) (-DFL- E_S))","35",59.836375,72.454875,"So far we haven't had any today.  ","So/RB far/RB   we/PRP  have/VBP n't/RB had/VBN   any/DT today/NN  ./."
"24","sw04utt/sw_0429_3607.utt","3/sw3607",3607,23,"sd","B",14,3,"{C And, }  {F uh, } I suppose that means I should be, {F uh, } getting up there to look at that, {F uh, } shingle,  /","And/CC ,/,  [ uh/UH ] ,/,  [ I/PRP ] suppose/VBP  [ that/DT means/VBZ ] [ I/PRP ] should/MD be/VB ,/,  [ uh/UH ] ,/, getting/VBG up/IN there/RB to/TO look/VB at/IN  [ that/DT ] ,/,  [ uh/UH ] ,/,  [ shingle/NN ] ,/,","(S (CC And) (, ,) (INTJ (UH uh)) (, ,) (NP-SBJ (PRP I)) (VP (VBP suppose) (SBAR (-NONE- 0) (S (NP-SBJ (DT that)) (VP (VBZ means) (SBAR (-NONE- 0) (S (NP-SBJ-1 (PRP I)) (VP (MD should) (VP (VB be) (, ,) (INTJ (UH uh)) (, ,) (VP (VBG getting) (PP-LOC (IN up) (ADVP (RB there))) (S-PRP (NP-SBJ (-NONE- *-1)) (VP (TO to) (VP (VB look) (PP (IN at) (NP (DT that) (, ,) (INTJ (UH uh)) (, ,) (NN shingle))))))))))))))) (, ,) (-DFL- E_S))","36",59.836375,72.454875," And,    uh,  I suppose that means I should be,  uh,  getting up there to look at that,  uh,  shingle,  ","And/CC ,/,   uh/UH  ,/,   I/PRP  suppose/VBP   that/DT means/VBZ   I/PRP  should/MD be/VB ,/,   uh/UH  ,/, getting/VBG up/IN there/RB to/TO look/VB at/IN   that/DT  ,/,   uh/UH  ,/,   shingle/NN  ,/,"
"25","sw04utt/sw_0429_3607.utt","3/sw3607",3607,24,"sd","B",14,4,"{C but, }  {F uh } --","but/CC ,/,  [ uh/UH ] --/:","(S (CC but) (, ,) (INTJ (UH uh)) (, ,) (INTJ (UH well)) (, ,) (NP-SBJ (PRP I)) (VP-UNF (VBP 'm) (ADVP (RB right))) (, ,) (-DFL- N_S))","14",59.836375,72.454875," but,    uh  ","but/CC ,/,   uh/UH  /:"
"26","sw04utt/sw_0429_3607.utt","3/sw3607",3607,25,"b","A",15,1,"Yeah. /","Yeah/UH ./.","(INTJ (UH Yeah) (. .) (-DFL- E_S))","22",71.244625,71.643,"Yeah. ","Yeah/UH ./."
"27","sw04utt/sw_0429_3607.utt","3/sw3607",3607,26,"+","B",16,1,"-- I had something else planned today,  /","--/:  [ I/PRP ] had/VBD  [ something/NN ] else/RB planned/VBN  [ today/NN ] ,/,","(S (CC but) (, ,) (INTJ (UH uh)) (NP-SBJ (PRP I)) (VP (VBD had) (NP (NP (NN something)) (ADVP (RB else)) (VP (VBN planned) (NP (-NONE- *)))) (NP-TMP (NN today))) (, ,) (-DFL- E_S))","37",72.454875,73.654875," I had something else planned today,  ","/:   I/PRP  had/VBD   something/NN  else/RB planned/VBN   today/NN  ,/,"
"28","sw04utt/sw_0429_3607.utt","3/sw3607",3607,27,"sd","B",16,2,"{C so } I guess I'll let it go awhile. /","so/RB  [ I/PRP ] guess/VBP  [ I/PRP ] 'll/MD let/VB  [ it/PRP ] go/VB awhile/RB ./.","(S (RB so) (NP-SBJ (PRP I)) (VP (VBP guess) (SBAR (-NONE- 0) (S (NP-SBJ (PRP I)) (VP (MD 'll) (VP (VB let) (S (NP-SBJ (PRP it)) (VP (VB go) (ADVP-TMP (RB awhile))))))))) (. .) (-DFL- E_S))","41",72.454875,73.654875," so  I guess I'll let it go awhile. ","so/RB   I/PRP  guess/VBP   I/PRP  'll/MD let/VB   it/PRP  go/VB awhile/RB ./."
"29","sw04utt/sw_0429_3607.utt","3/sw3607",3607,28,"b","A",17,1,"Yeah.  /","Yeah/UH ./.","(INTJ (UH Yeah) (. .) (-DFL- E_S))","22",74.0575,77.047625,"Yeah.  ","Yeah/UH ./."
"30","sw04utt/sw_0429_3607.utt","3/sw3607",3607,29,"qy","A",17,2,"Is it asphalt shingles,  /","Is/VBZ it/PRP  [ asphalt/NN shingles/NNS ] ,/,","(SQ (VBZ Is) (NP-SBJ (PRP it)) (NP-PRD (NN asphalt) (NNS shingles)) (, ,) (-DFL- E_S))","44",74.0575,77.047625,"Is it asphalt shingles,  ","Is/VBZ it/PRP   asphalt/NN shingles/NNS  ,/,"
"31","sw04utt/sw_0429_3607.utt","3/sw3607",3607,30,"%","A",17,3,"[ {C or, } +  {C or } ]  ((   )) . -/","or/CC ,/, or/CC  [ MUMBLEx/XX ] ./.","(S-UNF (EDITED (RM (-DFL- \[)) (CC or) (, ,) (IP (-DFL- \+))) (CC or) (RS (-DFL- \])) (X (XX MUMBLEx)) (. .) (-DFL- N_S))","45",74.0575,77.047625,"  or,     or        . ","or/CC ,/, or/CC   MUMBLEx/XX  ./."
"32","sw04utt/sw_0429_3607.utt","3/sw3607",3607,31,"%","B",18,1,"They're, {F uh, } - /","[ They/PRP ] 're/VBP ,/,  [ uh/UH ] ,/,","(S (NP-SBJ (PRP They)) (VP-UNF (VBP 're) (, ,) (INTJ (UH uh))) (, ,) (-DFL- N_S))","47",76.141375,78.681375,"They're,  uh,   "," They/PRP  're/VBP ,/,   uh/UH  ,/,"
"33","sw04utt/sw_0429_3607.utt","3/sw3607",3607,32,"nn","B",18,2,"no,  /","no/UH ,/,","(INTJ (UH no) (, ,) (-DFL- E_S))","48",76.141375,78.681375,"no,  ","no/UH ,/,"
"34","sw04utt/sw_0429_3607.utt","3/sw3607",3607,33,"sd^e","B",18,3,"they're,  {F uh, } wood shake. /","[ they/PRP ] 're/VBP ,/,  [ uh/UH ] ,/,  [ wood/NN shake/NN ] ./.","(S (NP-SBJ (PRP they)) (VP (VBP 're) (, ,) (INTJ (UH uh)) (, ,) (NP-PRD (NN wood) (NN shake))) (. .) (-DFL- E_S))","49",76.141375,78.681375,"they're,   uh,  wood shake. "," they/PRP  're/VBP ,/,   uh/UH  ,/,   wood/NN shake/NN  ./."
"35","sw04utt/sw_0429_3607.utt","3/sw3607",3607,34,"bk","A",19,1,"Ooh,  /","Ooh/UH ,/,","(INTJ (UH Ooh) (, ,) (-DFL- E_S))","51",79.34975,81.567625,"Ooh,  ","Ooh/UH ,/,"
"36","sw04utt/sw_0429_3607.utt","3/sw3607",3607,35,"sv","A",19,2,"that should be a lot of fun. /","[ that/DT ] should/MD be/VB  [ a/DT lot/NN ] of/IN  [ fun/NN ] ./.","(S (NP-SBJ (DT that)) (VP (MD should) (VP (VB be) (NP-PRD (NP (DT a) (NN lot)) (PP (IN of) (NP (NN fun)))))) (. .) (-DFL- E_S))","52",79.34975,81.567625,"that should be a lot of fun. "," that/DT  should/MD be/VB   a/DT lot/NN  of/IN   fun/NN  ./."
"37","sw04utt/sw_0429_3607.utt","3/sw3607",3607,36,"b","B",20,1,"Yeah <laughter>. /","Yeah/UH ./.","(INTJ (UH Yeah) (. .) (-DFL- E_S))","22",81.655375,82.049125,"Yeah laughter. ","Yeah/UH ./."
"38","sw04utt/sw_0429_3607.utt","3/sw3607",3607,37,"qr","A",21,1,"Did you put them up originally or just going up and stopping leaks in them? /","Did/VBD  [ you/PRP ] put/VB  [ them/PRP ] up/RP originally/RB or/CC just/RB  going/VBG up/RB and/CC  [ stopping/VBG leaks/NNS ] in/IN  [ them/PRP ] ?/.","(SQ (VBD Did) (NP-SBJ (PRP you)) (VP (VP (VB put) (NP (PRP them)) (PRT (RP up)) (ADVP (RB originally))) (CC or) (VP (ADVP (RB just)) (VP (VBG going) (ADVP-DIR (RB up))) (CC and) (VP (VBG stopping) (NP (NP (NNS leaks)) (PP-LOC (IN in) (NP (PRP them))))))) (. ?) (-DFL- E_S))","56",82.311875,86.668,"Did you put them up originally or just going up and stopping leaks in them? ","Did/VBD   you/PRP  put/VB   them/PRP  up/RP originally/RB or/CC just/RB  going/VBG up/RB and/CC   stopping/VBG leaks/NNS  in/IN   them/PRP  ?/."
"39","sw04utt/sw_0429_3607.utt","3/sw3607",3607,38,"nn","B",22,1,"No,  /","No/UH ,/,","(INTJ (UH No) (, ,) (-DFL- E_S))","58",87.212625,102.715125,"No,  ","No/UH ,/,"
"40","sw04utt/sw_0429_3607.utt","3/sw3607",3607,39,"%","B",22,2,"I, - /","[ I/PRP ] ,/,","(S-UNF (NP-SBJ (PRP I)) (, ,) (-DFL- N_S))","59",87.212625,102.715125,"I,  "," I/PRP  ,/,"
"41","sw04utt/sw_0429_3607.utt","3/sw3607",3607,40,"sd^e","B",22,3,"{F uh, } as a matter of fact, we've never had a leak actually yet.  /","[ uh/UH ] ,/, as/IN  [ a/DT matter/NN ] of/IN  [ fact/NN ] ,/,  [ we/PRP ] 've/VBP never/RB had/VBN  [ a/DT leak/NN ] actually/RB yet/RB ./.","(S (INTJ (UH uh)) (, ,) (PP (IN as) (NP (NP (DT a) (NN matter)) (PP (IN of) (NP (NN fact))))) (, ,) (NP-SBJ (PRP we)) (VP (VBP 've) (ADVP-TMP (RB never)) (VP (VBN had) (NP (DT a) (NN leak)) (ADVP (RB actually)) (ADVP-TMP (RB yet)))) (. .) (-DFL- E_S))","60",87.212625,102.715125," uh,  as a matter of fact, we've never had a leak actually yet.  "," uh/UH  ,/, as/IN   a/DT matter/NN  of/IN   fact/NN  ,/,   we/PRP  've/VBP never/RB had/VBN   a/DT leak/NN  actually/RB yet/RB ./."
"42","sw04utt/sw_0429_3607.utt","3/sw3607",3607,41,"%","B",22,4,"Now this, - /","Now/RB  [ this/DT ] ,/,","(S-UNF (INTJ (RB Now)) (NP-SBJ (DT this)) (, ,) (-DFL- N_S))","61",87.212625,102.715125,"Now this,  ","Now/RB   this/DT  ,/,"
"43","sw04utt/sw_0429_3607.utt","3/sw3607",3607,42,"sd","B",22,5,"we just bought the house last year,  /","[ we/PRP ] just/RB bought/VBD  [ the/DT house/NN last/JJ year/NN ] ,/,","(S (NP-SBJ (PRP we)) (ADVP (RB just)) (VP (VBD bought) (NP (DT the) (NN house)) (NP-TMP (JJ last) (NN year))) (, ,) (-DFL- E_S))","62",87.212625,102.715125,"we just bought the house last year,  "," we/PRP  just/RB bought/VBD   the/DT house/NN last/JJ year/NN  ,/,"
"44","sw04utt/sw_0429_3607.utt","3/sw3607",3607,43,"sd","B",22,6,"{C and, }  {F uh, } {F uh, } just before we took possession of it we had a fellow go up there and do whatever needed to be done on the shingles.  /","and/CC ,/,  [ uh/UH ] ,/,  [ uh/UH ] ,/, just/RB before/IN  [ we/PRP ] took/VBD  [ possession/NN ] of/IN  [ it/PRP ] [ we/PRP ] had/VBD  [ a/DT fellow/NN ] go/VB up/IN there/RB and/CC do/VB  [ whatever/WDT ] needed/VBN to/TO be/VB done/VBN on/IN  [ the/DT shingles/NNS ] ./.","(S (CC and) (, ,) (INTJ (UH uh)) (, ,) (INTJ (UH uh)) (, ,) (SBAR-TMP (RB just) (IN before) (S (NP-SBJ (PRP we)) (VP (VBD took) (NP (NP (NN possession)) (PP (IN of) (NP (PRP it))))))) (NP-SBJ (PRP we)) (VP (VBD had) (S (NP-SBJ (DT a) (NN fellow)) (VP (VP (VB go) (PP-DIR (IN up) (ADVP (RB there)))) (CC and) (VP (VB do) (SBAR-NOM (WHNP-3 (WDT whatever)) (S (NP-SBJ-1 (-NONE- *T*-3)) (VP (VBN needed) (S (NP-SBJ-2 (-NONE- *-1)) (VP (TO to) (VP (VB be) (VP (VBN done) (NP (-NONE- *-2)) (PP (IN on) (NP (DT the) (NNS shingles)))))))))))))) (. .) (-DFL- E_S))","63",87.212625,102.715125," and,    uh,   uh,  just before we took possession of it we had a fellow go up there and do whatever needed to be done on the shingles.  ","and/CC ,/,   uh/UH  ,/,   uh/UH  ,/, just/RB before/IN   we/PRP  took/VBD   possession/NN  of/IN   it/PRP   we/PRP  had/VBD   a/DT fellow/NN  go/VB up/IN there/RB and/CC do/VB   whatever/WDT  needed/VBN to/TO be/VB done/VBN on/IN   the/DT shingles/NNS  ./."
"45","sw04utt/sw_0429_3607.utt","3/sw3607",3607,44,"sd","B",22,7,"{C So, }  I've just recently had to start looking at it myself. /","So/RB ,/,  [ I/PRP ] 've/VBP just/RB recently/RB had/VBN to/TO  start/VB looking/VBG at/IN  [ it/PRP ] [ myself/PRP ] ./.","(S (RB So) (, ,) (NP-SBJ-1 (PRP I)) (VP (VBP 've) (ADVP-TMP (RB just) (RB recently)) (VP (VBN had) (S (NP-SBJ-2 (-NONE- *-1)) (VP (TO to) (VP (VB start) (S (NP-SBJ (-NONE- *-2)) (VP (VBG looking) (PP (IN at) (NP (PRP it))) (NP-ADV (PRP myself))))))))) (. .) (-DFL- E_S))","64",87.212625,102.715125," So,   I've just recently had to start looking at it myself. ","So/RB ,/,   I/PRP  've/VBP just/RB recently/RB had/VBN to/TO  start/VB looking/VBG at/IN   it/PRP   myself/PRP  ./."
"46","sw04utt/sw_0429_3607.utt","3/sw3607",3607,45,"b","A",23,1,"Yeah. /","Yeah/UH ./.","(INTJ (UH Yeah) (. .) (-DFL- E_S))","27",103.2425,103.5625,"Yeah. ","Yeah/UH ./."
"47","sw04utt/sw_0429_3607.utt","3/sw3607",3607,46,"sd","B",24,1,"{C So, }  it's a small problem so far,  /","So/RB ,/,  [ it/PRP ] 's/BES  [ a/DT small/JJ problem/NN ] so/RB far/RB ,/,","(S (RB So) (, ,) (NP-SBJ (PRP it)) (VP (BES 's) (NP-PRD (DT a) (JJ small) (NN problem)) (ADVP-TMP (RB so) (RB far))) (, ,) (-DFL- E_S))","68",103.98325,110.271125," So,   it's a small problem so far,  ","So/RB ,/,   it/PRP  's/BES   a/DT small/JJ problem/NN  so/RB far/RB ,/,"
"48","sw04utt/sw_0429_3607.utt","3/sw3607",3607,47,"sd","B",24,2,"{C but } I guess you just have to keep on top of it.  /","but/CC  [ I/PRP ] guess/VBP  [ you/PRP ] just/RB have/VBP to/TO keep/VB on/IN  [ top/NN ] of/IN  [ it/PRP ] ./.","(S (CC but) (NP-SBJ (PRP I)) (VP (VBP guess) (SBAR (-NONE- 0) (S (NP-SBJ-1 (PRP you)) (ADVP (RB just)) (VP (VBP have) (S (NP-SBJ (-NONE- *-1)) (VP (TO to) (VP (VB keep) (PP (IN on) (NP (NP (NN top)) (PP (IN of) (NP (PRP it)))))))))))) (. .) (-DFL- E_S))","69",103.98325,110.271125," but  I guess you just have to keep on top of it.  ","but/CC   I/PRP  guess/VBP   you/PRP  just/RB have/VBP to/TO keep/VB on/IN   top/NN  of/IN   it/PRP  ./."
"49","sw04utt/sw_0429_3607.utt","3/sw3607",3607,48,"qw","B",24,3,"What kind of roof do you have? /","[ What/WDT kind/NN ] of/IN  [ roof/NN ] do/VBP  [ you/PRP ] have/VB ?/.","(SBARQ (WHNP-1 (WHNP (WDT What) (NN kind)) (PP (IN of) (NP (NN roof)))) (SQ (VBP do) (NP-SBJ (PRP you)) (VP (VB have) (NP (-NONE- *T*-1)))) (. ?) (-DFL- E_S))","70",103.98325,110.271125,"What kind of roof do you have? "," What/WDT kind/NN  of/IN   roof/NN  do/VBP   you/PRP  have/VB ?/."
"50","sw04utt/sw_0429_3607.utt","3/sw3607",3607,49,"sd","A",25,1,"{F Uh, } we're in, {F uh, } campus apartment buildings with flat top, {F uh. } /","[ Uh/UH ] ,/,  [ we/PRP ] 're/VBP in/IN ,/,  [ uh/UH ] ,/,  [ campus/NN apartment/NN buildings/NNS ] with/IN  [ flat/JJ top/NN ] ,/,  [ uh/UH ] ./.","(S (INTJ (UH Uh)) (, ,) (NP-SBJ (PRP we)) (VP (VBP 're) (PP-LOC-PRD (IN in) (, ,) (INTJ (UH uh)) (, ,) (NP (NP (NN campus) (NN apartment) (NNS buildings)) (PP (IN with) (NP (JJ flat) (NN top)))))) (, ,))|||(INTJ (UH uh) (. .) (-DFL- E_S))","72|||73",110.75775,114.90975," Uh,  we're in,  uh,  campus apartment buildings with flat top,  uh.  "," Uh/UH  ,/,   we/PRP  're/VBP in/IN ,/,   uh/UH  ,/,   campus/NN apartment/NN buildings/NNS  with/IN   flat/JJ top/NN  ,/,   uh/UH  ./."
"51","sw04utt/sw_0429_3607.utt","3/sw3607",3607,50,"qy^d","B",26,1,"{F Oh, } then you don't have to do too much with it <laughter>. /","Oh/UH ,/, then/RB  [ you/PRP ] do/VBP n't/RB have/VB to/TO do/VB too/RB much/JJ with/IN  [ it/PRP ] ./.","(S (INTJ (UH Oh)) (, ,) (ADVP (RB then)) (NP-SBJ-1 (PRP you)) (VP (VBP do) (RB n't) (VP (VB have) (S (NP-SBJ (-NONE- *-1)) (VP (TO to) (VP (VB do) (NP (ADJP (RB too) (JJ much))) (PP (IN with) (NP (PRP it)))))))) (. .) (-DFL- E_S))","75",113.529875,120.006625," Oh,  then you don't have to do too much with it laughter. ","Oh/UH ,/, then/RB   you/PRP  do/VBP n't/RB have/VB to/TO do/VB too/RB much/JJ with/IN   it/PRP  ./."
"52","sw04utt/sw_0429_3607.utt","3/sw3607",3607,51,"ng","A",27,1,"Not too much.  /","Not/RB too/RB much/JJ ./.","(FRAG (RB Not) (NP (ADJP (RB too) (JJ much))) (. .) (-DFL- E_S))","77",117.519375,122.909375,"Not too much.  ","Not/RB too/RB much/JJ ./."
"53","sw04utt/sw_0429_3607.utt","3/sw3607",3607,52,"sd","A",27,2,"They're just tar and gravel --","[ They/PRP ] 're/VBP just/RB  [ tar/NN ] and/CC  [ gravel/NN ] --/:","(S (NP-SBJ (PRP They)) (VP (VBP 're) (ADVP (RB just)) (NP-PRD (ADJP (NN tar) (CC and) (NN gravel) (JJ treated)) (JJ flat) (NN top) (NNS roofs))) (. .) (-DFL- E_S))","78",117.519375,122.909375,"They're just tar and gravel "," They/PRP  're/VBP just/RB   tar/NN  and/CC   gravel/NN  /:"
"54","sw04utt/sw_0429_3607.utt","3/sw3607",3607,53,"b","B",28,1,"Uh-huh. /","[ Uh-huh/UH ] ./.","(INTJ (UH Uh-huh) (. .) (-DFL- E_S))","80",120.006625,120.451,"Uhhuh. "," Uhhuh/UH  ./."
"55","sw04utt/sw_0429_3607.utt","3/sw3607",3607,54,"+","A",29,1,"-- treated flat top roofs.  /","--/: treated/JJ  [ flat/JJ top/NN roofs/NNS ] ./.","(S (NP-SBJ (PRP They)) (VP (VBP 're) (ADVP (RB just)) (NP-PRD (ADJP (NN tar) (CC and) (NN gravel) (JJ treated)) (JJ flat) (NN top) (NNS roofs))) (. .) (-DFL- E_S))","78",122.909375,125.129375," treated flat top roofs.  ","/: treated/JJ   flat/JJ top/NN roofs/NNS  ./."
"56","sw04utt/sw_0429_3607.utt","3/sw3607",3607,55,"qr","A",29,2,"Have you got pretty well pitch on that roof,  or  is it pretty steep? /","Have/VBP  [ you/PRP ] got/VBN pretty/RB well/RB pitch/NN on/IN  [ that/DT roof/NN ] ,/, or/CC is/VBZ  [ it/PRP ] pretty/RB steep/JJ ?/.","(SQ (VBP Have) (NP-SBJ (PRP you)) (VP (VBN got) (NP (NP (ADVP (RB pretty) (RB well)) (NN pitch)) (PP (IN on) (NP (DT that) (NN roof))))) (, ,))|||(SQ (CC or) (VBZ is) (NP-SBJ (PRP it)) (ADJP-PRD (RB pretty) (JJ steep)) (. ?) (-DFL- E_S))","82|||83",122.909375,125.129375,"Have you got pretty well pitch on that roof,  or  is it pretty steep? ","Have/VBP   you/PRP  got/VBN pretty/RB well/RB pitch/NN on/IN   that/DT roof/NN  ,/, or/CC is/VBZ   it/PRP  pretty/RB steep/JJ ?/."
"57","sw04utt/sw_0429_3607.utt","3/sw3607",3607,56,"sd","B",30,1,"{F Oh, } it's pretty steep.  /","Oh/UH ,/,  [ it/PRP ] 's/BES pretty/RB steep/JJ ./.","(S (INTJ (UH Oh)) (, ,) (NP-SBJ (PRP it)) (VP (BES 's) (ADJP-PRD (RB pretty) (JJ steep))) (. .) (-DFL- E_S))","85",125.5905,129.3805," Oh,  it's pretty steep.  ","Oh/UH ,/,   it/PRP  's/BES pretty/RB steep/JJ ./."
"58","sw04utt/sw_0429_3607.utt","3/sw3607",3607,57,"sd","B",30,2,"{F Uh, } parts of it are steeper than others. /","[ Uh/UH ] ,/,  [ parts/NNS ] of/IN  [ it/PRP ] are/VBP steeper/JJR than/IN  [ others/NNS ] ./.","(S (INTJ (UH Uh)) (, ,) (NP-SBJ (NP (NNS parts)) (PP (IN of) (NP (PRP it)))) (VP (VBP are) (ADJP-PRD (ADJP (JJR steeper)) (PP (IN than) (NP (NNS others))))) (. .) (-DFL- E_S))","86",125.5905,129.3805," Uh,  parts of it are steeper than others. "," Uh/UH  ,/,   parts/NNS  of/IN   it/PRP  are/VBP steeper/JJR than/IN   others/NNS  ./."
"59","sw04utt/sw_0429_3607.utt","3/sw3607",3607,58,"qw","A",31,1,"What do you use to keep from sliding off that rascal? /","[ What/WP ] do/VBP  [ you/PRP ] use/VB to/TO keep/VB from/IN sliding/VBG off/IN  [ that/DT rascal/NN ] ?/.","(SBARQ (WHNP-1 (WP What)) (SQ (VBP do) (NP-SBJ-2 (PRP you)) (VP (VB use) (NP (-NONE- *T*-1)) (S-PRP (NP-SBJ-3 (-NONE- *-2)) (VP (TO to) (VP (VB keep) (PP (IN from) (S-NOM (NP-SBJ (-NONE- *-3)) (VP (VBG sliding) (PP-DIR (IN off) (NP (DT that) (NN rascal))))))))))) (. ?) (-DFL- E_S))","88",130.2215,132.3115,"What do you use to keep from sliding off that rascal? "," What/WP  do/VBP   you/PRP  use/VB to/TO keep/VB from/IN sliding/VBG off/IN   that/DT rascal/NN  ?/."
"60","sw04utt/sw_0429_3607.utt","3/sw3607",3607,59,"sd","B",32,1,"{D Well, } {F uh, } <laughter> you wear, {F uh, } shoes with good traction, [ [ and,  + and, ] +  and ] try to remember where you are at all times <laughter>. /","Well/UH ,/,  [ uh/UH ] ,/,  [ you/PRP ] wear/VBP ,/,  [ uh/UH ] ,/,  [ shoes/NNS ] with/IN  [ good/JJ traction/NN ] ,/, and/CC ,/, and/CC ,/, and/CC try/VB to/TO remember/VB where/WRB  [ you/PRP ] are/VBP at/IN  [ all/DT times/NNS ] ./.","(S (INTJ (UH Well)) (, ,) (INTJ (UH uh)) (, ,) (NP-SBJ-2 (PRP you)) (VP (VP (VBP wear) (, ,) (INTJ (UH uh)) (, ,) (NP (NP (NNS shoes)) (PP (IN with) (NP (JJ good) (NN traction))))) (, ,) (EDITED (RM (-DFL- \[)) (EDITED (RM (-DFL- \[)) (CC and) (, ,) (IP (-DFL- \+))) (CC and) (, ,) (RS (-DFL- \])) (IP (-DFL- \+))) (CC and) (RS (-DFL- \])) (VP (VB try) (S (NP-SBJ (-NONE- *-2)) (VP (TO to) (VP (VB remember) (SBAR (WHADVP-1 (WRB where)) (S (NP-SBJ (PRP you)) (VP (VBP are) (ADVP-LOC-PRD (-NONE- *T*-1)) (PP-TMP (IN at) (NP (DT all) (NNS times))))))))))) (. .) (-DFL- E_S))","90",132.6675,140.210125," Well,   uh,  laughter you wear,  uh,  shoes with good traction,   and,   and,    and  try to remember where you are at all times laughter. ","Well/UH ,/,   uh/UH  ,/,   you/PRP  wear/VBP ,/,   uh/UH  ,/,   shoes/NNS  with/IN   good/JJ traction/NN  ,/, and/CC ,/, and/CC ,/, and/CC try/VB to/TO remember/VB where/WRB   you/PRP  are/VBP at/IN   all/DT times/NNS  ./."
"61","sw04utt/sw_0429_3607.utt","3/sw3607",3607,60,"aa","A",33,1,"Yeah,  /","[ Yeah/UH ] ,/,","(INTJ (UH Yeah) (, ,) (-DFL- E_S))","92",140.428625,143.029125,"Yeah,  "," Yeah/UH  ,/,"
"62","sw04utt/sw_0429_3607.utt","3/sw3607",3607,61,"ba","A",33,2,"[ I imagine, + I imagine. ] /","[ I/PRP ] imagine/VBP ,/,  [ I/PRP ] imagine/VBP ./.","(S (RM (-DFL- \[)) (NP-SBJ (PRP I)) (VP (VBP imagine)) (, ,) (IP (-DFL- \+)))|||(S (NP-SBJ (PRP I)) (VP (VBP imagine)) (. .) (RS (-DFL- \])) (-DFL- E_S))","93|||94",140.428625,143.029125," I imagine,  I imagine.  "," I/PRP  imagine/VBP ,/,   I/PRP  imagine/VBP ./."
"63","sw04utt/sw_0429_3607.utt","3/sw3607",3607,62,"sd","B",34,1,"{C And } remember to yell Geronimo,","And/CC remember/VBP to/TO yell/VB  [ Geronimo/NNP ] ,/,","(S (CC And) (NP-SBJ-1 (-NONE- *)) (VP (VBP remember) (S (NP-SBJ (-NONE- *-1)) (VP (TO to) (VP (VB yell) (NP-SEZ (NNP Geronimo)) (, ,) (SBAR-ADV (IN if) (S (NP-SBJ (NP (DT all)) (ADVP (NN else))) (VP (VBZ fails)))))))) (. .) (-DFL- E_S))","96",144.289,147.568," And  remember to yell Geronimo,","And/CC remember/VBP to/TO yell/VB   Geronimo/NNP  ,/,"
"64","sw04utt/sw_0429_3607.utt","3/sw3607.pos",3607,63,"x","A",35,1,"<Laughter>.","./.","","",NA,NA,"Laughter.","./."
"65","sw04utt/sw_0429_3607.utt","3/sw3607",3607,64,"+","B",36,1,"if all else fails. /","if/IN  [ all/DT ] else/NN fails/VBZ ./.","(S (CC And) (NP-SBJ-1 (-NONE- *)) (VP (VBP remember) (S (NP-SBJ (-NONE- *-1)) (VP (TO to) (VP (VB yell) (NP-SEZ (NNP Geronimo)) (, ,) (SBAR-ADV (IN if) (S (NP-SBJ (NP (DT all)) (ADVP (NN else))) (VP (VBZ fails)))))))) (. .) (-DFL- E_S))","96",NA,NA,"if all else fails. ","if/IN   all/DT  else/NN fails/VBZ ./."
"66","sw04utt/sw_0429_3607.utt","3/sw3607",3607,65,"b","A",37,1,"Yeah,  /","Yeah/UH ,/,","(INTJ (UH Yeah) (, ,) (-DFL- E_S))","92",148.300375,160.79175,"Yeah,  ","Yeah/UH ,/,"
"67","sw04utt/sw_0429_3607.utt","3/sw3607",3607,66,"b^r","A",37,2,"yeah,  /","yeah/UH ,/,","(INTJ (UH yeah) (, ,) (-DFL- E_S))","101",148.300375,160.79175,"yeah,  ","yeah/UH ,/,"
"68","sw04utt/sw_0429_3607.utt","3/sw3607",3607,67,"sd","A",37,3,"that would be just too much of a fall for me.  /","that/DT would/MD be/VB just/RB  too/RB much/JJ of/IN  [ a/DT fall/NN ] for/IN  [ me/PRP ] ./.","(S (NP-SBJ (DT that)) (VP (MD would) (VP (VB be) (ADVP (RB just)) (NP-PRD (NP (ADJP (RB too) (JJ much))) (PP (IN of) (NP (DT a) (NN fall)))) (PP (IN for) (NP (PRP me))))) (. .) (-DFL- E_S))","102",148.300375,160.79175,"that would be just too much of a fall for me.  ","that/DT would/MD be/VB just/RB  too/RB much/JJ of/IN   a/DT fall/NN  for/IN   me/PRP  ./."
"69","sw04utt/sw_0429_3607.utt","3/sw3607",3607,68,"%","A",37,4,"{F Um, } have you been, {F uh, } - /","Um/UH ,/, have/VBP  [ you/PRP ] been/VBN ,/,  [ uh/UH ] ,/,","(SQ (INTJ (UH Um)) (, ,) (VBP have) (NP-SBJ (PRP you)) (VP-UNF (VBN been) (, ,) (INTJ (UH uh))) (, ,) (-DFL- N_S))","103",148.300375,160.79175," Um,  have you been,  uh,   ","Um/UH ,/, have/VBP   you/PRP  been/VBN ,/,   uh/UH  ,/,"
"70","sw04utt/sw_0429_3607.utt","3/sw3607",3607,69,"qy","A",37,5,"[ was, + was ] the house reasonably new,  /","was/VBD ,/, was/VBD  [ the/DT house/NN ] reasonably/RB  [ new/JJ ] ,/,","(SQ (EDITED (RM (-DFL- \[)) (VBD was) (, ,) (IP (-DFL- \+))) (VBD was) (RS (-DFL- \])) (NP-SBJ (DT the) (NN house)) (ADJP-PRD (RB reasonably) (JJ new)) (, ,) (-DFL- E_S))","104",148.300375,160.79175," was,  was  the house reasonably new,  ","was/VBD ,/, was/VBD   the/DT house/NN  reasonably/RB   new/JJ  ,/,"
"71","sw04utt/sw_0429_3607.utt","3/sw3607",3607,70,"qrr","A",37,6,"{C or } you been doing some remodeling work on it. /","or/CC  [ you/PRP ] been/VBN doing/VBG  [ some/DT ] [ remodeling/NN work/NN ] on/IN  [ it/PRP ] ./.","(SQ (CC or) (NP-SBJ (PRP you)) (VP (VBN been) (VP (VBG doing) (NP (DT some) (NN remodeling) (NN work)) (PP (IN on) (NP (PRP it))))) (. .) (-DFL- E_S))","105",148.300375,160.79175," or  you been doing some remodeling work on it. ","or/CC   you/PRP  been/VBN doing/VBG   some/DT   remodeling/NN work/NN  on/IN   it/PRP  ./."
"72","sw04utt/sw_0429_3607.utt","3/sw3607",3607,71,"sd","B",38,1,"It's actually just twelve years old, now. /","[ It/PRP ] 's/BES actually/RB just/RB  [ twelve/CD years/NNS ] old/JJ ,/, now/RB ./.","(S (NP-SBJ (PRP It)) (VP (BES 's) (ADVP (RB actually)) (ADJP-PRD (NP-ADV (QP (RB just) (CD twelve)) (NNS years)) (JJ old)) (, ,) (ADVP-TMP (RB now))) (. .) (-DFL- E_S))","107",161.34375,163.3685,"It's actually just twelve years old, now. "," It/PRP  's/BES actually/RB just/RB   twelve/CD years/NNS  old/JJ ,/, now/RB ./."
"73","sw04utt/sw_0429_3607.utt","3/sw3607",3607,72,"sv","A",39,1,"That's pretty new house yet. /","[ That/DT ] 's/BES  [ pretty/RB new/JJ house/NN ] yet/RB ./.","(S (NP-SBJ (DT That)) (VP (BES 's) (NP-PRD (ADJP (RB pretty) (JJ new)) (NN house)) (ADVP-TMP (RB yet))) (. .) (-DFL- E_S))","109",163.895375,164.995375,"That's pretty new house yet. "," That/DT  's/BES   pretty/RB new/JJ house/NN  yet/RB ./."
"74","sw04utt/sw_0429_3607.utt","3/sw3607",3607,73,"aa","B",40,1,"Yeah,  /","Yeah/UH ,/,","(INTJ (UH Yeah) (, ,) (-DFL- E_S))","92",165.03725,174.43275,"Yeah,  ","Yeah/UH ,/,"
"75","sw04utt/sw_0429_3607.utt","3/sw3607",3607,74,"%","B",40,2,"it,  {F uh, } - /","[ it/PRP ] ,/,  [ uh/UH ] ,/,","(S-UNF (NP-SBJ (PRP it)) (, ,) (INTJ (UH uh)) (, ,) (-DFL- N_S))","112",165.03725,174.43275,"it,   uh,   "," it/PRP  ,/,   uh/UH  ,/,"
"76","sw04utt/sw_0429_3607.utt","3/sw3607",3607,75,"%","B",40,3,"this  part of the country, - /","[ this/DT part/NN ] of/IN  [ the/DT country/NN ] ,/,","(S (NP-LOC (NP (DT this) (NN part)) (PP (IN of) (NP (DT the) (NN country)))) (, ,) (-DFL- N_S) (ADVP (RB actually)) (, ,) (NP-SBJ (PRP they)) (VP (VBP say) (SBAR (IN that) (S (SBAR-TMP (WHADVP-1 (WRB when)) (S (NP-SBJ (DT the) (NN house)) (VP (VBZ is) (, ,) (INTJ (UH uh)) (, ,) (NP-PRD (CD fifteen)) (ADVP-TMP (-NONE- *T*-1))))) (, ,) (NP-SBJ (PRP it)) (VP (BES 's) (ADVP-TMP (RB already)) (ADJP-PRD (JJ old)))))) (, ,) (-DFL- E_S))","113",165.03725,174.43275,"this  part of the country,  "," this/DT part/NN  of/IN   the/DT country/NN  ,/,"
"77","sw04utt/sw_0429_3607.utt","3/sw3607",3607,76,"sd","B",40,4,"{D actually, } they say that when the house is, {F uh, } fifteen, it's already old,  /","actually/RB ,/,  [ they/PRP ] say/VBP that/IN when/WRB  [ the/DT house/NN ] is/VBZ ,/,  [ uh/UH ] ,/,  [ fifteen/CD ] ,/,  [ it/PRP ] 's/BES already/RB  [ old/JJ ] ,/,","(S (NP-LOC (NP (DT this) (NN part)) (PP (IN of) (NP (DT the) (NN country)))) (, ,) (-DFL- N_S) (ADVP (RB actually)) (, ,) (NP-SBJ (PRP they)) (VP (VBP say) (SBAR (IN that) (S (SBAR-TMP (WHADVP-1 (WRB when)) (S (NP-SBJ (DT the) (NN house)) (VP (VBZ is) (, ,) (INTJ (UH uh)) (, ,) (NP-PRD (CD fifteen)) (ADVP-TMP (-NONE- *T*-1))))) (, ,) (NP-SBJ (PRP it)) (VP (BES 's) (ADVP-TMP (RB already)) (ADJP-PRD (JJ old)))))) (, ,) (-DFL- E_S))","113",165.03725,174.43275," actually,  they say that when the house is,  uh,  fifteen, it's already old,  ","actually/RB ,/,   they/PRP  say/VBP that/IN when/WRB   the/DT house/NN  is/VBZ ,/,   uh/UH  ,/,   fifteen/CD  ,/,   it/PRP  's/BES already/RB   old/JJ  ,/,"
"78","sw04utt/sw_0429_3607.utt","3/sw3607",3607,77,"sv","B",40,5,"{C but } just take good care of it. /","but/CC just/RB take/VB  [ good/JJ care/NN ] of/IN  [ it/PRP ] ./.","(S-IMP (CC but) (NP-SBJ (-NONE- *)) (ADVP (RB just)) (VP (VB take) (NP (JJ good) (NN care)) (PP (IN of) (NP (PRP it)))) (. .) (-DFL- E_S))","114",165.03725,174.43275," but  just take good care of it. ","but/CC just/RB take/VB   good/JJ care/NN  of/IN   it/PRP  ./."
"79","sw04utt/sw_0429_3607.utt","3/sw3607",3607,78,"b","A",41,1,"Yeah. /","Yeah/UH ./.","(INTJ (UH Yeah) (. .) (-DFL- E_S))","116",175.100875,175.430875,"Yeah. ","Yeah/UH ./."
"80","sw04utt/sw_0429_3607.utt","3/sw3607",3607,79,"%","B",42,1,"Thing is, - /","[ Thing/NN ] is/VBZ ,/,","(S (NP-SBJ (NN Thing)) (VP (VBZ is) (, ,) (-DFL- N_S) (SBAR-PRD (-NONE- 0) (S (EDITED (RM (-DFL- \[)) (S (NP-SBJ (PRP we)) (VP-UNF (VBP 've))) (, ,) (IP (-DFL- \+))) (INTJ (UH uh)) (, ,) (NP-SBJ (NP (DT the) (JJ main) (NN thing)) (SBAR (WHNP-1 (WDT that)) (S (NP-SBJ (PRP we)) (VP (VBP 've) (RS (-DFL- \])) (VP (VBN had) (NP (-NONE- *T*-1)) (PP (IN with) (NP (DT this) (NN house))) (ADVP-TMP (RB recently))))))) (VP (VBZ has) (VP (VBN been) (NP-PRD (NP (DT some) (, ,) (INTJ (UH uh)) (, ,) (NN squirming) (PRN (, ,) (S (NP-SBJ (PRP I)) (VP (VBP call) (S (NP-SBJ (PRP it)) (NP-PRD (-NONE- *))))) (, ,))) (PP (IN of) (NP (DT the) (NN foundation))))))))) (. .) (-DFL- E_S))","118",175.412875,187.31575,"Thing is,  "," Thing/NN  is/VBZ ,/,"
"81","sw04utt/sw_0429_3607.utt","3/sw3607",3607,80,"sd","B",42,2,"[ we've, + {F uh, } the main thing that we've ] had with this house recently has been some, {F uh, } squirming, I call it, of the foundation.  /","[ we/PRP ] 've/VBP ,/,  [ uh/UH ] ,/,  [ the/DT main/JJ thing/NN ] that/WDT  [ we/PRP ] 've/VBP had/VBN with/IN  [ this/DT house/NN ] recently/RB has/VBZ been/VBN  [ some/DT ] ,/,  [ uh/UH ] ,/, squirming/NN ,/,  [ I/PRP ] call/VBP  [ it/PRP ] ,/, of/IN  [ the/DT foundation/NN ] ./.","(S (NP-SBJ (NN Thing)) (VP (VBZ is) (, ,) (-DFL- N_S) (SBAR-PRD (-NONE- 0) (S (EDITED (RM (-DFL- \[)) (S (NP-SBJ (PRP we)) (VP-UNF (VBP 've))) (, ,) (IP (-DFL- \+))) (INTJ (UH uh)) (, ,) (NP-SBJ (NP (DT the) (JJ main) (NN thing)) (SBAR (WHNP-1 (WDT that)) (S (NP-SBJ (PRP we)) (VP (VBP 've) (RS (-DFL- \])) (VP (VBN had) (NP (-NONE- *T*-1)) (PP (IN with) (NP (DT this) (NN house))) (ADVP-TMP (RB recently))))))) (VP (VBZ has) (VP (VBN been) (NP-PRD (NP (DT some) (, ,) (INTJ (UH uh)) (, ,) (NN squirming) (PRN (, ,) (S (NP-SBJ (PRP I)) (VP (VBP call) (S (NP-SBJ (PRP it)) (NP-PRD (-NONE- *))))) (, ,))) (PP (IN of) (NP (DT the) (NN foundation))))))))) (. .) (-DFL- E_S))","118",175.412875,187.31575," we've,   uh,  the main thing that we've  had with this house recently has been some,  uh,  squirming, I call it, of the foundation.  "," we/PRP  've/VBP ,/,   uh/UH  ,/,   the/DT main/JJ thing/NN  that/WDT   we/PRP  've/VBP had/VBN with/IN   this/DT house/NN  recently/RB has/VBZ been/VBN   some/DT  ,/,   uh/UH  ,/, squirming/NN ,/,   I/PRP  call/VBP   it/PRP  ,/, of/IN   the/DT foundation/NN  ./."
"82","sw04utt/sw_0429_3607.utt","3/sw3607",3607,81,"sd","B",42,3,"We're just on a concrete slab, {D you know } -- /","[ We/PRP ] 're/VBP just/RB on/IN  [ a/DT concrete/NN slab/NN ] ,/,  [ you/PRP ] know/VBP --/:","(S (NP-SBJ (PRP We)) (VP (VBP 're) (ADVP (RB just)) (PP-LOC-PRD (IN on) (NP (DT a) (NN concrete) (NN slab))) (PRN (, ,) (S (NP-SBJ (PRP you)) (VP (VBP know))))) (-DFL- E_S))","119",175.412875,187.31575,"We're just on a concrete slab,  you know   "," We/PRP  're/VBP just/RB on/IN   a/DT concrete/NN slab/NN  ,/,   you/PRP  know/VBP /:"
"83","sw04utt/sw_0429_3607.utt","3/sw3607",3607,82,"b","A",43,1,"Yeah. /","Yeah/UH ./.","(INTJ (UH Yeah) (. .) (-DFL- E_S))","116",187.207875,187.557875,"Yeah. ","Yeah/UH ./."
"84","sw04utt/sw_0429_3607.utt","3/sw3607",3607,83,"sd","B",44,1,"-- {C but, }  {F uh, } the soil right under this is a clay,  /","--/: but/CC ,/,  [ uh/UH ] ,/,  [ the/DT soil/NN right/RB ] under/IN  [ this/DT ] is/VBZ  [ a/DT clay/NN ] ,/,","(S (CC but) (, ,) (INTJ (UH uh)) (, ,) (NP-SBJ (NP (DT the) (NN soil)) (PP-LOC (ADVP (RB right)) (IN under) (NP (DT this)))) (VP (VBZ is) (NP-PRD (DT a) (NN clay))) (, ,) (-DFL- E_S))","123",188.2385,192.4995,"  but,    uh,  the soil right under this is a clay,  ","/: but/CC ,/,   uh/UH  ,/,   the/DT soil/NN right/RB  under/IN   this/DT  is/VBZ   a/DT clay/NN  ,/,"
"85","sw04utt/sw_0429_3607.utt","3/sw3607",3607,84,"%","B",44,2,"{C and } it, {F uh, } -/","and/CC  [ it/PRP ] ,/,  [ uh/UH ] ,/,","(S-UNF (CC and) (NP-SBJ (PRP it)) (, ,) (INTJ (UH uh)) (, ,) (-DFL- N_S))","124",188.2385,192.4995," and  it,  uh,  ","and/CC   it/PRP  ,/,   uh/UH  ,/,"
"86","sw04utt/sw_0429_3607.utt","3/sw3607",3607,85,"qy","A",45,1,"It's settling unevenly? /","[ It/PRP ] 's/BES settling/VBG unevenly/RB ?/.","(S (NP-SBJ (PRP It)) (VP (BES 's) (VP (VBG settling) (ADVP-MNR (RB unevenly)))) (. ?) (-DFL- E_S))","126",192.528875,193.748875,"It's settling unevenly? "," It/PRP  's/BES settling/VBG unevenly/RB ?/."
"87","sw04utt/sw_0429_3607.utt","3/sw3607",3607,86,"nd","B",46,1,"{D Well, } [ it, + {F uh, } depending on its ] moisture content, it either swells up or  shrinks,  /","Well/UH ,/,  [ it/PRP ] ,/,  [ uh/UH ] ,/, depending/VBG on/IN  [ its/PRP$ moisture/NN content/NN ] ,/,  [ it/PRP ] either/CC swells/VBZ up/RP or/CC shrinks/VBZ ,/,","(S (INTJ (UH Well)) (, ,) (EDITED (RM (-DFL- \[)) (NP-SBJ (PRP it)) (, ,) (IP (-DFL- \+))) (INTJ (UH uh)) (, ,) (PP (VBG depending) (PP (IN on) (NP (PRP$ its) (RS (-DFL- \])) (NN moisture) (NN content)))) (, ,) (NP-SBJ (PRP it)) (VP (ADVP (CC either)) (VP (VBZ swells) (ADVP (RP up))) (CC or) (VP (VBZ shrinks))) (, ,) (-DFL- E_S))","128",193.839375,204.690125," Well,   it,   uh,  depending on its  moisture content, it either swells up or  shrinks,  ","Well/UH ,/,   it/PRP  ,/,   uh/UH  ,/, depending/VBG on/IN   its/PRP$ moisture/NN content/NN  ,/,   it/PRP  either/CC swells/VBZ up/RP or/CC shrinks/VBZ ,/,"
"88","sw04utt/sw_0429_3607.utt","3/sw3607",3607,87,"sd","B",46,2,"{C and, }  {F uh } --","and/CC ,/,  [ uh/UH ] --/:","(S (CC and) (, ,) (INTJ (UH uh)) (PP (IN of) (NP (NN course))) (NP-SBJ (NP (DT the) (NN soil)) (PP-LOC (ADVP (RB right)) (IN under) (NP (DT the) (NN slab)))) (VP (VBZ retains) (NP (PRP$ its) (NN moisture)) (ADVP-TMP (NP (DT a) (NN lot)) (RBR longer))) (-DFL- E_S))","129",193.839375,204.690125," and,    uh  ","and/CC ,/,   uh/UH  /:"
"89","sw04utt/sw_0429_3607.utt","3/sw3607",3607,88,"b","A",47,1,"Yeah. /","Yeah/UH ./.","(INTJ (UH Yeah) (. .) (-DFL- E_S))","116",201.057875,201.267875,"Yeah. ","Yeah/UH ./."
"90","sw04utt/sw_0429_3607.utt","3/sw3607",3607,89,"+","B",48,1,"-- of course the soil right under the slab retains its moisture a lot  longer -- /","--/: of/IN  [ course/NN ] [ the/DT soil/NN right/RB ] under/IN  [ the/DT slab/NN ] retains/VBZ  [ its/PRP$ moisture/NN ] [ a/DT lot/NN ] longer/RBR --/:","(S (CC and) (, ,) (INTJ (UH uh)) (PP (IN of) (NP (NN course))) (NP-SBJ (NP (DT the) (NN soil)) (PP-LOC (ADVP (RB right)) (IN under) (NP (DT the) (NN slab)))) (VP (VBZ retains) (NP (PRP$ its) (NN moisture)) (ADVP-TMP (NP (DT a) (NN lot)) (RBR longer))) (-DFL- E_S))","129",NA,NA," of course the soil right under the slab retains its moisture a lot  longer  ","/: of/IN   course/NN   the/DT soil/NN right/RB  under/IN   the/DT slab/NN  retains/VBZ   its/PRP$ moisture/NN   a/DT lot/NN  longer/RBR /:"
"91","sw04utt/sw_0429_3607.utt","3/sw3607",3607,90,"b","A",49,1,"Uh-huh. /","[ Uh-huh/UH ] ./.","(INTJ (UH Uh-huh) (. .) (-DFL- E_S))","134",205.119875,205.721625,"Uhhuh. "," Uhhuh/UH  ./."
"92","sw04utt/sw_0429_3607.utt","3/sw3607",3607,91,"sd","B",50,1,"-- {C and so } during the dry season you have to water the foundation to keep your foundation [ from, + {F uh, } from, ] {F uh, } drooping -- /","--/: and/CC so/RB during/IN  [ the/DT dry/JJ season/NN ] [ you/PRP ] have/VBP to/TO water/VB  [ the/DT foundation/NN ] to/TO keep/VB  [ your/PRP$ foundation/NN ] from/IN ,/,  [ uh/UH ] ,/, from/IN ,/,  [ uh/UH ] ,/, drooping/VBG --/:","(S (CONJP (CC and) (RB so)) (PP-TMP (IN during) (NP (DT the) (JJ dry) (NN season))) (NP-SBJ-1 (PRP you)) (VP (VBP have) (S (NP-SBJ (-NONE- *-1)) (VP (TO to) (VP (VB water) (NP (DT the) (NN foundation))))) (S-PRP (NP-SBJ (-NONE- *-1)) (VP (TO to) (VP (VB keep) (NP-2 (PRP$ your) (NN foundation)) (EDITED (RM (-DFL- \[)) (PP-UNF (IN from)) (, ,) (IP (-DFL- \+))) (INTJ (UH uh)) (, ,) (PP (IN from) (, ,) (RS (-DFL- \])) (INTJ (UH uh)) (, ,) (S-NOM (NP-SBJ (-NONE- *-2)) (VP (VBG drooping)))))))) (-DFL- E_S))","136",205.719,213.67325,"  and so  during the dry season you have to water the foundation to keep your foundation  from,   uh,  from,   uh,  drooping  ","/: and/CC so/RB during/IN   the/DT dry/JJ season/NN   you/PRP  have/VBP to/TO water/VB   the/DT foundation/NN  to/TO keep/VB   your/PRP$ foundation/NN  from/IN ,/,   uh/UH  ,/, from/IN ,/,   uh/UH  ,/, drooping/VBG /:"
"93","sw04utt/sw_0429_3607.utt","3/sw3607",3607,92,"b","A",51,1,"Uh-huh. /","[ Uh-huh/UH ] ./.","(INTJ (UH Uh-huh) (. .) (-DFL- E_S))","134",214.128,214.558,"Uhhuh. "," Uhhuh/UH  ./."
"94","sw04utt/sw_0429_3607.utt","3/sw3607",3607,93,"sd","B",52,1,"-- [ {C and, } +  {F uh, } {C but } ]  anytime there's a change in the weather, like the temperature, drastic changes in temperature or in, {F uh, } moisture, {F uh, } you get little spider web cracks all around, {F uh, } windows and doors. /","--/: and/CC ,/,  [ uh/UH ] ,/, but/CC anytime/RB  [ there/EX ] 's/BES  [ a/DT change/NN ] in/IN  [ the/DT weather/NN ] ,/, like/IN  [ the/DT temperature/NN ] ,/,  [ drastic/JJ changes/NNS ] in/IN  [ temperature/NN ] or/CC in/IN ,/,  [ uh/UH ] ,/,  [ moisture/NN ] ,/,  [ uh/UH ] ,/,  [ you/PRP ] get/VBP  [ little/JJ spider/NN web/NN ] cracks/NNS  [ all/RB ] around/IN ,/,  [ uh/UH ] ,/,  [ windows/NNS ] and/CC  [ doors/NNS ] ./.","(S (EDITED (RM (-DFL- \[)) (CC and) (, ,) (IP (-DFL- \+))) (INTJ (UH uh)) (, ,) (CC but) (RS (-DFL- \])) (NP-TMP (NP (RB anytime)) (SBAR (WHADVP-1 (-NONE- 0)) (S (NP-SBJ (EX there)) (VP (BES 's) (NP-PRD (NP (DT a) (NN change)) (PP (IN in) (NP (DT the) (NN weather))) (, ,) (PP (IN like) (EDITED (NP (DT the) (NN temperature)) (, ,)) (NP (NP (JJ drastic) (NNS changes)) (PP (PP (IN in) (NP (NN temperature))) (CC or) (PP (IN in) (, ,) (INTJ (UH uh)) (, ,) (NP (NN moisture))))))) (ADVP-TMP (-NONE- *T*-1)))))) (, ,) (INTJ (UH uh)) (, ,) (NP-SBJ (PRP you)) (VP (VBP get) (NP (NP (JJ little) (NN spider) (NN web) (NNS cracks)) (PP-LOC (ADVP (RB all)) (IN around) (, ,) (INTJ (UH uh)) (, ,) (NP (NNS windows) (CC and) (NNS doors))))) (. .) (-DFL- E_S))","140",214.227,227.450125,"   and,     uh,   but    anytime there's a change in the weather, like the temperature, drastic changes in temperature or in,  uh,  moisture,  uh,  you get little spider web cracks all around,  uh,  windows and doors. ","/: and/CC ,/,   uh/UH  ,/, but/CC anytime/RB   there/EX  's/BES   a/DT change/NN  in/IN   the/DT weather/NN  ,/, like/IN   the/DT temperature/NN  ,/,   drastic/JJ changes/NNS  in/IN   temperature/NN  or/CC in/IN ,/,   uh/UH  ,/,   moisture/NN  ,/,   uh/UH  ,/,   you/PRP  get/VBP   little/JJ spider/NN web/NN  cracks/NNS   all/RB  around/IN ,/,   uh/UH  ,/,   windows/NNS  and/CC   doors/NNS  ./."
"95","sw04utt/sw_0429_3607.utt","3/sw3607",3607,94,"sv","A",53,1,"{D Well, } that sounds like a lot of fun. /","Well/UH ,/,  [ that/DT ] sounds/VBZ like/IN  [ a/DT lot/NN ] of/IN  [ fun/NN ] ./.","(S (INTJ (UH Well)) (, ,) (NP-SBJ (DT that)) (VP (VBZ sounds) (PP (IN like) (NP (NP (DT a) (NN lot)) (PP (IN of) (NP (NN fun)))))) (. .) (-DFL- E_S))","142",228.26,229.78," Well,  that sounds like a lot of fun. ","Well/UH ,/,   that/DT  sounds/VBZ like/IN   a/DT lot/NN  of/IN   fun/NN  ./."
"96","sw04utt/sw_0429_3607.utt","3/sw3607",3607,95,"sd","B",54,1,"{D Well, } usually what you do is just wait until you think it's stopped,  /","Well/UH ,/, usually/RB  [ what/WP ] [ you/PRP ] do/VBP is/VBZ just/RB wait/VB until/IN  [ you/PRP ] think/VBP  [ it/PRP ] 's/HVS stopped/VBN ,/,","(S (INTJ (UH Well)) (, ,) (ADVP-TMP (RB usually)) (SBAR-NOM-SBJ (WHNP-1 (WP what)) (S (NP-SBJ (PRP you)) (VP (VBP do) (NP (-NONE- *T*-1))))) (VP (VBZ is) (S-PRD (NP-SBJ (-NONE- *)) (ADVP (RB just)) (VP (VB wait) (SBAR-TMP (IN until) (S (NP-SBJ (PRP you)) (VP (VBP think) (SBAR (-NONE- 0) (S (NP-SBJ (PRP it)) (VP (HVS 's) (VP (VBN stopped))))))))))) (, ,) (-DFL- E_S))","144",229.76875,235.23875," Well,  usually what you do is just wait until you think it's stopped,  ","Well/UH ,/, usually/RB   what/WP   you/PRP  do/VBP is/VBZ just/RB wait/VB until/IN   you/PRP  think/VBP   it/PRP  's/HVS stopped/VBN ,/,"
"97","sw04utt/sw_0429_3607.utt","3/sw3607",3607,96,"sd","B",54,2,"{C and  then } you patch them up <laughter>. /","and/CC then/RB  [ you/PRP ] patch/VBP  [ them/PRP ] up/RP ./.","(S (CONJP (CC and) (RB then)) (NP-SBJ (PRP you)) (VP (VBP patch) (NP (PRP them)) (PRT (RP up))) (. .) (-DFL- E_S))","145",229.76875,235.23875," and  then  you patch them up laughter. ","and/CC then/RB   you/PRP  patch/VBP   them/PRP  up/RP ./."
"98","sw04utt/sw_0429_3607.utt","3/sw3607",3607,97,"qy","A",55,1,"{F Um. }  What is it {D like, } {F uh, } stucco walls  or, -/","Um/UH ./.  [ What/WP ] is/VBZ it/PRP  [ like/IN ] ,/,  [ uh/UH ] ,/,  [ stucco/NN walls/NNS ] or/CC ,/,","(INTJ (UH Um) (. .))|||(SBARQ (WHNP-1 (WP What)) (SQ (VBZ is) (NP-SBJ (PRP it)) (NP-PRD (-NONE- *T*-1))))|||(FRAG (INTJ (UH like)) (, ,) (INTJ (UH uh)) (, ,) (NP-UNF (NP (NN stucco) (NNS walls)) (CC or)) (, ,) (-DFL- N_S))","147|||148|||149",236.196,238.894125," Um.   What is it  like,   uh,  stucco walls  or, ","Um/UH ./.   What/WP  is/VBZ it/PRP   like/IN  ,/,   uh/UH  ,/,   stucco/NN walls/NNS  or/CC ,/,"
"99","sw04utt/sw_0429_3607.utt","3/sw3607",3607,98,"nd","B",56,1,"{F Uh, } {D well, } [ this is all, + {F uh, } it's all ] drywall -- /","[ Uh/UH ] ,/, well/UH ,/,  [ this/DT ] is/VBZ  [ all/DT ] ,/,  [ uh/UH ] ,/,  [ it/PRP ] 's/BES  [ all/DT drywall/NN ] --/:","(S (INTJ (UH Uh)) (, ,) (INTJ (UH well)) (, ,) (EDITED (RM (-DFL- \[)) (S (NP-SBJ (DT this)) (VP-UNF (VBZ is) (DT all))) (, ,) (IP (-DFL- \+))) (INTJ (UH uh)) (, ,) (NP-SBJ (PRP it)) (VP (BES 's) (DT all) (RS (-DFL- \])) (NP-PRD (NN drywall))) (-DFL- E_S))","151",239.712,242.392," Uh,   well,   this is all,   uh,  it's all  drywall  "," Uh/UH  ,/, well/UH ,/,   this/DT  is/VBZ   all/DT  ,/,   uh/UH  ,/,   it/PRP  's/BES   all/DT drywall/NN  /:"
"100","sw04utt/sw_0429_3607.utt","3/sw3607",3607,99,"bk^m","A",57,1,"{F Oh, } drywall. /","Oh/UH ,/,  [ drywall/NN ] ./.","(FRAG (INTJ (UH Oh)) (, ,) (NP (NN drywall)) (. .) (-DFL- E_S))","153",239.668125,243.42925," Oh,  drywall. ","Oh/UH ,/,   drywall/NN  ./."
"101","sw04utt/sw_0429_3607.utt","3/sw3607",3607,100,"sd","B",58,1,"-- {F uh, } I think, with, {F uh } -- -/","--/:  [ uh/UH ] ,/,  [ I/PRP ] think/VBP ,/, with/IN ,/,  [ uh/UH ] --/:","(S (INTJ (UH uh)) (, ,) (NP-SBJ (PRP I)) (VP (VBP think) (, ,) (PP-UNF (IN with) (, ,) (INTJ (UH uh)))) (-DFL- N_S))","155",243.330125,244.930125,"  uh,  I think, with,  uh   ","/:   uh/UH  ,/,   I/PRP  think/VBP ,/, with/IN ,/,   uh/UH  /:"
"102","sw04utt/sw_0429_3607.utt","3/sw3607",3607,101,"qy^2","A",59,1,"Wood framing? /","[ Wood/NN framing/NN ] ?/.","(NP (NN Wood) (NN framing) (. ?) (-DFL- E_S))","157",245.625125,246.295125,"Wood framing? "," Wood/NN framing/NN  ?/."
"103","sw04utt/sw_0429_3607.utt","3/sw3607",3607,102,"ny","B",60,1,"-- yeah,  /","--/: yeah/UH ,/,","(INTJ (UH yeah) (, ,) (-DFL- E_S))","159",246.4985,247.906125," yeah,  ","/: yeah/UH ,/,"
"104","sw04utt/sw_0429_3607.utt","3/sw3607",3607,103,"na","B",60,2,"right. /","right/UH ./.","(INTJ (UH right) (. .) (-DFL- E_S))","160",246.4985,247.906125,"right. ","right/UH ./."
"105","sw04utt/sw_0429_3607.utt","3/sw3607",3607,104,"bk","A",61,1,"Okay. /","Okay/UH ./.","(INTJ (UH Okay) (. .) (-DFL- E_S))","162",248.62425,249.12425,"Okay. ","Okay/UH ./."
"106","sw04utt/sw_0429_3607.utt","3/sw3607",3607,105,"sd","B",62,1,"{C But, }  {F uh, } somehow or other that does manage to, {F uh, } show these little cracks.  /","But/CC ,/,  [ uh/UH ] ,/, somehow/RB or/CC  [ other/JJ ] [ that/DT ] does/VBZ manage/VB to/TO ,/,  [ uh/UH ] ,/, show/VB  [ these/DT little/JJ cracks/NNS ] ./.","(S (CC But) (, ,) (INTJ (UH uh)) (, ,) (ADVP-MNR (RB somehow) (CC or) (JJ other)) (NP-SBJ-1 (DT that)) (VP (VBZ does) (VP (VB manage) (S (NP-SBJ (-NONE- *-1)) (VP (TO to) (, ,) (INTJ (UH uh)) (, ,) (VP (VB show) (NP (DT these) (JJ little) (NNS cracks))))))) (. .) (-DFL- E_S))","164",249.669375,258.30325," But,    uh,  somehow or other that does manage to,  uh,  show these little cracks.  ","But/CC ,/,   uh/UH  ,/, somehow/RB or/CC   other/JJ   that/DT  does/VBZ manage/VB to/TO ,/,   uh/UH  ,/, show/VB   these/DT little/JJ cracks/NNS  ./."
"107","sw04utt/sw_0429_3607.utt","3/sw3607",3607,106,"sd","B",62,2,"I don't know quite how that works.  /","[ I/PRP ] do/VBP n't/RB know/VB quite/RB how/WRB that/DT  [ works/VBZ ] ./.","(S (NP-SBJ (PRP I)) (VP (VBP do) (RB n't) (VP (VB know) (ADVP (RB quite)) (SBAR (WHADVP-1 (WRB how)) (S (NP-SBJ (DT that)) (VP (VBZ works) (ADVP-MNR (-NONE- *T*-1))))))) (. .) (-DFL- E_S))","165",249.669375,258.30325,"I don't know quite how that works.  "," I/PRP  do/VBP n't/RB know/VB quite/RB how/WRB that/DT   works/VBZ  ./."
"108","sw04utt/sw_0429_3607.utt","3/sw3607",3607,107,"sd","B",62,3,"Maybe it isn't drywall.  /","Maybe/RB  [ it/PRP ] is/VBZ n't/RB  [ drywall/NN ] ./.","(S (ADVP (RB Maybe)) (NP-SBJ (PRP it)) (VP (VBZ is) (RB n't) (NP-PRD (NN drywall))) (. .) (-DFL- E_S))","166",249.669375,258.30325,"Maybe it isn't drywall.  ","Maybe/RB   it/PRP  is/VBZ n't/RB   drywall/NN  ./."
"109","sw04utt/sw_0429_3607.utt","3/sw3607",3607,108,"h","B",62,4,"I don't really know. /","[ I/PRP ] do/VBP n't/RB really/RB know/VB ./.","(S (NP-SBJ (PRP I)) (VP (VBP do) (RB n't) (ADVP (RB really)) (VP (VB know))) (. .) (-DFL- E_S))","167",249.669375,258.30325,"I don't really know. "," I/PRP  do/VBP n't/RB really/RB know/VB ./."
"110","sw04utt/sw_0429_3607.utt","3/sw3607",3607,109,"qy^d","A",63,1,"((   ))  they plastered over drywall. /","[ MUMBLEx/XX ] [ they/PRP ] plastered/VBD over/IN  [ drywall/NN ] ./.","(S (X (XX MUMBLEx)) (NP-SBJ (PRP they)) (VP (VBD plastered) (PP-LOC (IN over) (NP (NN drywall)))) (. .) (-DFL- E_S))","169",257.726625,259.372,"     they plastered over drywall. "," MUMBLEx/XX   they/PRP  plastered/VBD over/IN   drywall/NN  ./."
"111","sw04utt/sw_0429_3607.utt","3/sw3607",3607,110,"ny","B",64,1,"Yeah,  /","[ Yeah/UH ] ,/,","(INTJ (UH Yeah) (, ,) (-DFL- E_S))","171",259.596125,260.826125,"Yeah,  "," Yeah/UH  ,/,"
"112","sw04utt/sw_0429_3607.utt","3/sw3607",3607,111,"sd^e","B",64,2,"I think it is. /","[ I/PRP ] think/VBP  [ it/PRP ] is/VBZ ./.","(S (NP-SBJ (PRP I)) (VP (VBP think) (SBAR (-NONE- 0) (S (NP-SBJ (PRP it)) (VP (VBZ is) (NP-PRD (-NONE- *?*)))))) (. .) (-DFL- E_S))","172",259.596125,260.826125,"I think it is. "," I/PRP  think/VBP   it/PRP  is/VBZ ./."
"113","sw04utt/sw_0429_3607.utt","3/sw3607",3607,112,"sd","A",65,1,"I remember my parents home is drywalled  {A and then they, } {F uh, } almost like a small grade stucco type plastering over the drywall --","[ I/PRP ] remember/VBP  [ my/PRP$ parents/NNS home/NN ] is/VBZ drywalled/VBN and/CC then/RB  [ they/PRP ] ,/,  [ uh/UH ] ,/, almost/RB like/IN  [ a/DT small/JJ grade/NN stucco/NN type/NN plastering/NN ] over/IN  [ the/DT drywall/NN ] --/:","(S (NP-SBJ (PRP I)) (VP (VBP remember) (SBAR (-NONE- 0) (S (NP-SBJ-1 (NP (PRP$ my) (TYPO (NNS parents))) (NN home)) (VP (VBZ is) (VP (VBN drywalled) (NP (-NONE- *-1))))))))|||(X (CONJP (CC and) (RB then)) (EDITED (X (PRP they))) (, ,) (INTJ (UH uh)) (, ,) (PP (ADVP (RB almost)) (IN like) (NP (NP (DT a) (JJ small) (NN grade) (NN stucco) (NN type) (NN plastering)) (PP (IN over) (NP (DT the) (NN drywall))))) (S-PRP (NP-SBJ (-NONE- *)) (VP (TO to) (VP (VB give) (NP (PRP it)) (NP (NP (DT a) (JJ textured) (NN sort)) (PP (IN of) (NP (DT a) (NN look))))))) (, ,) (-DFL- E_S))","174|||175",259.526375,270.33075,"I remember my parents home is drywalled   and then they,   uh,  almost like a small grade stucco type plastering over the drywall "," I/PRP  remember/VBP   my/PRP$ parents/NNS home/NN  is/VBZ drywalled/VBN and/CC then/RB   they/PRP  ,/,   uh/UH  ,/, almost/RB like/IN   a/DT small/JJ grade/NN stucco/NN type/NN plastering/NN  over/IN   the/DT drywall/NN  /:"
"114","sw04utt/sw_0429_3607.utt","3/sw3607",3607,113,"sd","B",66,1,"I expect that's what it  is,  /","[ I/PRP ] expect/VBP  [ that/DT ] 's/BES  [ what/WP ] [ it/PRP ] is/VBZ ,/,","(S (NP-SBJ (PRP I)) (VP (VBP expect) (SBAR (-NONE- 0) (S (NP-SBJ (DT that)) (VP (BES 's) (SBAR-NOM-PRD (WHNP-1 (WP what)) (S (NP-SBJ (PRP it)) (VP (VBZ is) (NP-PRD (-NONE- *T*-1))))))))) (, ,) (-DFL- E_S))","177",268.043125,269.41075,"I expect that's what it  is,  "," I/PRP  expect/VBP   that/DT  's/BES   what/WP   it/PRP  is/VBZ ,/,"
"115","sw04utt/sw_0429_3607.utt","3/sw3607",3607,114,"%","B",66,2,"yeah. /","yeah/UH ./.","(INTJ (UH yeah) (. .) (-DFL- E_S))","178",268.043125,269.41075,"yeah. ","yeah/UH ./."
"116","sw04utt/sw_0429_3607.utt","3/sw3607",3607,115,"+","A",67,1,"-- to give it a textured sort of a look,  /","--/: to/TO give/VB  [ it/PRP ] [ a/DT textured/JJ sort/NN ] of/IN  [ a/DT look/NN ] ,/,","(X (CONJP (CC and) (RB then)) (EDITED (X (PRP they))) (, ,) (INTJ (UH uh)) (, ,) (PP (ADVP (RB almost)) (IN like) (NP (NP (DT a) (JJ small) (NN grade) (NN stucco) (NN type) (NN plastering)) (PP (IN over) (NP (DT the) (NN drywall))))) (S-PRP (NP-SBJ (-NONE- *)) (VP (TO to) (VP (VB give) (NP (PRP it)) (NP (NP (DT a) (JJ textured) (NN sort)) (PP (IN of) (NP (DT a) (NN look))))))) (, ,) (-DFL- E_S))","175",271.023875,274.139," to give it a textured sort of a look,  ","/: to/TO give/VB   it/PRP   a/DT textured/JJ sort/NN  of/IN   a/DT look/NN  ,/,"
"117","sw04utt/sw_0429_3607.utt","3/sw3607",3607,116,"sd","A",67,2,"{C and }  made for kind of a hard shell [ on the, + on the ] drywall. /","and/CC made/VBD for/IN  [ kind/RB ] of/RB  [ a/DT hard/JJ shell/NN ] on/IN  [ the/DT ] ,/, on/IN  [ the/DT drywall/NN ] ./.","(S (CC and) (NP-SBJ (-NONE- *)) (VP (VBD made) (PP (IN for) (NP (NP (ADVP (RB kind) (RB of)) (DT a) (JJ hard) (NN shell)) (EDITED (RM (-DFL- \[)) (PP-LOC (IN on) (NP-UNF (DT the))) (, ,) (IP (-DFL- \+))) (PP-LOC (IN on) (NP (DT the) (RS (-DFL- \])) (NN drywall)))))) (. .) (-DFL- E_S))","180",271.023875,274.139," and   made for kind of a hard shell  on the,  on the  drywall. ","and/CC made/VBD for/IN   kind/RB  of/RB   a/DT hard/JJ shell/NN  on/IN   the/DT  ,/, on/IN   the/DT drywall/NN  ./."
"118","sw04utt/sw_0429_3607.utt","3/sw3607",3607,117,"b","B",68,1,"Yeah,  /","[ Yeah/UH ] ,/,","(INTJ (UH Yeah) (, ,) (-DFL- E_S))","171",274.225875,279.039,"Yeah,  "," Yeah/UH  ,/,"
"119","sw04utt/sw_0429_3607.utt","3/sw3607",3607,118,"sd","B",68,2,"I think that's the way this is done.  /","[ I/PRP ] think/VBP  [ that/DT ] 's/BES  [ the/DT way/NN ] [ this/DT ] is/VBZ done/VBN ./.","(S (NP-SBJ (PRP I)) (VP (VBP think) (SBAR (-NONE- 0) (S (NP-SBJ (DT that)) (VP (BES 's) (NP-MNR-PRD (NP (DT the) (NN way)) (SBAR (WHADVP-2 (-NONE- 0)) (S (NP-SBJ-1 (DT this)) (VP (VBZ is) (VP (VBN done) (NP (-NONE- *-1)) (ADVP-MNR (-NONE- *T*-2))))))))))) (. .) (-DFL- E_S))","183",274.225875,279.039,"I think that's the way this is done.  "," I/PRP  think/VBP   that/DT  's/BES   the/DT way/NN   this/DT  is/VBZ done/VBN ./."
"120","sw04utt/sw_0429_3607.utt","3/sw3607",3607,119,"sd","B",68,3,"Fortunately we haven't had any real big holes in it yet  /","Fortunately/RB  [ we/PRP ] have/VBP n't/RB had/VBN  [ any/DT real/RB big/JJ holes/NNS ] in/IN  [ it/PRP ] yet/RB","(S (ADVP (RB Fortunately)) (NP-SBJ (PRP we)) (VP (VBP have) (RB n't) (VP (VBN had) (NP (NP (DT any) (ADJP (RB real) (JJ big)) (NNS holes)) (PP-LOC (IN in) (NP (PRP it)))) (ADVP-TMP (RB yet)))) (-DFL- E_S))","184",274.225875,279.039,"Fortunately we haven't had any real big holes in it yet  ","Fortunately/RB   we/PRP  have/VBP n't/RB had/VBN   any/DT real/RB big/JJ holes/NNS  in/IN   it/PRP  yet/RB"
"121","sw04utt/sw_0429_3607.utt","3/sw3607",3607,120,"%","B",68,4,"{C so } I, -/","so/RB  [ I/PRP ] ,/,","(S-UNF (RB so) (NP-SBJ (PRP I)) (, ,) (-DFL- N_S))","185",274.225875,279.039," so  I, ","so/RB   I/PRP  ,/,"
"122","sw04utt/sw_0429_3607.utt","3/sw3607",3607,121,"b","A",69,1,"Yeah,  /","[ Yeah/UH ] ,/,","(INTJ (UH Yeah) (, ,) (-DFL- E_S))","171",279.3685,289.942125,"Yeah,  "," Yeah/UH  ,/,"
"123","sw04utt/sw_0429_3607.utt","3/sw3607",3607,122,"ba","A",69,2,"that's good.  /","[ that/WDT ] 's/BES good/JJ ./.","(S (NP-SBJ (WDT that)) (VP (BES 's) (ADJP-PRD (JJ good))) (. .) (-DFL- E_S))","188",279.3685,289.942125,"that's good.  "," that/WDT  's/BES good/JJ ./."
"124","sw04utt/sw_0429_3607.utt","3/sw3607",3607,123,"b^r","A",69,3,"Yeah.  /","[ Yeah/UH ] ./.","(INTJ (UH Yeah) (. .) (-DFL- E_S))","189",279.3685,289.942125,"Yeah.  "," Yeah/UH  ./."
"125","sw04utt/sw_0429_3607.utt","3/sw3607",3607,124,"b^r","A",69,4,"Yeah,  /","[ Yeah/UH ] ,/,","(INTJ (UH Yeah) (, ,) (-DFL- E_S))","171",279.3685,289.942125,"Yeah,  "," Yeah/UH  ,/,"
"126","sw04utt/sw_0429_3607.utt","3/sw3607",3607,125,"sv","A",69,5,"[ that would, + that would ] be [ in + ] [ terribly, + terribly ]  exasperating to have [ the, + the ] slab floor like that swelling and  giving like that. /","[ that/DT ] would/MD ,/, that/DT would/MD be/VB in/IN  terribly/RB ,/, terribly/RB exasperating/JJ to/TO have/VB  [ the/DT ] ,/,  [ the/DT slab/NN floor/NN ] like/IN that/IN swelling/VBG and/CC giving/VBG like/IN  [ that/DT ] ./.","(S (EDITED (RM (-DFL- \[)) (S (NP-SBJ (DT that)) (VP-UNF (MD would))) (, ,) (IP (-DFL- \+))) (NP-SBJ (DT that)) (VP (MD would) (RS (-DFL- \])) (VP (VB be) (EDITED (RM (-DFL- \[)) (X (IN in)) (IP (-DFL- \+)) (RS (-DFL- \]))) (RM (-DFL- \[)) (ADJP-PRD (RB terribly) (, ,) (IP (-DFL- \+)) (RB terribly) (RS (-DFL- \])) (JJ exasperating)) (S-TPC (NP-SBJ (-NONE- *)) (VP (TO to) (VP (VB have) (S (EDITED (RM (-DFL- \[)) (NP-SBJ-UNF (DT the)) (, ,) (IP (-DFL- \+))) (NP-SBJ (DT the) (RS (-DFL- \])) (NN slab) (NN floor)) (EDITED (PP (IN like) (NP (IN that)))) (VP (VBG swelling) (CC and) (VBG giving) (PP (IN like) (NP (DT that)))))))))) (. .) (-DFL- E_S))","191",279.3685,289.942125," that would,  that would  be  in    terribly,  terribly   exasperating to have  the,  the  slab floor like that swelling and  giving like that. "," that/DT  would/MD ,/, that/DT would/MD be/VB in/IN  terribly/RB ,/, terribly/RB exasperating/JJ to/TO have/VB   the/DT  ,/,   the/DT slab/NN floor/NN  like/IN that/IN swelling/VBG and/CC giving/VBG like/IN   that/DT  ./."
"127","sw04utt/sw_0429_3607.utt","3/sw3607",3607,126,"aa","B",70,1,"Yes,  /","Yes/UH ,/,","(INTJ (UH Yes) (, ,) (-DFL- E_S))","193",290.889625,298.144875,"Yes,  ","Yes/UH ,/,"
"128","sw04utt/sw_0429_3607.utt","3/sw3607",3607,127,"sd","B",70,2,"{D well, } the previous owner had a major problem with it, because, {F uh, } {F oh } probably a variety of things.  /","well/UH ,/,  [ the/DT previous/JJ owner/NN ] had/VBD  [ a/DT major/JJ problem/NN ] with/IN  [ it/PRP ] ,/, because/IN ,/,  [ uh/UH ] ,/, oh/UH probably/RB  [ a/DT variety/NN ] of/IN  [ things/NNS ] ./.","(S (INTJ (UH well)) (, ,) (NP-SBJ (DT the) (JJ previous) (NN owner)) (VP (VBD had) (NP (NP (DT a) (JJ major) (NN problem)) (PP (IN with) (NP (PRP it)))) (, ,) (SBAR-PRP (IN because) (, ,) (INTJ (UH uh)) (, ,) (FRAG (INTJ (UH oh)) (ADVP (RB probably)) (NP (NP (DT a) (NN variety)) (PP (IN of) (NP (NNS things))))))) (. .) (-DFL- E_S))","194",290.889625,298.144875," well,  the previous owner had a major problem with it, because,  uh,   oh  probably a variety of things.  ","well/UH ,/,   the/DT previous/JJ owner/NN  had/VBD   a/DT major/JJ problem/NN  with/IN   it/PRP  ,/, because/IN ,/,   uh/UH  ,/, oh/UH probably/RB   a/DT variety/NN  of/IN   things/NNS  ./."
"129","sw04utt/sw_0429_3607.utt","3/sw3607",3607,128,"sd","B",70,3,"His neighbor used, -/","[ His/PRP$ neighbor/NN ] used/VBD ,/,","(S (NP-SBJ (PRP$ His) (NN neighbor)) (VP-UNF (VBD used)) (, ,) (-DFL- N_S))","195",290.889625,298.144875,"His neighbor used, "," His/PRP$ neighbor/NN  used/VBD ,/,"
