"","swda_filename","ptb_basename","conversation_no","transcript_index","act_tag","caller","turn_index","subutterance_index","text","pos","trees","ptb_treenumbers","start_turn","end_turn","newtext","newpos"
"1","sw03utt/sw_0308_3646.utt","3/sw3646",3646,0,"o","A",1,1,"Okay,  /","[ Okay/UH ] ,/,","(INTJ (UH Okay) (, ,) (-DFL- E_S))","1",NA,NA,"Okay,  "," Okay/UH  ,/,"
"2","sw03utt/sw_0308_3646.utt","3/sw3646",3646,1,"qo","A",1,2,"{F uh, } {D so } what do you think about the school system? /","[ uh/UH ] ,/, so/UH  [ what/WP ] do/VBP  [ you/PRP ] think/VB about/IN  [ the/DT school/NN system/NN ] ?/.","(SBARQ (INTJ (UH uh)) (, ,) (INTJ (UH so)) (WHNP-1 (WP what)) (SQ (VBP do) (NP-SBJ (PRP you)) (VP (VB think) (NP (-NONE- *T*-1)) (PP (IN about) (NP (DT the) (NN school) (NN system))))) (. ?) (-DFL- E_S))","2",NA,NA," uh,   so  what do you think about the school system? "," uh/UH  ,/, so/UH   what/WP  do/VBP   you/PRP  think/VB about/IN   the/DT school/NN system/NN  ?/."
"3","sw03utt/sw_0308_3646.utt","3/sw3646",3646,2,"sv","B",2,1,"{D Well, } I think [ they're, + they're ] having a lot of  trouble right now.  /","Well/UH ,/,  [ I/PRP ] think/VBP  [ they/PRP ] 're/VBP ,/,  [ they/PRP ] 're/VBP having/VBG  [ a/DT lot/NN ] of/IN  [ trouble/NN ] right/RB now/RB ./.","(S (INTJ (UH Well)) (, ,) (NP-SBJ (PRP I)) (VP (VBP think) (SBAR (-NONE- 0) (S (EDITED (RM (-DFL- \[)) (S (NP-SBJ (PRP they)) (VP-UNF (VBP 're))) (, ,) (IP (-DFL- \+))) (NP-SBJ (PRP they)) (VP (VBP 're) (RS (-DFL- \])) (VP (VBG having) (NP (NP (DT a) (NN lot)) (PP (IN of) (NP (NN trouble)))) (ADVP-TMP (RB right) (RB now))))))) (. .) (-DFL- E_S))","4",NA,NA," Well,  I think  they're,  they're  having a lot of  trouble right now.  ","Well/UH ,/,   I/PRP  think/VBP   they/PRP  're/VBP ,/,   they/PRP  're/VBP having/VBG   a/DT lot/NN  of/IN   trouble/NN  right/RB now/RB ./."
"4","sw03utt/sw_0308_3646.utt","3/sw3646",3646,3,"sd","B",2,2,"I know my son goes to a private school,  /","[ I/PRP ] know/VBP  [ my/PRP$ son/NN ] goes/VBZ to/IN  [ a/DT private/JJ school/NN ] ,/,","(S (NP-SBJ (PRP I)) (VP (VBP know) (SBAR (-NONE- 0) (S (NP-SBJ (PRP$ my) (NN son)) (VP (VBZ goes) (PP (IN to) (NP (DT a) (JJ private) (NN school))))))) (, ,) (-DFL- E_S))","5",NA,NA,"I know my son goes to a private school,  "," I/PRP  know/VBP   my/PRP$ son/NN  goes/VBZ to/IN   a/DT private/JJ school/NN  ,/,"
"5","sw03utt/sw_0308_3646.utt","3/sw3646",3646,4,"sv","B",2,3,"{C but, }  {F uh, }  I think [ they're, +  big city public schools by definition are ] having [ a, + a ] tough time right now  [ just from, + {F uh, } probably from ] budget cuts [ and, + and ]  everything else going on. /","but/CC ,/,  [ uh/UH ] ,/,  [ I/PRP ] think/VBP  [ they/PRP ] 're/VBP ,/,  [ big/JJ city/NN public/JJ schools/NNS ] by/IN  [ definition/NN ] are/VBP having/VBG  [ a/DT ] ,/,  [ a/DT tough/JJ time/NN ] right/RB now/RB just/RB from/IN ,/,  [ uh/UH ] ,/, probably/RB from/IN  [ budget/NN cuts/NNS ] and/CC ,/, and/CC  [ everything/NN ] else/RB going/VBG on/RP ./.","(S (CC but) (, ,) (INTJ (UH uh)) (, ,) (NP-SBJ (PRP I)) (VP (VBP think) (SBAR (-NONE- 0) (S (EDITED (RM (-DFL- \[)) (S (NP-SBJ (PRP they)) (VP-UNF (VBP 're))) (, ,) (IP (-DFL- \+))) (NP-SBJ (JJ big) (NN city) (JJ public) (NNS schools)) (PP (IN by) (NP (NN definition))) (VP (VBP are) (RS (-DFL- \])) (VP (VBG having) (EDITED (RM (-DFL- \[)) (NP-UNF (DT a)) (, ,) (IP (-DFL- \+))) (NP (DT a) (RS (-DFL- \])) (JJ tough) (NN time)) (ADVP-TMP (RB right) (RB now)) (EDITED (RM (-DFL- \[)) (ADVP (RB just)) (PP-UNF (IN from)) (, ,) (IP (-DFL- \+))) (INTJ (UH uh)) (, ,) (ADVP (RB probably)) (PP (IN from) (RS (-DFL- \])) (NP (NP (NN budget) (NNS cuts)) (EDITED (RM (-DFL- \[)) (CC and) (, ,) (IP (-DFL- \+))) (CC and) (RS (-DFL- \])) (NP (NP (NN everything)) (ADVP (RB else)) (VP (VBG going) (PRT (RP on))))))))))) (. .) (-DFL- E_S))","6",NA,NA," but,    uh,   I think  they're,   big city public schools by definition are  having  a,  a  tough time right now   just from,   uh,  probably from  budget cuts  and,  and   everything else going on. ","but/CC ,/,   uh/UH  ,/,   I/PRP  think/VBP   they/PRP  're/VBP ,/,   big/JJ city/NN public/JJ schools/NNS  by/IN   definition/NN  are/VBP having/VBG   a/DT  ,/,   a/DT tough/JJ time/NN  right/RB now/RB just/RB from/IN ,/,   uh/UH  ,/, probably/RB from/IN   budget/NN cuts/NNS  and/CC ,/, and/CC   everything/NN  else/RB going/VBG on/RP ./."
"6","sw03utt/sw_0308_3646.utt","3/sw3646",3646,5,"qw","A",3,1,"{F Uh, } why did you choose a private school? /","[ Uh/UH ] ,/, why/WRB did/VBD  [ you/PRP ] choose/VB  [ a/DT private/JJ school/NN ] ?/.","(SBARQ (INTJ (UH Uh)) (, ,) (WHADVP-1 (WRB why)) (SQ (VBD did) (NP-SBJ (PRP you)) (VP (VB choose) (NP (DT a) (JJ private) (NN school)) (ADVP-PRP (-NONE- *T*-1)))) (. ?) (-DFL- E_S))","8",NA,NA," Uh,  why did you choose a private school? "," Uh/UH  ,/, why/WRB did/VBD   you/PRP  choose/VB   a/DT private/JJ school/NN  ?/."
"7","sw03utt/sw_0308_3646.utt","3/sw3646",3646,6,"sd","B",4,1,"{D Well, } I had one that was needed to be able to be  moved along [ at a, + at a ] pace a little faster than he was going to be able to be moved in public school,  /","Well/UH ,/,  [ I/PRP ] had/VBD  [ one/NN ] [ that/WDT ] was/VBD needed/VBN to/TO be/VB able/JJ to/TO be/VB moved/VBN along/RB at/IN  [ a/DT ] ,/, at/IN  [ a/DT pace/NN ] [ a/DT ] little/RB faster/RB than/IN  [ he/PRP ] was/VBD going/VBG to/TO be/VB able/JJ to/TO be/VB moved/VBN in/IN  [ public/JJ school/NN ] ,/,","(S (INTJ (UH Well)) (, ,) (NP-SBJ (PRP I)) (VP (VBD had) (NP (NP (NN one)) (SBAR (WHNP-1 (WDT that)) (S (NP-SBJ-2 (-NONE- *T*-1)) (EDITED (VP-UNF (VBD was))) (VP (VBN needed) (S (NP-SBJ-3 (-NONE- *-2)) (VP (TO to) (VP (VB be) (ADJP-PRD (JJ able) (S (NP-SBJ-4 (-NONE- *-3)) (VP (TO to) (VP (VB be) (VP (VBN moved) (NP (-NONE- *-4)) (ADVP (RB along)) (EDITED (RM (-DFL- \[)) (PP (IN at) (NP-UNF (DT a))) (, ,) (IP (-DFL- \+))) (PP (IN at) (NP (NP (DT a) (RS (-DFL- \])) (NN pace)) (ADJP (ADJP (NP-ADV (DT a) (RB little)) (RB faster)) (SBAR (IN than) (S (NP-SBJ-5 (PRP he)) (VP (VBD was) (VP (VBG going) (S (NP-SBJ-6 (-NONE- *-5)) (VP (TO to) (VP (VB be) (ADJP-PRD (JJ able) (S (NP-SBJ-7 (-NONE- *-6)) (VP (TO to) (VP (VB be) (VP (VBN moved) (NP (-NONE- *-7)) (PP (IN in) (NP (JJ public) (NN school))))))))))))))))))))))))))))))) (, ,) (-DFL- E_S))","10",NA,NA," Well,  I had one that was needed to be able to be  moved along  at a,  at a  pace a little faster than he was going to be able to be moved in public school,  ","Well/UH ,/,   I/PRP  had/VBD   one/NN   that/WDT  was/VBD needed/VBN to/TO be/VB able/JJ to/TO be/VB moved/VBN along/RB at/IN   a/DT  ,/, at/IN   a/DT pace/NN   a/DT  little/RB faster/RB than/IN   he/PRP  was/VBD going/VBG to/TO be/VB able/JJ to/TO be/VB moved/VBN in/IN   public/JJ school/NN  ,/,"
"8","sw03utt/sw_0308_3646.utt","3/sw3646",3646,7,"sd","B",4,2,"{C so } --","so/RB --/:","(SBARQ (INTJ (UH uh)) (, ,) (INTJ (UH so)) (WHNP-1 (WP what)) (SQ (VBP do) (NP-SBJ (PRP you)) (VP (VB think) (NP (-NONE- *T*-1)) (PP (IN about) (NP (DT the) (NN school) (NN system))))) (. ?) (-DFL- E_S))","2",NA,NA," so  ","so/RB /:"
"9","sw03utt/sw_0308_3646.utt","3/sw3646",3646,8,"b","A",5,1,"Public school. /","[ Public/JJ school/NN ] ./.","(NP (JJ Public) (NN school) (. .) (-DFL- E_S))","13",NA,NA,"Public school. "," Public/JJ school/NN  ./."
"10","sw03utt/sw_0308_3646.utt","3/sw3646",3646,9,"+","B",6,1,"-- [ he's, + he ] has been going to private since  kindergarten <laughter>. /","--/:  [ he/PRP ] 's/BES ,/,  [ he/PRP ] has/VBZ been/VBN going/VBG to/IN  [ private/JJ ] since/IN  [ kindergarten/NN ] ./.","(S (RB so) (EDITED (RM (-DFL- \[)) (S (NP-SBJ (PRP he)) (VP-UNF (BES 's))) (, ,) (IP (-DFL- \+))) (NP-SBJ (PRP he)) (RS (-DFL- \])) (VP (VBZ has) (VP (VBN been) (VP (VBG going) (PP (IN to) (NP (JJ private))) (PP-TMP (IN since) (NP (NN kindergarten)))))) (. .) (-DFL- E_S))","11",NA,NA,"  he's,  he  has been going to private since  kindergarten laughter. ","/:   he/PRP  's/BES ,/,   he/PRP  has/VBZ been/VBN going/VBG to/IN   private/JJ  since/IN   kindergarten/NN  ./."
"11","sw03utt/sw_0308_3646.utt","3/sw3646",3646,10,"bh","A",7,1,"{F Oh, } has he? /","Oh/UH ,/, has/VBZ  [ he/PRP ] ?/.","(SQ (INTJ (UH Oh)) (, ,) (VBZ has) (NP-SBJ (PRP he)) (VP (-NONE- *?*)) (. ?) (-DFL- E_S))","16",NA,NA," Oh,  has he? ","Oh/UH ,/, has/VBZ   he/PRP  ?/."
"12","sw03utt/sw_0308_3646.utt","3/sw3646",3646,11,"%","B",8,1,"{D So, } -/","So/UH ,/,","(INTJ (UH So) (, ,) (-DFL- N_S))","18",NA,NA," So,  ","So/UH ,/,"
"13","sw03utt/sw_0308_3646.utt","3/sw3646",3646,12,"qo","A",9,1,"Then how does he like it? /","Then/RB how/WRB does/VBZ  [ he/PRP ] like/VB  [ it/PRP ] ?/.","(SBARQ (ADVP (RB Then)) (WHADVP-1 (WRB how)) (SQ (VBZ does) (NP-SBJ (PRP he)) (VP (VB like) (NP (PRP it)) (ADVP (-NONE- *T*-1)))) (. ?) (-DFL- E_S))","20",NA,NA,"Then how does he like it? ","Then/RB how/WRB does/VBZ   he/PRP  like/VB   it/PRP  ?/."
"14","sw03utt/sw_0308_3646.utt","3/sw3646",3646,13,"sd","B",10,1,"{F Oh, } he's loved it.  /","Oh/UH ,/,  [ he/PRP ] 's/HVS loved/VBN  [ it/PRP ] ./.","(S (INTJ (UH Oh)) (, ,) (NP-SBJ (PRP he)) (VP (HVS 's) (VP (VBN loved) (NP (PRP it)))) (. .) (-DFL- E_S))","22",NA,NA," Oh,  he's loved it.  ","Oh/UH ,/,   he/PRP  's/HVS loved/VBN   it/PRP  ./."
"15","sw03utt/sw_0308_3646.utt","3/sw3646",3646,14,"sd","B",10,2,"He is a senior in high school  this year  /","[ He/PRP ] is/VBZ  [ a/DT senior/NN ] in/IN  [ high/JJ school/NN ] [ this/DT year/NN ]","(S (NP-SBJ (PRP He)) (VP (VBZ is) (NP-PRD (NP (DT a) (NN senior)) (PP (IN in) (NP (JJ high) (NN school)))) (NP-TMP (DT this) (NN year))) (-DFL- E_S))","23",NA,NA,"He is a senior in high school  this year  "," He/PRP  is/VBZ   a/DT senior/NN  in/IN   high/JJ school/NN   this/DT year/NN "
"16","sw03utt/sw_0308_3646.utt","3/sw3646",3646,15,"%","B",10,3,"{C so } --","so/RB --/:","(SBARQ (INTJ (UH uh)) (, ,) (INTJ (UH so)) (WHNP-1 (WP what)) (SQ (VBP do) (NP-SBJ (PRP you)) (VP (VB think) (NP (-NONE- *T*-1)) (PP (IN about) (NP (DT the) (NN school) (NN system))))) (. ?) (-DFL- E_S))","2",NA,NA," so  ","so/RB /:"
"17","sw03utt/sw_0308_3646.utt","3/sw3646",3646,16,"qy^d","A",11,1,"{C So } --","So/RB --/:","(INTJ (UH So) (, ,) (-DFL- N_S))","18",NA,NA," So  ","So/RB /:"
"18","sw03utt/sw_0308_3646.utt","3/sw3646",3646,17,"+","B",12,1,"-- he's, -/","--/:  [ he/PRP ] 's/HVS ,/,","(S (RB so) (EDITED (RM (-DFL- \[)) (S (NP-SBJ (PRP he)) (VP-UNF (BES 's))) (, ,) (IP (-DFL- \+))) (NP-SBJ (PRP he)) (RS (-DFL- \])) (VP (VBZ has) (VP (VBN been) (VP (VBG going) (PP (IN to) (NP (JJ private))) (PP-TMP (IN since) (NP (NN kindergarten)))))) (. .) (-DFL- E_S))","11",NA,NA," he's, ","/:   he/PRP  's/HVS ,/,"
"19","sw03utt/sw_0308_3646.utt","3/sw3646",3646,18,"+","A",13,1,"-- he's been there all the time. /","--/:  [ he/PRP ] 's/HVS been/VBN there/RB  [ all/PDT the/DT time/NN ] ./.","(S (RB So) (NP-SBJ (PRP he)) (VP (HVS 's) (VP (VBN been) (ADVP-LOC-PRD (RB there)) (NP-TMP (PDT all) (DT the) (NN time)))) (. .) (-DFL- E_S))","26",NA,NA," he's been there all the time. ","/:   he/PRP  's/HVS been/VBN there/RB   all/PDT the/DT time/NN  ./."
"20","sw03utt/sw_0308_3646.utt","3/sw3646",3646,19,"ny","B",14,1,"Yeah,  /","Yeah/UH ,/,","(INTJ (UH Yeah) (, ,) (-DFL- E_S))","30",NA,NA,"Yeah,  ","Yeah/UH ,/,"
"21","sw03utt/sw_0308_3646.utt","3/sw3646",3646,20,"sd^e","B",14,2,"he's done it the whole twelve  and, {F uh, }  so many years  /","[ he/PRP ] 's/HVS done/VBN  [ it/PRP ] [ the/DT whole/JJ twelve/CD ] and/CC ,/,  [ uh/UH ] ,/,  [ so/RB many/JJ years/NNS ]","(S (NP-SBJ (PRP he)) (VP (HVS 's) (VP (VBN done) (NP (PRP it)) (NP-TMP (QP (DT the) (JJ whole) (CD twelve) (CC and) (, ,) (INTJ (UH uh)) (, ,) (RB so) (JJ many)) (NNS years)))) (-DFL- E_S))","31",NA,NA,"he's done it the whole twelve  and,  uh,   so many years  "," he/PRP  's/HVS done/VBN   it/PRP   the/DT whole/JJ twelve/CD  and/CC ,/,   uh/UH  ,/,   so/RB many/JJ years/NNS "
"22","sw03utt/sw_0308_3646.utt","3/sw3646",3646,21,"sd","B",14,3,"{C and } [ it's been, + {F uh, } it's been ] really good for him. /","and/CC  [ it/PRP ] 's/HVS been/VBN ,/,  [ uh/UH ] ,/,  [ it/PRP ] 's/HVS been/VBN really/RB good/JJ for/IN  [ him/PRP ] ./.","(S (CC and) (EDITED (RM (-DFL- \[)) (S (NP-SBJ (PRP it)) (VP (HVS 's) (VP-UNF (VBN been)))) (, ,) (IP (-DFL- \+))) (INTJ (UH uh)) (, ,) (NP-SBJ (PRP it)) (VP (HVS 's) (VP (VBN been) (RS (-DFL- \])) (ADJP-PRD (RB really) (JJ good) (PP (IN for) (NP (PRP him)))))) (. .) (-DFL- E_S))","32",NA,NA," and   it's been,   uh,  it's been  really good for him. ","and/CC   it/PRP  's/HVS been/VBN ,/,   uh/UH  ,/,   it/PRP  's/HVS been/VBN really/RB good/JJ for/IN   him/PRP  ./."
"23","sw03utt/sw_0308_3646.utt","3/sw3646",3646,22,"qw","A",15,1,"How big of a school is it? /","How/WRB big/JJ of/IN  [ a/DT school/NN ] is/VBZ  [ it/PRP ] ?/.","(SBARQ (WHADJP-1 (WRB How) (JJ big) (PP (IN of) (NP (DT a) (NN school)))) (SQ (VBZ is) (NP-SBJ (PRP it)) (ADJP-PRD (-NONE- *T*-1))) (. ?) (-DFL- E_S))","34",NA,NA,"How big of a school is it? ","How/WRB big/JJ of/IN   a/DT school/NN  is/VBZ   it/PRP  ?/."
"24","sw03utt/sw_0308_3646.utt","3/sw3646",3646,23,"sd","B",16,1,"{F Uh, } overall on campus about twelve hundred,  but in the [ upper school, + upper four grades, ]  {F uh, } about four hundred and something  /","[ Uh/UH ] ,/, overall/RB on/IN  [ campus/NN ] about/RB  [ twelve/CD hundred/CD ] ,/, but/CC in/IN  [ the/DT upper/JJ school/NN ] ,/,  [ upper/JJ four/CD grades/NNS ] ,/,  [ uh/UH ] ,/, about/RB  [ four/CD hundred/CD ] and/CC  [ something/NN ]","(FRAG (INTJ (UH Uh)) (, ,) (ADVP (RB overall)) (PP-LOC (IN on) (NP (NN campus))) (NP (QP (RB about) (CD twelve) (CD hundred))) (, ,) (CC but) (PP (IN in) (NP (DT the) (EDITED (RM (-DFL- \[)) (JJ upper) (NN school) (, ,) (IP (-DFL- \+))) (JJ upper) (CD four) (NNS grades))) (, ,) (RS (-DFL- \])) (INTJ (UH uh)) (, ,) (NP (QP (RB about) (CD four) (CD hundred) (CC and) (NN something))) (-DFL- E_S))","36",NA,NA," Uh,  overall on campus about twelve hundred,  but in the  upper school,  upper four grades,    uh,  about four hundred and something  "," Uh/UH  ,/, overall/RB on/IN   campus/NN  about/RB   twelve/CD hundred/CD  ,/, but/CC in/IN   the/DT upper/JJ school/NN  ,/,   upper/JJ four/CD grades/NNS  ,/,   uh/UH  ,/, about/RB   four/CD hundred/CD  and/CC   something/NN "
"25","sw03utt/sw_0308_3646.utt","3/sw3646",3646,24,"sd","B",16,2,"{C so }  it's maybe a hundred per grade. /","so/RB  [ it/PRP ] 's/BES maybe/RB  [ a/DT hundred/CD ] per/IN  [ grade/NN ] ./.","(S (RB so) (NP-SBJ (PRP it)) (VP (BES 's) (ADVP (RB maybe)) (NP-PRD (NP (QP (DT a) (CD hundred))) (PP (IN per) (NP (NN grade))))) (. .) (-DFL- E_S))","37",NA,NA," so   it's maybe a hundred per grade. ","so/RB   it/PRP  's/BES maybe/RB   a/DT hundred/CD  per/IN   grade/NN  ./."
"26","sw03utt/sw_0308_3646.utt","3/sw3646",3646,25,"sv","A",17,1,"A hundred per grade, that's a good size. /","[ A/DT hundred/CD ] per/IN  [ grade/NN ] ,/,  [ that/DT ] 's/BES  [ a/DT good/JJ size/NN ] ./.","(S (NP-TPC (NP (QP (DT A) (CD hundred))) (PP (IN per) (NP (NN grade)))) (, ,) (NP-SBJ (DT that)) (VP (BES 's) (NP-PRD (DT a) (JJ good) (NN size))) (. .) (-DFL- E_S))","39",NA,NA,"A hundred per grade, that's a good size. "," A/DT hundred/CD  per/IN   grade/NN  ,/,   that/DT  's/BES   a/DT good/JJ size/NN  ./."
"27","sw03utt/sw_0308_3646.utt","3/sw3646",3646,26,"aa","B",18,1,"Yeah,  /","Yeah/UH ,/,","(INTJ (UH Yeah) (, ,) (-DFL- E_S))","30",NA,NA,"Yeah,  ","Yeah/UH ,/,"
"28","sw03utt/sw_0308_3646.utt","3/sw3646",3646,27,"aa","B",18,2,"it really is. /","[ it/PRP ] really/RB is/VBZ ./.","(S (NP-SBJ (PRP it)) (ADVP (RB really)) (VP (VBZ is) (NP-PRD (-NONE- *?*))) (. .) (-DFL- E_S))","42",NA,NA,"it really is. "," it/PRP  really/RB is/VBZ ./."
"29","sw03utt/sw_0308_3646.utt","3/sw3646",3646,28,"sv","A",19,1,"Kind of gives them the, {D you know, } - /","[ Kind/RB ] of/RB gives/VBZ  [ them/PRP ] [ the/DT ] ,/,  [ you/PRP ] know/VBP ,/,","(S (NP-SBJ (-NONE- *)) (ADVP (RB Kind) (RB of)) (VP (VBZ gives) (NP (PRP them)) (NP-UNF (DT the) (PRN (, ,) (S (NP-SBJ (PRP you)) (VP (VBP know)))))) (, ,) (-DFL- N_S))","44",NA,NA,"Kind of gives them the,  you know,   "," Kind/RB  of/RB gives/VBZ   them/PRP   the/DT  ,/,   you/PRP  know/VBP ,/,"
"30","sw03utt/sw_0308_3646.utt","3/sw3646",3646,29,"sv","A",19,2,"I get a little  leery of the real small ones <noise> that they don't get much interaction with  kids  /","[ I/PRP ] get/VBP  [ a/DT little/RB leery/JJ ] of/IN  [ the/DT real/RB small/JJ ones/NNS ] that/WDT  [ they/PRP ] do/VBP n't/RB get/VB  [ much/JJ interaction/NN ] with/IN  [ kids/NNS ]","(S (NP-SBJ (PRP I)) (VP (VBP get) (ADJP-PRD (NP-ADV (DT a) (RB little)) (JJ leery) (PP (IN of) (NP (DT the) (ADJP (RB real) (JJ small)) (NNS ones))) (SBAR (WDT that) (S (NP-SBJ (PRP they)) (VP (VBP do) (RB n't) (VP (VB get) (NP (NP (JJ much) (NN interaction)) (PP (IN with) (NP (NNS kids)))))))))) (-DFL- E_S))","45",NA,NA,"I get a little  leery of the real small ones noise that they don't get much interaction with  kids  "," I/PRP  get/VBP   a/DT little/RB leery/JJ  of/IN   the/DT real/RB small/JJ ones/NNS  that/WDT   they/PRP  do/VBP n't/RB get/VB   much/JJ interaction/NN  with/IN   kids/NNS "
"31","sw03utt/sw_0308_3646.utt","3/sw3646",3646,30,"%","A",19,3,"{C but, }  {F uh, } -/","but/CC ,/,  [ uh/UH ] ,/,","(S-UNF (CC but) (, ,) (INTJ (UH uh)) (, ,) (-DFL- N_S))","46",NA,NA," but,    uh,  ","but/CC ,/,   uh/UH  ,/,"
"32","sw03utt/sw_0308_3646.utt","3/sw3646",3646,31,"aa","B",20,1,"Yeah,  /","Yeah/UH ,/,","(INTJ (UH Yeah) (, ,) (-DFL- E_S))","30",NA,NA,"Yeah,  ","Yeah/UH ,/,"
"33","sw03utt/sw_0308_3646.utt","3/sw3646",3646,32,"sd","B",20,2,"[ that was, + we were ] kind of looking for one  that would be a mixture  /","that/DT was/VBD ,/,  [ we/PRP ] were/VBD kind/RB of/RB looking/VBG for/IN  [ one/NN ] [ that/WDT ] would/MD be/VB  [ a/DT mixture/NN ]","(S (EDITED (RM (-DFL- \[)) (S (NP-SBJ (DT that)) (VP-UNF (VBD was)) (, ,) (IP (-DFL- \+)))) (NP-SBJ (PRP we)) (VP (VBD were) (RS (-DFL- \])) (ADVP (RB kind) (RB of)) (VP (VBG looking) (PP (IN for) (NP (NP (NN one)) (SBAR (WHNP-1 (WDT that)) (S (NP-SBJ (-NONE- *T*-1)) (VP (MD would) (VP (VB be) (NP-PRD (DT a) (NN mixture)))))))))) (-DFL- E_S))","49",NA,NA," that was,  we were  kind of looking for one  that would be a mixture  ","that/DT was/VBD ,/,   we/PRP  were/VBD kind/RB of/RB looking/VBG for/IN   one/NN   that/WDT  would/MD be/VB   a/DT mixture/NN "
"34","sw03utt/sw_0308_3646.utt","3/sw3646",3646,33,"sd","B",20,3,"{C and } --","and/CC --/:","(S (NP-SBJ (PRP he)) (VP (HVS 's) (VP (VBN done) (NP (PRP it)) (NP-TMP (QP (DT the) (JJ whole) (CD twelve) (CC and) (, ,) (INTJ (UH uh)) (, ,) (RB so) (JJ many)) (NNS years)))) (-DFL- E_S))","31",NA,NA," and  ","and/CC /:"
"35","sw03utt/sw_0308_3646.utt","3/sw3646",3646,34,"%","A",21,1,"# {C So } they don't, # /","So/RB  [ they/PRP ] do/VBP n't/RB ,/,","(S (RB So) (NP-SBJ (PRP they)) (VP-UNF (VBP do) (RB n't)) (, ,) (-DFL- E_S))","52",NA,NA,"#  So  they don't, # ","So/RB   they/PRP  do/VBP n't/RB ,/,"
"36","sw03utt/sw_0308_3646.utt","3/sw3646",3646,35,"+","B",22,1,"-- # [ he's done, + # # he's done # ] --","--/:  [ he/PRP ] 's/HVS done/VBN ,/,  [ he/PRP ] 's/HVS done/VBN --/:","(S (CC and) (EDITED (RM (-DFL- \[)) (S (NP-SBJ (PRP he)) (VP (HVS 's) (VP-UNF (VBN done)))) (, ,) (IP (-DFL- \+))) (NP-SBJ (PRP he)) (VP (HVS 's) (VP (VBN done) (RS (-DFL- \])) (ADVP-MNR (RB really) (RB well)))) (, ,) (-DFL- E_S))","50",NA,NA," #  he's done,  # # he's done #  ","/:   he/PRP  's/HVS done/VBN ,/,   he/PRP  's/HVS done/VBN /:"
"37","sw03utt/sw_0308_3646.utt","3/sw3646",3646,36,"ba","A",23,1,"# That's good. # /","[ That/DT ] 's/BES good/JJ ./.","(S (NP-SBJ (DT That)) (VP (BES 's) (ADJP-PRD (JJ good))) (. .) (-DFL- E_S))","55",NA,NA,"# That's good. # "," That/DT  's/BES good/JJ ./."
"38","sw03utt/sw_0308_3646.utt","3/sw3646",3646,37,"+","B",24,1,"-- really well,  /","--/: really/RB well/RB ,/,","(S (CC and) (EDITED (RM (-DFL- \[)) (S (NP-SBJ (PRP he)) (VP (HVS 's) (VP-UNF (VBN done)))) (, ,) (IP (-DFL- \+))) (NP-SBJ (PRP he)) (VP (HVS 's) (VP (VBN done) (RS (-DFL- \])) (ADVP-MNR (RB really) (RB well)))) (, ,) (-DFL- E_S))","50",NA,NA," really well,  ","/: really/RB well/RB ,/,"
"39","sw03utt/sw_0308_3646.utt","3/sw3646",3646,38,"sd","B",24,2,"{C and } [ just, + he was just ] ahead  at an early age  /","and/CC just/RB ,/,  [ he/PRP ] was/VBD just/RB ahead/RB at/IN  [ an/DT early/JJ age/NN ]","(S (CC and) (EDITED (RM (-DFL- \[)) (ADVP (RB just)) (, ,) (IP (-DFL- \+))) (NP-SBJ (PRP he)) (VP (VBD was) (ADVP (RB just)) (RS (-DFL- \])) (ADVP-PRD (RB ahead)) (PP-TMP (IN at) (NP (DT an) (JJ early) (NN age)))) (-DFL- E_S))","57",NA,NA," and   just,  he was just  ahead  at an early age  ","and/CC just/RB ,/,   he/PRP  was/VBD just/RB ahead/RB at/IN   an/DT early/JJ age/NN "
"40","sw03utt/sw_0308_3646.utt","3/sw3646",3646,39,"sd","B",24,3,"{C and } I didn't feel like, {F uh, } [ in, +  what was available, particularly in ]  the first three grades -- /","and/CC  [ I/PRP ] did/VBD n't/RB feel/VB like/IN ,/,  [ uh/UH ] ,/, in/IN ,/,  [ what/WP ] was/VBD available/JJ ,/, particularly/RB in/IN  [ the/DT first/JJ three/CD grades/NNS ] --/:","(S (CC and) (NP-SBJ (PRP I)) (VP (VBD did) (RB n't) (VP (VB feel) (SBAR (IN like) (, ,) (INTJ (UH uh)) (, ,) (S-UNF (SBAR-NOM-SBJ (EDITED (RM (-DFL- \[)) (PP-UNF (IN in)) (, ,) (IP (-DFL- \+))) (WHNP-1 (WP what)) (S (NP-SBJ (-NONE- *T*-1)) (VP (VBD was) (ADJP-PRD (JJ available)) (, ,) (ADVP (RB particularly)) (PP (IN in) (RS (-DFL- \])) (NP (DT the) (JJ first) (CD three) (NNS grades)))))))))) (-DFL- E_S))","58",NA,NA," and  I didn't feel like,  uh,   in,   what was available, particularly in   the first three grades  ","and/CC   I/PRP  did/VBD n't/RB feel/VB like/IN ,/,   uh/UH  ,/, in/IN ,/,   what/WP  was/VBD available/JJ ,/, particularly/RB in/IN   the/DT first/JJ three/CD grades/NNS  /:"
"41","sw03utt/sw_0308_3646.utt","3/sw3646",3646,40,"b","A",25,1,"Uh-huh. /","[ Uh-huh/UH ] ./.","(INTJ (UH Uh-huh) (. .) (-DFL- E_S))","60",NA,NA,"Uhhuh. "," Uhhuh/UH  ./."
"42","sw03utt/sw_0308_3646.utt","3/sw3646",3646,41,"sd","B",26,1,"-- {C and } even in the fourth grade where they started  what they called reach was still a pull out one day program. /","--/: and/CC even/RB in/IN  [ the/DT fourth/JJ grade/NN ] where/WRB  [ they/PRP ] started/VBD  [ what/WP ] [ they/PRP ] called/VBD  [ reach/NN ] was/VBD still/RB  [ a/DT pull/VB ] out/RB  [ one/CD day/NN program/NN ] ./.","(S (CC and) (ADVP (RB even)) (PP (IN in) (NP (NP (DT the) (JJ fourth) (NN grade)) (SBAR (WHADVP-2 (WRB where)) (S (NP-SBJ (PRP they)) (VP (VBD started) (SBAR-NOM (WHNP-1 (WP what)) (S (NP-SBJ (PRP they)) (VP (VBD called) (S (NP-SBJ (-NONE- *T*-1)) (NP-PRD (NN reach)))))) (ADVP (-NONE- *T*-2))))))) (NP-SBJ (-NONE- *)) (VP (VBD was) (ADVP-TMP (RB still)) (NP-PRD (DT a) (ADJP (VB pull) (RB out)) (CD one) (NN day) (NN program))) (. .) (-DFL- E_S))","62",NA,NA,"  and  even in the fourth grade where they started  what they called reach was still a pull out one day program. ","/: and/CC even/RB in/IN   the/DT fourth/JJ grade/NN  where/WRB   they/PRP  started/VBD   what/WP   they/PRP  called/VBD   reach/NN  was/VBD still/RB   a/DT pull/VB  out/RB   one/CD day/NN program/NN  ./."
"43","sw03utt/sw_0308_3646.utt","3/sw3646",3646,42,"b","A",27,1,"{F Huh. } /","Huh/UH ./.","(INTJ (UH Huh) (. .) (-DFL- E_S))","64",NA,NA," Huh.  ","Huh/UH ./."
"44","sw03utt/sw_0308_3646.utt","3/sw3646",3646,43,"sd","B",28,1,"{C And } I just didn't think that was going get it.  /","And/CC  [ I/PRP ] just/RB did/VBD n't/RB think/VB  [ that/DT ] was/VBD going/VBG get/VB  [ it/PRP ] ./.","(S (CC And) (NP-SBJ (PRP I)) (ADVP (RB just)) (VP (VBD did) (RB n't) (VP (VB think) (SBAR (-NONE- 0) (S (NP-SBJ-1 (DT that)) (VP (VBD was) (VP (VBG going) (S (NP-SBJ (-NONE- *-1)) (X (VP (VB get) (NP (PRP it))))))))))) (. .) (-DFL- E_S))","66",NA,NA," And  I just didn't think that was going get it.  ","And/CC   I/PRP  just/RB did/VBD n't/RB think/VB   that/DT  was/VBD going/VBG get/VB   it/PRP  ./."
"45","sw03utt/sw_0308_3646.utt","3/sw3646",3646,44,"sd","B",28,2,"I thought he needed to be exposed to a situation where he could push ahead, {F uh, } every day.","[ I/PRP ] thought/VBD  [ he/PRP ] needed/VBD to/TO be/VB exposed/VBN to/IN  [ a/DT situation/NN ] where/WRB  [ he/PRP ] could/MD push/VB ahead/RB ,/,  [ uh/UH ] ,/,  [ every/DT day/NN ] ./.","(S (NP-SBJ (PRP I)) (VP (VBD thought) (SBAR (-NONE- 0) (S (NP-SBJ-1 (PRP he)) (VP (VBD needed) (S (NP-SBJ-2 (-NONE- *-1)) (VP (TO to) (VP (VB be) (VP (VBN exposed) (NP (-NONE- *-2)) (PP (IN to) (NP (NP (DT a) (NN situation)) (SBAR (WHADVP-3 (WRB where)) (S (NP-SBJ (PRP he)) (VP (MD could) (VP (VP (VB push) (ADVP (RB ahead)) (, ,) (INTJ (UH uh)) (, ,) (NP-TMP (DT every) (NN day))) (. .) (CONJP (CC But) (RB yet)) (VP (ADVP-TMP (RB still)) (VB be) (PP-PRD (IN with) (NP (PRP$ his) (NNS peers))) (ADVP (NN age) (RB wise))) (ADVP (-NONE- *T*-3)))))))))))))))) (. .) (-DFL- E_S))","67",NA,NA,"I thought he needed to be exposed to a situation where he could push ahead,  uh,  every day."," I/PRP  thought/VBD   he/PRP  needed/VBD to/TO be/VB exposed/VBN to/IN   a/DT situation/NN  where/WRB   he/PRP  could/MD push/VB ahead/RB ,/,   uh/UH  ,/,   every/DT day/NN  ./."
"46","sw03utt/sw_0308_3646.utt","3/sw3646",3646,45,"b","A",29,1,"Right. /","[ Right/UH ] ./.","(INTJ (UH Right) (. .) (-DFL- E_S))","69",NA,NA,"Right. "," Right/UH  ./."
"47","sw03utt/sw_0308_3646.utt","3/sw3646",3646,46,"+","B",30,1,"But yet still be with his peers --","But/CC yet/RB still/RB be/VB with/IN  [ his/PRP$ peers/NNS ] --/:","(S (NP-SBJ (PRP I)) (VP (VBD thought) (SBAR (-NONE- 0) (S (NP-SBJ-1 (PRP he)) (VP (VBD needed) (S (NP-SBJ-2 (-NONE- *-1)) (VP (TO to) (VP (VB be) (VP (VBN exposed) (NP (-NONE- *-2)) (PP (IN to) (NP (NP (DT a) (NN situation)) (SBAR (WHADVP-3 (WRB where)) (S (NP-SBJ (PRP he)) (VP (MD could) (VP (VP (VB push) (ADVP (RB ahead)) (, ,) (INTJ (UH uh)) (, ,) (NP-TMP (DT every) (NN day))) (. .) (CONJP (CC But) (RB yet)) (VP (ADVP-TMP (RB still)) (VB be) (PP-PRD (IN with) (NP (PRP$ his) (NNS peers))) (ADVP (NN age) (RB wise))) (ADVP (-NONE- *T*-3)))))))))))))))) (. .) (-DFL- E_S))","67",NA,NA,"But yet still be with his peers ","But/CC yet/RB still/RB be/VB with/IN   his/PRP$ peers/NNS  /:"
"48","sw03utt/sw_0308_3646.utt","3/sw3646",3646,47,"%","A",31,1,"Still # enjoy the, # -/","Still/RB enjoy/VB  [ the/DT ] ,/,","(FRAG (ADVP-TMP (RB Still)) (VP (VB enjoy) (NP-UNF (DT the))) (, ,) (-DFL- N_S))","72",NA,NA,"Still # enjoy the, # ","Still/RB enjoy/VB   the/DT  ,/,"
"49","sw03utt/sw_0308_3646.utt","3/sw3646",3646,48,"+","B",32,1,"-- # age wise. # /","--/:  [ age/NN wise/RB ] ./.","(S (NP-SBJ (PRP I)) (VP (VBD thought) (SBAR (-NONE- 0) (S (NP-SBJ-1 (PRP he)) (VP (VBD needed) (S (NP-SBJ-2 (-NONE- *-1)) (VP (TO to) (VP (VB be) (VP (VBN exposed) (NP (-NONE- *-2)) (PP (IN to) (NP (NP (DT a) (NN situation)) (SBAR (WHADVP-3 (WRB where)) (S (NP-SBJ (PRP he)) (VP (MD could) (VP (VP (VB push) (ADVP (RB ahead)) (, ,) (INTJ (UH uh)) (, ,) (NP-TMP (DT every) (NN day))) (. .) (CONJP (CC But) (RB yet)) (VP (ADVP-TMP (RB still)) (VB be) (PP-PRD (IN with) (NP (PRP$ his) (NNS peers))) (ADVP (NN age) (RB wise))) (ADVP (-NONE- *T*-3)))))))))))))))) (. .) (-DFL- E_S))","67",NA,NA," # age wise. # ","/:   age/NN wise/RB  ./."
"50","sw03utt/sw_0308_3646.utt","3/sw3646",3646,49,"b","A",33,1,"Right.  /","[ Right/UH ] ./.","(INTJ (UH Right) (. .) (-DFL- E_S))","69",NA,NA,"Right.  "," Right/UH  ./."
"51","sw03utt/sw_0308_3646.utt","3/sw3646",3646,50,"sd","A",33,2,"{F Uh, } one thing I think I've noticed  is, {F uh, } my oldest is in kindergarten,  /","[ Uh/UH ] ,/,  [ one/CD thing/NN ] [ I/PRP ] think/VBP  [ I/PRP ] 've/VBP noticed/VBN is/VBZ ,/,  [ uh/UH ] ,/,  [ my/PRP$ oldest/JJS ] is/VBZ in/IN  [ kindergarten/NN ] ,/,","(S (INTJ (UH Uh)) (, ,) (NP-SBJ (NP (CD one) (NN thing)) (SBAR (WHNP-1 (-NONE- 0)) (S (NP-SBJ (PRP I)) (VP (VBP think) (SBAR (-NONE- 0) (S (NP-SBJ (PRP I)) (VP (VBP 've) (VP (VBN noticed) (NP (-NONE- *T*-1)))))))))) (VP-UNF (VBZ is) (, ,) (INTJ (UH uh))) (, ,))|||(S (NP-SBJ (PRP$ my) (JJS oldest)) (VP (VBZ is) (PP-PRD (IN in) (NP (NN kindergarten)))) (, ,) (-DFL- E_S))","76|||77",NA,NA," Uh,  one thing I think I've noticed  is,  uh,  my oldest is in kindergarten,  "," Uh/UH  ,/,   one/CD thing/NN   I/PRP  think/VBP   I/PRP  've/VBP noticed/VBN is/VBZ ,/,   uh/UH  ,/,   my/PRP$ oldest/JJS  is/VBZ in/IN   kindergarten/NN  ,/,"
"52","sw03utt/sw_0308_3646.utt","3/sw3646",3646,51,"sv","A",33,3,"{C so } I'm in a little different --","so/RB  [ I/PRP ] 'm/VBP in/IN  [ a/DT little/RB different/JJ ] --/:","(S (RB so) (NP-SBJ (PRP I)) (VP (VBP 'm) (PP-PRD (IN in) (NP (DT a) (ADJP (RB little) (JJ different)) (NN ballgame)))) (. .) (-DFL- E_S))","78",NA,NA," so  I'm in a little different ","so/RB   I/PRP  'm/VBP in/IN   a/DT little/RB different/JJ  /:"
"53","sw03utt/sw_0308_3646.utt","3/sw3646",3646,52,"sv","B",34,1,"You're just --","[ You/PRP ] 're/VBP just/RB --/:","(S (NP-SBJ-1 (PRP You)) (VP (VBP 're) (ADVP (RB just)) (VP (VBG getting) (S (NP-SBJ (-NONE- *-1)) (VP (VBN started))))) (. .) (-DFL- E_S))","80",NA,NA,"You're just "," You/PRP  're/VBP just/RB /:"
"54","sw03utt/sw_0308_3646.utt","3/sw3646",3646,53,"+","A",35,1,"-- # ballgame. # /","--/:  [ ballgame/NN ] ./.","(S (RB so) (NP-SBJ (PRP I)) (VP (VBP 'm) (PP-PRD (IN in) (NP (DT a) (ADJP (RB little) (JJ different)) (NN ballgame)))) (. .) (-DFL- E_S))","78",NA,NA," # ballgame. # ","/:   ballgame/NN  ./."
"55","sw03utt/sw_0308_3646.utt","3/sw3646",3646,54,"+","B",36,1,"-- # getting # started. /","--/: getting/VBG started/VBN ./.","(S (NP-SBJ-1 (PRP You)) (VP (VBP 're) (ADVP (RB just)) (VP (VBG getting) (S (NP-SBJ (-NONE- *-1)) (VP (VBN started))))) (. .) (-DFL- E_S))","80",NA,NA," # getting # started. ","/: getting/VBG started/VBN ./."
"56","sw03utt/sw_0308_3646.utt","3/sw3646",3646,55,"sd","A",37,1,"I'm just,","[ I/PRP ] 'm/VBP just/RB ,/,","(S (NP-SBJ (PRP I)) (VP (VBP 'm) (ADVP (RB just)) (, ,) (VP (VBG starting) (NP (PRP her)))) (, ,) (-DFL- E_S))","84",NA,NA,"I'm just,"," I/PRP  'm/VBP just/RB ,/,"
"57","sw03utt/sw_0308_3646.utt","3/sw3646.pos",3646,56,"x","B",38,1,"<Laughter>.","./.","","",NA,NA,"Laughter.","./."
"58","sw03utt/sw_0308_3646.utt","3/sw3646",3646,57,"+","A",39,1,"starting her,  /","starting/VBG  [ her/PRP ] ,/,","(S (NP-SBJ (PRP I)) (VP (VBP 'm) (ADVP (RB just)) (, ,) (VP (VBG starting) (NP (PRP her)))) (, ,) (-DFL- E_S))","84",NA,NA,"starting her,  ","starting/VBG   her/PRP  ,/,"
"59","sw03utt/sw_0308_3646.utt","3/sw3646",3646,58,"sv","A",39,2,"{C but, }  {F uh, } seems to me that, {F uh, }  kids these days, {F uh, } <throat_clearing> can really get away with murder  /","but/CC ,/,  [ uh/UH ] ,/, seems/VBZ to/IN  [ me/PRP ] that/IN ,/,  [ uh/UH ] ,/, kids/NNS  [ these/DT days/NNS ] ,/,  [ uh/UH ] ,/, can/MD really/RB get/VB away/RP with/IN  [ murder/NN ]","(S (CC but) (, ,) (INTJ (UH uh)) (, ,) (NP-SBJ (-NONE- *)) (VP (VBZ seems) (PP (IN to) (NP (PRP me))) (SBAR (IN that) (, ,) (INTJ (UH uh)) (, ,) (S (NP-SBJ (NNS kids)) (NP-TMP (DT these) (NNS days)) (, ,) (INTJ (UH uh)) (, ,) (VP (MD can) (ADVP (RB really)) (VP (VB get) (ADVP (RP away)) (PP (IN with) (NP (NN murder)))))))) (-DFL- E_S))","87",NA,NA," but,    uh,  seems to me that,  uh,   kids these days,  uh,  throat_clearing can really get away with murder  ","but/CC ,/,   uh/UH  ,/, seems/VBZ to/IN   me/PRP  that/IN ,/,   uh/UH  ,/, kids/NNS   these/DT days/NNS  ,/,   uh/UH  ,/, can/MD really/RB get/VB away/RP with/IN   murder/NN "
"60","sw03utt/sw_0308_3646.utt","3/sw3646",3646,59,"sv","A",39,3,"{C and }  the teachers [ don't have  as much, + aren't respected as much ]  /","and/CC  [ the/DT teachers/NNS ] do/VBP n't/RB have/VB  [ as/RB much/JJ ] ,/, are/VBP n't/RB respected/JJ as/IN  [ much/JJ ]","(S (CC and) (NP-SBJ-1 (DT the) (NNS teachers)) (EDITED (RM (-DFL- \[)) (VP (VBP do) (RB n't) (VP (VB have) (NP-UNF (RB as) (JJ much)))) (, ,) (IP (-DFL- \+))) (VP (VBP are) (RB n't) (VP (JJ respected) (NP (-NONE- *-1)) (ADVP (IN as) (JJ much)))) (RS (-DFL- \])) (-DFL- E_S))","88",NA,NA," and   the teachers  don't have  as much,  aren't respected as much   ","and/CC   the/DT teachers/NNS  do/VBP n't/RB have/VB   as/RB much/JJ  ,/, are/VBP n't/RB respected/JJ as/IN   much/JJ "
"61","sw03utt/sw_0308_3646.utt","3/sw3646",3646,60,"sv","A",39,4,"{C and, }  {F uh, }  they have to be so careful of the things they do and say. /","and/CC ,/,  [ uh/UH ] ,/,  [ they/PRP ] have/VBP to/TO be/VB so/RB careful/JJ of/IN  [ the/DT things/NNS they/PRP ] do/VBP and/CC say/VBP ./.","(S (CC and) (, ,) (INTJ (UH uh)) (, ,) (NP-SBJ-1 (PRP they)) (VP (VBP have) (S (NP-SBJ (-NONE- *-1)) (VP (TO to) (VP (VB be) (ADJP-PRD (RB so) (JJ careful) (PP (IN of) (NP (NP (DT the) (NNS things)) (SBAR (WHNP-2 (-NONE- 0)) (S (NP-SBJ (PRP they)) (VP (VBP do) (CC and) (VBP say) (NP (-NONE- *T*-2)))))))))))) (. .) (-DFL- E_S))","89",NA,NA," and,    uh,   they have to be so careful of the things they do and say. ","and/CC ,/,   uh/UH  ,/,   they/PRP  have/VBP to/TO be/VB so/RB careful/JJ of/IN   the/DT things/NNS they/PRP  do/VBP and/CC say/VBP ./."
"62","sw03utt/sw_0308_3646.utt","3/sw3646",3646,61,"aa","B",40,1,"Yeah,  /","[ Yeah/UH ] ,/,","(INTJ (UH Yeah) (, ,) (-DFL- E_S))","91",NA,NA,"Yeah,  "," Yeah/UH  ,/,"
"63","sw03utt/sw_0308_3646.utt","3/sw3646",3646,62,"aa","B",40,2,"I know.  /","[ I/PRP ] know/VBP ./.","(S (NP-SBJ (PRP I)) (VP (VBP know)) (. .) (-DFL- E_S))","92",NA,NA,"I know.  "," I/PRP  know/VBP ./."
"64","sw03utt/sw_0308_3646.utt","3/sw3646",3646,63,"sv","B",40,3,"That's --","[ That/DT ] 's/BES --/:","(S (NP-SBJ (DT That)) (VP (BES 's) (NP-PRD (DT a) (JJ big) (NN problem))) (. .) (-DFL- E_S))","93",NA,NA,"That's "," That/DT  's/BES /:"
"65","sw03utt/sw_0308_3646.utt","3/sw3646",3646,64,"sd","A",41,1,"{C And, }  {F uh, } # makes me # --","And/CC ,/,  [ uh/UH ] ,/, makes/VBZ  [ me/PRP ] --/:","(S (CC And) (, ,) (INTJ (UH uh)) (, ,) (NP-SBJ (NP (-NONE- *)) (SBAR (-NONE- *EXP*-2))) (VP (VBZ makes) (S (NP-SBJ (PRP me)) (ADJP-PRD (NP-ADV (DT a) (RB little)) (JJ nervous))) (SBAR-2 (IN that) (, ,) (INTJ (UH uh)) (, ,) (S (NP-SBJ-1 (NNS students)) (VP (VBP do) (RB n't) (VP (VB seem) (S (NP-SBJ (-NONE- *-1)) (VP (TO to) (VP (VB show) (NP (DT that) (NN respect)))))))))) (-DFL- E_S))","95",NA,NA," And,    uh,  # makes me # ","And/CC ,/,   uh/UH  ,/, makes/VBZ   me/PRP  /:"
"66","sw03utt/sw_0308_3646.utt","3/sw3646",3646,65,"+","B",42,1,"-- # a big problem. # /","--/:  [ a/DT big/JJ problem/NN ] ./.","(S (NP-SBJ (DT That)) (VP (BES 's) (NP-PRD (DT a) (JJ big) (NN problem))) (. .) (-DFL- E_S))","93",NA,NA," # a big problem. # ","/:   a/DT big/JJ problem/NN  ./."
"67","sw03utt/sw_0308_3646.utt","3/sw3646",3646,66,"+","A",43,1,"-- a little nervous that, {F uh, } students don't seem to  show that respect  /","--/:  [ a/DT ] little/RB nervous/JJ that/IN ,/,  [ uh/UH ] ,/,  [ students/NNS ] do/VBP n't/RB seem/VB to/TO show/VB  [ that/DT respect/NN ]","(S (CC And) (, ,) (INTJ (UH uh)) (, ,) (NP-SBJ (NP (-NONE- *)) (SBAR (-NONE- *EXP*-2))) (VP (VBZ makes) (S (NP-SBJ (PRP me)) (ADJP-PRD (NP-ADV (DT a) (RB little)) (JJ nervous))) (SBAR-2 (IN that) (, ,) (INTJ (UH uh)) (, ,) (S (NP-SBJ-1 (NNS students)) (VP (VBP do) (RB n't) (VP (VB seem) (S (NP-SBJ (-NONE- *-1)) (VP (TO to) (VP (VB show) (NP (DT that) (NN respect)))))))))) (-DFL- E_S))","95",NA,NA," a little nervous that,  uh,  students don't seem to  show that respect  ","/:   a/DT  little/RB nervous/JJ that/IN ,/,   uh/UH  ,/,   students/NNS  do/VBP n't/RB seem/VB to/TO show/VB   that/DT respect/NN "
"68","sw03utt/sw_0308_3646.utt","3/sw3646",3646,67,"%","A",43,2,"{C and, } -/","and/CC ,/,","(S-UNF (CC and) (, ,) (-DFL- N_S))","98",NA,NA," and,  ","and/CC ,/,"
"69","sw03utt/sw_0308_3646.utt","3/sw3646",3646,68,"sv","B",44,1,"We wouldn't have thought of crossing a teacher when we --","[ We/PRP ] would/MD n't/RB have/VB thought/VBN of/IN crossing/VBG  [ a/DT teacher/NN ] when/WRB  [ we/PRP ] --/:","(S (NP-SBJ-1 (PRP We)) (VP (MD would) (RB n't) (VP (VB have) (VP (VBN thought) (PP (IN of) (S-NOM (NP-SBJ (-NONE- *-1)) (VP (VBG crossing) (NP (DT a) (NN teacher))))) (SBAR-TMP (WHADVP-2 (WRB when)) (S (NP-SBJ (PRP we)) (VP (VBD were) (PP-PRD (IN in) (NP (NN school))) (ADVP-TMP (-NONE- *T*-2)))))))) (. .) (-DFL- E_S))","100",NA,NA,"We wouldn't have thought of crossing a teacher when we "," We/PRP  would/MD n't/RB have/VB thought/VBN of/IN crossing/VBG   a/DT teacher/NN  when/WRB   we/PRP  /:"
"70","sw03utt/sw_0308_3646.utt","3/sw3646",3646,69,"aa","A",45,1,"No! /","[ No/UH ] !/.","(INTJ (UH No) (. !) (-DFL- E_S))","102",NA,NA,"No! "," No/UH  !/."
"71","sw03utt/sw_0308_3646.utt","3/sw3646",3646,70,"+","B",46,1,"-- were in school. /","--/: were/VBD in/IN  [ school/NN ] ./.","(S (NP-SBJ-1 (PRP We)) (VP (MD would) (RB n't) (VP (VB have) (VP (VBN thought) (PP (IN of) (S-NOM (NP-SBJ (-NONE- *-1)) (VP (VBG crossing) (NP (DT a) (NN teacher))))) (SBAR-TMP (WHADVP-2 (WRB when)) (S (NP-SBJ (PRP we)) (VP (VBD were) (PP-PRD (IN in) (NP (NN school))) (ADVP-TMP (-NONE- *T*-2)))))))) (. .) (-DFL- E_S))","100",NA,NA," were in school. ","/: were/VBD in/IN   school/NN  ./."
"72","sw03utt/sw_0308_3646.utt","3/sw3646",3646,71,"ba","A",47,1,"Heavens,  /","[ Heavens/NNS ] ,/,","(INTJ (NNS Heavens) (, ,) (-DFL- E_S))","105",NA,NA,"Heavens,  "," Heavens/NNS  ,/,"
"73","sw03utt/sw_0308_3646.utt","3/sw3646",3646,72,"aa","A",47,2,"no. /","no/UH ./.","(INTJ (UH no) (. .) (-DFL- E_S))","106",NA,NA,"no. ","no/UH ./."
"74","sw03utt/sw_0308_3646.utt","3/sw3646",3646,73,"sv","B",48,1,"Wouldn't have thought of it  /","Would/MD n't/RB have/VB thought/VBN of/IN  [ it/PRP ]","(S (NP-SBJ (-NONE- *)) (VP (MD Would) (RB n't) (VP (VB have) (VP (VBN thought) (PP (IN of) (NP (PRP it)))))) (-DFL- E_S))","108",NA,NA,"Wouldn't have thought of it  ","Would/MD n't/RB have/VB thought/VBN of/IN   it/PRP "
"75","sw03utt/sw_0308_3646.utt","3/sw3646",3646,74,"sv","B",48,2,"[ {C and } + --","and/CC --/:","(S (CC and) (NP-SBJ-1 (DT the) (NNS teachers)) (EDITED (RM (-DFL- \[)) (VP (VBP do) (RB n't) (VP (VB have) (NP-UNF (RB as) (JJ much)))) (, ,) (IP (-DFL- \+))) (VP (VBP are) (RB n't) (VP (JJ respected) (NP (-NONE- *-1)) (ADVP (IN as) (JJ much)))) (RS (-DFL- \])) (-DFL- E_S))","88",NA,NA,"  and   ","and/CC /:"
"76","sw03utt/sw_0308_3646.utt","3/sw3646",3646,75,"aa","A",49,1,"No,  /","No/UH ,/,","(INTJ (UH No) (, ,) (-DFL- E_S))","111",NA,NA,"No,  ","No/UH ,/,"
"77","sw03utt/sw_0308_3646.utt","3/sw3646",3646,76,"aa","A",49,2,"you wouldn't. /","[ you/PRP ] would/MD n't/RB ./.","(S (NP-SBJ (PRP you)) (VP (MD would) (RB n't) (VP (-NONE- *?*))) (. .) (-DFL- E_S))","112",NA,NA,"you wouldn't. "," you/PRP  would/MD n't/RB ./."
"78","sw03utt/sw_0308_3646.utt","3/sw3646",3646,77,"+","B",50,1,"-- {C and } ] they'll stand there now with them  toe to toe  /","--/: and/CC  [ they/PRP ] 'll/MD stand/VB there/RB now/RB with/IN  [ them/PRP ] [ toe/NN ] to/IN toe/NN","(S (EDITED (RM (-DFL- \[)) (CC and) (IP (-DFL- \+))) (CC and) (RS (-DFL- \])) (NP-SBJ (PRP they)) (VP (MD 'll) (VP (VB stand) (ADVP-LOC (RB there)) (ADVP-TMP (RB now)) (PP (IN with) (NP (PRP them))) (NP-ADV (NP (NN toe)) (PP (IN to) (NP (NN toe)))))) (-DFL- E_S))","109",NA,NA,"  and   they'll stand there now with them  toe to toe  ","/: and/CC   they/PRP  'll/MD stand/VB there/RB now/RB with/IN   them/PRP   toe/NN  to/IN toe/NN"
"79","sw03utt/sw_0308_3646.utt","3/sw3646",3646,78,"%","B",50,2,"{C and, } -/","and/CC ,/,","(S-UNF (CC and) (, ,) (-DFL- N_S))","98",NA,NA," and,  ","and/CC ,/,"
"80","sw03utt/sw_0308_3646.utt","3/sw3646",3646,79,"sv","A",51,1,"{C And, }  {F uh, } the things they can say and do to a teacher [ and + ] they do from what I <laughter> understand, {F uh, }  /","And/CC ,/,  [ uh/UH ] ,/,  [ the/DT things/NNS they/PRP ] can/MD say/VB and/CC do/VB to/IN  [ a/DT teacher/NN ] and/CC  [ they/PRP ] do/VBP from/IN  [ what/WP ] [ I/PRP ] understand/VBP ,/, uh/UH ,/,","(S (CC And) (, ,) (INTJ (UH uh)) (, ,) (NP-TPC (NP (DT the) (NNS things)) (SBAR (WHNP-1 (-NONE- 0)) (S (NP-SBJ (PRP they)) (VP (MD can) (VP (VB say) (CC and) (VB do) (NP (-NONE- *T*-1)) (PP (IN to) (NP (DT a) (NN teacher))) (RM (-DFL- \[)) (PRN (S (CC and) (IP (-DFL- \+)) (RS (-DFL- \])) (NP-SBJ (PRP they)) (VP (VBP do) (PP (IN from) (SBAR-NOM (WHNP-2 (WP what)) (S (NP-SBJ (PRP I)) (VP (VBP understand) (NP (-NONE- *T*-2)))))))))))))) (, ,) (INTJ (UH uh)) (, ,) (-DFL- E_S) (NP-SBJ (PRP I)) (VP (VBP think) (SBAR (-NONE- 0) (S (NP-SBJ (DT that)) (VP (BES 's) (ADJP-PRD (JJ wrong)))))) (. .) (-DFL- E_S))","116",NA,NA," And,    uh,  the things they can say and do to a teacher  and   they do from what I laughter understand,  uh,   ","And/CC ,/,   uh/UH  ,/,   the/DT things/NNS they/PRP  can/MD say/VB and/CC do/VB to/IN   a/DT teacher/NN  and/CC   they/PRP  do/VBP from/IN   what/WP   I/PRP  understand/VBP ,/, uh/UH ,/,"
"81","sw03utt/sw_0308_3646.utt","3/sw3646",3646,80,"sv","A",51,2,"I think that's wrong.  /","[ I/PRP ] think/VBP  [ that/DT ] 's/BES wrong/JJ ./.","(S (CC And) (, ,) (INTJ (UH uh)) (, ,) (NP-TPC (NP (DT the) (NNS things)) (SBAR (WHNP-1 (-NONE- 0)) (S (NP-SBJ (PRP they)) (VP (MD can) (VP (VB say) (CC and) (VB do) (NP (-NONE- *T*-1)) (PP (IN to) (NP (DT a) (NN teacher))) (RM (-DFL- \[)) (PRN (S (CC and) (IP (-DFL- \+)) (RS (-DFL- \])) (NP-SBJ (PRP they)) (VP (VBP do) (PP (IN from) (SBAR-NOM (WHNP-2 (WP what)) (S (NP-SBJ (PRP I)) (VP (VBP understand) (NP (-NONE- *T*-2)))))))))))))) (, ,) (INTJ (UH uh)) (, ,) (-DFL- E_S) (NP-SBJ (PRP I)) (VP (VBP think) (SBAR (-NONE- 0) (S (NP-SBJ (DT that)) (VP (BES 's) (ADJP-PRD (JJ wrong)))))) (. .) (-DFL- E_S))","116",NA,NA,"I think that's wrong.  "," I/PRP  think/VBP   that/DT  's/BES wrong/JJ ./."
"82","sw03utt/sw_0308_3646.utt","3/sw3646",3646,81,"sv","A",51,3,"I think we need to get back to [ the, + ] <breathing>  show some respect  /","[ I/PRP ] think/VBP  [ we/PRP ] need/VBP to/TO get/VB back/RB to/IN  [ the/DT ] ,/, show/VB  [ some/DT respect/NN ]","(S (NP-SBJ (PRP I)) (VP (VBP think) (SBAR (-NONE- 0) (S (NP-SBJ-1 (PRP we)) (VP (VBP need) (S (NP-SBJ (-NONE- *-1)) (VP (TO to) (VP (VB get) (ADVP (RB back)) (PP (IN to) (EDITED (RM (-DFL- \[)) (NP-UNF (DT the)) (, ,) (IP (-DFL- \+)) (RS (-DFL- \]))) (S-IMP-SEZ (NP-SBJ (-NONE- *)) (VP (VB show) (NP (DT some) (NN respect)))))))))))) (-DFL- E_S))","117",NA,NA,"I think we need to get back to  the,   breathing  show some respect  "," I/PRP  think/VBP   we/PRP  need/VBP to/TO get/VB back/RB to/IN   the/DT  ,/, show/VB   some/DT respect/NN "
"83","sw03utt/sw_0308_3646.utt","3/sw3646",3646,82,"sv","A",51,4,"{C and, }  course, I guess the teacher used to warrant that  /","and/CC ,/,  [ course/NN ] ,/,  [ I/PRP ] guess/VBP  [ the/DT teacher/NN ] used/VBD to/TO warrant/VB that/DT","(S (CC and) (, ,) (NP-ADV (NN course)) (, ,) (NP-SBJ (PRP I)) (VP (VBP guess) (SBAR (-NONE- 0) (S (NP-SBJ-1 (DT the) (NN teacher)) (VP (VBD used) (S (NP-SBJ (-NONE- *-1)) (VP (TO to) (VP (VB warrant) (NP (DT that))))))))) (-DFL- E_S))","118",NA,NA," and,   course, I guess the teacher used to warrant that  ","and/CC ,/,   course/NN  ,/,   I/PRP  guess/VBP   the/DT teacher/NN  used/VBD to/TO warrant/VB that/DT"
"84","sw03utt/sw_0308_3646.utt","3/sw3646",3646,83,"%","A",51,5,"{C but, } -/","but/CC ,/,","(S-UNF (CC but) (, ,) (-DFL- N_S))","119",NA,NA," but,  ","but/CC ,/,"
"85","sw03utt/sw_0308_3646.utt","3/sw3646",3646,84,"aa","B",52,1,"Yeah,  /","Yeah/UH ,/,","(INTJ (UH Yeah) (, ,) (-DFL- E_S))","91",NA,NA,"Yeah,  ","Yeah/UH ,/,"
"86","sw03utt/sw_0308_3646.utt","3/sw3646",3646,85,"sv","B",52,2,"{C but } a lot of times it's not being taught  in the home --","but/CC  [ a/DT lot/NN ] of/IN  [ times/NNS ] [ it/PRP ] 's/BES not/RB being/VBG taught/VBN in/IN  [ the/DT home/NN ] --/:","(S (CC but) (NP-TMP (NP (DT a) (NN lot)) (PP (IN of) (NP (NNS times)))) (NP-SBJ-1 (PRP it)) (VP (BES 's) (RB not) (VP (VBG being) (VP (VBN taught) (NP (-NONE- *-1)) (PP-LOC (IN in) (NP (DT the) (NN home))) (ADVP-TMP (RB anymore)) (SBAR-ADV (IN like) (S (NP-SBJ-2 (PRP it)) (VP (VBD used) (S (NP-SBJ-3 (-NONE- *-2)) (VP (TO to) (VP (VB be) (VP (-NONE- *?*) (NP (-NONE- *-3)) (, ,) (NP-TPC (NP (JJ basic) (NN respect)) (EDITED (PP-UNF (IN for))) (PP (IN for) (NP (NP (NNS elders) (CC and) (NNS adults)) (EDITED (CC and)) (PP (ADVP (RB particularly)) (EDITED (RM (-DFL- \[)) (PP-UNF (IN in)) (, ,) (IP (-DFL- \+))) (IN in) (RS (-DFL- \])) (NP (JJ responsible) (NNS positions)))))))))))))))) (, ,))","122",NA,NA," but  a lot of times it's not being taught  in the home ","but/CC   a/DT lot/NN  of/IN   times/NNS   it/PRP  's/BES not/RB being/VBG taught/VBN in/IN   the/DT home/NN  /:"
"87","sw03utt/sw_0308_3646.utt","3/sw3646",3646,86,"b","A",53,1,"Right. /","[ Right/UH ] ./.","(INTJ (UH Right) (. .) (-DFL- E_S))","125",NA,NA,"Right. "," Right/UH  ./."
"88","sw03utt/sw_0308_3646.utt","3/sw3646",3646,87,"+","B",54,1,"-- anymore like it used to be, basic respect for --","--/: anymore/RB like/IN  [ it/PRP ] used/VBD to/TO be/VB ,/,  [ basic/JJ respect/NN ] for/IN --/:","(S (CC but) (NP-TMP (NP (DT a) (NN lot)) (PP (IN of) (NP (NNS times)))) (NP-SBJ-1 (PRP it)) (VP (BES 's) (RB not) (VP (VBG being) (VP (VBN taught) (NP (-NONE- *-1)) (PP-LOC (IN in) (NP (DT the) (NN home))) (ADVP-TMP (RB anymore)) (SBAR-ADV (IN like) (S (NP-SBJ-2 (PRP it)) (VP (VBD used) (S (NP-SBJ-3 (-NONE- *-2)) (VP (TO to) (VP (VB be) (VP (-NONE- *?*) (NP (-NONE- *-3)) (, ,) (NP-TPC (NP (JJ basic) (NN respect)) (EDITED (PP-UNF (IN for))) (PP (IN for) (NP (NP (NNS elders) (CC and) (NNS adults)) (EDITED (CC and)) (PP (ADVP (RB particularly)) (EDITED (RM (-DFL- \[)) (PP-UNF (IN in)) (, ,) (IP (-DFL- \+))) (IN in) (RS (-DFL- \])) (NP (JJ responsible) (NNS positions)))))))))))))))) (, ,))","122",NA,NA," anymore like it used to be, basic respect for ","/: anymore/RB like/IN   it/PRP  used/VBD to/TO be/VB ,/,   basic/JJ respect/NN  for/IN /:"
"89","sw03utt/sw_0308_3646.utt","3/sw3646",3646,88,"^2","A",55,1,"# For other people # -- /","For/IN  [ other/JJ people/NNS ] --/:","(PP (IN For) (NP (JJ other) (NNS people)) (-DFL- E_S))","128",NA,NA,"# For other people #  ","For/IN   other/JJ people/NNS  /:"
"90","sw03utt/sw_0308_3646.utt","3/sw3646",3646,89,"+","B",56,1,"-- # for elders # --","--/: for/IN  [ elders/NNS ] --/:","(S (CC but) (NP-TMP (NP (DT a) (NN lot)) (PP (IN of) (NP (NNS times)))) (NP-SBJ-1 (PRP it)) (VP (BES 's) (RB not) (VP (VBG being) (VP (VBN taught) (NP (-NONE- *-1)) (PP-LOC (IN in) (NP (DT the) (NN home))) (ADVP-TMP (RB anymore)) (SBAR-ADV (IN like) (S (NP-SBJ-2 (PRP it)) (VP (VBD used) (S (NP-SBJ-3 (-NONE- *-2)) (VP (TO to) (VP (VB be) (VP (-NONE- *?*) (NP (-NONE- *-3)) (, ,) (NP-TPC (NP (JJ basic) (NN respect)) (EDITED (PP-UNF (IN for))) (PP (IN for) (NP (NP (NNS elders) (CC and) (NNS adults)) (EDITED (CC and)) (PP (ADVP (RB particularly)) (EDITED (RM (-DFL- \[)) (PP-UNF (IN in)) (, ,) (IP (-DFL- \+))) (IN in) (RS (-DFL- \])) (NP (JJ responsible) (NNS positions)))))))))))))))) (, ,))","122",NA,NA," # for elders # ","/: for/IN   elders/NNS  /:"
"91","sw03utt/sw_0308_3646.utt","3/sw3646",3646,90,"%","A",57,1,"-- # {C and, } # -/","--/: and/CC ,/,","(S-UNF (CC and) (, ,) (-DFL- N_S))","114",NA,NA," #  and,  # ","/: and/CC ,/,"
"92","sw03utt/sw_0308_3646.utt","3/sw3646",3646,91,"+","B",58,1,"-- # and # adults and particularly [ in, + in ] responsible  positions <noise>, [ have not, + {F uh, } I don't think have,  <breathing> had ] that basic <breathing> upbringing in a lot of cases  /","--/: and/CC  [ adults/NNS ] and/CC particularly/RB in/IN ,/, in/IN  [ responsible/JJ positions/NNS ] ,/, have/VBP not/RB ,/,  [ uh/UH ] ,/,  [ I/PRP ] do/VBP n't/RB think/VB have/VB ,/, had/VBN  [ that/DT basic/JJ upbringing/NN ] in/IN  [ a/DT lot/NN ] of/IN  [ cases/NNS ]","(S (CC but) (NP-TMP (NP (DT a) (NN lot)) (PP (IN of) (NP (NNS times)))) (NP-SBJ-1 (PRP it)) (VP (BES 's) (RB not) (VP (VBG being) (VP (VBN taught) (NP (-NONE- *-1)) (PP-LOC (IN in) (NP (DT the) (NN home))) (ADVP-TMP (RB anymore)) (SBAR-ADV (IN like) (S (NP-SBJ-2 (PRP it)) (VP (VBD used) (S (NP-SBJ-3 (-NONE- *-2)) (VP (TO to) (VP (VB be) (VP (-NONE- *?*) (NP (-NONE- *-3)) (, ,) (NP-TPC (NP (JJ basic) (NN respect)) (EDITED (PP-UNF (IN for))) (PP (IN for) (NP (NP (NNS elders) (CC and) (NNS adults)) (EDITED (CC and)) (PP (ADVP (RB particularly)) (EDITED (RM (-DFL- \[)) (PP-UNF (IN in)) (, ,) (IP (-DFL- \+))) (IN in) (RS (-DFL- \])) (NP (JJ responsible) (NNS positions)))))))))))))))) (, ,))|||(S (EDITED (RM (-DFL- \[)) (VP-UNF (VBP have) (RB not)) (, ,) (IP (-DFL- \+))) (INTJ (UH uh)) (, ,) (NP-SBJ (PRP I)) (VP (VBP do) (RB n't) (VP (VB think) (SBAR (-NONE- 0) (S (NP-SBJ (-NONE- *)) (VP (VB have) (, ,) (VP (VBN had) (RS (-DFL- \])) (NP (DT that) (JJ basic) (NN upbringing)) (PP (IN in) (NP (NP (DT a) (NN lot)) (PP (IN of) (NP (NNS cases))))))))))) (-DFL- E_S))","122|||123",NA,NA," # and # adults and particularly  in,  in  responsible  positions noise,  have not,   uh,  I don't think have,  breathing had  that basic breathing upbringing in a lot of cases  ","/: and/CC   adults/NNS  and/CC particularly/RB in/IN ,/, in/IN   responsible/JJ positions/NNS  ,/, have/VBP not/RB ,/,   uh/UH  ,/,   I/PRP  do/VBP n't/RB think/VB have/VB ,/, had/VBN   that/DT basic/JJ upbringing/NN  in/IN   a/DT lot/NN  of/IN   cases/NNS "
"93","sw03utt/sw_0308_3646.utt","3/sw3646",3646,92,"sv","B",58,2,"{C and  so } then you wind up with little  brats on your hands. /","and/CC so/RB then/RB  [ you/PRP ] wind/VBP up/RP with/IN  [ little/JJ brats/NNS ] on/IN  [ your/PRP$ hands/NNS ] ./.","(S (CONJP (CC and) (RB so)) (ADVP (RB then)) (NP-SBJ (PRP you)) (VP (VBP wind) (PRT (RP up)) (PP (IN with) (NP (NP (JJ little) (NNS brats)) (PP (IN on) (NP (PRP$ your) (NNS hands)))))) (. .) (-DFL- E_S))","133",NA,NA," and  so  then you wind up with little  brats on your hands. ","and/CC so/RB then/RB   you/PRP  wind/VBP up/RP with/IN   little/JJ brats/NNS  on/IN   your/PRP$ hands/NNS  ./."
"94","sw03utt/sw_0308_3646.utt","3/sw3646",3646,93,"qo","A",59,1,"{D Well, } how do you think that that's happened?  /","Well/UH ,/, how/WRB do/VBP  [ you/PRP ] think/VB that/IN  [ that/DT ] 's/HVS happened/VBN ?/.","(SBARQ (INTJ (UH Well)) (, ,) (WHADVP-1 (WRB how)) (SQ (VBP do) (NP-SBJ (PRP you)) (VP (VB think) (SBAR (IN that) (S (NP-SBJ (DT that)) (VP (HVS 's) (VP (VBN happened) (ADVP-MNR (-NONE- *T*-1)))))))) (. ?) (-DFL- E_S))","135",NA,NA," Well,  how do you think that that's happened?  ","Well/UH ,/, how/WRB do/VBP   you/PRP  think/VB that/IN   that/DT  's/HVS happened/VBN ?/."
"95","sw03utt/sw_0308_3646.utt","3/sw3646",3646,94,"sv","A",59,2,"You think our society's just, {F uh, } stopped talking out,  /","[ You/PRP ] think/VBP  [ our/PRP$ society/NN ] 's/HVS just/RB ,/,  [ uh/UH ] ,/, stopped/VBN talking/VBG out/RP ,/,","(S (NP-SBJ (PRP You)) (VP (VBP think) (SBAR (-NONE- 0) (S (NP-SBJ-1 (PRP$ our) (NN society)) (VP (HVS 's) (ADVP (RB just)) (, ,) (INTJ (UH uh)) (, ,) (VP (VBN stopped) (S (NP-SBJ (-NONE- *-1)) (VP (VBG talking) (PRT (RP out))))))))) (, ,) (-DFL- E_S))","136",NA,NA,"You think our society's just,  uh,  stopped talking out,  "," You/PRP  think/VBP   our/PRP$ society/NN  's/HVS just/RB ,/,   uh/UH  ,/, stopped/VBN talking/VBG out/RP ,/,"
"96","sw03utt/sw_0308_3646.utt","3/sw3646",3646,95,"sv","A",59,3,"{C or } this, {F uh } --","or/CC  [ this/DT ] ,/,  [ uh/UH ] --/:","(S (CC or) (NP-SBJ (DT this) (, ,) (INTJ (UH uh)) (NN generation)) (VP (HVS 's) (ADVP (RB just)) (ADVP (RB kind) (RB of)) (VP (VBN changed) (NP-ADV (DT a) (JJ little) (NN bit)) (, ,) (INTJ (UH uh)))) (, ,) (-DFL- E_S))","137",NA,NA," or  this,  uh  ","or/CC   this/DT  ,/,   uh/UH  /:"
"97","sw03utt/sw_0308_3646.utt","3/sw3646",3646,96,"%","B",60,1,"I guess, I, -/","[ I/PRP ] guess/VBP ,/,  [ I/PRP ] ,/,","(S (NP-SBJ (PRP I)) (VP (VBP guess) (, ,) (SBAR (-NONE- 0) (S-UNF (NP-SBJ (PRP I))))) (, ,) (-DFL- N_S))","139",NA,NA,"I guess, I, "," I/PRP  guess/VBP ,/,   I/PRP  ,/,"
"98","sw03utt/sw_0308_3646.utt","3/sw3646",3646,97,"+","A",61,1,"-- generation's just kind of changed a little bit, {F uh, } /","--/:  [ generation/NN 's/HVS just/RB kind/RB ] of/RB changed/VBN  [ a/DT little/JJ bit/NN ] ,/,  [ uh/UH ] ,/,","(S (CC or) (NP-SBJ (DT this) (, ,) (INTJ (UH uh)) (NN generation)) (VP (HVS 's) (ADVP (RB just)) (ADVP (RB kind) (RB of)) (VP (VBN changed) (NP-ADV (DT a) (JJ little) (NN bit)) (, ,) (INTJ (UH uh)))) (, ,) (-DFL- E_S))","137",NA,NA," generation's just kind of changed a little bit,  uh,  ","/:   generation/NN 's/HVS just/RB kind/RB  of/RB changed/VBN   a/DT little/JJ bit/NN  ,/,   uh/UH  ,/,"
"99","sw03utt/sw_0308_3646.utt","3/sw3646",3646,98,"sv","B",62,1,"{D Well, } the world changes,  /","Well/UH ,/,  [ the/DT world/NN changes/VBZ ] ,/,","(S (INTJ (UH Well)) (, ,) (NP-SBJ (DT the) (NN world)) (VP (VBZ changes)) (, ,) (-DFL- E_S))","142",NA,NA," Well,  the world changes,  ","Well/UH ,/,   the/DT world/NN changes/VBZ  ,/,"
"100","sw03utt/sw_0308_3646.utt","3/sw3646",3646,99,"sv","B",62,2,"{C so } {E I mean, }  obviously, kids are not the same now as they used to be. /","so/RB  [ I/PRP ] mean/VBP ,/, obviously/RB ,/,  [ kids/NNS ] are/VBP not/RB  [ the/DT same/JJ ] now/RB as/IN  [ they/PRP ] used/VBD to/TO be/VB ./.","(S (RB so) (PRN (S (NP-SBJ (PRP I)) (VP (VBP mean))) (, ,)) (ADVP (RB obviously)) (, ,) (NP-SBJ (NNS kids)) (VP (VBP are) (RB not) (NP-PRD (NP (DT the) (JJ same)) (SBAR (-NONE- *ICH*-1))) (ADVP-TMP (RB now)) (SBAR-1 (IN as) (S (NP-SBJ-2 (PRP they)) (VP (VBD used) (S (NP-SBJ (-NONE- *-2)) (VP (TO to) (VP (VB be) (NP-PRD (-NONE- *?*))))))))) (. .) (-DFL- E_S))","143",NA,NA," so   I mean,   obviously, kids are not the same now as they used to be. ","so/RB   I/PRP  mean/VBP ,/, obviously/RB ,/,   kids/NNS  are/VBP not/RB   the/DT same/JJ  now/RB as/IN   they/PRP  used/VBD to/TO be/VB ./."
"101","sw03utt/sw_0308_3646.utt","3/sw3646",3646,100,"b","A",63,1,"Right. /","[ Right/UH ] ./.","(INTJ (UH Right) (. .) (-DFL- E_S))","125",NA,NA,"Right. "," Right/UH  ./."
"102","sw03utt/sw_0308_3646.utt","3/sw3646",3646,101,"sv","B",64,1,"{E I mean } they're exposed to a whole lot more things.  /","[ I/PRP ] mean/VBP  [ they/PRP ] 're/VBP exposed/VBN to/IN  [ a/DT whole/JJ lot/NN more/JJR things/NNS ] ./.","(S (PRN (S (NP-SBJ (PRP I)) (VP (VBP mean)))) (NP-SBJ-1 (PRP they)) (VP (VBP 're) (VP (VBN exposed) (NP (-NONE- *-1)) (PP (IN to) (NP (ADJP (NP-ADV (DT a) (JJ whole) (NN lot)) (JJR more)) (NNS things))))) (. .) (-DFL- E_S))","147",NA,NA," I mean  they're exposed to a whole lot more things.  "," I/PRP  mean/VBP   they/PRP  're/VBP exposed/VBN to/IN   a/DT whole/JJ lot/NN more/JJR things/NNS  ./."
"103","sw03utt/sw_0308_3646.utt","3/sw3646",3646,102,"sv","B",64,2,"They have a whole lot more, {F uh, } variety of things [ [ they + they're, ] + that they ]  see and do at an earlier age,  /","[ They/PRP ] have/VBP  [ a/DT whole/JJ lot/NN ] more/JJR ,/,  [ uh/UH ] ,/,  [ variety/NN ] of/IN  [ things/NNS they/PRP ] [ they/PRP ] 're/VBP ,/, that/WDT  [ they/PRP ] see/VBP and/CC do/VBP at/IN  [ an/DT earlier/JJR age/NN ] ,/,","(S (NP-SBJ (PRP They)) (VP (VBP have) (NP (NP (ADJP (NP (DT a) (JJ whole) (NN lot)) (JJR more)) (, ,) (INTJ (UH uh)) (, ,) (NN variety)) (PP (IN of) (NP (NP (NNS things)) (SBAR (EDITED (RM (-DFL- \[)) (EDITED (RM (-DFL- \[)) (NP-SBJ (PRP they)) (IP (-DFL- \+))) (S (NP-SBJ (PRP they)) (VP-UNF (VBP 're))) (, ,) (RS (-DFL- \])) (IP (-DFL- \+))) (WHNP-1 (WDT that)) (S (NP-SBJ (PRP they)) (RS (-DFL- \])) (VP (VBP see) (CC and) (VBP do) (NP (-NONE- *T*-1)) (PP-TMP (IN at) (NP (DT an) (JJR earlier) (NN age)))))))))) (, ,) (-DFL- E_S))","148",NA,NA,"They have a whole lot more,  uh,  variety of things   they  they're,   that they   see and do at an earlier age,  "," They/PRP  have/VBP   a/DT whole/JJ lot/NN  more/JJR ,/,   uh/UH  ,/,   variety/NN  of/IN   things/NNS they/PRP   they/PRP  're/VBP ,/, that/WDT   they/PRP  see/VBP and/CC do/VBP at/IN   an/DT earlier/JJR age/NN  ,/,"
"104","sw03utt/sw_0308_3646.utt","3/sw3646",3646,103,"sv","B",64,3,"{C so } life is not maybe as simple as it was at one time,  /","so/RB  [ life/NN ] is/VBZ not/RB maybe/RB as/RB  [ simple/JJ ] as/IN  [ it/PRP ] was/VBD at/IN  [ one/CD time/NN ] ,/,","(S (RB so) (NP-SBJ (NN life)) (VP (VBZ is) (RB not) (ADVP (RB maybe)) (ADJP-PRD (ADJP (RB as) (JJ simple)) (SBAR (IN as) (S (NP-SBJ (PRP it)) (VP (VBD was) (ADJP-PRD (-NONE- *?*)) (PP-TMP (IN at) (NP (CD one) (NN time)))))))) (, ,) (-DFL- E_S))","149",NA,NA," so  life is not maybe as simple as it was at one time,  ","so/RB   life/NN  is/VBZ not/RB maybe/RB as/RB   simple/JJ  as/IN   it/PRP  was/VBD at/IN   one/CD time/NN  ,/,"
"105","sw03utt/sw_0308_3646.utt","3/sw3646",3646,104,"sv","B",64,4,"[ {C but, }  + {C but } ] still, I think it goes back to a commitment by the parents [ to, + to ]  teach, {F uh, } basic values and basic, {F uh, } respectful [ of, + {F uh, } -ness ]  of authority. /","but/CC ,/, but/CC still/RB ,/,  [ I/PRP ] think/VBP  [ it/PRP ] goes/VBZ back/RB to/IN  [ a/DT commitment/NN ] by/IN  [ the/DT parents/NNS ] to/TO ,/, to/TO teach/VB ,/,  [ uh/UH ] ,/,  [ basic/JJ values/NNS ] and/CC  [ basic/JJ ] ,/,  [ uh/UH ] ,/,  [ respectful/JJ ] of/IN ,/,  [ uh/UH ] ,/,  [ -ness/NN ] of/IN  [ authority/NN ] ./.","(S (EDITED (RM (-DFL- \[)) (CC but) (, ,) (IP (-DFL- \+))) (CC but) (RS (-DFL- \])) (INTJ (RB still)) (, ,) (NP-SBJ (PRP I)) (VP (VBP think) (SBAR (-NONE- 0) (S (NP-SBJ (PRP it)) (VP (VBZ goes) (ADVP (RB back)) (PP (IN to) (NP (NP (DT a) (NN commitment)) (PP (IN by) (NP-1 (DT the) (NNS parents))) (S (NP-SBJ (-NONE- *-1)) (EDITED (RM (-DFL- \[)) (VP-UNF (TO to)) (, ,) (IP (-DFL- \+))) (VP (TO to) (RS (-DFL- \])) (VP (VB teach) (, ,) (INTJ (UH uh)) (, ,) (NP (NP (JJ basic) (NNS values)) (CC and) (NP (NP (JJ basic) (, ,) (INTJ (UH uh)) (, ,) (JJ respectful) (EDITED (RM (-DFL- \[)) (PP-UNF (IN of)) (, ,) (IP (-DFL- \+))) (INTJ (UH uh)) (, ,) (NN -ness)) (RS (-DFL- \])) (PP (IN of) (NP (NN authority)))))))))))))) (. .) (-DFL- E_S))","150",NA,NA,"  but,     but   still, I think it goes back to a commitment by the parents  to,  to   teach,  uh,  basic values and basic,  uh,  respectful  of,   uh,  ness   of authority. ","but/CC ,/, but/CC still/RB ,/,   I/PRP  think/VBP   it/PRP  goes/VBZ back/RB to/IN   a/DT commitment/NN  by/IN   the/DT parents/NNS  to/TO ,/, to/TO teach/VB ,/,   uh/UH  ,/,   basic/JJ values/NNS  and/CC   basic/JJ  ,/,   uh/UH  ,/,   respectful/JJ  of/IN ,/,   uh/UH  ,/,   ness/NN  of/IN   authority/NN  ./."
"106","sw03utt/sw_0308_3646.utt","3/sw3646",3646,105,"b","A",65,1,"Right. /","[ Right/UH ] ./.","(INTJ (UH Right) (. .) (-DFL- E_S))","125",NA,NA,"Right. "," Right/UH  ./."
"107","sw03utt/sw_0308_3646.utt","3/sw3646",3646,106,"sv","B",66,1,"{C And } I just don't think that this --","And/CC  [ I/PRP ] just/RB do/VBP n't/RB think/VB that/IN  [ this/DT ] --/:","(S (CC And) (NP-SBJ (PRP I)) (ADVP (RB just)) (VP (VBP do) (RB n't) (VP (VB think) (SBAR (IN that) (S (NP-SBJ-1 (DT this)) (VP (VBZ does) (RB n't) (ADVP-TMP (RB always)) (VP (VB get) (VP (VBN emphasized) (NP (-NONE- *-1)) (ADVP-TMP (RB anymore)) (, ,) (INTJ (UH uh))))))))) (, ,) (-DFL- E_S))","154",NA,NA," And  I just don't think that this ","And/CC   I/PRP  just/RB do/VBP n't/RB think/VB that/IN   this/DT  /:"
"108","sw03utt/sw_0308_3646.utt","3/sw3646",3646,107,"^2","A",67,1,"# That just isn't coming through # --","That/DT just/RB is/VBZ n't/RB coming/VBG through/RB --/:","(SQ (S (NP-SBJ (DT That)) (ADVP (RB just)) (VP (VBZ is) (RB n't) (VP (VBG coming) (ADVP (RB through))))) (SQ (VBZ is) (NP-SBJ (PRP it)) (VP (-NONE- *?*))) (. .) (-DFL- E_S))","156",NA,NA,"# That just isn't coming through # ","That/DT just/RB is/VBZ n't/RB coming/VBG through/RB /:"
"109","sw03utt/sw_0308_3646.utt","3/sw3646",3646,108,"+","B",68,1,"-- # doesn't always get emphasized # --","--/: does/VBZ n't/RB always/RB get/VB emphasized/VBN --/:","(S (CC And) (NP-SBJ (PRP I)) (ADVP (RB just)) (VP (VBP do) (RB n't) (VP (VB think) (SBAR (IN that) (S (NP-SBJ-1 (DT this)) (VP (VBZ does) (RB n't) (ADVP-TMP (RB always)) (VP (VB get) (VP (VBN emphasized) (NP (-NONE- *-1)) (ADVP-TMP (RB anymore)) (, ,) (INTJ (UH uh))))))))) (, ,) (-DFL- E_S))","154",NA,NA," # doesn't always get emphasized # ","/: does/VBZ n't/RB always/RB get/VB emphasized/VBN /:"
"110","sw03utt/sw_0308_3646.utt","3/sw3646",3646,109,"+","A",69,1,"-- is it. /","--/: is/VBZ  [ it/PRP ] ./.","(SQ (S (NP-SBJ (DT That)) (ADVP (RB just)) (VP (VBZ is) (RB n't) (VP (VBG coming) (ADVP (RB through))))) (SQ (VBZ is) (NP-SBJ (PRP it)) (VP (-NONE- *?*))) (. .) (-DFL- E_S))","156",NA,NA," is it. ","/: is/VBZ   it/PRP  ./."
"111","sw03utt/sw_0308_3646.utt","3/sw3646",3646,110,"+","B",70,1,"-- anymore, {F uh, } /","--/: anymore/RB ,/,  [ uh/UH ] ,/,","(S (CC And) (NP-SBJ (PRP I)) (ADVP (RB just)) (VP (VBP do) (RB n't) (VP (VB think) (SBAR (IN that) (S (NP-SBJ-1 (DT this)) (VP (VBZ does) (RB n't) (ADVP-TMP (RB always)) (VP (VB get) (VP (VBN emphasized) (NP (-NONE- *-1)) (ADVP-TMP (RB anymore)) (, ,) (INTJ (UH uh))))))))) (, ,) (-DFL- E_S))","154",NA,NA," anymore,  uh,  ","/: anymore/RB ,/,   uh/UH  ,/,"
"112","sw03utt/sw_0308_3646.utt","3/sw3646",3646,111,"aa","A",71,1,"No.  /","[ No/UH ] ./.","(INTJ (UH No) (. .) (-DFL- E_S))","161",NA,NA,"No.  "," No/UH  ./."
"113","sw03utt/sw_0308_3646.utt","3/sw3646",3646,112,"sd","A",71,2,"{E I mean, } I remember, {F uh, } {D well, } it was a  big thing when they let girls wear Levi's.  /","[ I/PRP ] mean/VBP ,/,  [ I/PRP ] remember/VBP ,/,  [ uh/UH ] ,/, well/UH ,/,  [ it/PRP ] was/VBD  [ a/DT big/JJ thing/NN ] when/WRB  [ they/PRP ] let/VBP  [ girls/NNS ] wear/VB  [ Levi/NNP 's/POS ] ./.","(S (PRN (S (NP-SBJ (PRP I)) (VP (VBP mean))) (, ,)) (NP-SBJ (PRP I)) (VP (VBP remember) (, ,) (INTJ (UH uh)) (, ,) (INTJ (UH well)) (, ,) (SBAR (-NONE- 0) (S (NP-SBJ (PRP it)) (VP (VBD was) (NP-PRD (DT a) (JJ big) (NN thing)) (SBAR-TMP (WHADVP-2 (WRB when)) (S (NP-SBJ (PRP they)) (VP (VBP let) (S (NP-SBJ (NNS girls)) (VP (VB wear) (NP (NNP Levi) (POS 's)) (ADVP-TMP (-NONE- *T*-2))))))))))) (. .) (-DFL- E_S))","162",NA,NA," I mean,  I remember,  uh,   well,  it was a  big thing when they let girls wear Levi's.  "," I/PRP  mean/VBP ,/,   I/PRP  remember/VBP ,/,   uh/UH  ,/, well/UH ,/,   it/PRP  was/VBD   a/DT big/JJ thing/NN  when/WRB   they/PRP  let/VBP   girls/NNS  wear/VB   Levi/NNP 's/POS  ./."
"114","sw03utt/sw_0308_3646.utt","3/sw3646",3646,113,"sd","A",71,3,"We used to have to wear --","[ We/PRP ] used/VBD to/TO have/VB to/TO wear/VB --/:","(S (NP-SBJ-1 (PRP We)) (VP (VBD used) (S (NP-SBJ-2 (-NONE- *-1)) (VP (TO to) (VP (VB have) (S (NP-SBJ (-NONE- *-2)) (VP (TO to) (VP (VB wear) (NP (NNS dresses))))))))) (-DFL- E_S))","163",NA,NA,"We used to have to wear "," We/PRP  used/VBD to/TO have/VB to/TO wear/VB /:"
"115","sw03utt/sw_0308_3646.utt","3/sw3646",3646,114,"aa","B",72,1,"Yeah,  /","Yeah/UH ,/,","(INTJ (UH Yeah) (, ,) (-DFL- E_S))","165",NA,NA,"Yeah,  ","Yeah/UH ,/,"
"116","sw03utt/sw_0308_3646.utt","3/sw3646",3646,115,"qy^g","B",72,2,"had to wear --","had/VBD to/TO wear/VB --/:","(SQ (S (NP-SBJ-1 (-NONE- *)) (VP (VBD had) (S (NP-SBJ (-NONE- *-1)) (VP (TO to) (VP (VB wear) (NP (NNS dresses))))))) (, ,) (SQ (VBD did) (RB n't) (NP-SBJ (PRP you))) (. ?) (-DFL- E_S))","166",NA,NA,"had to wear ","had/VBD to/TO wear/VB /:"
"117","sw03utt/sw_0308_3646.utt","3/sw3646",3646,116,"+","A",73,1,"-- dresses -- /","--/:  [ dresses/NNS ] --/:","(S (NP-SBJ-1 (PRP We)) (VP (VBD used) (S (NP-SBJ-2 (-NONE- *-1)) (VP (TO to) (VP (VB have) (S (NP-SBJ (-NONE- *-2)) (VP (TO to) (VP (VB wear) (NP (NNS dresses))))))))) (-DFL- E_S))","163",NA,NA," dresses  ","/:   dresses/NNS  /:"
"118","sw03utt/sw_0308_3646.utt","3/sw3646",3646,117,"+","B",74,1,"-- dresses, didn't you? /","--/:  [ dresses/NNS ] ,/, did/VBD n't/RB  [ you/PRP ] ?/.","(SQ (S (NP-SBJ-1 (-NONE- *)) (VP (VBD had) (S (NP-SBJ (-NONE- *-1)) (VP (TO to) (VP (VB wear) (NP (NNS dresses))))))) (, ,) (SQ (VBD did) (RB n't) (NP-SBJ (PRP you))) (. ?) (-DFL- E_S))","166",NA,NA," dresses, didn't you? ","/:   dresses/NNS  ,/, did/VBD n't/RB   you/PRP  ?/."
"119","sw03utt/sw_0308_3646.utt","3/sw3646",3646,118,"sd","A",75,1,"-- {C and  then } you had to, [ a-, + go ] to dresses,  /","--/: and/CC then/RB  [ you/PRP ] had/VBD to/TO ,/,  [ a-/XX ] ,/, go/VB to/IN  [ dresses/NNS ] ,/,","(S (CONJP (CC and) (RB then)) (NP-SBJ-1 (PRP you)) (VP (VBD had) (S (NP-SBJ (-NONE- *-1)) (VP (TO to) (, ,) (EDITED (RM (-DFL- \[)) (X (XX a-)) (, ,) (IP (-DFL- \+))) (VP (VB go) (RS (-DFL- \])) (PP (IN to) (NP (NNS dresses))))))) (, ,) (-DFL- E_S))","170",NA,NA,"  and  then  you had to,  a,  go  to dresses,  ","/: and/CC then/RB   you/PRP  had/VBD to/TO ,/,   a/XX  ,/, go/VB to/IN   dresses/NNS  ,/,"
"120","sw03utt/sw_0308_3646.utt","3/sw3646",3646,119,"sd","A",75,2,"they had to be a pantsuit  /","[ they/PRP ] had/VBD to/TO be/VB  [ a/DT pantsuit/NN ]","(S (NP-SBJ-1 (PRP they)) (VP (VBD had) (S (NP-SBJ (-NONE- *-1)) (VP (TO to) (VP (VB be) (NP-PRD (DT a) (NN pantsuit)))))) (-DFL- E_S))","171",NA,NA,"they had to be a pantsuit  "," they/PRP  had/VBD to/TO be/VB   a/DT pantsuit/NN "
"121","sw03utt/sw_0308_3646.utt","3/sw3646",3646,120,"sd","A",75,3,"{C and } it was polyester  /","and/CC  [ it/PRP ] was/VBD  [ polyester/NN ]","(S (CC and) (NP-SBJ (PRP it)) (VP (VBD was) (NP-PRD (NN polyester))) (-DFL- E_S))","172",NA,NA," and  it was polyester  ","and/CC   it/PRP  was/VBD   polyester/NN "
"122","sw03utt/sw_0308_3646.utt","3/sw3646",3646,121,"sd","A",75,4,"{C and } it had to be matching  /","and/CC  [ it/PRP ] had/VBD to/TO be/VB matching/VBG","(S (CC and) (NP-SBJ-1 (PRP it)) (VP (VBD had) (S (NP-SBJ (-NONE- *-1)) (VP (TO to) (VP (VB be) (ADJP-PRD (VBG matching)))))) (-DFL- E_S))","173",NA,NA," and  it had to be matching  ","and/CC   it/PRP  had/VBD to/TO be/VB matching/VBG"
"123","sw03utt/sw_0308_3646.utt","3/sw3646",3646,122,"%","A",75,5,"{C and, } -/","and/CC ,/,","(S-UNF (CC and) (, ,) (-DFL- N_S))","174",NA,NA," and,  ","and/CC ,/,"
"124","sw03utt/sw_0308_3646.utt","3/sw3646",3646,123,"sd","B",76,1,"{C And } when it was skirts, it was {D like, }   get down on the floor  /","And/CC when/WRB  [ it/PRP ] was/VBD skirts/NNS ,/,  [ it/PRP ] was/VBD like/IN ,/, get/VB down/RB on/IN  [ the/DT floor/NN ]","(S (CC And) (SBAR-TMP (WHADVP-1 (WRB when)) (S (NP-SBJ (PRP it)) (VP (VBD was) (NP-PRD (NNS skirts)) (ADVP-TMP (-NONE- *T*-1))))) (, ,) (NP-SBJ (PRP it)) (VP (VBD was) (INTJ (UH like)) (, ,) (S-IMP-SEZ (NP-SBJ (-NONE- *)) (VP (VB get) (PP (RB down) (PP (IN on) (NP (DT the) (NN floor))))))) (-DFL- E_S))","176",NA,NA," And  when it was skirts, it was  like,    get down on the floor  ","And/CC when/WRB   it/PRP  was/VBD skirts/NNS ,/,   it/PRP  was/VBD like/IN ,/, get/VB down/RB on/IN   the/DT floor/NN "
"125","sw03utt/sw_0308_3646.utt","3/sw3646",3646,124,"sd","B",76,2,"{C and } we hold the ruler up here -- /","and/CC  [ we/PRP ] hold/VBP  [ the/DT ruler/NN ] up/IN here/RB --/:","(S (CC and) (NP-SBJ (PRP we)) (VP (VBP hold) (NP (DT the) (NN ruler)) (PP-LOC (IN up) (ADVP (RB here)))) (-DFL- E_S))","177",NA,NA," and  we hold the ruler up here  ","and/CC   we/PRP  hold/VBP   the/DT ruler/NN  up/IN here/RB /:"
"126","sw03utt/sw_0308_3646.utt","3/sw3646",3646,125,"aa","A",77,1,"Yes. /","Yes/UH ./.","(INTJ (UH Yes) (. .) (-DFL- E_S))","179",NA,NA,"Yes. ","Yes/UH ./."
"127","sw03utt/sw_0308_3646.utt","3/sw3646",3646,126,"sd","B",78,1,"-- {C and } it's no --","--/: and/CC  [ it/PRP ] 's/BES no/DT --/:","(S (CC and) (NP-SBJ (PRP it)) (VP (BES 's) (NP-PRD (NP (ADJP (ADJP (DT no) (RBR more)) (PP (IN than) (ADJP (RB so) (JJ many)))) (NNS inches)) (PP-LOC (IN above) (NP (DT the) (NN knee))))) (. .) (-DFL- E_S))","181",NA,NA,"  and  it's no ","/: and/CC   it/PRP  's/BES no/DT /:"
"128","sw03utt/sw_0308_3646.utt","3/sw3646",3646,127,"aa","A",79,1,"Exactly. /","Exactly/UH ./.","(INTJ (UH Exactly) (. .) (-DFL- E_S))","183",NA,NA,"Exactly. ","Exactly/UH ./."
"129","sw03utt/sw_0308_3646.utt","3/sw3646",3646,128,"+","B",80,1,"-- more than so many inches above the knee <laughter>. /","--/: more/RBR than/IN  [ so/RB many/JJ inches/NNS ] above/IN  [ the/DT knee/NN ] ./.","(S (CC and) (NP-SBJ (PRP it)) (VP (BES 's) (NP-PRD (NP (ADJP (ADJP (DT no) (RBR more)) (PP (IN than) (ADJP (RB so) (JJ many)))) (NNS inches)) (PP-LOC (IN above) (NP (DT the) (NN knee))))) (. .) (-DFL- E_S))","181",NA,NA," more than so many inches above the knee laughter. ","/: more/RBR than/IN   so/RB many/JJ inches/NNS  above/IN   the/DT knee/NN  ./."
"130","sw03utt/sw_0308_3646.utt","3/sw3646",3646,129,"aa","A",81,1,"Yes. /","Yes/UH ./.","(INTJ (UH Yes) (. .) (-DFL- E_S))","179",NA,NA,"Yes. ","Yes/UH ./."
"131","sw03utt/sw_0308_3646.utt","3/sw3646",3646,130,"sd","B",82,1,"{C Because } it was mini skirt time back there at one time. /","Because/IN  [ it/PRP ] was/VBD  [ mini/GW ] skirt/^NN  [ time/NN ] back/RB there/RB at/IN  [ one/CD time/NN ] ./.","(SBAR-PRP (IN Because) (S (NP-SBJ (PRP it)) (VP (VBD was) (NP-PRD (TYPO (GW mini) (^NN skirt)) (NN time)) (ADVP (RB back) (RB there)) (PP-TMP (IN at) (NP (CD one) (NN time))))) (. .) (-DFL- E_S))","188",NA,NA," Because  it was mini skirt time back there at one time. ","Because/IN   it/PRP  was/VBD   mini/GW  skirt/^NN   time/NN  back/RB there/RB at/IN   one/CD time/NN  ./."
"132","sw03utt/sw_0308_3646.utt","3/sw3646",3646,131,"aa","A",83,1,"Yes,  /","Yes/UH ,/,","(INTJ (UH Yes) (, ,) (-DFL- E_S))","190",NA,NA,"Yes,  ","Yes/UH ,/,"
"133","sw03utt/sw_0308_3646.utt","3/sw3646",3646,132,"sv","A",83,2,"{C so } it's really changed.  /","so/RB  [ it/PRP ] 's/HVS really/RB changed/VBN ./.","(S (RB so) (NP-SBJ (PRP it)) (VP (HVS 's) (ADVP (RB really)) (VP (VBN changed))) (. .) (-DFL- E_S))","191",NA,NA," so  it's really changed.  ","so/RB   it/PRP  's/HVS really/RB changed/VBN ./."
"134","sw03utt/sw_0308_3646.utt","3/sw3646",3646,133,"sv","A",83,3,"It's, {F uh, } really kind of <throat_clearing> gone the rounds,  /","[ It/PRP ] [ 's/HVS ] ,/,  [ uh/UH ] ,/, really/RB  [ kind/RB ] of/RB gone/VBN  [ the/DT rounds/NNS ] ,/,","(S (NP-SBJ (PRP It)) (VP (HVS 's) (, ,) (INTJ (UH uh)) (, ,) (ADVP (RB really)) (ADVP (RB kind) (RB of)) (VP (VBN gone) (NP (DT the) (NNS rounds)))) (, ,) (-DFL- E_S))","192",NA,NA,"It's,  uh,  really kind of throat_clearing gone the rounds,  "," It/PRP   's/HVS  ,/,   uh/UH  ,/, really/RB   kind/RB  of/RB gone/VBN   the/DT rounds/NNS  ,/,"
"135","sw03utt/sw_0308_3646.utt","3/sw3646",3646,134,"sv","A",83,4,"{C so } I think that maybe that's effected  it to some degree.  /","so/RB  [ I/PRP ] think/VBP that/IN maybe/RB  [ that/DT ] 's/HVS effected/VBN  [ it/PRP ] to/IN  [ some/DT degree/NN ] ./.","(S (RB so) (NP-SBJ (PRP I)) (VP (VBP think) (SBAR (IN that) (S (ADVP (RB maybe)) (NP-SBJ (DT that)) (VP (HVS 's) (VP (TYPO (VBN effected)) (NP (PRP it)) (PP (IN to) (NP (DT some) (NN degree)))))))) (. .) (-DFL- E_S))","193",NA,NA," so  I think that maybe that's effected  it to some degree.  ","so/RB   I/PRP  think/VBP that/IN maybe/RB   that/DT  's/HVS effected/VBN   it/PRP  to/IN   some/DT degree/NN  ./."
"136","sw03utt/sw_0308_3646.utt","3/sw3646",3646,135,"sd","A",83,5,"They say you kind of act how you're dressed a little bit,  /","[ They/PRP ] say/VBP  [ you/PRP ] [ kind/RB ] of/RB  [ act/VBP ] how/WRB  [ you/PRP ] 're/VBP dressed/VBN  [ a/DT little/JJ bit/NN ] ,/,","(S (NP-SBJ (PRP They)) (VP (VBP say) (SBAR (-NONE- 0) (S (NP-SBJ (PRP you)) (ADVP (RB kind) (RB of)) (VP (VBP act) (SBAR-MNR (WHADVP-2 (WRB how)) (S (NP-SBJ-1 (PRP you)) (VP (VBP 're) (VP (VBN dressed) (NP (-NONE- *-1)) (ADVP-MNR (-NONE- *T*-2)) (NP-ADV (DT a) (JJ little) (NN bit)))))))))) (, ,) (-DFL- E_S))","194",NA,NA,"They say you kind of act how you're dressed a little bit,  "," They/PRP  say/VBP   you/PRP   kind/RB  of/RB   act/VBP  how/WRB   you/PRP  're/VBP dressed/VBN   a/DT little/JJ bit/NN  ,/,"
"137","sw03utt/sw_0308_3646.utt","3/sw3646",3646,136,"%","A",83,6,"{C so } I, -/","so/RB  [ I/PRP ] ,/,","(S-UNF (RB so) (NP-SBJ (PRP I)) (, ,) (-DFL- N_S))","195",NA,NA," so  I, ","so/RB   I/PRP  ,/,"
"138","sw03utt/sw_0308_3646.utt","3/sw3646",3646,137,"aa","B",84,1,"Yeah,  /","[ Yeah/UH ] ,/,","(INTJ (UH Yeah) (, ,) (-DFL- E_S))","165",NA,NA,"Yeah,  "," Yeah/UH  ,/,"
"139","sw03utt/sw_0308_3646.utt","3/sw3646",3646,138,"aa","B",84,2,"I think that probably does [  have, + have ] something  to do with it,  /","[ I/PRP ] think/VBP  [ that/DT ] probably/RB does/VBZ have/VB ,/, have/VB  [ something/NN ] to/TO do/VB with/IN  [ it/PRP ] ,/,","(S (NP-SBJ (PRP I)) (VP (VBP think) (SBAR (-NONE- 0) (S (NP-SBJ (DT that)) (ADVP (RB probably)) (VP (VBZ does) (EDITED (RM (-DFL- \[)) (VP-UNF (VB have)) (, ,) (IP (-DFL- \+))) (VP (VB have) (RS (-DFL- \])) (NP (NP (NN something)) (SBAR (WHNP-1 (-NONE- 0)) (S (NP-SBJ (-NONE- *T*-1)) (VP (TO to) (VP (VB do) (PP (IN with) (NP (PRP it))))))))))))) (, ,) (-DFL- E_S))","198",NA,NA,"I think that probably does   have,  have  something  to do with it,  "," I/PRP  think/VBP   that/DT  probably/RB does/VBZ have/VB ,/, have/VB   something/NN  to/TO do/VB with/IN   it/PRP  ,/,"
"140","sw03utt/sw_0308_3646.utt","3/sw3646",3646,139,"%","B",84,3,"{C and } it's also, -/","and/CC  [ it/PRP ] 's/BES also/RB ,/,","(S (CC and) (NP-SBJ (PRP it)) (VP-UNF (BES 's) (ADVP (RB also))) (, ,) (-DFL- N_S))","199",NA,NA," and  it's also, ","and/CC   it/PRP  's/BES also/RB ,/,"
"141","sw03utt/sw_0308_3646.utt","3/sw3646",3646,140,"qy","A",85,1,"[ Do, + {F uh, } does ] this school your son  goes to, do they, {F uh, } [ re-, + require ] to wear a uniform  /","Do/VB ,/,  [ uh/UH ] ,/, does/VBZ  [ this/DT school/NN your/PRP$ son/NN ] goes/VBZ to/IN ,/, do/VBP  [ they/PRP ] ,/,  [ uh/UH ] ,/,  [ re-/XX ] ,/, require/VB to/TO wear/VB  [ a/DT uniform/NN ]","(SQ (EDITED (RM (-DFL- \[)) (SQ-UNF (VB Do)) (, ,) (IP (-DFL- \+))) (INTJ (UH uh)) (, ,) (EDITED (SQ-UNF (VBZ does))) (RS (-DFL- \])) (NP-TPC (NP (DT this) (NN school)) (SBAR (WHNP-1 (-NONE- 0)) (S (NP-SBJ (PRP$ your) (NN son)) (VP (VBZ goes) (PP (IN to) (NP (-NONE- *T*-1))))))) (, ,) (VBP do) (NP-SBJ (PRP they)) (, ,) (INTJ (UH uh)) (, ,) (EDITED (RM (-DFL- \[)) (VP-UNF (XX re-)) (, ,) (IP (-DFL- \+))) (VP (VB require) (RS (-DFL- \])) (S (NP-SBJ (-NONE- *)) (VP (TO to) (VP (VB wear) (NP (DT a) (NN uniform)))))) (-DFL- E_S))","201",NA,NA," Do,   uh,  does  this school your son  goes to, do they,  uh,   re,  require  to wear a uniform  ","Do/VB ,/,   uh/UH  ,/, does/VBZ   this/DT school/NN your/PRP$ son/NN  goes/VBZ to/IN ,/, do/VBP   they/PRP  ,/,   uh/UH  ,/,   re/XX  ,/, require/VB to/TO wear/VB   a/DT uniform/NN "
"142","sw03utt/sw_0308_3646.utt","3/sw3646",3646,141,"%","A",85,2,"{C or, } -/","or/CC ,/,","(S-UNF (CC or) (, ,) (-DFL- N_S))","202",NA,NA," or,  ","or/CC ,/,"
"143","sw03utt/sw_0308_3646.utt","3/sw3646",3646,142,"nn","B",86,1,"No,  /","No/UH ,/,","(INTJ (UH No) (, ,) (-DFL- E_S))","204",NA,NA,"No,  ","No/UH ,/,"
"144","sw03utt/sw_0308_3646.utt","3/sw3646",3646,143,"sd^e","B",86,2,"they do not do uniforms, although one,  where he was between {D like } second and eighth grade --","[ they/PRP ] do/VBP not/RB do/VB  [ uniforms/NNS ] ,/, although/IN  [ one/CD ] ,/, where/WRB  [ he/PRP ] was/VBD between/IN like/UH  [ second/JJ ] and/CC  [ eighth/JJ grade/NN ] --/:","(S (NP-SBJ (PRP they)) (VP (VBP do) (RB not) (VP (VB do) (NP (NNS uniforms)) (, ,) (SBAR-ADV (IN although) (S (NP-SBJ (NP (CD one)) (, ,) (SBAR (WHADVP-1 (WRB where)) (S (NP-SBJ (PRP he)) (VP (VBD was) (ADVP-LOC-PRD (-NONE- *T*-1)) (PP-TMP (IN between) (INTJ (UH like)) (NP (JJ second) (CC and) (JJ eighth) (NN grade))))))) (VP (VBD did)))))) (. .) (-DFL- E_S))","205",NA,NA,"they do not do uniforms, although one,  where he was between  like  second and eighth grade "," they/PRP  do/VBP not/RB do/VB   uniforms/NNS  ,/, although/IN   one/CD  ,/, where/WRB   he/PRP  was/VBD between/IN like/UH   second/JJ  and/CC   eighth/JJ grade/NN  /:"
"145","sw03utt/sw_0308_3646.utt","3/sw3646",3646,144,"b","A",87,1,"Uh-huh. /","[ Uh-huh/UH ] ./.","(INTJ (UH Uh-huh) (. .) (-DFL- E_S))","207",NA,NA,"Uhhuh. "," Uhhuh/UH  ./."
"146","sw03utt/sw_0308_3646.utt","3/sw3646",3646,145,"+","B",88,1,"-- did. /","--/: did/VBD ./.","(S (NP-SBJ (PRP they)) (VP (VBP do) (RB not) (VP (VB do) (NP (NNS uniforms)) (, ,) (SBAR-ADV (IN although) (S (NP-SBJ (NP (CD one)) (, ,) (SBAR (WHADVP-1 (WRB where)) (S (NP-SBJ (PRP he)) (VP (VBD was) (ADVP-LOC-PRD (-NONE- *T*-1)) (PP-TMP (IN between) (INTJ (UH like)) (NP (JJ second) (CC and) (JJ eighth) (NN grade))))))) (VP (VBD did)))))) (. .) (-DFL- E_S))","205",NA,NA," did. ","/: did/VBD ./."
"147","sw03utt/sw_0308_3646.utt","3/sw3646",3646,146,"b","A",89,1,"Yeah,  /","Yeah/UH ,/,","(INTJ (UH Yeah) (, ,) (-DFL- E_S))","197",NA,NA,"Yeah,  ","Yeah/UH ,/,"
"148","sw03utt/sw_0308_3646.utt","3/sw3646",3646,147,"%","A",89,2,"there are quite a few of your s-, -/","[ there/EX ] are/VBP quite/PDT  [ a/DT few/JJ ] of/IN  [ your/PRP$ s-/XX ] ,/,","(S (NP-SBJ (EX there)) (VP (VBP are) (NP-PRD (NP (PDT quite) (DT a) (JJ few)) (PP (IN of) (NP-UNF (PRP$ your) (XX s-))))) (, ,) (-DFL- N_S))","211",NA,NA,"there are quite a few of your s, "," there/EX  are/VBP quite/PDT   a/DT few/JJ  of/IN   your/PRP$ s/XX  ,/,"
