"","swda_filename","ptb_basename","conversation_no","transcript_index","act_tag","caller","turn_index","subutterance_index","text","pos","trees","ptb_treenumbers","start_turn","end_turn","newtext","newpos"
"1","sw03utt/sw_0371_3688.utt","3/sw3688",3688,0,"o","A",1,1,"Okay, {F um, }  /","Okay/UH ,/, um/UH ,/,","(INTJ (INTJ (UH Okay)) (, ,) (INTJ (UH um)) (, ,) (-DFL- E_S))","1",0.021,2.716,"Okay,  um,   ","Okay/UH ,/, um/UH ,/,"
"2","sw03utt/sw_0371_3688.utt","3/sw3688",3688,1,"qy","A",1,2,"do you have any pets now? /","do/VBP  [ you/PRP ] have/VB  [ any/DT pets/NNS ] now/RB ?/.","(SQ (VBP do) (NP-SBJ (PRP you)) (VP (VB have) (NP (DT any) (NNS pets)) (ADVP-TMP (RB now))) (. ?) (-DFL- E_S))","2",0.021,2.716,"do you have any pets now? ","do/VBP   you/PRP  have/VB   any/DT pets/NNS  now/RB ?/."
"3","sw03utt/sw_0371_3688.utt","3/sw3688",3688,2,"ng","B",2,1,"{D Well, } we don't right now,  /","Well/UH ,/,  [ we/PRP ] do/VBP n't/RB right/RB now/RB ,/,","(S (INTJ (UH Well)) (, ,) (NP-SBJ (PRP we)) (VP (VBP do) (RB n't) (ADVP-TMP (RB right) (RB now))) (, ,) (-DFL- E_S))","4",3.234625,8.644875," Well,  we don't right now,  ","Well/UH ,/,   we/PRP  do/VBP n't/RB right/RB now/RB ,/,"
"4","sw03utt/sw_0371_3688.utt","3/sw3688",3688,3,"nn","B",2,2,"no.  /","no/UH ./.","(INTJ (UH no) (. .) (-DFL- E_S))","5",3.234625,8.644875,"no.  ","no/UH ./."
"5","sw03utt/sw_0371_3688.utt","3/sw3688",3688,4,"%","B",2,3,"We've,  {F uh, } - /","[ We/PRP ] 've/VBP ,/,  [ uh/UH ] ,/,","(S (NP-SBJ (PRP We)) (VP-UNF (VBP 've) (, ,) (INTJ (UH uh))) (, ,) (-DFL- N_S))","6",3.234625,8.644875,"We've,   uh,   "," We/PRP  've/VBP ,/,   uh/UH  ,/,"
"6","sw03utt/sw_0371_3688.utt","3/sw3688",3688,5,"sd^e","B",2,4,"I grew up","[ I/PRP ] grew/VBD up/RP","(S (NP-SBJ (PRP I)) (VP (VBD grew) (PRT (RP up)) (EDITED (RM (-DFL- \[)) (PP-UNF (IN with)) (, ,) (IP (-DFL- \+))) (INTJ (UH uh)) (, ,) (PP (IN with) (RS (-DFL- \])) (NP (NNS pets)))) (. .) (-DFL- E_S))","7",3.234625,8.644875,"I grew up"," I/PRP  grew/VBD up/RP"
"7","sw03utt/sw_0371_3688.utt","3/sw3688.pos",3688,6,"x","A",3,1,"<Baby_talking>.","./.","","",NA,NA,"Baby_talking.","./."
"8","sw03utt/sw_0371_3688.utt","3/sw3688",3688,7,"+","B",4,1,"[ with, + {F uh, } with ] pets.  /","with/IN ,/,  [ uh/UH ] ,/, with/IN  [ pets/NNS ] ./.","(S (NP-SBJ (PRP I)) (VP (VBD grew) (PRT (RP up)) (EDITED (RM (-DFL- \[)) (PP-UNF (IN with)) (, ,) (IP (-DFL- \+))) (INTJ (UH uh)) (, ,) (PP (IN with) (RS (-DFL- \])) (NP (NNS pets)))) (. .) (-DFL- E_S))","7",8.644875,12.264875," with,   uh,  with  pets.  ","with/IN ,/,   uh/UH  ,/, with/IN   pets/NNS  ./."
"9","sw03utt/sw_0371_3688.utt","3/sw3688",3688,8,"sd","B",4,2,"My folks and I always had a  dog and a cat,","[ My/PRP$ folks/NNS ] and/CC  [ I/PRP ] always/RB had/VBD  [ a/DT dog/NN ] and/CC  [ a/DT cat/NN ] ,/,","(S (NP-SBJ (NP (PRP$ My) (NNS folks)) (CC and) (NP (PRP I))) (ADVP-TMP (RB always)) (VP (VBD had) (NP (NP (DT a) (NN dog)) (CC and) (NP (DT a) (NN cat)) (, ,) (NP (DT some) (, ,) (NNS birds)))) (, ,) (-DFL- E_S))","10",8.644875,12.264875,"My folks and I always had a  dog and a cat,"," My/PRP$ folks/NNS  and/CC   I/PRP  always/RB had/VBD   a/DT dog/NN  and/CC   a/DT cat/NN  ,/,"
"10","sw03utt/sw_0371_3688.utt","3/sw3688.pos",3688,9,"x","A",5,1,"</Baby_talking>.","./.","","",NA,NA,"Baby_talking.","./."
"11","sw03utt/sw_0371_3688.utt","3/sw3688",3688,10,"+","B",6,1,"# some, #","[ some/DT ] ,/,","(S (NP-SBJ (NP (PRP$ My) (NNS folks)) (CC and) (NP (PRP I))) (ADVP-TMP (RB always)) (VP (VBD had) (NP (NP (DT a) (NN dog)) (CC and) (NP (DT a) (NN cat)) (, ,) (NP (DT some) (, ,) (NNS birds)))) (, ,) (-DFL- E_S))","10",NA,NA,"# some, #"," some/DT  ,/,"
"12","sw03utt/sw_0371_3688.utt","3/sw3688",3688,11,"b","A",7,1,"# Yeah. # /","Yeah/UH ./.","(INTJ (UH Yeah) (. .) (-DFL- E_S))","14",11.752625,12.021625,"# Yeah. # ","Yeah/UH ./."
"13","sw03utt/sw_0371_3688.utt","3/sw3688",3688,12,"+","B",8,1,"birds,  /","[ birds/NNS ] ,/,","(S (NP-SBJ (NP (PRP$ My) (NNS folks)) (CC and) (NP (PRP I))) (ADVP-TMP (RB always)) (VP (VBD had) (NP (NP (DT a) (NN dog)) (CC and) (NP (DT a) (NN cat)) (, ,) (NP (DT some) (, ,) (NNS birds)))) (, ,) (-DFL- E_S))","10",12.264875,13.806125,"birds,  "," birds/NNS  ,/,"
"14","sw03utt/sw_0371_3688.utt","3/sw3688",3688,13,"sd","B",8,2,"{C but, }  {F uh, } right now we don't have anything. /","but/CC ,/,  [ uh/UH ] ,/, right/RB now/RB  [ we/PRP ] do/VBP n't/RB have/VB  [ anything/NN ] ./.","(S (CC but) (, ,) (INTJ (UH uh)) (, ,) (ADVP-TMP (RB right) (RB now)) (NP-SBJ (PRP we)) (VP (VBP do) (RB n't) (VP (VB have) (NP (NN anything)))) (. .) (-DFL- E_S))","16",12.264875,13.806125," but,    uh,  right now we don't have anything. ","but/CC ,/,   uh/UH  ,/, right/RB now/RB   we/PRP  do/VBP n't/RB have/VB   anything/NN  ./."
"15","sw03utt/sw_0371_3688.utt","3/sw3688",3688,14,"bk","A",9,1,"{F Oh, } okay.  /","Oh/UH ,/, okay/UH ./.","(INTJ (INTJ (UH Oh)) (, ,) (INTJ (UH okay)) (. .) (-DFL- E_S))","18",14.22575,17.428125," Oh,  okay.  ","Oh/UH ,/, okay/UH ./."
"16","sw03utt/sw_0371_3688.utt","3/sw3688",3688,15,"%","A",9,2,"{F Um, } # that, # -/","Um/UH ,/,  [ that/DT ] ,/,","(S-UNF (INTJ (UH Um)) (, ,) (NP-SBJ (DT that)) (, ,) (-DFL- N_S))","19",14.22575,17.428125," Um,  # that, # ","Um/UH ,/,   that/DT  ,/,"
"17","sw03utt/sw_0371_3688.utt","3/sw3688",3688,16,"qo","B",10,1,"# What about # you? /","[ What/WP ] about/IN  [ you/PRP ] ?/.","(FRAG (WHNP (WP What)) (PP (IN about) (NP (PRP you))) (. ?) (-DFL- E_S))","21",17.243125,17.772,"# What about # you? "," What/WP  about/IN   you/PRP  ?/."
"18","sw03utt/sw_0371_3688.utt","3/sw3688",3688,17,"qr","A",11,1,"a matter of choice, or compulsion? /","[ a/DT matter/NN ] of/IN  [ choice/NN ] ,/, or/CC  [ compulsion/NN ] ?/.","(NP (NP (DT a) (NN matter)) (PP (IN of) (NP (NN choice) (, ,) (CC or) (NN compulsion))) (. ?) (-DFL- E_S))","23",17.428125,19.7005,"a matter of choice, or compulsion? "," a/DT matter/NN  of/IN   choice/NN  ,/, or/CC   compulsion/NN  ?/."
"19","sw03utt/sw_0371_3688.utt","3/sw3688",3688,18,"%","B",12,1,"{D Well, } we've just, {F uh, } - /","Well/UH ,/,  [ we/PRP ] 've/VBP just/RB ,/,  [ uh/UH ] ,/,","(S (INTJ (UH Well)) (, ,) (NP-SBJ (PRP we)) (VP-UNF (VBP 've) (ADVP (RB just)) (, ,) (INTJ (UH uh))) (, ,) (-DFL- N_S))","25",20.04,27.887375," Well,  we've just,  uh,   ","Well/UH ,/,   we/PRP  've/VBP just/RB ,/,   uh/UH  ,/,"
"20","sw03utt/sw_0371_3688.utt","3/sw3688",3688,19,"sd","B",12,2,"it seems like,","[ it/PRP ] seems/VBZ like/IN ,/,","(S (NP-SBJ (PRP it)) (VP (VBZ seems) (SBAR (IN like) (, ,) (S (NP-SBJ (PRP we)) (VP (VBP 've) (ADVP-TMP (RB always)) (VP (VBN been) (PP-LOC-PRD (IN at) (NP (NP (DT a) (NN place)) (SBAR (WHADVP-1 (WRB where)) (S (NP-SBJ-2 (PRP we)) (VP (MD 'd) (VP (VB have) (S (NP-SBJ (-NONE- *-2)) (VP (TO to) (VP (VP (VB go) (ADVP (RB away)) (PP-TMP (IN for) (NP (DT the) (NN summer)))) (CC or) (NP-ETC (NN something))))) (ADVP-LOC (-NONE- *T*-1))))))))))))) (-DFL- E_S))","26",20.04,27.887375,"it seems like,"," it/PRP  seems/VBZ like/IN ,/,"
"21","sw03utt/sw_0371_3688.utt","3/sw3688.pos",3688,20,"x","A",13,1,"<Baby_talking>.","./.","","",NA,NA,"Baby_talking.","./."
"22","sw03utt/sw_0371_3688.utt","3/sw3688",3688,21,"+","B",14,1,"we've always been at a place </baby_talking> where we'd  have to go away for the summer or something  /","[ we/PRP ] 've/VBP always/RB been/VBN at/IN  [ a/DT place/NN ] where/WRB  [ we/PRP ] 'd/MD have/VB to/TO go/VB away/RB for/IN  [ the/DT summer/NN ] or/CC  [ something/NN ]","(S (NP-SBJ (PRP it)) (VP (VBZ seems) (SBAR (IN like) (, ,) (S (NP-SBJ (PRP we)) (VP (VBP 've) (ADVP-TMP (RB always)) (VP (VBN been) (PP-LOC-PRD (IN at) (NP (NP (DT a) (NN place)) (SBAR (WHADVP-1 (WRB where)) (S (NP-SBJ-2 (PRP we)) (VP (MD 'd) (VP (VB have) (S (NP-SBJ (-NONE- *-2)) (VP (TO to) (VP (VP (VB go) (ADVP (RB away)) (PP-TMP (IN for) (NP (DT the) (NN summer)))) (CC or) (NP-ETC (NN something))))) (ADVP-LOC (-NONE- *T*-1))))))))))))) (-DFL- E_S))","26",27.887375,30.887375,"we've always been at a place baby_talking where we'd  have to go away for the summer or something  "," we/PRP  've/VBP always/RB been/VBN at/IN   a/DT place/NN  where/WRB   we/PRP  'd/MD have/VB to/TO go/VB away/RB for/IN   the/DT summer/NN  or/CC   something/NN "
"23","sw03utt/sw_0371_3688.utt","3/sw3688",3688,22,"sd","B",14,2,"{C and, }  {F uh, } # it was, #","and/CC ,/,  [ uh/UH ] ,/,  [ it/PRP ] was/VBD ,/,","(S (CC and) (, ,) (INTJ (UH uh)) (, ,) (NP-SBJ (NP (PRP it)) (S (-NONE- *EXP*-1))) (VP (VBD was) (, ,) (ADVP-TMP (RB never)) (ADJP-PRD (JJ convenient)) (S-1 (NP-SBJ (-NONE- *)) (VP (TO to) (VP (VB have) (NP (NN anything)))))) (. .) (-DFL- E_S))","29",27.887375,30.887375," and,    uh,  # it was, #","and/CC ,/,   uh/UH  ,/,   it/PRP  was/VBD ,/,"
"24","sw03utt/sw_0371_3688.utt","3/sw3688",3688,23,"b","A",15,1,"# Yeah. # /","Yeah/UH ./.","(INTJ (UH Yeah) (. .) (-DFL- E_S))","14",28.39525,28.82325,"# Yeah. # ","Yeah/UH ./."
"25","sw03utt/sw_0371_3688.utt","3/sw3688",3688,24,"+","B",16,1,"never convenient to have anything.  /","never/RB convenient/JJ to/TO have/VB  [ anything/NN ] ./.","(S (CC and) (, ,) (INTJ (UH uh)) (, ,) (NP-SBJ (NP (PRP it)) (S (-NONE- *EXP*-1))) (VP (VBD was) (, ,) (ADVP-TMP (RB never)) (ADJP-PRD (JJ convenient)) (S-1 (NP-SBJ (-NONE- *)) (VP (TO to) (VP (VB have) (NP (NN anything)))))) (. .) (-DFL- E_S))","29",30.887375,33.88775,"never convenient to have anything.  ","never/RB convenient/JJ to/TO have/VB   anything/NN  ./."
"26","sw03utt/sw_0371_3688.utt","3/sw3688",3688,25,"sd","B",16,2,"((   ))   we were thinking about getting a dog if we get into a house. /","[ MUMBLEx/XX ] [ we/PRP ] were/VBD thinking/VBG about/IN getting/VBG  [ a/DT dog/NN ] if/IN  [ we/PRP ] get/VBP into/IN  [ a/DT house/NN ] ./.","(S (X (XX MUMBLEx)) (NP-SBJ-1 (PRP we)) (VP (VBD were) (VP (VBG thinking) (PP (IN about) (S-NOM (NP-SBJ (-NONE- *-1)) (VP (VBG getting) (NP (DT a) (NN dog)) (SBAR-ADV (IN if) (S (NP-SBJ (PRP we)) (VP (VBP get) (PP (IN into) (NP (DT a) (NN house))))))))))) (. .) (-DFL- E_S))","33",30.887375,33.88775,"      we were thinking about getting a dog if we get into a house. "," MUMBLEx/XX   we/PRP  were/VBD thinking/VBG about/IN getting/VBG   a/DT dog/NN  if/IN   we/PRP  get/VBP into/IN   a/DT house/NN  ./."
"27","sw03utt/sw_0371_3688.utt","3/sw3688",3688,26,"b","A",17,1,"Yeah. /","Yeah/UH ./.","(INTJ (UH Yeah) (. .) (-DFL- E_S))","14",34.342,34.687375,"Yeah. ","Yeah/UH ./."
"28","sw03utt/sw_0371_3688.utt","3/sw3688",3688,27,"sd","B",18,1,"{F Uh, } someplace where there,  {D you know, } - /","[ Uh/UH ] ,/, someplace/RB where/WRB  [ there/EX ] ,/,  [ you/PRP ] know/VBP ,/,","(FRAG (INTJ (UH Uh)) (, ,) (NP (NP (RB someplace)) (SBAR (WHADVP (WRB where)) (S-UNF (NP-SBJ (EX there)) (PRN (, ,) (S (NP-SBJ (PRP you)) (VP (VBP know))))))) (, ,) (-DFL- N_S))","37",34.711875,44.261875," Uh,  someplace where there,   you know,   "," Uh/UH  ,/, someplace/RB where/WRB   there/EX  ,/,   you/PRP  know/VBP ,/,"
"29","sw03utt/sw_0371_3688.utt","3/sw3688",3688,28,"sd","B",18,2,"we can  take care of it and everything.  /","[ we/PRP ] can/MD take/VB care/NN of/IN  [ it/PRP ] and/CC  [ everything/NN ] ./.","(S (NP-SBJ (PRP we)) (VP (MD can) (VP (VP (VB take) (NP (NN care)) (PP (IN of) (NP (PRP it)))) (CC and) (NP-ETC (NN everything)))) (. .) (-DFL- E_S))","38",34.711875,44.261875,"we can  take care of it and everything.  "," we/PRP  can/MD take/VB care/NN of/IN   it/PRP  and/CC   everything/NN  ./."
"30","sw03utt/sw_0371_3688.utt","3/sw3688",3688,29,"sd","B",18,3,"We've # got, #","[ We/PRP ] 've/VBP got/VBN ,/,","(S (NP-SBJ (PRP We)) (VP (VBP 've) (VP (VBN got) (, ,) (NP (NP (DT some) (NNS children)) (SBAR (WHNP-1 (WP who)) (S (S-TPC-3 (NP-SBJ-2 (-NONE- *T*-1)) (VP (MD would) (ADVP (RB just)) (ADVP (RB really)) (, ,) (INTJ (UH uh)) (, ,) (VP (VB enjoy) (S (NP-SBJ (-NONE- *-2)) (VP (VBG having) (NP (NP (DT an) (NN animal)) (PRN (, ,) (S (NP-SBJ (PRP you)) (VP (VBP know))) (, ,)) (NP (DT a) (NN dog)))))))) (, ,) (NP-SBJ (PRP I)) (VP (VBP think) (SBAR (-NONE- 0) (S (-NONE- *T*-3))))))))) (-DFL- E_S))","39",34.711875,44.261875,"We've # got, #"," We/PRP  've/VBP got/VBN ,/,"
"31","sw03utt/sw_0371_3688.utt","3/sw3688",3688,30,"b","A",19,1,"# Yeah. # /","Yeah/UH ./.","(INTJ (UH Yeah) (. .) (-DFL- E_S))","14",38.171,38.51725,"# Yeah. # ","Yeah/UH ./."
"32","sw03utt/sw_0371_3688.utt","3/sw3688",3688,31,"+","B",20,1,"some children who would just really, {F uh, } enjoy  having an animal, {D you know, } a dog, I think  /","[ some/DT children/NNS ] [ who/WP ] would/MD just/RB really/RB ,/,  [ uh/UH ] ,/, enjoy/VB having/VBG  [ an/DT animal/NN ] ,/,  [ you/PRP ] know/VBP ,/,  [ a/DT dog/NN ] ,/,  [ I/PRP ] think/VBP","(S (NP-SBJ (PRP We)) (VP (VBP 've) (VP (VBN got) (, ,) (NP (NP (DT some) (NNS children)) (SBAR (WHNP-1 (WP who)) (S (S-TPC-3 (NP-SBJ-2 (-NONE- *T*-1)) (VP (MD would) (ADVP (RB just)) (ADVP (RB really)) (, ,) (INTJ (UH uh)) (, ,) (VP (VB enjoy) (S (NP-SBJ (-NONE- *-2)) (VP (VBG having) (NP (NP (DT an) (NN animal)) (PRN (, ,) (S (NP-SBJ (PRP you)) (VP (VBP know))) (, ,)) (NP (DT a) (NN dog)))))))) (, ,) (NP-SBJ (PRP I)) (VP (VBP think) (SBAR (-NONE- 0) (S (-NONE- *T*-3))))))))) (-DFL- E_S))","39",44.261875,46.224625,"some children who would just really,  uh,  enjoy  having an animal,  you know,  a dog, I think  "," some/DT children/NNS   who/WP  would/MD just/RB really/RB ,/,   uh/UH  ,/, enjoy/VB having/VBG   an/DT animal/NN  ,/,   you/PRP  know/VBP ,/,   a/DT dog/NN  ,/,   I/PRP  think/VBP"
"33","sw03utt/sw_0371_3688.utt","3/sw3688",3688,32,"qo","B",20,2,"{C and, }","and/CC ,/,","(S (CC and) (, ,) (INTJ (UH uh)) (, ,) (NP-SBJ (NP (PRP it)) (S (-NONE- *EXP*-1))) (VP (VBD was) (, ,) (ADVP-TMP (RB never)) (ADJP-PRD (JJ convenient)) (S-1 (NP-SBJ (-NONE- *)) (VP (TO to) (VP (VB have) (NP (NN anything)))))) (. .) (-DFL- E_S))","29",44.261875,46.224625," and, ","and/CC ,/,"
"34","sw03utt/sw_0371_3688.utt","3/sw3688",3688,33,"b","A",21,1,"Yeah. /","Yeah/UH ./.","(INTJ (UH Yeah) (. .) (-DFL- E_S))","31",44.45325,44.867125,"Yeah. ","Yeah/UH ./."
"35","sw03utt/sw_0371_3688.utt","3/sw3688",3688,34,"+","B",22,1,"What about you all? /","[ What/WP ] about/IN  [ you/PRP ] [ all/DT ] ?/.","(FRAG (CC and) (, ,) (WHNP (WP What)) (PP (IN about) (NP (NP (PRP you)) (NP (DT all)))) (. ?) (-DFL- E_S))","43",NA,NA,"What about you all? "," What/WP  about/IN   you/PRP   all/DT  ?/."
"36","sw03utt/sw_0371_3688.utt","3/sw3688",3688,35,"nd","A",23,1,"{D Well, } right now <breathing> I'm a student,  /","Well/UH ,/, right/RB now/RB  [ I/PRP ] 'm/VBP  [ a/DT student/NN ] ,/,","(S (INTJ (UH Well)) (, ,) (ADVP-TMP (RB right) (RB now)) (NP-SBJ (PRP I)) (VP (VBP 'm) (NP-PRD (DT a) (NN student))) (, ,) (-DFL- E_S))","48",46.804875,53.114125," Well,  right now breathing I'm a student,  ","Well/UH ,/, right/RB now/RB   I/PRP  'm/VBP   a/DT student/NN  ,/,"
"37","sw03utt/sw_0371_3688.utt","3/sw3688",3688,36,"sd","A",23,2,"{C and }  campus housing does not even allow thinking about that <laughter>. /","and/CC  [ campus/NN housing/NN ] does/VBZ not/RB even/RB allow/VB thinking/VBG about/IN  [ that/DT ] ./.","(S (CC and) (NP-SBJ (NN campus) (NN housing)) (VP (VBZ does) (RB not) (ADVP (RB even)) (VP (VB allow) (S (NP-SBJ (-NONE- *)) (VP (VBG thinking) (PP (IN about) (NP (DT that))))))) (. .) (-DFL- E_S))","49",46.804875,53.114125," and   campus housing does not even allow thinking about that laughter. ","and/CC   campus/NN housing/NN  does/VBZ not/RB even/RB allow/VB thinking/VBG about/IN   that/DT  ./."
"38","sw03utt/sw_0371_3688.utt","3/sw3688",3688,37,"ba","B",24,1,"{F Oh, } no. /","Oh/UH ,/, no/UH ./.","(INTJ (INTJ (UH Oh)) (, ,) (INTJ (UH no)) (. .) (-DFL- E_S))","51",53.619,54.279875," Oh,  no. ","Oh/UH ,/, no/UH ./."
"39","sw03utt/sw_0371_3688.utt","3/sw3688",3688,38,"b^m","A",25,1,"No,  /","No/UH ,/,","(INTJ (UH No) (, ,) (-DFL- E_S))","53",54.5235,57.0845,"No,  ","No/UH ,/,"
"40","sw03utt/sw_0371_3688.utt","3/sw3688",3688,39,"sd","A",25,2,"we almost got chased out of here for feeding a stray cat. /","[ we/PRP ] almost/RB got/VBD chased/VBN out/IN of/IN here/RB for/IN feeding/VBG  [ a/DT stray/JJ cat/NN ] ./.","(S (NP-SBJ-1 (PRP we)) (ADVP (RB almost)) (VP (VBD got) (VP (VBN chased) (NP (-NONE- *-1)) (PP-DIR (IN out) (PP (IN of) (ADVP (RB here)))) (PP-PRP (IN for) (S-NOM (NP-SBJ (-NONE- *-1)) (VP (VBG feeding) (NP (DT a) (JJ stray) (NN cat))))))) (. .) (-DFL- E_S))","54",54.5235,57.0845,"we almost got chased out of here for feeding a stray cat. "," we/PRP  almost/RB got/VBD chased/VBN out/IN of/IN here/RB for/IN feeding/VBG   a/DT stray/JJ cat/NN  ./."
"41","sw03utt/sw_0371_3688.utt","3/sw3688",3688,40,"bh","B",26,1,"<Laughter> Is that right? /","Is/VBZ  [ that/DT right/JJ ] ?/.","(SQ (VBZ Is) (NP-SBJ (DT that)) (ADJP-PRD (JJ right)) (. ?) (-DFL- E_S))","56",57.57525,58.181375,"Laughter Is that right? ","Is/VBZ   that/DT right/JJ  ?/."
"42","sw03utt/sw_0371_3688.utt","3/sw3688",3688,41,"ny","A",27,1,"Yeah.  /","Yeah/UH ./.","(INTJ (UH Yeah) (. .) (-DFL- E_S))","31",58.457,60.149,"Yeah.  ","Yeah/UH ./."
"43","sw03utt/sw_0371_3688.utt","3/sw3688",3688,42,"sd^e","A",27,2,"They're very strict about it. /","[ They/PRP ] 're/VBP very/RB strict/JJ about/IN  [ it/PRP ] ./.","(S (NP-SBJ (PRP They)) (VP (VBP 're) (ADJP-PRD (RB very) (JJ strict) (PP (IN about) (NP (PRP it))))) (. .) (-DFL- E_S))","59",58.457,60.149,"They're very strict about it. "," They/PRP  're/VBP very/RB strict/JJ about/IN   it/PRP  ./."
"44","sw03utt/sw_0371_3688.utt","3/sw3688",3688,43,"qy","B",28,1,"{C But } [ you like, + {F uh, } you like ]  pets and things? /","But/CC  [ you/PRP ] like/VBP ,/, uh/UH ,/,  [ you/PRP ] like/VBP  [ pets/NNS ] and/CC  [ things/NNS ] ?/.","(S (CC But) (EDITED (RM (-DFL- \[)) (S (NP-SBJ (PRP you)) (VP-UNF (VBP like))) (, ,) (IP (-DFL- \+))) (INTJ (UH uh)) (, ,) (NP-SBJ (PRP you)) (VP (VBP like) (RS (-DFL- \])) (NP (NNS pets) (CC and) (NNS things))) (. ?) (-DFL- E_S))","61",60.318125,62.400375," But   you like,   uh,  you like   pets and things? ","But/CC   you/PRP  like/VBP ,/, uh/UH ,/,   you/PRP  like/VBP   pets/NNS  and/CC   things/NNS  ?/."
"45","sw03utt/sw_0371_3688.utt","3/sw3688",3688,44,"na","A",29,1,"{F Oh, } I love animals. /","Oh/UH ,/,  [ I/PRP ] love/VBP  [ animals/NNS ] ./.","(S (INTJ (UH Oh)) (, ,) (NP-SBJ (PRP I)) (VP (VBP love) (NP (NNS animals))) (. .) (-DFL- E_S))","63",62.657,63.475875," Oh,  I love animals. ","Oh/UH ,/,   I/PRP  love/VBP   animals/NNS  ./."
"46","sw03utt/sw_0371_3688.utt","3/sw3688",3688,45,"b","B",30,1,"<<Faint>>  (( {F Oh, } yeah )) . /","Oh/UH ,/, yeah/UH ./.","(INTJ (INTJ (UH Oh)) (, ,) (INTJ (UH yeah)) (. .) (-DFL- E_S))","65",63.8145,64.09725,"Faint    Oh,  yeah  . ","Oh/UH ,/, yeah/UH ./."
"47","sw03utt/sw_0371_3688.utt","3/sw3688",3688,46,"%","A",31,1,"I was raised, - /","[ I/PRP ] was/VBD raised/VBN ,/,","(S (NP-SBJ-1 (PRP I)) (VP (VBD was) (VP-UNF (VBN raised) (NP (-NONE- *-1)))) (, ,) (-DFL- N_S))","67",64.164625,72.5515,"I was raised,  "," I/PRP  was/VBD raised/VBN ,/,"
"48","sw03utt/sw_0371_3688.utt","3/sw3688",3688,47,"sd","A",31,2,"<breathing> our house [ when I, + when I ]  was growing up there was almost never, {F uh, } at least one cat in the house. /","[ our/PRP$ house/NN ] when/WRB  [ I/PRP ] ,/, when/WRB  [ I/PRP ] was/VBD growing/VBG up/RP  [ there/EX ] was/VBD almost/RB never/RB ,/,  [ uh/UH ] ,/, at/IN  [ least/JJS one/CD cat/NN ] in/IN  [ the/DT house/NN ] ./.","(S (NP-ADV (PRP$ our) (NN house)) (SBAR-TMP (EDITED (RM (-DFL- \[)) (SBAR-TMP (WHADVP (WRB when)) (S-UNF (NP-SBJ (PRP I)))) (, ,) (IP (-DFL- \+))) (WHADVP-1 (WRB when)) (S (NP-SBJ (PRP I)) (RS (-DFL- \])) (VP (VBD was) (VP (VBG growing) (PRT (RP up)) (ADVP-TMP (-NONE- *T*-1)))))) (NP-SBJ (EX there)) (VP (VBD was) (ADVP-TMP (RB almost) (RB never)) (, ,) (INTJ (UH uh)) (, ,) (NP-PRD (NP (QP (IN at) (JJS least) (CD one)) (NN cat)) (PP-LOC (IN in) (NP (DT the) (NN house))))) (. .) (-DFL- E_S))","68",64.164625,72.5515,"breathing our house  when I,  when I   was growing up there was almost never,  uh,  at least one cat in the house. "," our/PRP$ house/NN  when/WRB   I/PRP  ,/, when/WRB   I/PRP  was/VBD growing/VBG up/RP   there/EX  was/VBD almost/RB never/RB ,/,   uh/UH  ,/, at/IN   least/JJS one/CD cat/NN  in/IN   the/DT house/NN  ./."
"49","sw03utt/sw_0371_3688.utt","3/sw3688",3688,48,"b","B",32,1,"# Uh-huh. # /","[ Uh-huh/UH ] ./.","(INTJ (UH Uh-huh) (. .) (-DFL- E_S))","70",73.00925,73.36675,"# Uhhuh. # "," Uhhuh/UH  ./."
"50","sw03utt/sw_0371_3688.utt","3/sw3688",3688,49,"sd","A",33,1,"# It was # [ al-, + almost ] always at least one cat,  sometimes, {D you know, } like  fifteen or twenty.  But, {F uh, } always cats in the house. /","[ It/PRP ] was/VBD al-/RB ,/, almost/RB always/RB at/IN  [ least/JJS one/CD cat/NN ] ,/, sometimes/RB ,/,  [ you/PRP ] know/VBP ,/, like/IN  [ fifteen/CD ] or/CC  [ twenty/CD ] ./.  But/CC ,/,  [ uh/UH ] ,/, always/RB  [ cats/NNS ] in/IN  [ the/DT house/NN ] ./.","(S (NP-SBJ (PRP It)) (VP (VBD was) (EDITED (RM (-DFL- \[)) (ADVP-TMP-UNF (RB al-)) (, ,) (IP (-DFL- \+))) (ADVP-TMP (RB almost) (RS (-DFL- \])) (RB always)) (NP-PRD (NP (QP (IN at) (JJS least) (CD one)) (NN cat)) (, ,) (ADVP-TMP (RB sometimes)) (PRN (, ,) (S (NP-SBJ (PRP you)) (VP (VBP know))) (, ,)) (INTJ (IN like)) (NP (QP (CD fifteen) (CC or) (CD twenty))))) (. .))|||(FRAG (CC But) (, ,) (INTJ (UH uh)) (, ,) (ADVP-TMP (RB always)) (NP (NP (NNS cats)) (PP-LOC (IN in) (NP (DT the) (NN house)))) (. .) (-DFL- E_S))","72|||73",72.928125,79.229125,"# It was #  al,  almost  always at least one cat,  sometimes,  you know,  like  fifteen or twenty.  But,  uh,  always cats in the house. "," It/PRP  was/VBD al/RB ,/, almost/RB always/RB at/IN   least/JJS one/CD cat/NN  ,/, sometimes/RB ,/,   you/PRP  know/VBP ,/, like/IN   fifteen/CD  or/CC   twenty/CD  ./.  But/CC ,/,   uh/UH  ,/, always/RB   cats/NNS  in/IN   the/DT house/NN  ./."
"51","sw03utt/sw_0371_3688.utt","3/sw3688",3688,50,"b","B",34,1,"{F Oh, } yeah.  /","Oh/UH ,/, yeah/UH ./.","(INTJ (INTJ (UH Oh)) (, ,) (INTJ (UH yeah)) (. .) (-DFL- E_S))","65",79.462375,81.696," Oh,  yeah.  ","Oh/UH ,/, yeah/UH ./."
"52","sw03utt/sw_0371_3688.utt","3/sw3688",3688,51,"sd","B",34,2,"[ We, + # we, # ]","[ We/PRP ] ,/,  [ we/PRP ] ,/,","(S (EDITED (RM (-DFL- \[)) (NP-SBJ (PRP We)) (, ,) (IP (-DFL- \+))) (NP-SBJ (PRP we)) (, ,) (RS (-DFL- \])) (VP (VBD enjoyed) (NP (PRP them))) (. .) (-DFL- E_S))","76",79.462375,81.696," We,  # we, # "," We/PRP  ,/,   we/PRP  ,/,"
"53","sw03utt/sw_0371_3688.utt","3/sw3688",3688,52,"b","A",35,1,"# Oh. # /","Oh/UH ./.","(INTJ (UH Oh) (. .) (-DFL- E_S))","78",80.90225,81.204125,"# Oh. # ","Oh/UH ./."
"54","sw03utt/sw_0371_3688.utt","3/sw3688",3688,53,"+","B",36,1,"enjoyed them.  /","enjoyed/VBD  [ them/PRP ] ./.","(S (EDITED (RM (-DFL- \[)) (NP-SBJ (PRP We)) (, ,) (IP (-DFL- \+))) (NP-SBJ (PRP we)) (, ,) (RS (-DFL- \])) (VP (VBD enjoyed) (NP (PRP them))) (. .) (-DFL- E_S))","76",81.866,89.400625,"enjoyed them.  ","enjoyed/VBD   them/PRP  ./."
"55","sw03utt/sw_0371_3688.utt","3/sw3688",3688,54,"sd","B",36,2,"[ We like, + we like ]  pets,  /","[ We/PRP ] like/VBP ,/,  [ we/PRP ] like/VBP  [ pets/NNS ] ,/,","(S (EDITED (RM (-DFL- \[)) (S (NP-SBJ (PRP We)) (VP-UNF (VBP like))) (, ,) (IP (-DFL- \+))) (NP-SBJ (PRP we)) (VP (VBP like) (RS (-DFL- \])) (NP (NNS pets))) (, ,) (-DFL- E_S))","80",81.866,89.400625," We like,  we like   pets,  "," We/PRP  like/VBP ,/,   we/PRP  like/VBP   pets/NNS  ,/,"
"56","sw03utt/sw_0371_3688.utt","3/sw3688",3688,55,"sv","B",36,3,"{C but, }  {F uh, } {D you know, } you've got to deal with, {F uh, } taking care of them [ and, + and ]  feeding them and everything like that. /","but/CC ,/,  [ uh/UH ] ,/,  [ you/PRP ] know/VBP ,/,  [ you/PRP ] 've/VBP got/VBN to/TO deal/VB with/IN ,/,  [ uh/UH ] ,/, taking/VBG  [ care/NN ] of/IN  [ them/PRP ] and/CC ,/, and/CC feeding/VBG  [ them/PRP ] and/CC  [ everything/NN ] like/IN  [ that/DT ] ./.","(S (CC but) (, ,) (INTJ (UH uh)) (PRN (, ,) (S (NP-SBJ (PRP you)) (VP (VBP know))) (, ,)) (NP-SBJ-1 (PRP you)) (VP (VBP 've) (VP (VBN got) (S (NP-SBJ-2 (-NONE- *-1)) (VP (TO to) (VP (VB deal) (PP (IN with) (, ,) (INTJ (UH uh)) (, ,) (S-NOM (NP-SBJ (-NONE- *-2)) (VP (VP (VBG taking) (NP (NN care)) (PP (IN of) (NP (PRP them)))) (EDITED (RM (-DFL- \[)) (CC and) (, ,) (IP (-DFL- \+))) (CC and) (RS (-DFL- \])) (VP (VBG feeding) (NP (PRP them))) (CC and) (NP-ETC (NP (NN everything)) (PP (IN like) (NP (DT that)))))))))))) (. .) (-DFL- E_S))","81",81.866,89.400625," but,    uh,   you know,  you've got to deal with,  uh,  taking care of them  and,  and   feeding them and everything like that. ","but/CC ,/,   uh/UH  ,/,   you/PRP  know/VBP ,/,   you/PRP  've/VBP got/VBN to/TO deal/VB with/IN ,/,   uh/UH  ,/, taking/VBG   care/NN  of/IN   them/PRP  and/CC ,/, and/CC feeding/VBG   them/PRP  and/CC   everything/NN  like/IN   that/DT  ./."
"57","sw03utt/sw_0371_3688.utt","3/sw3688",3688,56,"b","A",37,1,"Yeah. /","Yeah/UH ./.","(INTJ (UH Yeah) (. .) (-DFL- E_S))","58",89.844625,90.218,"Yeah. ","Yeah/UH ./."
"58","sw03utt/sw_0371_3688.utt","3/sw3688",3688,57,"%","B",38,1,"{C And } our kids are, - /","And/CC  [ our/PRP$ kids/NNS ] are/VBP ,/,","(S (CC And) (NP-SBJ (PRP$ our) (NNS kids)) (VP-UNF (VBP are)) (, ,) (-DFL- N_S))","85",89.99525,96.832875," And  our kids are,  ","And/CC   our/PRP$ kids/NNS  are/VBP ,/,"
"59","sw03utt/sw_0371_3688.utt","3/sw3688",3688,58,"sd","B",38,2,"we've got some   children  /","[ we/PRP ] 've/VBP got/VBN  [ some/DT children/NNS ]","(S (NP-SBJ (PRP we)) (VP (VBP 've) (VP (VBN got) (NP (DT some) (NNS children)))) (-DFL- E_S))","86",89.99525,96.832875,"we've got some   children  "," we/PRP  've/VBP got/VBN   some/DT children/NNS "
"60","sw03utt/sw_0371_3688.utt","3/sw3688",3688,59,"sd","B",38,3,"{C and } they're [ not, + not ] used to it, {D you know, } on a daily basis.  /","and/CC  [ they/PRP ] 're/VBP not/RB ,/, not/RB used/JJ to/IN  [ it/PRP ] ,/,  [ you/PRP ] know/VBP ,/, on/IN  [ a/DT daily/JJ basis/NN ] ./.","(S (CC and) (NP-SBJ (PRP they)) (VP (VBP 're) (EDITED (RM (-DFL- \[)) (RB not) (, ,) (IP (-DFL- \+))) (RB not) (RS (-DFL- \])) (ADJP-PRD (JJ used) (PP (IN to) (NP (NP (PRP it)) (PRN (, ,) (S (NP-SBJ (PRP you)) (VP (VBP know))) (, ,)) (PP (IN on) (NP (DT a) (JJ daily) (NN basis))))))) (. .) (-DFL- E_S))","87",89.99525,96.832875," and  they're  not,  not  used to it,  you know,  on a daily basis.  ","and/CC   they/PRP  're/VBP not/RB ,/, not/RB used/JJ to/IN   it/PRP  ,/,   you/PRP  know/VBP ,/, on/IN   a/DT daily/JJ basis/NN  ./."
"61","sw03utt/sw_0371_3688.utt","3/sw3688",3688,60,"%","B",38,4,"[ They, + they, ] {F uh, } -/","[ They/PRP ] ,/,  [ they/PRP ] ,/,  [ uh/UH ] ,/,","(S-UNF (EDITED (RM (-DFL- \[)) (NP-SBJ (PRP They)) (, ,) (IP (-DFL- \+))) (NP-SBJ (PRP they)) (, ,) (RS (-DFL- \])) (INTJ (UH uh)) (, ,) (-DFL- N_S))","88",89.99525,96.832875," They,  they,   uh,  "," They/PRP  ,/,   they/PRP  ,/,   uh/UH  ,/,"
"62","sw03utt/sw_0371_3688.utt","3/sw3688",3688,61,"qw","A",39,1,"How old are your kids? /","How/WRB  [ old/JJ ] are/VBP  [ your/PRP$ kids/NNS ] ?/.","(SBARQ (WHADJP-1 (WRB How) (JJ old)) (SQ (VBP are) (NP-SBJ (PRP$ your) (NNS kids)) (ADJP-PRD (-NONE- *T*-1))) (. ?) (-DFL- E_S))","90",97.165,98.085,"How old are your kids? ","How/WRB   old/JJ  are/VBP   your/PRP$ kids/NNS  ?/."
"63","sw03utt/sw_0371_3688.utt","3/sw3688",3688,62,"sd","B",40,1,"{F Oh, } from fourteen down to seven. /","Oh/UH ,/, from/IN  [ fourteen/CD ] down/IN to/IN  [ seven/CD ] ./.","(FRAG (INTJ (UH Oh)) (, ,) (NP (QP (IN from) (CD fourteen) (IN down) (IN to) (CD seven))) (. .) (-DFL- E_S))","92",98.511125,100.2865," Oh,  from fourteen down to seven. ","Oh/UH ,/, from/IN   fourteen/CD  down/IN to/IN   seven/CD  ./."
"64","sw03utt/sw_0371_3688.utt","3/sw3688",3688,63,"bk","A",41,1,"Okay. /","Okay/UH ./.","(INTJ (UH Okay) (. .) (-DFL- E_S))","94",100.807625,101.244375,"Okay. ","Okay/UH ./."
"65","sw03utt/sw_0371_3688.utt","3/sw3688",3688,64,"qo^d^c","B",42,1,"You sound like you've got some small ones in the background. /","[ You/PRP ] sound/VBP like/IN  [ you/PRP ] 've/VBP got/VBN  [ some/DT small/JJ ones/NNS ] in/IN  [ the/DT background/NN ] ./.","(S (NP-SBJ (PRP You)) (VP (VBP sound) (SBAR (IN like) (S (NP-SBJ (PRP you)) (VP (VBP 've) (VP (VBN got) (NP (NP (DT some) (JJ small) (NNS ones)) (PP (IN in) (NP (DT the) (NN background))))))))) (. .) (-DFL- E_S))","96",101.637375,103.673125,"You sound like you've got some small ones in the background. "," You/PRP  sound/VBP like/IN   you/PRP  've/VBP got/VBN   some/DT small/JJ ones/NNS  in/IN   the/DT background/NN  ./."
"66","sw03utt/sw_0371_3688.utt","3/sw3688",3688,65,"sd","A",43,1,"One. /","[ One/CD ] ./.","(NP (CD One) (. .) (-DFL- E_S))","98",104.06625,104.5075,"One. "," One/CD  ./."
"67","sw03utt/sw_0371_3688.utt","3/sw3688",3688,66,"bh","B",44,1,"Is # that right? # /","Is/VBZ  [ that/DT right/JJ ] ?/.","(SQ (VBZ Is) (NP-SBJ (DT that)) (ADJP-PRD (JJ right)) (. ?) (-DFL- E_S))","100",104.7065,105.281125,"Is # that right? # ","Is/VBZ   that/DT right/JJ  ?/."
"68","sw03utt/sw_0371_3688.utt","3/sw3688",3688,67,"sd","A",45,1,"# Our # first.  /","[ Our/PRP$ first/JJ ] ./.","(NP (PRP$ Our) (JJ first) (. .) (-DFL- E_S))","102",104.85775,107.32625,"# Our # first.  "," Our/PRP$ first/JJ  ./."
"69","sw03utt/sw_0371_3688.utt","3/sw3688",3688,68,"sd","A",45,2,"He's about [ te-, + ] eleven weeks now. /","[ He/PRP ] 's/BES about/RB  [ te-/CD ] ,/,  [ eleven/CD weeks/NNS ] now/RB ./.","(S (NP-SBJ (PRP He)) (VP (BES 's) (NP-PRD (QP (RB about) (EDITED (RM (-DFL- \[)) (CD te-) (, ,) (IP (-DFL- \+)) (RS (-DFL- \]))) (CD eleven)) (NNS weeks)) (ADVP-TMP (RB now))) (. .) (-DFL- E_S))","103",104.85775,107.32625,"He's about  te,   eleven weeks now. "," He/PRP  's/BES about/RB   te/CD  ,/,   eleven/CD weeks/NNS  now/RB ./."
"70","sw03utt/sw_0371_3688.utt","3/sw3688",3688,69,"ba","B",46,1,"{F Oh, } great. /","Oh/UH ,/,  [ great/UH ] ./.","(INTJ (INTJ (UH Oh)) (, ,) (INTJ (UH great)) (. .) (-DFL- E_S))","105",107.433,108.266875," Oh,  great. ","Oh/UH ,/,   great/UH  ./."
"71","sw03utt/sw_0371_3688.utt","3/sw3688",3688,70,"b","A",47,1,"# Yeah. # /","Yeah/UH ./.","(INTJ (UH Yeah) (. .) (-DFL- E_S))","83",108.48725,109.078625,"# Yeah. # ","Yeah/UH ./."
"72","sw03utt/sw_0371_3688.utt","3/sw3688",3688,71,"ba","B",48,1,"# Congratulations. # /","[ Congratulations/UH ] ./.","(INTJ (UH Congratulations) (. .) (-DFL- E_S))","109",108.5225,109.554875,"# Congratulations. # "," Congratulations/UH  ./."
"73","sw03utt/sw_0371_3688.utt","3/sw3688",3688,72,"b","A",49,1,"# Yeah. # /","Yeah/UH ./.","(INTJ (UH Yeah) (. .) (-DFL- E_S))","83",110.737625,111.2175,"# Yeah. # ","Yeah/UH ./."
"74","sw03utt/sw_0371_3688.utt","3/sw3688",3688,73,"qw","B",50,1,"# Where are # you from? /","Where/WRB are/VBP  [ you/PRP ] from/IN ?/.","(SBARQ (WHADVP-1 (WRB Where)) (SQ (VBP are) (NP-SBJ (PRP you)) (PP-PRD (IN from) (ADVP (-NONE- *T*-1)))) (. ?) (-DFL- E_S))","113",110.814,111.472875,"# Where are # you from? ","Where/WRB are/VBP   you/PRP  from/IN ?/."
"75","sw03utt/sw_0371_3688.utt","3/sw3688",3688,74,"qy^h","A",51,1,"{F Uh, } originally? /","[ Uh/UH ] ,/, originally/RB ?/.","(FRAG (INTJ (UH Uh)) (, ,) (ADVP (RB originally)) (. ?) (-DFL- E_S))","115",111.94575,112.617625," Uh,  originally? "," Uh/UH  ,/, originally/RB ?/."
"76","sw03utt/sw_0371_3688.utt","3/sw3688",3688,75,"ny","B",52,1,"Uh-huh. /","[ Uh-huh/UH ] ./.","(INTJ (UH Uh-huh) (. .) (-DFL- E_S))","117",112.7775,113.10275,"Uhhuh. "," Uhhuh/UH  ./."
"77","sw03utt/sw_0371_3688.utt","3/sw3688",3688,76,"sd","A",53,1,"West Virginia. /","[ West/NNP Virginia/NNP ] ./.","(NP (NNP West) (NNP Virginia) (. .) (-DFL- E_S))","119",113.144875,113.803,"West Virginia. "," West/NNP Virginia/NNP  ./."
"78","sw03utt/sw_0371_3688.utt","3/sw3688",3688,77,"bk","B",54,1,"Okay. /","Okay/UH ./.","(INTJ (UH Okay) (. .) (-DFL- E_S))","121",114.179625,114.80725,"Okay. ","Okay/UH ./."
"79","sw03utt/sw_0371_3688.utt","3/sw3688",3688,78,"qy^d","A",55,1,"{F Um, } I don't know how familiar you are with that  area of the country  /","[ Um/UH ] ,/,  [ I/PRP ] do/VBP n't/RB know/VB how/WRB  [ familiar/JJ you/PRP ] are/VBP with/IN  [ that/DT area/NN ] of/IN  [ the/DT country/NN ]","(S (INTJ (UH Um)) (, ,) (NP-SBJ (PRP I)) (VP (VBP do) (RB n't) (VP (VB know) (SBAR (WHADJP-1 (WRB how) (JJ familiar) (PP (-NONE- *ICH*-2))) (S (NP-SBJ (PRP you)) (VP (VBP are) (ADJP-PRD (-NONE- *T*-1)) (PP-2 (IN with) (NP (NP (DT that) (NN area)) (PP (IN of) (NP (DT the) (NN country)))))))))) (-DFL- E_S))","123",115.42125,119.33875," Um,  I don't know how familiar you are with that  area of the country  "," Um/UH  ,/,   I/PRP  do/VBP n't/RB know/VB how/WRB   familiar/JJ you/PRP  are/VBP with/IN   that/DT area/NN  of/IN   the/DT country/NN "
"80","sw03utt/sw_0371_3688.utt","3/sw3688",3688,79,"%","A",55,2,"{C but, } -/","but/CC ,/,","(S-UNF (CC but) (, ,) (-DFL- N_S))","124",115.42125,119.33875," but,  ","but/CC ,/,"
"81","sw03utt/sw_0371_3688.utt","3/sw3688",3688,80,"sd","B",56,1,"I've been to Charleston. /","[ I/PRP ] 've/VBP been/VBN to/IN  [ Charleston/NNP ] ./.","(S (NP-SBJ (PRP I)) (VP (VBP 've) (VP (VBN been) (PP-DIR-PRD (IN to) (NP (NNP Charleston))))) (. .) (-DFL- E_S))","126",120.2875,121.224,"I've been to Charleston. "," I/PRP  've/VBP been/VBN to/IN   Charleston/NNP  ./."
"82","sw03utt/sw_0371_3688.utt","3/sw3688",3688,81,"qy","A",57,1,"Charleston, West Virginia? /","[ Charleston/NNP ] ,/,  [ West/NNP Virginia/NNP ] ?/.","(NP (NP (NNP Charleston)) (, ,) (NP (NNP West) (NNP Virginia)) (. ?) (-DFL- E_S))","128",121.592375,122.574,"Charleston, West Virginia? "," Charleston/NNP  ,/,   West/NNP Virginia/NNP  ?/."
"83","sw03utt/sw_0371_3688.utt","3/sw3688",3688,82,"ny","B",58,1,"Yes,  /","Yes/UH ,/,","(INTJ (UH Yes) (, ,) (-DFL- E_S))","130",122.664375,123.533625,"Yes,  ","Yes/UH ,/,"
"84","sw03utt/sw_0371_3688.utt","3/sw3688",3688,83,"ny","B",58,2,"uh-huh. /","[ uh-huh/UH ] ./.","(INTJ (UH uh-huh) (. .) (-DFL- E_S))","131",122.664375,123.533625,"uhhuh. "," uhhuh/UH  ./."
"85","sw03utt/sw_0371_3688.utt","3/sw3688",3688,84,"bk","A",59,1,"Okay,  /","Okay/UH ,/,","(INTJ (UH Okay) (, ,) (-DFL- E_S))","133",123.735875,127.79625,"Okay,  ","Okay/UH ,/,"
"86","sw03utt/sw_0371_3688.utt","3/sw3688",3688,85,"qy","A",59,2,"that's pretty much the south end of the state,  or the southern quarter of the state, anyway? <noise>. /","[ that/DT ] 's/BES pretty/RB much/JJ  [ the/DT south/JJ end/NN ] of/IN  [ the/DT state/NN ] ,/, or/CC  [ the/DT southern/JJ quarter/NN ] of/IN  [ the/DT state/NN ] ,/, anyway/RB ?/.  ./.","(S (NP-SBJ (DT that)) (VP (BES 's) (ADVP (RB pretty) (JJ much)) (NP-PRD (NP (NP (DT the) (JJ south) (NN end)) (PP (IN of) (NP (DT the) (NN state)))) (, ,) (CC or) (NP (NP (DT the) (JJ southern) (NN quarter)) (PP (IN of) (NP (DT the) (NN state))))) (, ,) (ADVP (RB anyway))) (. ?) (. .) (-DFL- E_S))","134",123.735875,127.79625,"that's pretty much the south end of the state,  or the southern quarter of the state, anyway? noise. "," that/DT  's/BES pretty/RB much/JJ   the/DT south/JJ end/NN  of/IN   the/DT state/NN  ,/, or/CC   the/DT southern/JJ quarter/NN  of/IN   the/DT state/NN  ,/, anyway/RB ?/.  ./."
"87","sw03utt/sw_0371_3688.utt","3/sw3688",3688,86,"ny","B",60,1,"Uh-huh. /","[ Uh-huh/UH ] ./.","(INTJ (UH Uh-huh) (. .) (-DFL- E_S))","117",127.831875,128.1595,"Uhhuh. "," Uhhuh/UH  ./."
"88","sw03utt/sw_0371_3688.utt","3/sw3688",3688,87,"bk","A",61,1,"Okay,  /","Okay/UH ,/,","(INTJ (UH Okay) (, ,) (-DFL- E_S))","133",128.791875,135.332375,"Okay,  ","Okay/UH ,/,"
"89","sw03utt/sw_0371_3688.utt","3/sw3688",3688,88,"sd","A",61,2,"in the north end of the state, you've got that  little narrow strip of West Virginia going up between Ohio and Pennsylvania <noise>. /","in/IN  [ the/DT north/JJ end/NN ] of/IN  [ the/DT state/NN ] ,/,  [ you/PRP ] 've/VBP got/VBN that/DT  [ little/JJ narrow/JJ strip/NN ] of/IN  [ West/NNP Virginia/NNP ] going/VBG up/IN between/IN  [ Ohio/NNP ] and/CC  [ Pennsylvania/NNP ] ./.","(S (PP-LOC (IN in) (NP (NP (DT the) (JJ north) (NN end)) (PP (IN of) (NP (DT the) (NN state))))) (, ,) (NP-SBJ (PRP you)) (VP (VBP 've) (VP (VBN got) (NP (NP (DT that) (JJ little) (JJ narrow) (NN strip)) (PP (IN of) (NP (NNP West) (NNP Virginia))) (VP (VBG going) (PP (IN up) (PP (IN between) (NP (NNP Ohio) (CC and) (NNP Pennsylvania)))))))) (. .) (-DFL- E_S))","139",128.791875,135.332375,"in the north end of the state, you've got that  little narrow strip of West Virginia going up between Ohio and Pennsylvania noise. ","in/IN   the/DT north/JJ end/NN  of/IN   the/DT state/NN  ,/,   you/PRP  've/VBP got/VBN that/DT   little/JJ narrow/JJ strip/NN  of/IN   West/NNP Virginia/NNP  going/VBG up/IN between/IN   Ohio/NNP  and/CC   Pennsylvania/NNP  ./."
"90","sw03utt/sw_0371_3688.utt","3/sw3688",3688,89,"b","B",62,1,"Uh-huh. /","[ Uh-huh/UH ] ./.","(INTJ (UH Uh-huh) (. .) (-DFL- E_S))","117",135.348125,135.862875,"Uhhuh. "," Uhhuh/UH  ./."
"91","sw03utt/sw_0371_3688.utt","3/sw3688",3688,90,"sd","A",63,1,"Right at the base of that northern peninsula --","Right/RB at/IN  [ the/DT base/NN ] of/IN  [ that/DT northern/JJ peninsula/NN ] --/:","(SINV (PP-LOC-PRD-TPC-1 (ADVP (RB Right)) (IN at) (NP (NP (DT the) (NN base)) (PP (IN of) (NP (DT that) (JJ northern) (NN peninsula))))) (VP (VBZ is) (PP-LOC-PRD (-NONE- *T*-1))) (NP-SBJ (PRP$ my) (NN hometown)) (. .) (-DFL- E_S))","143",136.37875,140.49775,"Right at the base of that northern peninsula ","Right/RB at/IN   the/DT base/NN  of/IN   that/DT northern/JJ peninsula/NN  /:"
"92","sw03utt/sw_0371_3688.utt","3/sw3688",3688,91,"b","B",64,1,"Uh-huh <<faint>>. /","[ Uh-huh/UH ] ./.","(INTJ (UH Uh-huh) (. .) (-DFL- E_S))","117",139.606625,140.035125,"Uhhuh faint. "," Uhhuh/UH  ./."
"93","sw03utt/sw_0371_3688.utt","3/sw3688",3688,92,"+","A",65,1,"-- is my hometown. /","--/: is/VBZ  [ my/PRP$ hometown/NN ] ./.","(SINV (PP-LOC-PRD-TPC-1 (ADVP (RB Right)) (IN at) (NP (NP (DT the) (NN base)) (PP (IN of) (NP (DT that) (JJ northern) (NN peninsula))))) (VP (VBZ is) (PP-LOC-PRD (-NONE- *T*-1))) (NP-SBJ (PRP$ my) (NN hometown)) (. .) (-DFL- E_S))","143",NA,NA," is my hometown. ","/: is/VBZ   my/PRP$ hometown/NN  ./."
"94","sw03utt/sw_0371_3688.utt","3/sw3688",3688,93,"ba","B",66,1,"{D Well, } [ that's, + {D yeah, } that's ]  interesting.  /","Well/UH ,/,  [ that/DT ] 's/BES ,/, yeah/UH ,/,  [ that/DT ] 's/BES interesting/JJ ./.","(S (INTJ (UH Well)) (, ,) (EDITED (RM (-DFL- \[)) (S (NP-SBJ (DT that)) (VP-UNF (BES 's))) (, ,) (IP (-DFL- \+))) (INTJ (UH yeah)) (, ,) (NP-SBJ (DT that)) (VP (BES 's) (RS (-DFL- \])) (ADJP-PRD (JJ interesting))) (. .) (-DFL- E_S))","148",140.882875,145.888," Well,   that's,   yeah,  that's   interesting.  ","Well/UH ,/,   that/DT  's/BES ,/, yeah/UH ,/,   that/DT  's/BES interesting/JJ ./."
"95","sw03utt/sw_0371_3688.utt","3/sw3688",3688,94,"bf","B",66,2,"{C So } it's really up north in the country, really, #  ((   )) . # /","So/RB  [ it/PRP ] 's/BES really/RB up/IN  [ north/RB ] in/IN  [ the/DT country/NN ] ,/, really/RB ,/,  [ MUMBLEx/XX ] ./.","(S (RB So) (NP-SBJ (PRP it)) (VP (BES 's) (ADVP (RB really)) (PP-LOC-PRD (PP (IN up) (ADVP (RB north))) (PP (IN in) (NP (DT the) (NN country)))) (, ,) (ADVP (RB really)) (, ,) (X (XX MUMBLEx))) (. .) (-DFL- E_S))","149",140.882875,145.888," So  it's really up north in the country, really, #      . # ","So/RB   it/PRP  's/BES really/RB up/IN   north/RB  in/IN   the/DT country/NN  ,/, really/RB ,/,   MUMBLEx/XX  ./."
"96","sw03utt/sw_0371_3688.utt","3/sw3688",3688,95,"aa","A",67,1,"# Yeah, # /","Yeah/UH ,/,","(INTJ (UH Yeah) (, ,) (-DFL- E_S))","151",145.7315,146.10875,"# Yeah, # ","Yeah/UH ,/,"
"97","sw03utt/sw_0371_3688.utt","3/sw3688",3688,96,"b","B",68,1,"I guess # so. # /","[ I/PRP ] guess/VBP so/RB ./.","(S (NP-SBJ (PRP I)) (VP (VBP guess) (ADVP (RB so))) (. .) (-DFL- E_S))","153",146.35375,147.000875,"I guess # so. # "," I/PRP  guess/VBP so/RB ./."
"98","sw03utt/sw_0371_3688.utt","3/sw3688",3688,97,"aa^r","A",69,1,"# yeah. #  /","yeah/UH ./.","(INTJ (UH yeah) (. .) (-DFL- E_S))","155",146.5795,154.2755,"# yeah. #  ","yeah/UH ./."
"99","sw03utt/sw_0371_3688.utt","3/sw3688",3688,98,"%","A",69,2,"It's, - /","[ It/PRP ] 's/BES ,/,","(S (NP-SBJ (PRP It)) (VP-UNF (BES 's)) (, ,) (-DFL- N_S))","156",146.5795,154.2755,"It's,  "," It/PRP  's/BES ,/,"
"100","sw03utt/sw_0371_3688.utt","3/sw3688",3688,99,"sd","A",69,3,"{D well, } {F um, } my parents'  house is like three miles south of where the Mason-Dixon Line would have hit the Ohio River had it --","well/UH ,/, um/UH ,/,  [ my/PRP$ parents/NNS '/POS house/NN ] is/VBZ like/IN  [ three/CD miles/NNS ] south/RB of/IN where/WRB  [ the/DT Mason-Dixon/NNP Line/NNP ] would/MD have/VB hit/VBN  [ the/DT Ohio/NNP River/NNP ] had/VBD  [ it/PRP ] --/:","(S (INTJ (UH well)) (, ,) (INTJ (UH um)) (, ,) (NP-SBJ (NP (PRP$ my) (NNS parents) (POS ')) (NN house)) (VP (VBZ is) (INTJ (IN like)) (ADVP-LOC-PRD (NP (CD three) (NNS miles)) (RB south) (PP (IN of) (SBAR (WHADVP-1 (WRB where)) (S (NP-SBJ (DT the) (NNP Mason-Dixon) (NNP Line)) (VP (MD would) (VP (VB have) (VP (VBN hit) (NP (DT the) (NNP Ohio) (NNP River)) (ADVP-LOC (-NONE- *T*-1)) (SBAR-ADV (SINV (VBD had) (NP-SBJ (PRP it)) (VP (VBD continued) (ADVP (RB that) (RB far))))))))))))) (. .) (-DFL- E_S))","157",146.5795,154.2755," well,   um,  my parents'  house is like three miles south of where the MasonDixon Line would have hit the Ohio River had it ","well/UH ,/, um/UH ,/,   my/PRP$ parents/NNS '/POS house/NN  is/VBZ like/IN   three/CD miles/NNS  south/RB of/IN where/WRB   the/DT MasonDixon/NNP Line/NNP  would/MD have/VB hit/VBN   the/DT Ohio/NNP River/NNP  had/VBD   it/PRP  /:"
"101","sw03utt/sw_0371_3688.utt","3/sw3688",3688,100,"ba","B",70,1,"Gosh. /","Gosh/UH ./.","(INTJ (UH Gosh) (. .) (-DFL- E_S))","159",153.154625,153.6195,"Gosh. ","Gosh/UH ./."
"102","sw03utt/sw_0371_3688.utt","3/sw3688",3688,101,"+","A",71,1,"-- continued that far. /","--/: continued/VBD that/RB far/RB ./.","(S (INTJ (UH well)) (, ,) (INTJ (UH um)) (, ,) (NP-SBJ (NP (PRP$ my) (NNS parents) (POS ')) (NN house)) (VP (VBZ is) (INTJ (IN like)) (ADVP-LOC-PRD (NP (CD three) (NNS miles)) (RB south) (PP (IN of) (SBAR (WHADVP-1 (WRB where)) (S (NP-SBJ (DT the) (NNP Mason-Dixon) (NNP Line)) (VP (MD would) (VP (VB have) (VP (VBN hit) (NP (DT the) (NNP Ohio) (NNP River)) (ADVP-LOC (-NONE- *T*-1)) (SBAR-ADV (SINV (VBD had) (NP-SBJ (PRP it)) (VP (VBD continued) (ADVP (RB that) (RB far))))))))))))) (. .) (-DFL- E_S))","157",NA,NA," continued that far. ","/: continued/VBD that/RB far/RB ./."
"103","sw03utt/sw_0371_3688.utt","3/sw3688",3688,102,"b","B",72,1,"I see. /","[ I/PRP ] see/VBP ./.","(S (NP-SBJ (PRP I)) (VP (VBP see)) (. .) (-DFL- E_S))","162",154.441125,155.2405,"I see. "," I/PRP  see/VBP ./."
"104","sw03utt/sw_0371_3688.utt","3/sw3688",3688,103,"%","A",73,1,"{D So, } -/","So/UH ,/,","(INTJ (UH So) (, ,) (-DFL- N_S))","164",156.139125,156.563125," So,  ","So/UH ,/,"
"105","sw03utt/sw_0371_3688.utt","3/sw3688",3688,104,"qy","B",74,1,"It's pretty nice country up there? /","[ It/PRP ] 's/BES  [ pretty/RB nice/JJ country/NN ] up/IN there/RB ?/.","(S (NP-SBJ (PRP It)) (VP (BES 's) (NP-PRD (ADJP (RB pretty) (JJ nice)) (NN country)) (PP-LOC (IN up) (ADVP (RB there)))) (. ?) (-DFL- E_S))","166",155.2405,157.277375,"It's pretty nice country up there? "," It/PRP  's/BES   pretty/RB nice/JJ country/NN  up/IN there/RB ?/."
"106","sw03utt/sw_0371_3688.utt","3/sw3688",3688,105,"na","A",75,1,"{F Oh, } it's beautiful. /","Oh/UH ,/,  [ it/PRP ] 's/BES beautiful/JJ ./.","(S (INTJ (UH Oh)) (, ,) (NP-SBJ (PRP it)) (VP (BES 's) (ADJP-PRD (JJ beautiful))) (. .) (-DFL- E_S))","168",157.60175,158.314875," Oh,  it's beautiful. ","Oh/UH ,/,   it/PRP  's/BES beautiful/JJ ./."
"107","sw03utt/sw_0371_3688.utt","3/sw3688",3688,106,"qy","B",76,1,"Hills, or what? /","[ Hills/NNS ] ,/, or/CC  [ what/WP ] ?/.","(NP (NNS Hills) (, ,) (CC or) (WP what) (. ?) (-DFL- E_S))","170",158.7185,159.605125,"Hills, or what? "," Hills/NNS  ,/, or/CC   what/WP  ?/."
"108","sw03utt/sw_0371_3688.utt","3/sw3688",3688,107,"sd","A",77,1,"{F Uh, } {D well, } from my neck of the woods, it's hilly. /","[ Uh/UH ] ,/, well/UH ,/, from/IN  [ my/PRP$ neck/NN ] of/IN  [ the/DT woods/NNS ] ,/,  [ it/PRP ] 's/BES hilly/JJ ./.","(S (INTJ (UH Uh)) (, ,) (INTJ (UH well)) (, ,) (PP (IN from) (NP (NP (PRP$ my) (NN neck)) (PP (IN of) (NP (DT the) (NNS woods))))) (, ,) (NP-SBJ (PRP it)) (VP (BES 's) (ADJP-PRD (JJ hilly))) (. .) (-DFL- E_S))","172",159.94575,162.269," Uh,   well,  from my neck of the woods, it's hilly. "," Uh/UH  ,/, well/UH ,/, from/IN   my/PRP$ neck/NN  of/IN   the/DT woods/NNS  ,/,   it/PRP  's/BES hilly/JJ ./."
"109","sw03utt/sw_0371_3688.utt","3/sw3688",3688,108,"b","B",78,1,"# Uh-huh. # /","[ Uh-huh/UH ] ./.","(INTJ (UH Uh-huh) (. .) (-DFL- E_S))","174",162.49775,162.802625,"# Uhhuh. # "," Uhhuh/UH  ./."
"110","sw03utt/sw_0371_3688.utt","3/sw3688",3688,109,"sd","A",79,1,"# {F Um, } # {D you know, } {F uh, } maybe [ three  hundred, +  four hundred ] feet elevation, # {F uh, } #","Um/UH ,/,  [ you/PRP ] know/VBP ,/,  [ uh/UH ] ,/, maybe/RB  [ three/CD hundred/CD ] ,/,  [ four/CD hundred/CD feet/NNS elevation/NN ] ,/,  [ uh/UH ] ,/,","(FRAG (INTJ (UH Um)) (PRN (, ,) (S (NP-SBJ (PRP you)) (VP (VBP know))) (, ,)) (INTJ (UH uh)) (, ,) (NP (NP (QP (RB maybe) (RM (-DFL- \[)) (CD three) (CD hundred) (, ,) (IP (-DFL- \+)) (CD four) (CD hundred) (RS (-DFL- \]))) (NNS feet) (NN elevation) (, ,) (INTJ (UH uh)) (, ,) (NN type) (NNS variations)) (PP (PP (IN from) (NP (DT the) (NNS valleys))) (PP (IN up) (PP (IN to) (EDITED (RM (-DFL- \[)) (NP (DT the) (NNS hills)) (, ,) (IP (-DFL- \+))) (NP (DT the) (NNS hilltops)))))) (. .) (RS (-DFL- \])) (-DFL- E_S))","176",162.446,175.568625,"#  Um,  #  you know,   uh,  maybe  three  hundred,   four hundred  feet elevation, #  uh,  #","Um/UH ,/,   you/PRP  know/VBP ,/,   uh/UH  ,/, maybe/RB   three/CD hundred/CD  ,/,   four/CD hundred/CD feet/NNS elevation/NN  ,/,   uh/UH  ,/,"
"111","sw03utt/sw_0371_3688.utt","3/sw3688",3688,110,"b","B",80,1,"# Uh-huh # <<faint>>. /","[ Uh-huh/UH ] ./.","(INTJ (UH Uh-huh) (. .) (-DFL- E_S))","174",170.608625,171.166125,"# Uhhuh # faint. "," Uhhuh/UH  ./."
"112","sw03utt/sw_0371_3688.utt","3/sw3688",3688,111,"+","A",81,1,"type variations from the valleys up to [ the hills, +  the hilltops. ] /","[ type/NN variations/NNS ] from/IN  [ the/DT valleys/NNS ] up/IN to/IN  [ the/DT hills/NNS ] ,/,  [ the/DT hilltops/NNS ] ./.","(FRAG (INTJ (UH Um)) (PRN (, ,) (S (NP-SBJ (PRP you)) (VP (VBP know))) (, ,)) (INTJ (UH uh)) (, ,) (NP (NP (QP (RB maybe) (RM (-DFL- \[)) (CD three) (CD hundred) (, ,) (IP (-DFL- \+)) (CD four) (CD hundred) (RS (-DFL- \]))) (NNS feet) (NN elevation) (, ,) (INTJ (UH uh)) (, ,) (NN type) (NNS variations)) (PP (PP (IN from) (NP (DT the) (NNS valleys))) (PP (IN up) (PP (IN to) (EDITED (RM (-DFL- \[)) (NP (DT the) (NNS hills)) (, ,) (IP (-DFL- \+))) (NP (DT the) (NNS hilltops)))))) (. .) (RS (-DFL- \])) (-DFL- E_S))","176",NA,NA,"type variations from the valleys up to  the hills,   the hilltops.  "," type/NN variations/NNS  from/IN   the/DT valleys/NNS  up/IN to/IN   the/DT hills/NNS  ,/,   the/DT hilltops/NNS  ./."
"113","sw03utt/sw_0371_3688.utt","3/sw3688",3688,112,"qy","B",82,1,"Is it farmland? /","Is/VBZ  [ it/PRP ] [ farmland/NN ] ?/.","(SQ (VBZ Is) (NP-SBJ (PRP it)) (NP-PRD (NN farmland)) (. ?) (-DFL- E_S))","181",175.8495,176.98175,"Is it farmland? ","Is/VBZ   it/PRP   farmland/NN  ?/."
"114","sw03utt/sw_0371_3688.utt","3/sw3688",3688,113,"ng","A",83,1,"{F Um, } not a lot of farmland there.  /","Um/UH ,/, not/RB  [ a/DT lot/NN ] of/IN  [ farmland/NN ] there/RB ./.","(FRAG (INTJ (UH Um)) (, ,) (RB not) (NP (NP (DT a) (NN lot)) (PP (IN of) (NP (NN farmland)))) (ADVP-LOC (RB there)) (. .) (-DFL- E_S))","183",177.38875,191.619125," Um,  not a lot of farmland there.  ","Um/UH ,/, not/RB   a/DT lot/NN  of/IN   farmland/NN  there/RB ./."
"115","sw03utt/sw_0371_3688.utt","3/sw3688",3688,114,"%","A",83,2,"Mostly  it's, {F uh, } - /","Mostly/RB  [ it/PRP ] 's/BES ,/,  [ uh/UH ] ,/,","(S (ADVP (RB Mostly)) (NP-SBJ (PRP it)) (VP-UNF (BES 's) (, ,) (INTJ (UH uh))) (, ,) (-DFL- N_S))","184",177.38875,191.619125,"Mostly  it's,  uh,   ","Mostly/RB   it/PRP  's/BES ,/,   uh/UH  ,/,"
"116","sw03utt/sw_0371_3688.utt","3/sw3688",3688,115,"sd","A",83,3,"{E I mean, } {D you know, }   there's, {D you know, } individuals [ with their [ own, + own ]   f-, +  {F uh, } growing their own  food. ]  /","[ I/PRP ] mean/VBP ,/,  [ you/PRP ] know/VBP ,/,  [ there/EX ] 's/BES ,/,  [ you/PRP ] know/VBP ,/,  [ individuals/NNS ] with/IN  [ their/PRP$ own/JJ ] ,/,  [ own/JJ f-/NN ] ,/,  [ uh/UH ] ,/, growing/VBG  [ their/PRP$ own/JJ food/NN ] ./.","(S (PRN (S (NP-SBJ (PRP I)) (VP (VBP mean))) (, ,)) (PRN (S (NP-SBJ (PRP you)) (VP (VBP know))) (, ,)) (NP-SBJ (EX there)) (VP (BES 's) (PRN (, ,) (S (NP-SBJ (PRP you)) (VP (VBP know))) (, ,)) (NP-PRD (NP (NNS individuals)) (EDITED (RM (-DFL- \[)) (PP (IN with) (NP-UNF (PRP$ their) (EDITED (RM (-DFL- \[)) (JJ own) (, ,) (IP (-DFL- \+))) (JJ own) (RS (-DFL- \])) (NN f-))) (, ,) (IP (-DFL- \+))) (INTJ (UH uh)) (, ,) (VP (VBG growing) (NP (PRP$ their) (JJ own) (NN food))))) (. .) (RS (-DFL- \])) (-DFL- E_S))","185",177.38875,191.619125," I mean,   you know,    there's,  you know,  individuals  with their  own,  own    f,    uh,  growing their own  food.   "," I/PRP  mean/VBP ,/,   you/PRP  know/VBP ,/,   there/EX  's/BES ,/,   you/PRP  know/VBP ,/,   individuals/NNS  with/IN   their/PRP$ own/JJ  ,/,   own/JJ f/NN  ,/,   uh/UH  ,/, growing/VBG   their/PRP$ own/JJ food/NN  ./."
"117","sw03utt/sw_0371_3688.utt","3/sw3688",3688,116,"sd","A",83,4,"{F Uh, } most of the agriculture, it's more in the  way of, {F uh, } sheep and  cattle. /","[ Uh/UH ] ,/, most/JJS of/IN  [ the/DT agriculture/NN ] ,/,  [ it/PRP ] 's/BES more/JJR in/IN  [ the/DT way/NN ] of/IN ,/,  [ uh/UH ] ,/,  [ sheep/NNS ] and/CC  [ cattle/NNS ] ./.","(S (INTJ (UH Uh)) (, ,) (NP-TPC (NP (JJS most)) (PP (IN of) (NP (DT the) (NN agriculture)))) (, ,) (NP-SBJ (PRP it)) (VP (BES 's) (ADVP (JJR more)) (PP-PRD (IN in) (NP (NP (DT the) (NN way)) (PP (IN of) (, ,) (INTJ (UH uh)) (, ,) (NP (NNS sheep) (CC and) (NNS cattle)))))) (. .) (-DFL- E_S))","186",177.38875,191.619125," Uh,  most of the agriculture, it's more in the  way of,  uh,  sheep and  cattle. "," Uh/UH  ,/, most/JJS of/IN   the/DT agriculture/NN  ,/,   it/PRP  's/BES more/JJR in/IN   the/DT way/NN  of/IN ,/,   uh/UH  ,/,   sheep/NNS  and/CC   cattle/NNS  ./."
"118","sw03utt/sw_0371_3688.utt","3/sw3688",3688,117,"b","B",84,1,"{F Oh, } yes. /","Oh/UH ,/, yes/UH ./.","(INTJ (INTJ (UH Oh)) (, ,) (INTJ (UH yes)) (. .) (-DFL- E_S))","188",191.846125,192.50625," Oh,  yes. ","Oh/UH ,/, yes/UH ./."
"119","sw03utt/sw_0371_3688.utt","3/sw3688",3688,118,"sd","A",85,1,"{C And } even that's, {D you know, } small time mostly. /","And/CC even/RB  [ that/DT ] 's/BES ,/,  [ you/PRP ] know/VBP ,/,  [ small/JJ time/NN ] mostly/RB ./.","(S (CC And) (NP-SBJ (RB even) (DT that)) (VP (BES 's) (PRN (, ,) (S (NP-SBJ (PRP you)) (VP (VBP know))) (, ,)) (NP-PRD (JJ small) (NN time)) (ADVP (RB mostly))) (. .) (-DFL- E_S))","190",192.678625,195.101375," And  even that's,  you know,  small time mostly. ","And/CC even/RB   that/DT  's/BES ,/,   you/PRP  know/VBP ,/,   small/JJ time/NN  mostly/RB ./."
"120","sw03utt/sw_0371_3688.utt","3/sw3688",3688,119,"b","B",86,1,"Sure. /","[ Sure/UH ] ./.","(INTJ (UH Sure) (. .) (-DFL- E_S))","192",195.250625,195.656875,"Sure. "," Sure/UH  ./."
"121","sw03utt/sw_0371_3688.utt","3/sw3688",3688,120,"sd","A",87,1,"{F Uh, } the biggest chunk of what's going on  there [ is, + is, ] {F uh, } industry. /","[ Uh/UH ] ,/,  [ the/DT biggest/JJS chunk/NN ] of/IN  [ what/WP ] 's/BES going/VBG on/RP  [ there/RB ] is/VBZ ,/, is/VBZ ,/,  [ uh/UH ] ,/,  [ industry/NN ] ./.","(S (INTJ (UH Uh)) (, ,) (NP-SBJ (NP (DT the) (JJS biggest) (NN chunk)) (PP (IN of) (SBAR-NOM (WHNP-1 (WP what)) (S (NP-SBJ (-NONE- *T*-1)) (VP (BES 's) (VP (VBG going) (PRT (RP on)) (ADVP-LOC (RB there)))))))) (EDITED (RM (-DFL- \[)) (VP-UNF (VBZ is)) (, ,) (IP (-DFL- \+))) (VP (VBZ is) (, ,) (RS (-DFL- \])) (INTJ (UH uh)) (, ,) (NP-PRD (NN industry))) (. .) (-DFL- E_S))","194",195.858375,199.795125," Uh,  the biggest chunk of what's going on  there  is,  is,   uh,  industry. "," Uh/UH  ,/,   the/DT biggest/JJS chunk/NN  of/IN   what/WP  's/BES going/VBG on/RP   there/RB  is/VBZ ,/, is/VBZ ,/,   uh/UH  ,/,   industry/NN  ./."
"122","sw03utt/sw_0371_3688.utt","3/sw3688",3688,121,"b","B",88,1,"# Uh-huh. # /","[ Uh-huh/UH ] ./.","(INTJ (UH Uh-huh) (. .) (-DFL- E_S))","174",200.076625,200.392125,"# Uhhuh. # "," Uhhuh/UH  ./."
"123","sw03utt/sw_0371_3688.utt","3/sw3688",3688,122,"sd","A",89,1,"# It's # coal mines and chemical plants and power plants. /","[ It/PRP ] [ 's/BES coal/NN mines/NNS ] and/CC  [ chemical/NN plants/NNS ] and/CC  [ power/NN plants/NNS ] ./.","(S (NP-SBJ (PRP It)) (VP (BES 's) (NP-PRD (NP (NN coal) (NNS mines)) (CC and) (NP (NN chemical) (NNS plants)) (CC and) (NP (NN power) (NNS plants)))) (. .) (-DFL- E_S))","198",199.795125,203.328625,"# It's # coal mines and chemical plants and power plants. "," It/PRP   's/BES coal/NN mines/NNS  and/CC   chemical/NN plants/NNS  and/CC   power/NN plants/NNS  ./."
"124","sw03utt/sw_0371_3688.utt","3/sw3688",3688,123,"bk","B",90,1,"Okay. /","Okay/UH ./.","(INTJ (UH Okay) (. .) (-DFL- E_S))","200",203.651625,204.156625,"Okay. ","Okay/UH ./."
"125","sw03utt/sw_0371_3688.utt","3/sw3688",3688,124,"sd","A",91,1,"{F Uh, } aluminum plants.  /","[ Uh/UH ] ,/,  [ aluminum/NN plants/NNS ] ./.","(FRAG (INTJ (UH Uh)) (, ,) (NP (NN aluminum) (NNS plants)) (. .) (-DFL- E_S))","202",204.516125,208.654375," Uh,  aluminum plants.  "," Uh/UH  ,/,   aluminum/NN plants/NNS  ./."
"126","sw03utt/sw_0371_3688.utt","3/sw3688",3688,125,"sd","A",91,2,"There's like two  aluminum plants #  ((   )) . # /","[ There/EX ] 's/BES like/IN  [ two/CD aluminum/NN plants/NNS MUMBLEx/XX ] ./.","(S (NP-SBJ (EX There)) (VP (BES 's) (INTJ (IN like)) (NP-PRD (CD two) (NN aluminum) (NNS plants)) (X (XX MUMBLEx))) (. .) (-DFL- E_S))","203",204.516125,208.654375,"There's like two  aluminum plants #      . # "," There/EX  's/BES like/IN   two/CD aluminum/NN plants/NNS MUMBLEx/XX  ./."
"127","sw03utt/sw_0371_3688.utt","3/sw3688",3688,126,"qw","B",92,1,"# [ What are you, + # <throat_clearing> what are you ]  studying there at (( Heidelberg )) ? /","[ What/WP ] are/VBP  [ you/PRP ] ,/,  [ what/WP ] are/VBP  [ you/PRP ] studying/VBG there/RB at/IN  [ Heidelberg/NNP ] ?/.","(SBARQ (EDITED (RM (-DFL- \[)) (SBARQ (WHNP (WP What)) (SQ-UNF (VBP are) (NP-SBJ (PRP you)))) (, ,) (IP (-DFL- \+))) (WHNP-1 (WP what)) (SQ (VBP are) (NP-SBJ (PRP you)) (RS (-DFL- \])) (VP (VBG studying) (NP (-NONE- *T*-1)) (ADVP-LOC (RB there) (PP (IN at) (NP (NNP Heidelberg)))))) (. ?) (-DFL- E_S))","205",208.573625,210.637125,"#  What are you,  # throat_clearing what are you   studying there at  Heidelberg  ? "," What/WP  are/VBP   you/PRP  ,/,   what/WP  are/VBP   you/PRP  studying/VBG there/RB at/IN   Heidelberg/NNP  ?/."
"128","sw03utt/sw_0371_3688.utt","3/sw3688",3688,127,"sd","A",93,1,"Computer engineering. /","[ Computer/NN engineering/NN ] ./.","(NP (NN Computer) (NN engineering) (. .) (-DFL- E_S))","207",210.886125,211.627,"Computer engineering. "," Computer/NN engineering/NN  ./."
"129","sw03utt/sw_0371_3688.utt","3/sw3688",3688,128,"b","B",94,1,"<<Faint>>  {F Oh, } yeah.  /","Oh/UH ,/, yeah/UH ./.","(INTJ (INTJ (UH Oh)) (, ,) (INTJ (UH yeah)) (. .) (-DFL- E_S))","209",212.014875,213.000125,"Faint   Oh,  yeah.  ","Oh/UH ,/, yeah/UH ./."
"130","sw03utt/sw_0371_3688.utt","3/sw3688",3688,129,"qw","B",94,2,"What year? /","[ What/WDT year/NN ] ?/.","(WHNP (WDT What) (NN year) (. ?) (-DFL- E_S))","210",212.014875,213.000125,"What year? "," What/WDT year/NN  ?/."
"131","sw03utt/sw_0371_3688.utt","3/sw3688",3688,130,"sd","A",95,1,"{F Uh, } just finished up my fourth semester. /","[ Uh/UH ] ,/, just/RB finished/VBD up/RP  [ my/PRP$ fourth/JJ semester/NN ] ./.","(S (INTJ (UH Uh)) (, ,) (NP-SBJ (-NONE- *)) (ADVP (RB just)) (VP (VBD finished) (PRT (RP up)) (NP (PRP$ my) (JJ fourth) (NN semester))) (. .) (-DFL- E_S))","212",213.824625,216.32225," Uh,  just finished up my fourth semester. "," Uh/UH  ,/, just/RB finished/VBD up/RP   my/PRP$ fourth/JJ semester/NN  ./."
"132","sw03utt/sw_0371_3688.utt","3/sw3688",3688,131,"ba","B",96,1,"{D Well, } great. /","Well/UH ,/,  [ great/UH ] ./.","(INTJ (INTJ (UH Well)) (, ,) (INTJ (UH great)) (. .) (-DFL- E_S))","214",216.5235,217.353625," Well,  great. ","Well/UH ,/,   great/UH  ./."
"133","sw03utt/sw_0371_3688.utt","3/sw3688",3688,132,"b","A",97,1,"Yeah. /","Yeah/UH ./.","(INTJ (UH Yeah) (. .) (-DFL- E_S))","216",217.839125,218.236125,"Yeah. ","Yeah/UH ./."
"134","sw03utt/sw_0371_3688.utt","3/sw3688",3688,133,"b^m","B",98,1,"Yeah.  /","Yeah/UH ./.","(INTJ (UH Yeah) (. .) (-DFL- E_S))","216",218.621125,219.98975,"Yeah.  ","Yeah/UH ./."
"135","sw03utt/sw_0371_3688.utt","3/sw3688",3688,134,"sd","B",98,2,"I hope that works out well. /","[ I/PRP ] hope/VBP that/DT  [ works/VBZ ] out/RP well/RB ./.","(S (NP-SBJ (PRP I)) (VP (VBP hope) (SBAR (-NONE- 0) (S (NP-SBJ (DT that)) (VP (VBZ works) (PRT (RP out)) (ADVP-MNR (RB well)))))) (. .) (-DFL- E_S))","219",218.621125,219.98975,"I hope that works out well. "," I/PRP  hope/VBP that/DT   works/VBZ  out/RP well/RB ./."
"136","sw03utt/sw_0371_3688.utt","3/sw3688",3688,135,"b","A",99,1,"Yeah,  /","Yeah/UH ,/,","(INTJ (UH Yeah) (, ,) (-DFL- E_S))","221",220.191625,221.32775,"Yeah,  ","Yeah/UH ,/,"
"137","sw03utt/sw_0371_3688.utt","3/sw3688",3688,136,"sd","A",99,2,"it's a big change. /","[ it/PRP ] 's/BES  [ a/DT big/JJ change/NN ] ./.","(S (NP-SBJ (PRP it)) (VP (BES 's) (NP-PRD (DT a) (JJ big) (NN change))) (. .) (-DFL- E_S))","222",220.191625,221.32775,"it's a big change. "," it/PRP  's/BES   a/DT big/JJ change/NN  ./."
"138","sw03utt/sw_0371_3688.utt","3/sw3688",3688,137,"b","B",100,1,"<<Faint>> Yeah. /","Yeah/UH ./.","(INTJ (UH Yeah) (. .) (-DFL- E_S))","216",222.4475,222.70325,"Faint Yeah. ","Yeah/UH ./."
"139","sw03utt/sw_0371_3688.utt","3/sw3688",3688,138,"sd","A",101,1,"# I spent, #","[ I/PRP ] spent/VBD ,/,","(S (NP-SBJ (PRP I)) (VP (VBD spent) (, ,) (NP (CD twenty) (NNS years)) (PP (IN as) (NP (DT a) (NN mechanic)))) (-DFL- E_S))","226",222.416,224.111375,"# I spent, #"," I/PRP  spent/VBD ,/,"
"140","sw03utt/sw_0371_3688.utt","3/sw3688",3688,139,"%","B",102,1,"# What's, # -/","[ What/WP ] 's/BES ,/,","(SBARQ (WHNP (WP What)) (SQ-UNF (BES 's)) (, ,) (-DFL- N_S))","228",222.70325,224.5685,"# What's, # "," What/WP  's/BES ,/,"
"141","sw03utt/sw_0371_3688.utt","3/sw3688",3688,140,"+","A",103,1,"twenty years as a mechanic  /","[ twenty/CD years/NNS ] as/IN  [ a/DT mechanic/NN ]","(S (NP-SBJ (PRP I)) (VP (VBD spent) (, ,) (NP (CD twenty) (NNS years)) (PP (IN as) (NP (DT a) (NN mechanic)))) (-DFL- E_S))","226",224.111375,224.445625,"twenty years as a mechanic  "," twenty/CD years/NNS  as/IN   a/DT mechanic/NN "
"142","sw03utt/sw_0371_3688.utt","3/sw3688",3688,141,"%","A",103,2,"{C so, } -/","so/RB ,/,","(S-UNF (RB so) (, ,) (-DFL- N_S))","230",224.111375,224.445625," so,  ","so/RB ,/,"
"143","sw03utt/sw_0371_3688.utt","3/sw3688",3688,142,"bh","B",104,1,"{F Oh, } did you? /","Oh/UH ,/, did/VBD  [ you/PRP ] ?/.","(SQ (INTJ (UH Oh)) (, ,) (VBD did) (NP-SBJ (PRP you)) (. ?) (-DFL- E_S))","232",224.5685,225.07325," Oh,  did you? ","Oh/UH ,/, did/VBD   you/PRP  ?/."
"144","sw03utt/sw_0371_3688.utt","3/sw3688",3688,143,"ny","A",105,1,"Yeah. /","Yeah/UH ./.","(INTJ (UH Yeah) (. .) (-DFL- E_S))","216",225.26175,225.628375,"Yeah. ","Yeah/UH ./."
"145","sw03utt/sw_0371_3688.utt","3/sw3688",3688,144,"sv","B",106,1,"{D Well, } you've got some experience behind you in the work force. /","Well/UH ,/,  [ you/PRP ] 've/VBP got/VBN  [ some/DT experience/NN ] behind/IN  [ you/PRP ] in/IN  [ the/DT work/NN force/NN ] ./.","(S (INTJ (UH Well)) (, ,) (NP-SBJ (PRP you)) (VP (VBP 've) (VP (VBN got) (NP (NP (DT some) (NN experience)) (PP (IN behind) (NP (PRP you))) (PP (IN in) (NP (DT the) (NN work) (NN force)))))) (. .) (-DFL- E_S))","236",226.520625,228.77675," Well,  you've got some experience behind you in the work force. ","Well/UH ,/,   you/PRP  've/VBP got/VBN   some/DT experience/NN  behind/IN   you/PRP  in/IN   the/DT work/NN force/NN  ./."
"146","sw03utt/sw_0371_3688.utt","3/sw3688",3688,145,"aa","A",107,1,"Yeah. /","Yeah/UH ./.","(INTJ (UH Yeah) (. .) (-DFL- E_S))","216",228.98675,229.28675,"Yeah. ","Yeah/UH ./."
"147","sw03utt/sw_0371_3688.utt","3/sw3688",3688,146,"b^m","B",108,1,"Yeah.  /","Yeah/UH ./.","(INTJ (UH Yeah) (. .) (-DFL- E_S))","216",229.989625,234.113875,"Yeah.  ","Yeah/UH ./."
"148","sw03utt/sw_0371_3688.utt","3/sw3688",3688,147,"qr","B",108,2,"Are you, {F uh, } shooting for a bachelor's  now, or a master's, or what? /","[ Are/VBP you/PRP ] ,/,  [ uh/UH ] ,/, shooting/VBG for/IN  [ a/DT bachelor/NN ] 's/POS now/RB ,/, or/CC  [ a/DT master/NN 's/POS ] ,/, or/CC  [ what/WDT ] ?/.","(SQ (VBP Are) (NP-SBJ (PRP you)) (, ,) (INTJ (UH uh)) (, ,) (VP (VBG shooting) (PP (IN for) (NP (NP (DT a) (NN bachelor) (POS 's)) (NAC (-NONE- *ICH*-1)))) (ADVP-TMP (RB now)) (, ,) (NAC-1 (CC or) (NP (DT a) (NN master) (POS 's)) (, ,) (CC or) (NP (WDT what)))) (. ?) (-DFL- E_S))","241",229.989625,234.113875,"Are you,  uh,  shooting for a bachelor's  now, or a master's, or what? "," Are/VBP you/PRP  ,/,   uh/UH  ,/, shooting/VBG for/IN   a/DT bachelor/NN  's/POS now/RB ,/, or/CC   a/DT master/NN 's/POS  ,/, or/CC   what/WDT  ?/."
"149","sw03utt/sw_0371_3688.utt","3/sw3688",3688,148,"sd","A",109,1,"I'm working on a bachelor's degree. /","[ I/PRP ] 'm/VBP working/VBG on/IN  [ a/DT bachelor/NN 's/POS degree/NN ] ./.","(S (NP-SBJ (PRP I)) (VP (VBP 'm) (VP (VBG working) (PP (IN on) (NP (NP (DT a) (NN bachelor) (POS 's)) (NN degree))))) (. .) (-DFL- E_S))","243",234.124375,235.45775,"I'm working on a bachelor's degree. "," I/PRP  'm/VBP working/VBG on/IN   a/DT bachelor/NN 's/POS degree/NN  ./."
"150","sw03utt/sw_0371_3688.utt","3/sw3688",3688,149,"bk","B",110,1,"{F Oh, } okay,  /","Oh/UH ,/, okay/UH ,/,","(INTJ (INTJ (UH Oh)) (, ,) (INTJ (UH okay)) (, ,) (-DFL- E_S))","245",235.96725,237.395375," Oh,  okay,  ","Oh/UH ,/, okay/UH ,/,"
"151","sw03utt/sw_0371_3688.utt","3/sw3688",3688,150,"ba","B",110,2,"good. /","[ good/JJ ] ./.","(INTJ (JJ good) (. .) (-DFL- E_S))","246",235.96725,237.395375,"good. "," good/JJ  ./."
"152","sw03utt/sw_0371_3688.utt","3/sw3688",3688,151,"sd^r","A",111,1,"I'm working on a bachelor's # degree.  /","[ I/PRP ] 'm/VBP working/VBG on/IN  [ a/DT bachelor/NN 's/POS degree/NN ] ./.","(S (NP-SBJ (PRP I)) (VP (VBP 'm) (VP (VBG working) (PP (IN on) (NP (NP (DT a) (NN bachelor) (POS 's)) (NN degree))))) (. .) (-DFL- E_S))","243",237.65225,239.455875,"I'm working on a bachelor's # degree.  "," I/PRP  'm/VBP working/VBG on/IN   a/DT bachelor/NN 's/POS degree/NN  ./."
"153","sw03utt/sw_0371_3688.utt","3/sw3688",3688,152,"%","A",111,2,"It'll be compu-, # -/","[ It/PRP ] 'll/MD be/VB  [ compu-/NN ] ,/,","(S (NP-SBJ (PRP It)) (VP (MD 'll) (VP (VB be) (NP-PRD-UNF (NN compu-)))) (, ,) (-DFL- N_S))","249",237.65225,239.455875,"It'll be compu, # "," It/PRP  'll/MD be/VB   compu/NN  ,/,"
"154","sw03utt/sw_0371_3688.utt","3/sw3688",3688,153,"qy^d","B",112,1,"# Hope it's a good program # there. /","Hope/VBP  [ it/PRP ] 's/BES  [ a/DT good/JJ program/NN ] there/RB ./.","(S (NP-SBJ (-NONE- *)) (VP (VBP Hope) (SBAR (-NONE- 0) (S (NP-SBJ (PRP it)) (VP (BES 's) (NP-PRD (NP (DT a) (JJ good) (NN program)) (ADVP-LOC (RB there))))))) (. .) (-DFL- E_S))","251",238.586,239.771625,"# Hope it's a good program # there. ","Hope/VBP   it/PRP  's/BES   a/DT good/JJ program/NN  there/RB ./."
"155","sw03utt/sw_0371_3688.utt","3/sw3688",3688,154,"br","A",113,1,"Pardon? /","[ Pardon/UH ] ?/.","(INTJ (UH Pardon) (. ?) (-DFL- E_S))","253",240.524,240.77,"Pardon? "," Pardon/UH  ?/."
"156","sw03utt/sw_0371_3688.utt","3/sw3688",3688,155,"qy^d^r","B",114,1,"Hope it's a good program there. /","Hope/VBP  [ it/PRP ] 's/BES  [ a/DT good/JJ program/NN ] there/RB ./.","(S (NP-SBJ (-NONE- *)) (VP (VBP Hope) (SBAR (-NONE- 0) (S (NP-SBJ (PRP it)) (VP (BES 's) (NP-PRD (NP (DT a) (JJ good) (NN program)) (ADVP-LOC (RB there))))))) (. .) (-DFL- E_S))","251",240.88175,242.1415,"Hope it's a good program there. ","Hope/VBP   it/PRP  's/BES   a/DT good/JJ program/NN  there/RB ./."
"157","sw03utt/sw_0371_3688.utt","3/sw3688",3688,156,"na","A",115,1,"{F Uh, } it seems to me, from what I've been able to find out. /","[ Uh/UH ] ,/,  [ it/PRP ] seems/VBZ to/IN  [ me/PRP ] ,/, from/IN  [ what/WP ] [ I/PRP ] 've/VBP been/VBN able/JJ to/TO find/VB out/RP ./.","(S (INTJ (UH Uh)) (, ,) (NP-SBJ (PRP it)) (VP-UNF (VBZ seems) (PP (IN to) (NP (PRP me))) (, ,) (PP (IN from) (SBAR (WHNP-2 (WP what)) (S (NP-SBJ-1 (PRP I)) (VP (VBP 've) (VP (VBN been) (ADJP-PRD (JJ able) (S (NP-SBJ (-NONE- *-1)) (VP (TO to) (VP (VB find) (NP (-NONE- *T*-2)) (PRT (RP out)))))))))))) (. .) (-DFL- E_S))","257",242.33325,244.852875," Uh,  it seems to me, from what I've been able to find out. "," Uh/UH  ,/,   it/PRP  seems/VBZ to/IN   me/PRP  ,/, from/IN   what/WP   I/PRP  've/VBP been/VBN able/JJ to/TO find/VB out/RP ./."
"158","sw03utt/sw_0371_3688.utt","3/sw3688",3688,157,"b","B",116,1,"# Yeah,  /","Yeah/UH ,/,","(INTJ (UH Yeah) (, ,) (-DFL- E_S))","259",245.006375,245.687,"# Yeah,  ","Yeah/UH ,/,"
"159","sw03utt/sw_0371_3688.utt","3/sw3688",3688,158,"ba","B",116,2,"good. # /","[ good/UH ] ./.","(INTJ (JJ good) (. .) (-DFL- E_S))","246",245.006375,245.687,"good. # "," good/UH  ./."
"160","sw03utt/sw_0371_3688.utt","3/sw3688",3688,159,"sd","A",117,1,"# That's # considered a pretty good program.  /","[ That/DT ] 's/BES considered/VBN  [ a/DT pretty/RB good/JJ program/NN ] ./.","(S (NP-SBJ-1 (DT That)) (VP (BES 's) (VP (VBN considered) (S (NP-SBJ (-NONE- *-1)) (NP-PRD (DT a) (ADJP (RB pretty) (JJ good)) (NN program))))) (. .) (-DFL- E_S))","262",244.852875,254.88775,"# That's # considered a pretty good program.  "," That/DT  's/BES considered/VBN   a/DT pretty/RB good/JJ program/NN  ./."
"161","sw03utt/sw_0371_3688.utt","3/sw3688",3688,160,"sv","A",117,2,"It's nice and small, which means, {D you know, } if you don't get the class this semester,  then you've got to wait [ or  three or four s-, + {D you know, }  anywhere from two to four ] semesters to # get, #","[ It/PRP ] 's/BES nice/JJ and/CC  [ small/JJ ] ,/,  [ which/WDT ] means/VBZ ,/,  [ you/PRP ] know/VBP ,/, if/IN  [ you/PRP ] do/VBP n't/RB get/VB  [ the/DT class/NN ] [ this/DT semester/NN ] ,/, then/RB  [ you/PRP ] 've/VBP got/VBN to/TO wait/VB or/^IN   [ three/CD ] or/CC  [ four/CD s-/XX ] ,/,  [ you/PRP ] know/VBP ,/, anywhere/RB from/IN  [ two/CD ] to/IN  [ four/CD semesters/NNS ] to/TO get/VB ,/,","(S (NP-SBJ (PRP It)) (VP (VP (BES 's) (ADJP-PRD (JJ nice) (CC and) (JJ small))) (, ,) (SBAR (WHNP-1 (WDT which)) (S (NP-SBJ (-NONE- *T*-1)) (VP (VBZ means) (PRN (, ,) (S (NP-SBJ (PRP you)) (VP (VBP know))) (, ,)) (SBAR (-NONE- 0) (S (SBAR-ADV (IN if) (S (NP-SBJ (PRP you)) (VP (VBP do) (RB n't) (VP (VB get) (NP (DT the) (NN class)) (NP-TMP (DT this) (NN semester)))))) (, ,) (ADVP (RB then)) (NP-SBJ-2 (PRP you)) (VP (VBP 've) (VP (VBN got) (S (NP-SBJ-3 (-NONE- *-2)) (VP (TO to) (VP (VB wait) (EDITED (RM (-DFL- \[)) (X (^IN or)) (NP-TMP-UNF (QP (CD three) (CC or) (CD four)) (XX s-)) (, ,) (IP (-DFL- \+))) (PRN (S (NP-SBJ (PRP you)) (VP (VBP know))) (, ,)) (NP-TMP (QP (RB anywhere) (IN from) (CD two) (IN to) (CD four)) (RS (-DFL- \])) (NNS semesters)) (S-PRP (NP-SBJ (-NONE- *-3)) (VP (TO to) (VP (VB get) (, ,) (NP (PRP it)) (ADVP (RB again)))))))))))))))) (. .) (-DFL- E_S))","263",244.852875,254.88775,"It's nice and small, which means,  you know,  if you don't get the class this semester,  then you've got to wait  or  three or four s,   you know,   anywhere from two to four  semesters to # get, #"," It/PRP  's/BES nice/JJ and/CC   small/JJ  ,/,   which/WDT  means/VBZ ,/,   you/PRP  know/VBP ,/, if/IN   you/PRP  do/VBP n't/RB get/VB   the/DT class/NN   this/DT semester/NN  ,/, then/RB   you/PRP  've/VBP got/VBN to/TO wait/VB or/^IN    three/CD  or/CC   four/CD s/XX  ,/,   you/PRP  know/VBP ,/, anywhere/RB from/IN   two/CD  to/IN   four/CD semesters/NNS  to/TO get/VB ,/,"
"162","sw03utt/sw_0371_3688.utt","3/sw3688",3688,161,"b","B",118,1,"# {F Huh } # <<faint>>. /","Huh/UH ./.","(INTJ (UH Huh) (. .) (-DFL- E_S))","265",254.282625,254.543375,"#  Huh  # faint. ","Huh/UH ./."
"163","sw03utt/sw_0371_3688.utt","3/sw3688",3688,162,"+","A",119,1,"it again.  /","[ it/PRP ] again/RB ./.","(S (NP-SBJ (PRP It)) (VP (VP (BES 's) (ADJP-PRD (JJ nice) (CC and) (JJ small))) (, ,) (SBAR (WHNP-1 (WDT which)) (S (NP-SBJ (-NONE- *T*-1)) (VP (VBZ means) (PRN (, ,) (S (NP-SBJ (PRP you)) (VP (VBP know))) (, ,)) (SBAR (-NONE- 0) (S (SBAR-ADV (IN if) (S (NP-SBJ (PRP you)) (VP (VBP do) (RB n't) (VP (VB get) (NP (DT the) (NN class)) (NP-TMP (DT this) (NN semester)))))) (, ,) (ADVP (RB then)) (NP-SBJ-2 (PRP you)) (VP (VBP 've) (VP (VBN got) (S (NP-SBJ-3 (-NONE- *-2)) (VP (TO to) (VP (VB wait) (EDITED (RM (-DFL- \[)) (X (^IN or)) (NP-TMP-UNF (QP (CD three) (CC or) (CD four)) (XX s-)) (, ,) (IP (-DFL- \+))) (PRN (S (NP-SBJ (PRP you)) (VP (VBP know))) (, ,)) (NP-TMP (QP (RB anywhere) (IN from) (CD two) (IN to) (CD four)) (RS (-DFL- \])) (NNS semesters)) (S-PRP (NP-SBJ (-NONE- *-3)) (VP (TO to) (VP (VB get) (, ,) (NP (PRP it)) (ADVP (RB again)))))))))))))))) (. .) (-DFL- E_S))","263",255.62225,258.4785,"it again.  "," it/PRP  again/RB ./."
"164","sw03utt/sw_0371_3688.utt","3/sw3688",3688,163,"sv","A",119,2,"{C But, }  {F uh, } [ i-, + it's ]  worth it once you get it. /","But/CC ,/,  [ uh/UH ] ,/,  [ i-/XX ] ,/,  [ it/PRP ] 's/BES worth/JJ  [ it/PRP ] once/IN  [ you/PRP ] get/VBP  [ it/PRP ] ./.","(S (CC But) (, ,) (INTJ (UH uh)) (, ,) (EDITED (RM (-DFL- \[)) (NP-SBJ-UNF (XX i-)) (, ,) (IP (-DFL- \+))) (NP-SBJ (PRP it)) (VP (BES 's) (RS (-DFL- \])) (ADJP-PRD (JJ worth) (NP (PRP it))) (SBAR-TMP (IN once) (S (NP-SBJ (PRP you)) (VP (VBP get) (NP (PRP it)))))) (. .) (-DFL- E_S))","267",255.62225,258.4785," But,    uh,   i,  it's   worth it once you get it. ","But/CC ,/,   uh/UH  ,/,   i/XX  ,/,   it/PRP  's/BES worth/JJ   it/PRP  once/IN   you/PRP  get/VBP   it/PRP  ./."
"165","sw03utt/sw_0371_3688.utt","3/sw3688",3688,164,"aa","B",120,1,"{D Well, } yes,  /","Well/UH ,/, yes/UH ,/,","(INTJ (INTJ (UH Well)) (, ,) (INTJ (UH yes)) (, ,) (-DFL- E_S))","269",258.763125,262.814," Well,  yes,  ","Well/UH ,/, yes/UH ,/,"
"166","sw03utt/sw_0371_3688.utt","3/sw3688",3688,165,"ba","B",120,2,"that's good.  /","[ that/DT ] 's/BES good/JJ ./.","(S (NP-SBJ (DT that)) (VP (BES 's) (ADJP-PRD (JJ good))) (. .) (-DFL- E_S))","270",258.763125,262.814,"that's good.  "," that/DT  's/BES good/JJ ./."
"167","sw03utt/sw_0371_3688.utt","3/sw3688",3688,166,"qy^d","B",120,3,"{C And } probably a good, {F uh, } student teacher ratio and things. /","And/CC probably/RB  [ a/DT good/JJ ] ,/,  [ uh/UH ] ,/,  [ student/NN teacher/NN ratio/NN ] and/CC  [ things/NNS ] ./.","(FRAG (CC And) (ADVP (RB probably)) (NP (NP (DT a) (JJ good) (, ,) (INTJ (UH uh)) (, ,) (TYPO (NN student) (NN teacher)) (NN ratio)) (CC and) (NP (NNS things))) (. .) (-DFL- E_S))","271",258.763125,262.814," And  probably a good,  uh,  student teacher ratio and things. ","And/CC probably/RB   a/DT good/JJ  ,/,   uh/UH  ,/,   student/NN teacher/NN ratio/NN  and/CC   things/NNS  ./."
"168","sw03utt/sw_0371_3688.utt","3/sw3688",3688,167,"ny","A",121,1,"{F Oh, } yeah,  /","Oh/UH ,/, yeah/UH ,/,","(INTJ (INTJ (UH Oh)) (, ,) (INTJ (UH yeah)) (, ,) (-DFL- E_S))","273",263.077125,263.787125," Oh,  yeah,  ","Oh/UH ,/, yeah/UH ,/,"
"169","sw03utt/sw_0371_3688.utt","3/sw3688",3688,168,"ny^r","A",121,2,"# yeah. # /","yeah/UH ./.","(INTJ (UH yeah) (. .) (-DFL- E_S))","274",263.077125,263.787125,"# yeah. # ","yeah/UH ./."
"170","sw03utt/sw_0371_3688.utt","3/sw3688",3688,169,"b^m","B",122,1,"# Yeah # <<faint>>. /","Yeah/UH ./.","(INTJ (UH Yeah) (. .) (-DFL- E_S))","276",263.568625,263.977625,"# Yeah # faint. ","Yeah/UH ./."
"171","sw03utt/sw_0371_3688.utt","3/sw3688",3688,170,"sd^e","A",123,1,"Most the class are pretty small. /","Most/JJS  [ the/DT class/NN ] are/VBP pretty/RB small/JJ ./.","(S (NP-SBJ (NP (JJS Most)) (X (NP (DT the) (NN class)))) (VP (VBP are) (ADJP-PRD (RB pretty) (JJ small))) (. .) (-DFL- E_S))","278",263.787125,264.953,"Most the class are pretty small. ","Most/JJS   the/DT class/NN  are/VBP pretty/RB small/JJ ./."
"172","sw03utt/sw_0371_3688.utt","3/sw3688",3688,171,"ba","B",124,1,"Good. /","[ Good/UH ] ./.","(INTJ (UH Good) (. .) (-DFL- E_S))","280",265.3185,265.726125,"Good. "," Good/UH  ./."
"173","sw03utt/sw_0371_3688.utt","3/sw3688",3688,172,"sd","A",125,1,"That works out real well. /","[ That/DT ] works/VBZ out/RP real/RB well/RB ./.","(S (NP-SBJ (DT That)) (VP (VBZ works) (PRT (RP out)) (ADVP-MNR (RB real) (RB well))) (. .) (-DFL- E_S))","282",266.058375,267.064375,"That works out real well. "," That/DT  works/VBZ out/RP real/RB well/RB ./."
"174","sw03utt/sw_0371_3688.utt","3/sw3688",3688,173,"qw","B",126,1,"{D Well, } [ I, + I ] was wondering what, if you all  were to get a pet, like if you were to move into an apartment  /","Well/UH ,/,  [ I/PRP ] ,/,  [ I/PRP ] was/VBD wondering/VBG  [ what/WP ] ,/, if/IN  [ you/PRP ] [ all/DT ] were/VBD to/TO get/VB  [ a/DT pet/NN ] ,/, like/IN if/IN  [ you/PRP ] were/VBD to/TO move/VB into/IN  [ an/DT apartment/NN ]","(S (INTJ (UH Well)) (, ,) (EDITED (RM (-DFL- \[)) (NP-SBJ (PRP I)) (, ,) (IP (-DFL- \+))) (NP-SBJ (PRP I)) (RS (-DFL- \])) (VP (VBD was) (VP (VBG wondering) (FRAG (WHNP (WP what)) (, ,) (SBAR (SBAR (IN if) (S (NP-SBJ-2 (NP (PRP you)) (NP (DT all))) (VP (VBD were) (S-PRD (NP-SBJ (-NONE- *-2)) (VP (TO to) (VP (VB get) (NP (DT a) (NN pet)))))))) (, ,) (INTJ (IN like)) (SBAR (IN if) (S (NP-SBJ-1 (PRP you)) (VP (VBD were) (S-PRD (NP-SBJ (-NONE- *-1)) (VP (TO to) (VP (VB move) (PP (IN into) (NP (NP (DT an) (NN apartment)) (-DFL- E_S) (CC or) (NP (NP (DT a) (NN house)) (ADVP-LOC (NN somewhere))))))))))))))) (, ,))","284",268.16575,273.90825," Well,   I,  I  was wondering what, if you all  were to get a pet, like if you were to move into an apartment  ","Well/UH ,/,   I/PRP  ,/,   I/PRP  was/VBD wondering/VBG   what/WP  ,/, if/IN   you/PRP   all/DT  were/VBD to/TO get/VB   a/DT pet/NN  ,/, like/IN if/IN   you/PRP  were/VBD to/TO move/VB into/IN   an/DT apartment/NN "
"175","sw03utt/sw_0371_3688.utt","3/sw3688",3688,174,"qw","B",126,2,"{C or } a house somewhere,  what would you get? /","or/CC  [ a/DT house/NN somewhere/NN ] ,/,  [ what/WP ] would/MD  [ you/PRP ] get/VB ?/.","(S (INTJ (UH Well)) (, ,) (EDITED (RM (-DFL- \[)) (NP-SBJ (PRP I)) (, ,) (IP (-DFL- \+))) (NP-SBJ (PRP I)) (RS (-DFL- \])) (VP (VBD was) (VP (VBG wondering) (FRAG (WHNP (WP what)) (, ,) (SBAR (SBAR (IN if) (S (NP-SBJ-2 (NP (PRP you)) (NP (DT all))) (VP (VBD were) (S-PRD (NP-SBJ (-NONE- *-2)) (VP (TO to) (VP (VB get) (NP (DT a) (NN pet)))))))) (, ,) (INTJ (IN like)) (SBAR (IN if) (S (NP-SBJ-1 (PRP you)) (VP (VBD were) (S-PRD (NP-SBJ (-NONE- *-1)) (VP (TO to) (VP (VB move) (PP (IN into) (NP (NP (DT an) (NN apartment)) (-DFL- E_S) (CC or) (NP (NP (DT a) (NN house)) (ADVP-LOC (NN somewhere))))))))))))))) (, ,))|||(SBARQ (WHNP-1 (WP what)) (SQ (MD would) (NP-SBJ (PRP you)) (VP (VB get) (NP (-NONE- *T*-1)))) (. ?) (-DFL- E_S))","284|||285",268.16575,273.90825," or  a house somewhere,  what would you get? ","or/CC   a/DT house/NN somewhere/NN  ,/,   what/WP  would/MD   you/PRP  get/VB ?/."
"176","sw03utt/sw_0371_3688.utt","3/sw3688",3688,175,"sd","A",127,1,"{F Uh, } {D well, } {F um, } first off we'd probably  wind up with [ a, + a ] cat or maybe a puppy. /","[ Uh/UH ] ,/, well/UH ,/, um/UH ,/, first/RB off/IN  [ we/PRP ] 'd/MD probably/RB wind/VB up/RP with/IN  [ a/DT ] ,/,  [ a/DT cat/NN ] or/CC maybe/RB  [ a/DT puppy/NN ] ./.","(S (INTJ (UH Uh)) (, ,) (INTJ (UH well)) (, ,) (INTJ (UH um)) (, ,) (ADVP (RB first) (IN off)) (NP-SBJ (PRP we)) (VP (MD 'd) (ADVP (RB probably)) (VP (VB wind) (PRT (RP up)) (PP (IN with) (EDITED (RM (-DFL- \[)) (NP-UNF (DT a)) (, ,) (IP (-DFL- \+))) (NP (NP (DT a) (RS (-DFL- \])) (NN cat)) (CC or) (ADVP (RB maybe)) (NP (DT a) (NN puppy)))))) (. .) (-DFL- E_S))","287",274.638125,283.180375," Uh,   well,   um,  first off we'd probably  wind up with  a,  a  cat or maybe a puppy. "," Uh/UH  ,/, well/UH ,/, um/UH ,/, first/RB off/IN   we/PRP  'd/MD probably/RB wind/VB up/RP with/IN   a/DT  ,/,   a/DT cat/NN  or/CC maybe/RB   a/DT puppy/NN  ./."
"177","sw03utt/sw_0371_3688.utt","3/sw3688",3688,176,"b","B",128,1,"Uh-huh. /","[ Uh-huh/UH ] ./.","(INTJ (UH Uh-huh) (. .) (-DFL- E_S))","289",282.654375,283.073875,"Uhhuh. "," Uhhuh/UH  ./."
"178","sw03utt/sw_0371_3688.utt","3/sw3688",3688,177,"sd","A",129,1,"[ [ I, + I, ] + I'm ] partial towards the larger dogs. /","[ I/PRP ] ,/,  [ I/PRP ] ,/,  [ I/PRP ] 'm/VBP partial/JJ towards/IN  [ the/DT larger/JJR dogs/NNS ] ./.","(S (EDITED (RM (-DFL- \[)) (EDITED (RM (-DFL- \[)) (NP-SBJ (PRP I)) (, ,) (IP (-DFL- \+))) (NP-SBJ (PRP I)) (, ,) (RS (-DFL- \])) (IP (-DFL- \+))) (NP-SBJ (PRP I)) (VP (VBP 'm) (RS (-DFL- \])) (ADJP-PRD (JJ partial) (PP (IN towards) (NP (DT the) (JJR larger) (NNS dogs))))) (. .) (-DFL- E_S))","291",283.180375,285.44875,"  I,  I,   I'm  partial towards the larger dogs. "," I/PRP  ,/,   I/PRP  ,/,   I/PRP  'm/VBP partial/JJ towards/IN   the/DT larger/JJR dogs/NNS  ./."
"179","sw03utt/sw_0371_3688.utt","3/sw3688",3688,178,"b","B",130,1,"Uh-huh. /","[ Uh-huh/UH ] ./.","(INTJ (UH Uh-huh) (. .) (-DFL- E_S))","289",285.618875,286.005,"Uhhuh. "," Uhhuh/UH  ./."
"180","sw03utt/sw_0371_3688.utt","3/sw3688",3688,179,"sd","A",131,1,"{F Um, } our last, [ we've, + we've ] had a couple of  cats before we moved on campus. /","Um/UH ,/,  [ our/PRP$ last/JJ ] ,/,  [ we/PRP ] 've/VBP ,/,  [ we/PRP ] 've/VBP had/VBN  [ a/DT couple/NN ] of/IN  [ cats/NNS ] before/IN  [ we/PRP ] moved/VBD on/IN  [ campus/NN ] ./.","(S (INTJ (UH Um)) (, ,) (NP-ADV (PRP$ our) (JJ last)) (, ,) (EDITED (RM (-DFL- \[)) (S (NP-SBJ (PRP we)) (VP-UNF (VBP 've))) (, ,) (IP (-DFL- \+))) (NP-SBJ (PRP we)) (VP (VBP 've) (RS (-DFL- \])) (VP (VBN had) (NP (NP (DT a) (NN couple)) (PP (IN of) (NP (NNS cats)))) (SBAR-TMP (IN before) (S (NP-SBJ (PRP we)) (VP (VBD moved) (PP-DIR (IN on) (NP (NN campus)))))))) (. .) (-DFL- E_S))","295",285.938375,291.807," Um,  our last,  we've,  we've  had a couple of  cats before we moved on campus. ","Um/UH ,/,   our/PRP$ last/JJ  ,/,   we/PRP  've/VBP ,/,   we/PRP  've/VBP had/VBN   a/DT couple/NN  of/IN   cats/NNS  before/IN   we/PRP  moved/VBD on/IN   campus/NN  ./."
"181","sw03utt/sw_0371_3688.utt","3/sw3688",3688,180,"b","B",132,1,"Uh-huh. /","[ Uh-huh/UH ] ./.","(INTJ (UH Uh-huh) (. .) (-DFL- E_S))","289",292.12,292.452,"Uhhuh. "," Uhhuh/UH  ./."
"182","sw03utt/sw_0371_3688.utt","3/sw3688",3688,181,"sd","A",133,1,"{F Uh, } had a hamster or two,  /","[ Uh/UH ] ,/, had/VBD  [ a/DT hamster/NN ] or/CC  [ two/CD ] ,/,","(S (INTJ (UH Uh)) (, ,) (NP-SBJ (-NONE- *)) (VP (VBD had) (NP (DT a) (NN hamster) (QP (CC or) (CD two)))) (, ,) (-DFL- E_S))","299",292.43675,296.222375," Uh,  had a hamster or two,  "," Uh/UH  ,/, had/VBD   a/DT hamster/NN  or/CC   two/CD  ,/,"
"183","sw03utt/sw_0371_3688.utt","3/sw3688",3688,182,"sd","A",133,2,"{C and } [ they, + # they ]  got, #","and/CC  [ they/PRP ] ,/,  [ they/PRP ] got/VBD ,/,","(S (CC and) (EDITED (RM (-DFL- \[)) (NP-SBJ (PRP they)) (, ,) (IP (-DFL- \+))) (NP-SBJ-1 (PRP they)) (RS (-DFL- \])) (VP (VBD got) (, ,) (S (NP-SBJ (-NONE- *-1)) (VP (TO to) (VP (VB be) (NP-PRD (NP (DT a) (NN lot)) (PP (IN of) (NP (NN fun)))))))) (. .) (-DFL- E_S))","300",292.43675,296.222375," and   they,  # they   got, #","and/CC   they/PRP  ,/,   they/PRP  got/VBD ,/,"
"184","sw03utt/sw_0371_3688.utt","3/sw3688",3688,183,"b","B",134,1,"# A hamster. # /","[ A/DT hamster/NN ] ./.","(NP (DT A) (NN hamster) (. .) (-DFL- E_S))","302",295.048125,295.652,"# A hamster. # "," A/DT hamster/NN  ./."
"185","sw03utt/sw_0371_3688.utt","3/sw3688",3688,184,"+","A",135,1,"to be a lot of fun. /","to/TO be/VB  [ a/DT lot/NN ] of/IN  [ fun/NN ] ./.","(S (CC and) (EDITED (RM (-DFL- \[)) (NP-SBJ (PRP they)) (, ,) (IP (-DFL- \+))) (NP-SBJ-1 (PRP they)) (RS (-DFL- \])) (VP (VBD got) (, ,) (S (NP-SBJ (-NONE- *-1)) (VP (TO to) (VP (VB be) (NP-PRD (NP (DT a) (NN lot)) (PP (IN of) (NP (NN fun)))))))) (. .) (-DFL- E_S))","300",NA,NA,"to be a lot of fun. ","to/TO be/VB   a/DT lot/NN  of/IN   fun/NN  ./."
"186","sw03utt/sw_0371_3688.utt","3/sw3688",3688,185,"b","B",136,1,"{F Oh, } yeah. /","Oh/UH ,/, yeah/UH ./.","(INTJ (INTJ (UH Oh)) (, ,) (INTJ (UH yeah)) (. .) (-DFL- E_S))","305",296.568125,296.8965," Oh,  yeah. ","Oh/UH ,/, yeah/UH ./."
"187","sw03utt/sw_0371_3688.utt","3/sw3688",3688,186,"sv","A",137,1,"{F Uh, } it's amazing how much character, -/","[ Uh/UH ] ,/,  [ it/PRP ] 's/BES amazing/JJ how/WRB  [ much/JJ character/NN ] ,/,","(S (INTJ (UH Uh)) (, ,) (NP-SBJ (NP (PRP it)) (SBAR-UNF (-NONE- *EXP*-1))) (VP (BES 's) (ADJP-PRD (JJ amazing)) (SBAR-UNF-1 (WHNP (WHADJP (WRB how) (JJ much)) (NN character)))) (, ,) (-DFL- N_S))","307",297.483625,299.183625," Uh,  it's amazing how much character, "," Uh/UH  ,/,   it/PRP  's/BES amazing/JJ how/WRB   much/JJ character/NN  ,/,"
