"","swda_filename","ptb_basename","conversation_no","transcript_index","act_tag","caller","turn_index","subutterance_index","text","pos","trees","ptb_treenumbers","start_turn","end_turn","newtext","newpos"
"1","sw03utt/sw_0311_3776.utt","3/sw3776",3776,0,"sd","A",1,1,"I, {F uh, } spent four years as a university professor. /","[ I/PRP ] ,/,  [ uh/UH ] ,/, spent/VBD  [ four/CD years/NNS ] as/IN  [ a/DT university/NN professor/NN ] ./.","(S (NP-SBJ (PRP I)) (, ,) (INTJ (UH uh)) (, ,) (VP (VBD spent) (NP (CD four) (NNS years)) (PP (IN as) (NP (DT a) (NN university) (NN professor)))) (. .) (-DFL- E_S))",1,0.725375,4.114875,"I,  uh,  spent four years as a university professor. "," I/PRP  ,/,   uh/UH  ,/, spent/VBD   four/CD years/NNS  as/IN   a/DT university/NN professor/NN  ./."
"2","sw03utt/sw_0311_3776.utt","3/sw3776",3776,1,"bh","B",2,1,"{F Oh } --","Oh/UH --/:","(INTJ (INTJ (UH Oh)) (INTJ (UH really)) (. ?) (-DFL- E_S))",3,4.475625,5.1365," Oh  ","Oh/UH /:"
"3","sw03utt/sw_0311_3776.utt","3/sw3776",3776,2,"%","A",3,1,"{C And, } -/","And/CC ,/,","(S-UNF (CC And) (, ,) (-DFL- N_S))",5,4.66475,5.012375," And,  ","And/CC ,/,"
"4","sw03utt/sw_0311_3776.utt","3/sw3776",3776,3,"+","B",4,1,"-- really? /","--/: really/UH ?/.","(INTJ (INTJ (UH Oh)) (INTJ (UH really)) (. ?) (-DFL- E_S))",3,NA,NA," really? ","/: really/UH ?/."
"5","sw03utt/sw_0311_3776.utt","3/sw3776",3776,4,"ny","A",5,1,"Yeah. /","Yeah/UH ./.","(INTJ (UH Yeah) (. .) (-DFL- E_S))",8,5.27025,5.63775,"Yeah. ","Yeah/UH ./."
"6","sw03utt/sw_0311_3776.utt","3/sw3776",3776,5,"sd","B",6,1,"[ I, + I ] spent three years,  /","[ I/PRP ] ,/,  [ I/PRP ] spent/VBD  [ three/CD years/NNS ] ,/,","(S (EDITED (RM (-DFL- \[)) (NP-SBJ (PRP I)) (, ,) (IP (-DFL- \+))) (NP-SBJ (PRP I)) (RS (-DFL- \])) (VP (VBD spent) (NP (CD three) (NNS years))) (, ,) (-DFL- E_S))",10,5.392625,9.34575," I,  I  spent three years,  "," I/PRP  ,/,   I/PRP  spent/VBD   three/CD years/NNS  ,/,"
"7","sw03utt/sw_0311_3776.utt","3/sw3776",3776,6,"sd","B",6,2,"I'm teaching in public schools and elementary school. /","[ I/PRP ] 'm/VBP teaching/VBG in/IN  [ public/JJ schools/NNS ] and/CC  [ elementary/JJ school/NN ] ./.","(S (NP-SBJ (PRP I)) (VP (VBP 'm) (VP (VBG teaching) (PP (IN in) (NP (NP (JJ public) (NNS schools)) (CC and) (NP (JJ elementary) (NN school)))))) (. .) (-DFL- E_S))",11,5.392625,9.34575,"I'm teaching in public schools and elementary school. "," I/PRP  'm/VBP teaching/VBG in/IN   public/JJ schools/NNS  and/CC   elementary/JJ school/NN  ./."
"8","sw03utt/sw_0311_3776.utt","3/sw3776",3776,7,"bh","A",7,1,"{F Oh, } do you really? /","Oh/UH ,/, do/VBP  [ you/PRP ] really/RB ?/.","(SQ (INTJ (UH Oh)) (, ,) (VBP do) (NP-SBJ (PRP you)) (ADVP (RB really)) (. ?) (-DFL- E_S))",13,9.549625,10.378," Oh,  do you really? ","Oh/UH ,/, do/VBP   you/PRP  really/RB ?/."
"9","sw03utt/sw_0311_3776.utt","3/sw3776",3776,8,"ny","B",8,1,"Uh-huh. /","[ Uh-huh/UH ] ./.","(INTJ (UH Uh-huh) (. .) (-DFL- E_S))",15,10.436625,10.836625,"Uhhuh. "," Uhhuh/UH  ./."
"10","sw03utt/sw_0311_3776.utt","3/sw3776",3776,9,"ba","A",9,1,"That's great. /","[ That/DT ] 's/BES great/JJ ./.","(S (NP-SBJ (DT That)) (VP (BES 's) (ADJP-PRD (JJ great))) (. .) (-DFL- E_S))",17,10.924125,11.667875,"That's great. "," That/DT  's/BES great/JJ ./."
"11","sw03utt/sw_0311_3776.utt","3/sw3776",3776,10,"sd","B",10,1,"I taught in Utah, #  /","[ I/PRP ] taught/VBD in/IN  [ Utah/NNP ] ,/,","(S (NP-SBJ (PRP I)) (VP (VBD taught) (PP-LOC (IN in) (NP (NNP Utah)))) (, ,) (-DFL- E_S))",19,12.09025,16.064375,"I taught in Utah, #  "," I/PRP  taught/VBD in/IN   Utah/NNP  ,/,"
"12","sw03utt/sw_0311_3776.utt","3/sw3776",3776,11,"qy","B",10,2,"{C and, }  {F uh, } #","and/CC ,/,  [ uh/UH ] ,/,","(SQ (CC and) (, ,) (INTJ (UH uh)) (, ,) (VBD Did) (NP-SBJ (PRP you)) (VP (VB teach) (PP-LOC (IN in) (NP (NNP California)))) (. ?) (-DFL- E_S))",20,12.09025,16.064375," and,    uh,  #","and/CC ,/,   uh/UH  ,/,"
"13","sw03utt/sw_0311_3776.utt","3/sw3776",3776,12,"b","A",11,1,"# No kidding. # /","[ No/DT kidding/NN ] ./.","(NP (DT No) (NN kidding) (. .) (-DFL- E_S))",22,13.524,14.290375,"# No kidding. # "," No/DT kidding/NN  ./."
"14","sw03utt/sw_0311_3776.utt","3/sw3776",3776,13,"+","B",12,1,"Did you --","Did/VBD  [ you/PRP ] --/:","(SQ (CC and) (, ,) (INTJ (UH uh)) (, ,) (VBD Did) (NP-SBJ (PRP you)) (VP (VB teach) (PP-LOC (IN in) (NP (NNP California)))) (. ?) (-DFL- E_S))",20,NA,NA,"Did you ","Did/VBD   you/PRP  /:"
"15","sw03utt/sw_0311_3776.utt","3/sw3776",3776,14,"%","A",13,1,"W-, -/","[ W-/XX ] ,/,","(X (XX W-) (, ,) (-DFL- N_S))",25,15.1875,15.360375,"W, "," W/XX  ,/,"
"16","sw03utt/sw_0311_3776.utt","3/sw3776",3776,15,"+","B",14,1,"-- teach in California? /","--/: teach/VB in/IN  [ California/NNP ] ?/.","(SQ (CC and) (, ,) (INTJ (UH uh)) (, ,) (VBD Did) (NP-SBJ (PRP you)) (VP (VB teach) (PP-LOC (IN in) (NP (NNP California)))) (. ?) (-DFL- E_S))",20,NA,NA," teach in California? ","/: teach/VB in/IN   California/NNP  ?/."
"17","sw03utt/sw_0311_3776.utt","3/sw3776",3776,16,"na","A",15,1,"I did. /","[ I/PRP ] did/VBD ./.","(S (NP-SBJ (PRP I)) (VP (VBD did)) (. .) (-DFL- E_S))",28,16.123,16.73125,"I did. "," I/PRP  did/VBD ./."
"18","sw03utt/sw_0311_3776.utt","3/sw3776",3776,17,"b","B",16,1,"Uh-huh. /","[ Uh-huh/UH ] ./.","(INTJ (UH Uh-huh) (. .) (-DFL- E_S))",15,16.813625,17.1945,"Uhhuh. "," Uhhuh/UH  ./."
"19","sw03utt/sw_0311_3776.utt","3/sw3776",3776,18,"na^r","A",17,1,"I did, {F uh, } /","[ I/PRP ] did/VBD ,/,  [ uh/UH ] ,/,","(S (NP-SBJ (PRP I)) (VP (VBD did) (, ,) (INTJ (UH uh))) (, ,) (-DFL- E_S))",32,17.290625,18.373,"I did,  uh,  "," I/PRP  did/VBD ,/,   uh/UH  ,/,"
"20","sw03utt/sw_0311_3776.utt","3/sw3776",3776,19,"sv","B",18,1,"You sound pretty young for a university professor <laughter>. /","[ You/PRP ] sound/VBP pretty/RB young/JJ for/IN  [ a/DT university/NN professor/NN ] ./.","(S (NP-SBJ (PRP You)) (VP (VBP sound) (ADJP-PRD (RB pretty) (JJ young) (PP (IN for) (NP (DT a) (NN university) (NN professor))))) (. .) (-DFL- E_S))",34,18.509125,20.829125,"You sound pretty young for a university professor laughter. "," You/PRP  sound/VBP pretty/RB young/JJ for/IN   a/DT university/NN professor/NN  ./."
"21","sw03utt/sw_0311_3776.utt","3/sw3776",3776,20,"sd","A",19,1,"{D Well, } I was pretty young.  /","Well/UH ,/,  [ I/PRP ] was/VBD pretty/RB young/JJ ./.","(S (INTJ (UH Well)) (, ,) (NP-SBJ (PRP I)) (VP (VBD was) (ADJP-PRD (RB pretty) (JJ young))) (. .) (-DFL- E_S))",36,21.57775,34.898," Well,  I was pretty young.  ","Well/UH ,/,   I/PRP  was/VBD pretty/RB young/JJ ./."
"22","sw03utt/sw_0311_3776.utt","3/sw3776",3776,21,"%","A",19,2,"I was,  {F uh, } - /","[ I/PRP ] was/VBD ,/,  [ uh/UH ] ,/,","(S (NP-SBJ (PRP I)) (VP-UNF (VBD was) (, ,) (INTJ (UH uh))) (, ,) (-DFL- N_S))",37,21.57775,34.898,"I was,   uh,   "," I/PRP  was/VBD ,/,   uh/UH  ,/,"
"23","sw03utt/sw_0311_3776.utt","3/sw3776",3776,22,"sd","A",19,3,"I had  never intended to do it  /","[ I/PRP ] had/VBD never/RB intended/VBN to/TO do/VB  [ it/PRP ]","(S (NP-SBJ-1 (PRP I)) (VP (VBD had) (ADVP-TMP (RB never)) (VP (VBN intended) (S (NP-SBJ (-NONE- *-1)) (VP (TO to) (VP (VB do) (NP (PRP it))))))) (-DFL- E_S))",38,21.57775,34.898,"I had  never intended to do it  "," I/PRP  had/VBD never/RB intended/VBN to/TO do/VB   it/PRP "
"24","sw03utt/sw_0311_3776.utt","3/sw3776",3776,23,"sd","A",19,4,"{C and } I was, {F uh, } <lipsmack> {F uh, } given the opportunity  after I'd started a management consulting firm to teach [ in, +  in, ] {F uh, } {F uh, }  one of the business schools in the California State University system. /","and/CC  [ I/PRP ] was/VBD ,/,  [ uh/UH ] ,/,  [ uh/UH ] ,/, given/VBN  [ the/DT opportunity/NN ] after/IN  [ I/PRP ] 'd/VBD started/VBN  [ a/DT management/NN consulting/NN firm/NN ] to/TO teach/VB in/IN ,/, in/IN ,/,  [ uh/UH ] ,/,  [ uh/UH ] ,/,  [ one/CD ] of/IN  [ the/DT business/NN schools/NNS ] in/IN  [ the/DT California/NNP State/NNP University/NNP system/NN ] ./.","(S (CC and) (NP-SBJ-2 (PRP I)) (VP (VBD was) (, ,) (INTJ (UH uh)) (, ,) (INTJ (UH uh)) (, ,) (VP (VBN given) (NP (-NONE- *-2)) (NP (DT the) (NN opportunity) (S (-NONE- *ICH*-1))) (SBAR-TMP (IN after) (S (NP-SBJ (PRP I)) (VP (VBD 'd) (VP (VBN started) (NP (DT a) (NN management) (NN consulting) (NN firm)))))) (S-1 (NP-SBJ (-NONE- *)) (VP (TO to) (VP (VB teach) (EDITED (RM (-DFL- \[)) (PP-LOC-UNF (IN in)) (, ,) (IP (-DFL- \+))) (PP-LOC (IN in) (, ,) (RS (-DFL- \])) (INTJ (UH uh)) (, ,) (INTJ (UH uh)) (, ,) (NP (NP (CD one)) (PP (IN of) (NP (NP (DT the) (NN business) (NNS schools)) (PP-LOC (IN in) (NP (DT the) (NNP California) (NNP State) (NNP University) (NN system)))))))))))) (. .) (-DFL- E_S))",39,21.57775,34.898," and  I was,  uh,  lipsmack  uh,  given the opportunity  after I'd started a management consulting firm to teach  in,   in,   uh,   uh,   one of the business schools in the California State University system. ","and/CC   I/PRP  was/VBD ,/,   uh/UH  ,/,   uh/UH  ,/, given/VBN   the/DT opportunity/NN  after/IN   I/PRP  'd/VBD started/VBN   a/DT management/NN consulting/NN firm/NN  to/TO teach/VB in/IN ,/, in/IN ,/,   uh/UH  ,/,   uh/UH  ,/,   one/CD  of/IN   the/DT business/NN schools/NNS  in/IN   the/DT California/NNP State/NNP University/NNP system/NN  ./."
"25","sw03utt/sw_0311_3776.utt","3/sw3776",3776,24,"b","B",20,1,"Uh-huh. /","[ Uh-huh/UH ] ./.","(INTJ (UH Uh-huh) (. .) (-DFL- E_S))",15,34.986125,35.346125,"Uhhuh. "," Uhhuh/UH  ./."
"26","sw03utt/sw_0311_3776.utt","3/sw3776",3776,25,"sd","A",21,1,"<Inhaling> At any rate, {F uh, } the topic is  fascinating because one of the things I've done for the past few years is, {F uh, }  research the problem from the point of view of, {F uh, } {F uh, } what appears to be  working best and how you can explain it theoretically. /","At/IN  [ any/DT rate/NN ] ,/,  [ uh/UH ] ,/,  [ the/DT topic/NN ] is/VBZ fascinating/JJ because/IN  [ one/CD ] of/IN  [ the/DT things/NNS I/PRP ] 've/VBP done/VBN for/IN  [ the/DT past/JJ few/JJ years/NNS ] is/VBZ ,/,  [ uh/UH ] ,/,  [ research/VB ] [ the/DT problem/NN ] from/IN  [ the/DT point/NN ] of/IN  [ view/NN ] of/IN ,/,  [ uh/UH ] ,/,  [ uh/UH ] ,/,  [ what/WP ] appears/VBZ to/TO be/VB working/VBG best/RBS and/CC how/WRB  [ you/PRP ] can/MD explain/VB  [ it/PRP ] theoretically/RB ./.","(S (PP (IN At) (NP (DT any) (NN rate))) (, ,) (INTJ (UH uh)) (, ,) (NP-SBJ (DT the) (NN topic)) (VP (VBZ is) (ADJP-PRD (JJ fascinating)) (SBAR-PRP (IN because) (S (NP-SBJ (NP (CD one)) (PP (IN of) (NP (NP (DT the) (NNS things)) (SBAR (WHNP-1 (-NONE- 0)) (S (NP-SBJ (PRP I)) (VP (VBP 've) (VP (VBN done) (NP (-NONE- *T*-1)) (PP-TMP (IN for) (NP (DT the) (JJ past) (JJ few) (NNS years)))))))))) (VP (VBZ is) (, ,) (INTJ (UH uh)) (, ,) (VP (VB research) (NP (DT the) (NN problem)) (PP (IN from) (NP (NP (DT the) (NN point)) (PP (IN of) (NP (NP (NN view)) (PP (IN of) (, ,) (INTJ (UH uh)) (, ,) (INTJ (UH uh)) (, ,) (SBAR (SBAR (WHNP-2 (WP what)) (S (NP-SBJ-4 (-NONE- *T*-2)) (VP (VBZ appears) (S (NP-SBJ (-NONE- *-4)) (VP (TO to) (VP (VB be) (VP (VBG working) (ADVP-MNR (RBS best))))))))) (CC and) (SBAR (WHADVP-3 (WRB how)) (S (NP-SBJ (PRP you)) (VP (MD can) (VP (VB explain) (NP (PRP it)) (ADVP-MNR (RB theoretically)) (ADVP-MNR (-NONE- *T*-3))))))))))))))))) (. .) (-DFL- E_S))",43,35.92425,51.433625,"Inhaling At any rate,  uh,  the topic is  fascinating because one of the things I've done for the past few years is,  uh,   research the problem from the point of view of,  uh,   uh,  what appears to be  working best and how you can explain it theoretically. ","At/IN   any/DT rate/NN  ,/,   uh/UH  ,/,   the/DT topic/NN  is/VBZ fascinating/JJ because/IN   one/CD  of/IN   the/DT things/NNS I/PRP  've/VBP done/VBN for/IN   the/DT past/JJ few/JJ years/NNS  is/VBZ ,/,   uh/UH  ,/,   research/VB   the/DT problem/NN  from/IN   the/DT point/NN  of/IN   view/NN  of/IN ,/,   uh/UH  ,/,   uh/UH  ,/,   what/WP  appears/VBZ to/TO be/VB working/VBG best/RBS and/CC how/WRB   you/PRP  can/MD explain/VB   it/PRP  theoretically/RB ./."
"27","sw03utt/sw_0311_3776.utt","3/sw3776",3776,26,"b","B",22,1,"Uh-huh. /","[ Uh-huh/UH ] ./.","(INTJ (UH Uh-huh) (. .) (-DFL- E_S))",30,51.8045,52.116625,"Uhhuh. "," Uhhuh/UH  ./."
"28","sw03utt/sw_0311_3776.utt","3/sw3776",3776,27,"qy^d","A",23,1,"You may be familiar with cooperative learning.  /","[ You/PRP ] may/MD be/VB familiar/JJ with/IN  [ cooperative/JJ learning/NN ] ./.","(S (NP-SBJ (PRP You)) (VP (MD may) (VP (VB be) (ADJP-PRD (JJ familiar) (PP (IN with) (NP (JJ cooperative) (NN learning)))))) (. .) (-DFL- E_S))",47,51.735,55.15125,"You may be familiar with cooperative learning.  "," You/PRP  may/MD be/VB familiar/JJ with/IN   cooperative/JJ learning/NN  ./."
"29","sw03utt/sw_0311_3776.utt","3/sw3776",3776,28,"qy","A",23,2,"# Have you ever, # -/","Have/VBP  [ you/PRP ] ever/RB ,/,","(SQ-UNF (VBP Have) (NP-SBJ (PRP you)) (ADVP-TMP (RB ever)) (, ,) (-DFL- N_S))",48,51.735,55.15125,"# Have you ever, # ","Have/VBP   you/PRP  ever/RB ,/,"
"30","sw03utt/sw_0311_3776.utt","3/sw3776",3776,29,"ad","B",24,1,"# {D Well } [ you can, + # you can ] tell me a little bit  more about it because I don't think we did that in Utah. /","Well/UH  [ you/PRP ] can/MD ,/,  [ you/PRP ] can/MD tell/VB  [ me/PRP ] [ a/DT little/JJ bit/NN ] more/JJR about/IN  [ it/PRP ] because/IN  [ I/PRP ] do/VBP n't/RB think/VB  [ we/PRP ] did/VBD that/DT in/IN  [ Utah/NNP ] ./.","(S (INTJ (UH Well)) (EDITED (RM (-DFL- \[)) (S (NP-SBJ (PRP you)) (VP-UNF (MD can)) (, ,) (IP (-DFL- \+)))) (NP-SBJ (PRP you)) (VP (MD can) (RS (-DFL- \])) (VP (VB tell) (NP (PRP me)) (ADVP (NP-ADV (DT a) (JJ little) (NN bit)) (JJR more)) (PP (IN about) (NP (PRP it))) (SBAR-PRP (IN because) (S (NP-SBJ (PRP I)) (VP (VBP do) (RB n't) (VP (VB think) (SBAR (-NONE- 0) (S (NP-SBJ (PRP we)) (VP (VBD did) (NP (DT that)) (PP-LOC (IN in) (NP (NNP Utah)))))))))))) (. .) (-DFL- E_S))",50,54.8285,58.796,"#  Well   you can,  # you can  tell me a little bit  more about it because I don't think we did that in Utah. ","Well/UH   you/PRP  can/MD ,/,   you/PRP  can/MD tell/VB   me/PRP   a/DT little/JJ bit/NN  more/JJR about/IN   it/PRP  because/IN   I/PRP  do/VBP n't/RB think/VB   we/PRP  did/VBD that/DT in/IN   Utah/NNP  ./."
"31","sw03utt/sw_0311_3776.utt","3/sw3776",3776,30,"sd","A",25,1,"{D Well, } the cooperative learning is a technique that  was tried initially to integrate the public schools.  /","Well/UH ,/,  [ the/DT cooperative/JJ learning/NN ] is/VBZ  [ a/DT technique/NN ] [ that/WDT ] was/VBD tried/VBN initially/RB to/TO integrate/VB  [ the/DT public/JJ schools/NNS ] ./.","(S (INTJ (UH Well)) (, ,) (NP-SBJ (DT the) (JJ cooperative) (NN learning)) (VP (VBZ is) (NP-PRD (NP (DT a) (NN technique)) (SBAR (WHNP-1 (WDT that)) (S (NP-SBJ-2 (-NONE- *T*-1)) (VP (VBD was) (VP (VBN tried) (NP (-NONE- *-2)) (ADVP (RB initially)) (S-PRP (NP-SBJ (-NONE- *)) (VP (TO to) (VP (VB integrate) (NP (DT the) (JJ public) (NNS schools))))))))))) (. .) (-DFL- E_S))",52,59.57275,81.602125," Well,  the cooperative learning is a technique that  was tried initially to integrate the public schools.  ","Well/UH ,/,   the/DT cooperative/JJ learning/NN  is/VBZ   a/DT technique/NN   that/WDT  was/VBD tried/VBN initially/RB to/TO integrate/VB   the/DT public/JJ schools/NNS  ./."
"32","sw03utt/sw_0311_3776.utt","3/sw3776",3776,31,"sd","A",25,2,"{C And, } {F uh, } [ what, + what ]  it involves, basically, <lipsmack> is the use of peer groups  /","And/CC ,/,  [ uh/UH ] ,/,  [ what/WP ] ,/,  [ what/WP ] [ it/PRP ] involves/VBZ ,/, basically/RB ,/, is/VBZ  [ the/DT use/NN ] of/IN  [ peer/NN groups/NNS ]","(S (CC And) (, ,) (INTJ (UH uh)) (, ,) (SBAR-SBJ (EDITED (RM (-DFL- \[)) (WHNP (WP what)) (, ,) (IP (-DFL- \+))) (WHNP-1 (WP what)) (RS (-DFL- \])) (S (NP-SBJ (PRP it)) (VP (VBZ involves) (NP (-NONE- *T*-1)) (, ,) (ADVP (RB basically))))) (, ,) (VP (VBZ is) (NP-PRD (NP (DT the) (NN use)) (PP (IN of) (NP (NN peer) (NNS groups))))) (-DFL- E_S))",53,59.57275,81.602125," And,   uh,   what,  what   it involves, basically, lipsmack is the use of peer groups  ","And/CC ,/,   uh/UH  ,/,   what/WP  ,/,   what/WP   it/PRP  involves/VBZ ,/, basically/RB ,/, is/VBZ   the/DT use/NN  of/IN   peer/NN groups/NNS "
"33","sw03utt/sw_0311_3776.utt","3/sw3776",3776,32,"sd","A",25,3,"{C and } the, {F uh, } teacher becomes [ a, + {F uh, } a ] sort of a [ consultant, + resource person ] --","and/CC  [ the/DT ] ,/,  [ uh/UH ] ,/,  [ teacher/NN ] becomes/VBZ  [ a/DT ] ,/,  [ uh/UH ] ,/,  [ a/DT sort/NN ] of/IN  [ a/DT consultant/NN ] ,/,  [ resource/NN person/NN ] --/:","(S (CC and) (NP-SBJ (DT the) (, ,) (INTJ (UH uh)) (, ,) (NN teacher)) (VP (VBZ becomes) (EDITED (RM (-DFL- \[)) (NP-PRD-UNF (DT a)) (, ,) (IP (-DFL- \+))) (INTJ (UH uh)) (, ,) (NP-PRD (NP (DT a) (RS (-DFL- \])) (NN sort)) (PP (IN of) (NP (NP (DT a) (EDITED (RM (-DFL- \[)) (NN consultant) (, ,) (IP (-DFL- \+))) (NN resource) (NN person)) (RS (-DFL- \])) (EDITED (RM (-DFL- \[)) (PP (IN to) (NP (DT the) (JJ cooperative) (NN learning))) (, ,) (IP (-DFL- \+))) (INTJ (UH uh)) (, ,) (PP (IN to) (NP-2 (DT the) (VBG learning) (NNS cooperatives)))))) (, ,) (RS (-DFL- \])) (PRN (S (NP-SBJ (PRP I)) (VP (VBP guess) (SBAR (-NONE- 0) (S (NP-SBJ-1 (PRP they)) (VP (VBP 're) (VP (VBN called) (S (NP-SBJ (-NONE- *-1)) (NP-PRD (-NONE- *RNR*-2))))))))))) (. .) (-DFL- E_S))",54,59.57275,81.602125," and  the,  uh,  teacher becomes  a,   uh,  a  sort of a  consultant,  resource person  ","and/CC   the/DT  ,/,   uh/UH  ,/,   teacher/NN  becomes/VBZ   a/DT  ,/,   uh/UH  ,/,   a/DT sort/NN  of/IN   a/DT consultant/NN  ,/,   resource/NN person/NN  /:"
"34","sw03utt/sw_0311_3776.utt","3/sw3776",3776,33,"b","B",26,1,"Uh-huh. /","[ Uh-huh/UH ] ./.","(INTJ (UH Uh-huh) (. .) (-DFL- E_S))",30,76.74625,77.07625,"Uhhuh. "," Uhhuh/UH  ./."
"35","sw03utt/sw_0311_3776.utt","3/sw3776",3776,34,"+","A",27,1,"-- [ to the cooperative learning, + {F uh, } to the  learning cooperatives, ] I guess they're called.  /","--/: to/IN  [ the/DT cooperative/JJ learning/NN ] ,/,  [ uh/UH ] ,/, to/IN  [ the/DT learning/VBG cooperatives/NNS ] ,/,  [ I/PRP ] guess/VBP  [ they/PRP ] 're/VBP called/VBN ./.","(S (CC and) (NP-SBJ (DT the) (, ,) (INTJ (UH uh)) (, ,) (NN teacher)) (VP (VBZ becomes) (EDITED (RM (-DFL- \[)) (NP-PRD-UNF (DT a)) (, ,) (IP (-DFL- \+))) (INTJ (UH uh)) (, ,) (NP-PRD (NP (DT a) (RS (-DFL- \])) (NN sort)) (PP (IN of) (NP (NP (DT a) (EDITED (RM (-DFL- \[)) (NN consultant) (, ,) (IP (-DFL- \+))) (NN resource) (NN person)) (RS (-DFL- \])) (EDITED (RM (-DFL- \[)) (PP (IN to) (NP (DT the) (JJ cooperative) (NN learning))) (, ,) (IP (-DFL- \+))) (INTJ (UH uh)) (, ,) (PP (IN to) (NP-2 (DT the) (VBG learning) (NNS cooperatives)))))) (, ,) (RS (-DFL- \])) (PRN (S (NP-SBJ (PRP I)) (VP (VBP guess) (SBAR (-NONE- 0) (S (NP-SBJ-1 (PRP they)) (VP (VBP 're) (VP (VBN called) (S (NP-SBJ (-NONE- *-1)) (NP-PRD (-NONE- *RNR*-2))))))))))) (. .) (-DFL- E_S))",54,82.103,91.955375,"  to the cooperative learning,   uh,  to the  learning cooperatives,  I guess they're called.  ","/: to/IN   the/DT cooperative/JJ learning/NN  ,/,   uh/UH  ,/, to/IN   the/DT learning/VBG cooperatives/NNS  ,/,   I/PRP  guess/VBP   they/PRP  're/VBP called/VBN ./."
"36","sw03utt/sw_0311_3776.utt","3/sw3776",3776,35,"sd","A",27,2,"{C And } there are, {F uh, } some fairly  sophisticated approaches that  are used in the high schools with point systems and things like   that  so that people, {F uh, } gain a competence with respect to the material. /","And/CC  [ there/EX ] are/VBP ,/,  [ uh/UH ] ,/,  [ some/DT ] fairly/RB  [ sophisticated/JJ approaches/NNS ] [ that/WDT ] are/VBP used/VBN in/IN  [ the/DT high/JJ schools/NNS ] with/IN  [ point/NN systems/NNS ] and/CC  [ things/NNS ] like/IN that/DT so/IN that/IN  [ people/NNS ] ,/,  [ uh/UH ] ,/, gain/VBP  [ a/DT competence/NN ] with/IN  [ respect/NN ] to/IN  [ the/DT material/NN ] ./.","(S (CC And) (NP-SBJ (EX there)) (VP (VBP are) (, ,) (INTJ (UH uh)) (, ,) (NP-PRD (NP (DT some) (ADJP (RB fairly) (JJ sophisticated)) (NNS approaches)) (SBAR (WHNP-1 (WDT that)) (S (NP-SBJ-2 (-NONE- *T*-1)) (VP (VBP are) (VP (VBN used) (NP (-NONE- *-2)) (PP-LOC (IN in) (NP (DT the) (JJ high) (NNS schools))) (PP (IN with) (NP (NP (NN point) (NNS systems)) (CC and) (NP (NP (NNS things)) (PP (IN like) (NP (DT that))))))))))) (SBAR-PRP (IN so) (IN that) (S (NP-SBJ (NNS people)) (, ,) (INTJ (UH uh)) (, ,) (VP (VBP gain) (NP (NP (DT a) (NN competence)) (PP (IN with) (NP (NP (NN respect)) (PP (IN to) (NP (DT the) (NN material)))))))))) (. .) (-DFL- E_S))",58,82.103,91.955375," And  there are,  uh,  some fairly  sophisticated approaches that  are used in the high schools with point systems and things like   that  so that people,  uh,  gain a competence with respect to the material. ","And/CC   there/EX  are/VBP ,/,   uh/UH  ,/,   some/DT  fairly/RB   sophisticated/JJ approaches/NNS   that/WDT  are/VBP used/VBN in/IN   the/DT high/JJ schools/NNS  with/IN   point/NN systems/NNS  and/CC   things/NNS  like/IN that/DT so/IN that/IN   people/NNS  ,/,   uh/UH  ,/, gain/VBP   a/DT competence/NN  with/IN   respect/NN  to/IN   the/DT material/NN  ./."
"37","sw03utt/sw_0311_3776.utt","3/sw3776",3776,36,"b","B",28,1,"Uh-huh. /","[ Uh-huh/UH ] ./.","(INTJ (UH Uh-huh) (. .) (-DFL- E_S))",30,77.63625,77.90625,"Uhhuh. "," Uhhuh/UH  ./."
"38","sw03utt/sw_0311_3776.utt","3/sw3776",3776,37,"sv","A",29,1,"{F Uh, } I think that the combination of, {F uh, }  technology and techniques like  that together with marketplace forces will bring about a revolution in the way we learn.  /","[ Uh/UH ] ,/,  [ I/PRP ] think/VBP that/IN  [ the/DT combination/NN ] of/IN ,/,  [ uh/UH ] ,/,  [ technology/NN ] and/CC  [ techniques/NNS ] like/IN that/DT together/RB with/IN  [ marketplace/NN forces/NNS ] will/MD bring/VB about/IN  [ a/DT revolution/NN ] in/IN  [ the/DT way/NN ] [ we/PRP ] learn/VBP ./.","(S (INTJ (UH Uh)) (, ,) (NP-SBJ (PRP I)) (VP (VBP think) (SBAR (IN that) (S (NP-SBJ (NP (DT the) (NN combination)) (PP (IN of) (, ,) (INTJ (UH uh)) (, ,) (NP (NP (NP (NN technology) (CC and) (NNS techniques)) (PP (IN like) (NP (DT that)))) (ADVP (RB together) (PP (IN with) (NP (NN marketplace) (NNS forces))))))) (VP (MD will) (VP (VB bring) (PRT (IN about)) (NP (NP (DT a) (NN revolution)) (PP (IN in) (NP (NP (DT the) (NN way)) (SBAR (WHADVP-1 (-NONE- 0)) (S (NP-SBJ (PRP we)) (VP (VBP learn) (ADVP-MNR (-NONE- *T*-1))))))))))))) (. .) (-DFL- E_S))",62,92.855375,121.927," Uh,  I think that the combination of,  uh,   technology and techniques like  that together with marketplace forces will bring about a revolution in the way we learn.  "," Uh/UH  ,/,   I/PRP  think/VBP that/IN   the/DT combination/NN  of/IN ,/,   uh/UH  ,/,   technology/NN  and/CC   techniques/NNS  like/IN that/DT together/RB with/IN   marketplace/NN forces/NNS  will/MD bring/VB about/IN   a/DT revolution/NN  in/IN   the/DT way/NN   we/PRP  learn/VBP ./."
"39","sw03utt/sw_0311_3776.utt","3/sw3776",3776,38,"sv","A",29,2,"{F Uh, } I think there is a direct threat to vested  interest in the public school system, {F uh, } that will stand  in the way of that progress being a little faster.  /","[ Uh/UH ] ,/,  [ I/PRP ] think/VBP  [ there/EX ] is/VBZ  [ a/DT direct/JJ threat/NN ] to/IN  [ vested/JJ interest/NN ] in/IN  [ the/DT public/JJ school/NN system/NN ] ,/,  [ uh/UH ] ,/,  [ that/WDT ] will/MD stand/VB in/IN  [ the/DT way/NN ] of/IN  [ that/DT progress/NN ] being/VBG  [ a/DT little/RB faster/JJR ] ./.","(S (INTJ (UH Uh)) (, ,) (NP-SBJ (PRP I)) (VP (VBP think) (SBAR (-NONE- 0) (S (NP-SBJ (EX there)) (VP (VBZ is) (NP-PRD (NP (DT a) (JJ direct) (NN threat)) (PP (IN to) (NP (NP (JJ vested) (NN interest)) (PP-LOC (IN in) (NP (DT the) (JJ public) (NN school) (NN system))) (, ,) (INTJ (UH uh)) (, ,) (SBAR (WHNP-1 (WDT that)) (S (NP-SBJ (-NONE- *T*-1)) (VP (MD will) (VP (VB stand) (PP (IN in) (NP (NP (DT the) (NN way)) (PP (IN of) (S-NOM (NP-SBJ (DT that) (NN progress)) (VP (VBG being) (ADJP-PRD (DT a) (RB little) (JJR faster)))))))))))))))))) (. .) (-DFL- E_S))",63,92.855375,121.927," Uh,  I think there is a direct threat to vested  interest in the public school system,  uh,  that will stand  in the way of that progress being a little faster.  "," Uh/UH  ,/,   I/PRP  think/VBP   there/EX  is/VBZ   a/DT direct/JJ threat/NN  to/IN   vested/JJ interest/NN  in/IN   the/DT public/JJ school/NN system/NN  ,/,   uh/UH  ,/,   that/WDT  will/MD stand/VB in/IN   the/DT way/NN  of/IN   that/DT progress/NN  being/VBG   a/DT little/RB faster/JJR  ./."
"40","sw03utt/sw_0311_3776.utt","3/sw3776",3776,39,"sv","A",29,3,"{F Uh, } school systems are,  in too many states, dominated by administrators -- /","[ Uh/UH ] ,/,  [ school/NN systems/NNS ] are/VBP ,/, in/IN  [ too/RB many/JJ states/NNS ] ,/, dominated/VBN by/IN  [ administrators/NNS ] --/:","(S (INTJ (UH Uh)) (, ,) (NP-SBJ-1 (NN school) (NNS systems)) (VP (VBP are) (, ,) (PP-LOC (IN in) (NP (ADJP (RB too) (JJ many)) (NNS states))) (, ,) (VP (VBN dominated) (NP (-NONE- *-1)) (PP (IN by) (NP-LGS (NNS administrators))))) (-DFL- E_S))",64,92.855375,121.927," Uh,  school systems are,  in too many states, dominated by administrators  "," Uh/UH  ,/,   school/NN systems/NNS  are/VBP ,/, in/IN   too/RB many/JJ states/NNS  ,/, dominated/VBN by/IN   administrators/NNS  /:"
"41","sw03utt/sw_0311_3776.utt","3/sw3776",3776,40,"aa","B",30,1,"Uh-huh,  /","[ Uh-huh/UH ] ,/,","(INTJ (UH Uh-huh) (, ,) (-DFL- E_S))",66,92.139,123.27375,"Uhhuh,  "," Uhhuh/UH  ,/,"
"42","sw03utt/sw_0311_3776.utt","3/sw3776",3776,41,"aa","B",30,2,"yeah. /","yeah/UH ./.","(INTJ (UH yeah) (. .) (-DFL- E_S))",67,92.139,123.27375,"yeah. ","yeah/UH ./."
"43","sw03utt/sw_0311_3776.utt","3/sw3776",3776,42,"sv","A",31,1,"-- {C and, }  {F uh, } both teachers and parents,  {F uh, } complain about [ the, +  {F uh, } {F uh, } the ] cost and ineffectiveness that results.  /","--/: and/CC ,/,  [ uh/UH ] ,/,  [ both/DT ] [ teachers/NNS ] and/CC  [ parents/NNS ] ,/,  [ uh/UH ] ,/, complain/VBP about/IN  [ the/DT ] ,/,  [ uh/UH ] ,/,  [ uh/UH ] ,/,  [ the/DT cost/NN ] and/CC  [ ineffectiveness/NN ] that/WDT  [ results/VBZ ] ./.","(S (CC and) (, ,) (INTJ (UH uh)) (, ,) (NP-SBJ (DT both) (NNS teachers) (CC and) (NNS parents)) (, ,) (INTJ (UH uh)) (, ,) (VP (VBP complain) (PP (IN about) (NP (EDITED (RM (-DFL- \[)) (NP-UNF (DT the)) (, ,) (IP (-DFL- \+))) (INTJ (UH uh)) (, ,) (INTJ (UH uh)) (, ,) (NP (NP (DT the) (RS (-DFL- \])) (NN cost) (CC and) (NN ineffectiveness)) (SBAR (WHNP-1 (WDT that)) (S (NP-SBJ (-NONE- *T*-1)) (VP (VBZ results)))))))) (. .) (-DFL- E_S))",69,122.7475,173.57175,"  and,    uh,  both teachers and parents,   uh,  complain about  the,    uh,   uh,  the  cost and ineffectiveness that results.  ","/: and/CC ,/,   uh/UH  ,/,   both/DT   teachers/NNS  and/CC   parents/NNS  ,/,   uh/UH  ,/, complain/VBP about/IN   the/DT  ,/,   uh/UH  ,/,   uh/UH  ,/,   the/DT cost/NN  and/CC   ineffectiveness/NN  that/WDT   results/VBZ  ./."
"44","sw03utt/sw_0311_3776.utt","3/sw3776",3776,43,"sv","A",31,2,"{D So } my feeling is  that, {F uh, } <lipsmack> [ the, + the ] problem [ is, + is, ] {F uh, } significant.  /","[ So/RB my/PRP$ feeling/NN ] is/VBZ  [ that/IN ] ,/,  [ uh/UH ] ,/,  [ the/DT ] ,/,  [ the/DT problem/NN ] is/VBZ ,/, is/VBZ ,/,  [ uh/UH ] ,/,  [ significant/JJ ] ./.","(S (INTJ (UH So)) (NP-SBJ (PRP$ my) (NN feeling)) (VP (VBZ is) (SBAR-PRD (SBAR (IN that) (, ,) (INTJ (UH uh)) (, ,) (S (S (EDITED (RM (-DFL- \[)) (NP-SBJ-UNF (DT the)) (, ,) (IP (-DFL- \+))) (NP-SBJ (DT the) (RS (-DFL- \])) (NN problem)) (EDITED (RM (-DFL- \[)) (VP-UNF (VBZ is)) (, ,) (IP (-DFL- \+))) (VP (VBZ is) (, ,) (RS (-DFL- \])) (INTJ (UH uh)) (, ,) (ADJP-PRD (JJ significant)))) (. .) (-DFL- E_S) (S (NP-SBJ (EX There)) (VP (VBP are) (NP-PRD (NP (JJ plenty)) (PP (IN of) (NP (NP (JJ good) (NNS people)) (, ,) (INTJ (UH uh)) (, ,) (ADJP (JJ available))))) (S-PRP (NP-SBJ (-NONE- *)) (VP (TO to) (, ,) (INTJ (UH uh)) (, ,) (VP (VB offer) (NP (NNS people)) (NP (JJ educational) (NN experience))))))))) (, ,) (-DFL- E_S) (CC but) (SBAR (IN that) (S (NP-SBJ-1 (PRP we)) (ADVP (RB just)) (VP (VBP have) (S (NP-SBJ (-NONE- *-1)) (VP (TO to) (EDITED (RM (-DFL- \[)) (VP-UNF (VB re-)) (, ,) (IP (-DFL- \+))) (VP (VP (VB reallocate)) (RS (-DFL- \])) (CC and) (VP (VB reorganize) (NP (DT the) (NNS resources)) (S-PRP (NP-SBJ (-NONE- *)) (VP (TO to) (VP (VB do) (NP (PRP it)))))))))))))) (-DFL- E_S))",70,122.7475,173.57175," So  my feeling is  that,  uh,  lipsmack  the,  the  problem  is,  is,   uh,  significant.  "," So/RB my/PRP$ feeling/NN  is/VBZ   that/IN  ,/,   uh/UH  ,/,   the/DT  ,/,   the/DT problem/NN  is/VBZ ,/, is/VBZ ,/,   uh/UH  ,/,   significant/JJ  ./."
"45","sw03utt/sw_0311_3776.utt","3/sw3776",3776,44,"sv","A",31,3,"There are plenty of good people, {F uh, } available to, {F uh, } offer people educational experience,  /","[ There/EX ] are/VBP plenty/JJ of/IN  [ good/JJ people/NNS ] ,/,  [ uh/UH ] ,/, available/JJ to/TO ,/,  [ uh/UH ] ,/, offer/VB  [ people/NNS educational/JJ experience/NN ] ,/,","(S (INTJ (UH So)) (NP-SBJ (PRP$ my) (NN feeling)) (VP (VBZ is) (SBAR-PRD (SBAR (IN that) (, ,) (INTJ (UH uh)) (, ,) (S (S (EDITED (RM (-DFL- \[)) (NP-SBJ-UNF (DT the)) (, ,) (IP (-DFL- \+))) (NP-SBJ (DT the) (RS (-DFL- \])) (NN problem)) (EDITED (RM (-DFL- \[)) (VP-UNF (VBZ is)) (, ,) (IP (-DFL- \+))) (VP (VBZ is) (, ,) (RS (-DFL- \])) (INTJ (UH uh)) (, ,) (ADJP-PRD (JJ significant)))) (. .) (-DFL- E_S) (S (NP-SBJ (EX There)) (VP (VBP are) (NP-PRD (NP (JJ plenty)) (PP (IN of) (NP (NP (JJ good) (NNS people)) (, ,) (INTJ (UH uh)) (, ,) (ADJP (JJ available))))) (S-PRP (NP-SBJ (-NONE- *)) (VP (TO to) (, ,) (INTJ (UH uh)) (, ,) (VP (VB offer) (NP (NNS people)) (NP (JJ educational) (NN experience))))))))) (, ,) (-DFL- E_S) (CC but) (SBAR (IN that) (S (NP-SBJ-1 (PRP we)) (ADVP (RB just)) (VP (VBP have) (S (NP-SBJ (-NONE- *-1)) (VP (TO to) (EDITED (RM (-DFL- \[)) (VP-UNF (VB re-)) (, ,) (IP (-DFL- \+))) (VP (VP (VB reallocate)) (RS (-DFL- \])) (CC and) (VP (VB reorganize) (NP (DT the) (NNS resources)) (S-PRP (NP-SBJ (-NONE- *)) (VP (TO to) (VP (VB do) (NP (PRP it)))))))))))))) (-DFL- E_S))",70,122.7475,173.57175,"There are plenty of good people,  uh,  available to,  uh,  offer people educational experience,  "," There/EX  are/VBP plenty/JJ of/IN   good/JJ people/NNS  ,/,   uh/UH  ,/, available/JJ to/TO ,/,   uh/UH  ,/, offer/VB   people/NNS educational/JJ experience/NN  ,/,"
"46","sw03utt/sw_0311_3776.utt","3/sw3776",3776,45,"sv","A",31,4,"{C but } that we just have to [ re-, + reallocate ] and reorganize the resources to do it  /","but/CC that/IN  [ we/PRP ] just/RB have/VBP to/TO  [ re/VB ] ,/,  [ reallocate/VB ] and/CC reorganize/VB  [ the/DT resources/NNS ] to/TO do/VB  [ it/PRP ]","(S (INTJ (UH So)) (NP-SBJ (PRP$ my) (NN feeling)) (VP (VBZ is) (SBAR-PRD (SBAR (IN that) (, ,) (INTJ (UH uh)) (, ,) (S (S (EDITED (RM (-DFL- \[)) (NP-SBJ-UNF (DT the)) (, ,) (IP (-DFL- \+))) (NP-SBJ (DT the) (RS (-DFL- \])) (NN problem)) (EDITED (RM (-DFL- \[)) (VP-UNF (VBZ is)) (, ,) (IP (-DFL- \+))) (VP (VBZ is) (, ,) (RS (-DFL- \])) (INTJ (UH uh)) (, ,) (ADJP-PRD (JJ significant)))) (. .) (-DFL- E_S) (S (NP-SBJ (EX There)) (VP (VBP are) (NP-PRD (NP (JJ plenty)) (PP (IN of) (NP (NP (JJ good) (NNS people)) (, ,) (INTJ (UH uh)) (, ,) (ADJP (JJ available))))) (S-PRP (NP-SBJ (-NONE- *)) (VP (TO to) (, ,) (INTJ (UH uh)) (, ,) (VP (VB offer) (NP (NNS people)) (NP (JJ educational) (NN experience))))))))) (, ,) (-DFL- E_S) (CC but) (SBAR (IN that) (S (NP-SBJ-1 (PRP we)) (ADVP (RB just)) (VP (VBP have) (S (NP-SBJ (-NONE- *-1)) (VP (TO to) (EDITED (RM (-DFL- \[)) (VP-UNF (VB re-)) (, ,) (IP (-DFL- \+))) (VP (VP (VB reallocate)) (RS (-DFL- \])) (CC and) (VP (VB reorganize) (NP (DT the) (NNS resources)) (S-PRP (NP-SBJ (-NONE- *)) (VP (TO to) (VP (VB do) (NP (PRP it)))))))))))))) (-DFL- E_S))",70,122.7475,173.57175," but  that we just have to  re,  reallocate  and reorganize the resources to do it  ","but/CC that/IN   we/PRP  just/RB have/VBP to/TO   re/VB  ,/,   reallocate/VB  and/CC reorganize/VB   the/DT resources/NNS  to/TO do/VB   it/PRP "
"47","sw03utt/sw_0311_3776.utt","3/sw3776",3776,46,"sv","A",31,5,"{C and, }  {F uh, } I think certain techniques and technologies will influence all of that as well as research, {F uh, } {F uh, } of the sort that people like me do  looking at theories of behavior and how they can be used to improve performance,  particularly, {F uh, } accelerate [ the, + the ] pace of learning. /","and/CC ,/,  [ uh/UH ] ,/,  [ I/PRP ] think/VBP  [ certain/JJ techniques/NNS ] and/CC  [ technologies/NNS ] will/MD influence/VB  [ all/DT ] of/IN that/DT as/RB well/RB as/IN  [ research/NN ] ,/,  [ uh/UH ] ,/,  [ uh/UH ] ,/, of/IN  [ the/DT sort/NN ] that/WDT  [ people/NNS ] like/IN  [ me/PRP ] do/VBP looking/VBG at/IN  [ theories/NNS ] of/IN  [ behavior/NN ] and/CC how/WRB  [ they/PRP ] can/MD be/VB used/VBN to/TO improve/VB  [ performance/NN ] ,/, particularly/RB ,/,  [ uh/UH ] ,/, accelerate/VB  [ the/DT ] ,/,  [ the/DT pace/NN ] of/IN learning/NN ./.","(S (CC and) (, ,) (INTJ (UH uh)) (, ,) (NP-SBJ (PRP I)) (VP (VBP think) (SBAR (-NONE- 0) (S (NP-SBJ (JJ certain) (NNS techniques) (CC and) (NNS technologies)) (VP (MD will) (VP (VB influence) (NP (NP (NP (DT all)) (PP (IN of) (NP (DT that)))) (CONJP (RB as) (RB well) (IN as)) (NP (NP (NN research)) (, ,) (INTJ (UH uh)) (, ,) (INTJ (UH uh)) (, ,) (PP (IN of) (NP (NP (DT the) (NN sort)) (SBAR (WHNP-3 (WDT that)) (S (NP-SBJ (NP (NNS people)) (PP (IN like) (NP (PRP me)))) (VP (VBP do) (NP (-NONE- *T*-3))))))) (S-NOM (NP-SBJ (-NONE- *)) (VP (VBG looking) (PP (IN at) (UCP (NP (NP (NNS theories)) (PP (IN of) (NP (NN behavior)))) (CC and) (SBAR (WHADVP-2 (WRB how)) (S (NP-SBJ-1 (PRP they)) (VP (MD can) (VP (VB be) (VP (VBN used) (NP (-NONE- *-1)) (S (NP-SBJ (-NONE- *-1)) (VP (TO to) (VP (VP (VB improve) (NP (NN performance))) (, ,) (VP (ADVP (RB particularly)) (, ,) (INTJ (UH uh)) (, ,) (VB accelerate) (EDITED (RM (-DFL- \[)) (NP-UNF (DT the)) (, ,) (IP (-DFL- \+))) (NP (NP (DT the) (RS (-DFL- \])) (NN pace)) (PP (IN of) (NP (NN learning)))) (ADVP-MNR (-NONE- *T*-2)))))))))))))))))))))) (. .) (-DFL- E_S))",71,122.7475,173.57175," and,    uh,  I think certain techniques and technologies will influence all of that as well as research,  uh,   uh,  of the sort that people like me do  looking at theories of behavior and how they can be used to improve performance,  particularly,  uh,  accelerate  the,  the  pace of learning. ","and/CC ,/,   uh/UH  ,/,   I/PRP  think/VBP   certain/JJ techniques/NNS  and/CC   technologies/NNS  will/MD influence/VB   all/DT  of/IN that/DT as/RB well/RB as/IN   research/NN  ,/,   uh/UH  ,/,   uh/UH  ,/, of/IN   the/DT sort/NN  that/WDT   people/NNS  like/IN   me/PRP  do/VBP looking/VBG at/IN   theories/NNS  of/IN   behavior/NN  and/CC how/WRB   they/PRP  can/MD be/VB used/VBN to/TO improve/VB   performance/NN  ,/, particularly/RB ,/,   uh/UH  ,/, accelerate/VB   the/DT  ,/,   the/DT pace/NN  of/IN learning/NN ./."
"48","sw03utt/sw_0311_3776.utt","3/sw3776",3776,47,"b","B",32,1,"Uh-huh. /","[ Uh-huh/UH ] ./.","(INTJ (UH Uh-huh) (. .) (-DFL- E_S))",41,174.821625,175.318,"Uhhuh. "," Uhhuh/UH  ./."
"49","sw03utt/sw_0311_3776.utt","3/sw3776",3776,48,"sv","A",33,1,"{C And, }  my feeling is that, {F uh, }  those kinds of things will solve the problem eventually.  /","And/CC ,/,  [ my/PRP$ feeling/NN ] is/VBZ  [ that/IN ] ,/,  [ uh/UH ] ,/,  [ those/DT kinds/NNS ] of/IN  [ things/NNS ] will/MD solve/VB  [ the/DT problem/NN ] eventually/RB ./.","(S (CC And) (, ,) (NP-SBJ (PRP$ my) (NN feeling)) (VP (VBZ is) (SBAR-PRD (IN that) (, ,) (INTJ (UH uh)) (, ,) (S (NP-SBJ (NP (DT those) (NNS kinds)) (PP (IN of) (NP (NNS things)))) (VP (MD will) (VP (VB solve) (NP (DT the) (NN problem)) (ADVP-TMP (RB eventually))))))) (. .) (-DFL- E_S))",75,174.783625,201.14425," And,   my feeling is that,  uh,   those kinds of things will solve the problem eventually.  ","And/CC ,/,   my/PRP$ feeling/NN  is/VBZ   that/IN  ,/,   uh/UH  ,/,   those/DT kinds/NNS  of/IN   things/NNS  will/MD solve/VB   the/DT problem/NN  eventually/RB ./."
"50","sw03utt/sw_0311_3776.utt","3/sw3776",3776,49,"sd","A",33,2,"I don't know what form it will ultimately take.  /","[ I/PRP ] do/VBP n't/RB know/VB  [ what/WDT form/NN ] [ it/PRP ] will/MD ultimately/RB take/VB ./.","(S (NP-SBJ (PRP I)) (VP (VBP do) (RB n't) (VP (VB know) (SBAR (WHNP-1 (WDT what) (NN form)) (S (NP-SBJ (PRP it)) (VP (MD will) (ADVP (RB ultimately)) (VP (VB take) (NP (-NONE- *T*-1)))))))) (. .) (-DFL- E_S))",76,174.783625,201.14425,"I don't know what form it will ultimately take.  "," I/PRP  do/VBP n't/RB know/VB   what/WDT form/NN   it/PRP  will/MD ultimately/RB take/VB ./."
"51","sw03utt/sw_0311_3776.utt","3/sw3776",3776,50,"sv","A",33,3,"{F Uh, } {F uh, } {C but, }  I think that the future is pretty bright because people recognize that we're paying an enormous price for,  {F uh, } inferior quality when the people involved really aren't inferior,  /","[ Uh/UH ] ,/,  [ uh/UH ] ,/, but/CC ,/,  [ I/PRP ] think/VBP that/IN  [ the/DT future/NN ] is/VBZ pretty/RB bright/JJ because/IN  [ people/NNS ] recognize/VBP that/IN  [ we/PRP ] 're/VBP paying/VBG  [ an/DT enormous/JJ price/NN ] for/IN ,/,  [ uh/UH ] ,/,  [ inferior/JJ quality/NN ] when/WRB  [ the/DT people/NNS ] involved/VBN really/RB are/VBP n't/RB inferior/JJ ,/,","(S (INTJ (UH Uh)) (, ,) (INTJ (UH uh)) (, ,) (CC but) (, ,) (NP-SBJ (PRP I)) (VP (VBP think) (SBAR (IN that) (S (NP-SBJ (DT the) (NN future)) (VP (VBZ is) (ADJP-PRD (RB pretty) (JJ bright))))) (SBAR-PRP (IN because) (S (NP-SBJ (NNS people)) (VP (VBP recognize) (SBAR (IN that) (S (NP-SBJ (PRP we)) (VP (VBP 're) (VP (VBG paying) (NP (NP (DT an) (JJ enormous) (NN price)) (PP (IN for) (, ,) (INTJ (UH uh)) (, ,) (NP (JJ inferior) (NN quality)))) (SBAR-TMP (WHADVP-1 (WRB when)) (S (NP-SBJ (NP (DT the) (NNS people)) (ADJP (VBN involved))) (ADVP (RB really)) (VP (VBP are) (RB n't) (ADJP-PRD (JJ inferior)) (ADVP-TMP (-NONE- *T*-1))))))))))))) (, ,) (-DFL- E_S))",77,174.783625,201.14425," Uh,   uh,   but,   I think that the future is pretty bright because people recognize that we're paying an enormous price for,   uh,  inferior quality when the people involved really aren't inferior,  "," Uh/UH  ,/,   uh/UH  ,/, but/CC ,/,   I/PRP  think/VBP that/IN   the/DT future/NN  is/VBZ pretty/RB bright/JJ because/IN   people/NNS  recognize/VBP that/IN   we/PRP  're/VBP paying/VBG   an/DT enormous/JJ price/NN  for/IN ,/,   uh/UH  ,/,   inferior/JJ quality/NN  when/WRB   the/DT people/NNS  involved/VBN really/RB are/VBP n't/RB inferior/JJ ,/,"
"52","sw03utt/sw_0311_3776.utt","3/sw3776",3776,51,"sv","A",33,4,"{C so } it must be the way we're  managing the process that,   {F uh, } -/","so/RB  [ it/PRP ] must/MD be/VB  [ the/DT way/NN ] [ we/PRP ] 're/VBP managing/VBG  [ the/DT process/NN ] that/IN ,/,  [ uh/UH ] ,/,","(S (RB so) (NP-SBJ (PRP it)) (VP (MD must) (VP (VB be) (NP-PRD (NP (DT the) (NN way)) (SBAR (WHADVP-1 (-NONE- 0)) (S (NP-SBJ (PRP we)) (VP (VBP 're) (VP (VBG managing) (NP (DT the) (NN process)) (ADVP-MNR (-NONE- *T*-1)))))) (SBAR-UNF (X (IN that)) (, ,) (INTJ (UH uh)))))) (, ,) (-DFL- N_S))",78,174.783625,201.14425," so  it must be the way we're  managing the process that,    uh,  ","so/RB   it/PRP  must/MD be/VB   the/DT way/NN   we/PRP  're/VBP managing/VBG   the/DT process/NN  that/IN ,/,   uh/UH  ,/,"
"53","sw03utt/sw_0311_3776.utt","3/sw3776",3776,52,"aa","B",34,1,"Yeah,  /","[ Yeah/UH ] ,/,","(INTJ (UH Yeah) (, ,) (-DFL- E_S))",80,200.773875,203.603875,"Yeah,  "," Yeah/UH  ,/,"
"54","sw03utt/sw_0311_3776.utt","3/sw3776",3776,53,"ba","B",34,2,"I see what year saying,  /","[ I/PRP ] see/VBP  [ what/WP year/^PRP^VBP ] saying/VBG ,/,","(S (NP-SBJ (PRP I)) (VP (VBP see) (SBAR (WHNP-1 (WP what)) (S (NP-SBJ (TYPO (^PRP^VBP year))) (VP (VBG saying) (NP (-NONE- *T*-1)))))) (, ,) (-DFL- E_S))",81,200.773875,203.603875,"I see what year saying,  "," I/PRP  see/VBP   what/WP year/^PRP^VBP  saying/VBG ,/,"
"55","sw03utt/sw_0311_3776.utt","3/sw3776",3776,54,"aa^r","B",34,3,"yeah,  /","yeah/UH ,/,","(INTJ (UH yeah) (, ,) (-DFL- E_S))",82,200.773875,203.603875,"yeah,  ","yeah/UH ,/,"
"56","sw03utt/sw_0311_3776.utt","3/sw3776",3776,55,"aa","B",34,4,"I totally agree. /","[ I/PRP ] totally/RB agree/VBP ./.","(S (NP-SBJ (PRP I)) (ADVP (RB totally)) (VP (VBP agree)) (. .) (-DFL- E_S))",83,200.773875,203.603875,"I totally agree. "," I/PRP  totally/RB agree/VBP ./."
"57","sw03utt/sw_0311_3776.utt","3/sw3776",3776,56,"sv","A",35,1,"[ [ I, + I ]  don't, + I don't ] think [ it's, + it's ]  a matter [ of, + of, ] {F uh, } talented people to do it, [ a-, + both as, ]  quote, unquote students and as teachers,  /","[ I/PRP ] ,/,  [ I/PRP ] do/VBP n't/RB ,/,  [ I/PRP ] do/VBP n't/RB think/VB  [ it/PRP ] 's/BES ,/,  [ it/PRP ] 's/BES  [ a/DT matter/NN ] of/IN ,/, of/IN ,/,  [ uh/UH ] ,/,  [ talented/JJ people/NNS ] to/TO do/VB  [ it/PRP ] ,/,  [ a-/RB ] ,/,  [ both/DT ] as/IN ,/, quote/NN ,/, unquote/NN  [ students/NNS ] and/CC as/IN  [ teachers/NNS ] ,/,","(S (EDITED (RM (-DFL- \[)) (S (EDITED (RM (-DFL- \[)) (NP-SBJ (PRP I)) (, ,) (IP (-DFL- \+))) (NP-SBJ (PRP I)) (RS (-DFL- \])) (VP-UNF (VBP do) (RB n't))) (, ,) (IP (-DFL- \+))) (NP-SBJ (PRP I)) (VP (VBP do) (RB n't) (RS (-DFL- \])) (VP (VB think) (SBAR (-NONE- 0) (S (EDITED (RM (-DFL- \[)) (S (NP-SBJ (PRP it)) (VP-UNF (BES 's))) (, ,) (IP (-DFL- \+))) (NP-SBJ (PRP it)) (VP (BES 's) (RS (-DFL- \])) (NP-PRD (NP (DT a) (NN matter)) (EDITED (RM (-DFL- \[)) (PP-UNF (IN of)) (, ,) (IP (-DFL- \+))) (PP (IN of) (, ,) (RS (-DFL- \])) (INTJ (UH uh)) (, ,) (NP (NP (JJ talented) (NNS people)) (SBAR (WHNP-1 (-NONE- 0)) (S (NP-SBJ (-NONE- *T*-1)) (VP (TO to) (VP (VB do) (NP (PRP it)) (, ,) (EDITED (RM (-DFL- \[)) (X (RB a-)) (, ,) (IP (-DFL- \+))) (PP (DT both) (PP (IN as) (, ,) (RS (-DFL- \])) (ADVP (NN quote) (, ,) (NN unquote)) (NP (NNS students))) (CC and) (PP (IN as) (NP (NNS teachers)))))))))))))))) (, ,) (-DFL- E_S))",85,201.14425,225.28875,"  I,  I   don't,  I don't  think  it's,  it's   a matter  of,  of,   uh,  talented people to do it,  a,  both as,   quote, unquote students and as teachers,  "," I/PRP  ,/,   I/PRP  do/VBP n't/RB ,/,   I/PRP  do/VBP n't/RB think/VB   it/PRP  's/BES ,/,   it/PRP  's/BES   a/DT matter/NN  of/IN ,/, of/IN ,/,   uh/UH  ,/,   talented/JJ people/NNS  to/TO do/VB   it/PRP  ,/,   a/RB  ,/,   both/DT  as/IN ,/, quote/NN ,/, unquote/NN   students/NNS  and/CC as/IN   teachers/NNS  ,/,"
"58","sw03utt/sw_0311_3776.utt","3/sw3776",3776,57,"sv","A",35,2,"{C but }  clearly what's happened in this country is the school system's been asked to assume a great many responsibilities --","but/CC clearly/RB  [ what/WP ] 's/HVS happened/VBN in/IN  [ this/DT country/NN ] is/VBZ  [ the/DT school/NN system/NN ] 's/HVS been/VBN asked/VBN to/TO assume/VB  [ a/DT great/RB many/JJ responsibilities/NNS ] --/:","(S (CC but) (ADVP (RB clearly)) (SBAR-NOM-SBJ (WHNP-1 (WP what)) (S (NP-SBJ (-NONE- *T*-1)) (VP (HVS 's) (VP (VBN happened) (PP-LOC (IN in) (NP (DT this) (NN country))))))) (VP (VBZ is) (SBAR-PRD (-NONE- 0) (S (NP-SBJ-2 (DT the) (NN school) (NN system)) (VP (HVS 's) (VP (VBN been) (VP (VBN asked) (S (NP-SBJ (-NONE- *-2)) (VP (TO to) (VP (VB assume) (NP (NP (DT a) (ADJP (RB great) (JJ many)) (NNS responsibilities)) (SBAR (-NONE- *ICH*-3))) (PP-TMP (IN in) (NP (DT the) (JJ past) (CD thirty) (NNS years))) (SBAR-3 (WHNP-4 (WDT that)) (S (NP-SBJ (-NONE- *T*-4)) (VP-UNF (VBD were) (RB n't) (ADJP-PRD (JJ existent)) (, ,) (INTJ (UH uh)))))))))))))) (, ,) (-DFL- E_S))",86,201.14425,225.28875," but   clearly what's happened in this country is the school system's been asked to assume a great many responsibilities ","but/CC clearly/RB   what/WP  's/HVS happened/VBN in/IN   this/DT country/NN  is/VBZ   the/DT school/NN system/NN  's/HVS been/VBN asked/VBN to/TO assume/VB   a/DT great/RB many/JJ responsibilities/NNS  /:"
"59","sw03utt/sw_0311_3776.utt","3/sw3776",3776,58,"b","B",36,1,"{F Oh, } # yeah. # /","Oh/UH ,/, yeah/UH ./.","(INTJ (INTJ (UH Oh)) (, ,) (INTJ (UH yeah)) (. .) (-DFL- E_S))",88,221.169125,221.799125," Oh,  # yeah. # ","Oh/UH ,/, yeah/UH ./."
"60","sw03utt/sw_0311_3776.utt","3/sw3776",3776,59,"+","A",37,1,"-- # in the # past thirty years --","--/: in/IN  [ the/DT past/JJ thirty/CD years/NNS ] --/:","(S (CC but) (ADVP (RB clearly)) (SBAR-NOM-SBJ (WHNP-1 (WP what)) (S (NP-SBJ (-NONE- *T*-1)) (VP (HVS 's) (VP (VBN happened) (PP-LOC (IN in) (NP (DT this) (NN country))))))) (VP (VBZ is) (SBAR-PRD (-NONE- 0) (S (NP-SBJ-2 (DT the) (NN school) (NN system)) (VP (HVS 's) (VP (VBN been) (VP (VBN asked) (S (NP-SBJ (-NONE- *-2)) (VP (TO to) (VP (VB assume) (NP (NP (DT a) (ADJP (RB great) (JJ many)) (NNS responsibilities)) (SBAR (-NONE- *ICH*-3))) (PP-TMP (IN in) (NP (DT the) (JJ past) (CD thirty) (NNS years))) (SBAR-3 (WHNP-4 (WDT that)) (S (NP-SBJ (-NONE- *T*-4)) (VP-UNF (VBD were) (RB n't) (ADJP-PRD (JJ existent)) (, ,) (INTJ (UH uh)))))))))))))) (, ,) (-DFL- E_S))",86,NA,NA," # in the # past thirty years ","/: in/IN   the/DT past/JJ thirty/CD years/NNS  /:"
"61","sw03utt/sw_0311_3776.utt","3/sw3776",3776,60,"b","B",38,1,"Uh-huh. /","[ Uh-huh/UH ] ./.","(INTJ (UH Uh-huh) (. .) (-DFL- E_S))",56,223.055375,223.395375,"Uhhuh. "," Uhhuh/UH  ./."
"62","sw03utt/sw_0311_3776.utt","3/sw3776",3776,61,"+","A",39,1,"-- that weren't existent, {F uh, }  /","--/:  [ that/WDT ] were/VBD n't/RB existent/JJ ,/,  [ uh/UH ] ,/,","(S (CC but) (ADVP (RB clearly)) (SBAR-NOM-SBJ (WHNP-1 (WP what)) (S (NP-SBJ (-NONE- *T*-1)) (VP (HVS 's) (VP (VBN happened) (PP-LOC (IN in) (NP (DT this) (NN country))))))) (VP (VBZ is) (SBAR-PRD (-NONE- 0) (S (NP-SBJ-2 (DT the) (NN school) (NN system)) (VP (HVS 's) (VP (VBN been) (VP (VBN asked) (S (NP-SBJ (-NONE- *-2)) (VP (TO to) (VP (VB assume) (NP (NP (DT a) (ADJP (RB great) (JJ many)) (NNS responsibilities)) (SBAR (-NONE- *ICH*-3))) (PP-TMP (IN in) (NP (DT the) (JJ past) (CD thirty) (NNS years))) (SBAR-3 (WHNP-4 (WDT that)) (S (NP-SBJ (-NONE- *T*-4)) (VP-UNF (VBD were) (RB n't) (ADJP-PRD (JJ existent)) (, ,) (INTJ (UH uh)))))))))))))) (, ,) (-DFL- E_S))",86,225.28875,242.957875," that weren't existent,  uh,   ","/:   that/WDT  were/VBD n't/RB existent/JJ ,/,   uh/UH  ,/,"
"63","sw03utt/sw_0311_3776.utt","3/sw3776",3776,62,"sv","A",39,2,"you must see kids with  real significant problems, {F uh, } in some cases.  /","[ you/PRP ] must/MD see/VB  [ kids/NNS ] with/IN  [ real/RB significant/JJ problems/NNS ] ,/,  [ uh/UH ] ,/, in/IN  [ some/DT cases/NNS ] ./.","(S (NP-SBJ (PRP you)) (VP (MD must) (VP (VB see) (NP (NNS kids)) (PP (IN with) (NP (ADJP (RB real) (JJ significant)) (NNS problems))) (, ,) (INTJ (UH uh)) (, ,) (PP (IN in) (NP (DT some) (NNS cases))))) (. .) (-DFL- E_S))",93,225.28875,242.957875,"you must see kids with  real significant problems,  uh,  in some cases.  "," you/PRP  must/MD see/VB   kids/NNS  with/IN   real/RB significant/JJ problems/NNS  ,/,   uh/UH  ,/, in/IN   some/DT cases/NNS  ./."
"64","sw03utt/sw_0311_3776.utt","3/sw3776",3776,63,"%","A",39,3,"{F Uh, } course, I always see  the, - /","[ Uh/UH ] ,/,  [ course/NN ] ,/,  [ I/PRP ] always/RB see/VBP  [ the/DT ] ,/,","(S (INTJ (UH Uh)) (, ,) (NP-ADV (NN course)) (, ,) (NP-SBJ (PRP I)) (ADVP-TMP (RB always)) (VP (VBP see) (NP-UNF (DT the))) (, ,) (-DFL- N_S))",94,225.28875,242.957875," Uh,  course, I always see  the,  "," Uh/UH  ,/,   course/NN  ,/,   I/PRP  always/RB see/VBP   the/DT  ,/,"
"65","sw03utt/sw_0311_3776.utt","3/sw3776",3776,64,"qw","A",39,4,"I don't know [ how hard, + how hard ] is it, {F uh, } in the public school system  in Iowa City?  /","[ I/PRP ] do/VBP n't/RB know/VB how/WRB  [ hard/JJ ] ,/, how/WRB hard/JJ is/VBZ  [ it/PRP ] ,/,  [ uh/UH ] ,/, in/IN  [ the/DT public/JJ school/NN system/NN ] in/IN  [ Iowa/NNP City/NNP ] ?/.","(S (NP-SBJ (PRP I)) (VP (VBP do) (RB n't) (VP (VB know) (SBARQ (EDITED (RM (-DFL- \[)) (WHADJP (WRB how) (JJ hard)) (, ,) (IP (-DFL- \+))) (WHADJP-1 (WRB how) (JJ hard)) (RS (-DFL- \])) (SQ (VBZ is) (NP-SBJ (PRP it)) (ADJP-PRD (-NONE- *T*-1)) (, ,) (INTJ (UH uh)) (, ,) (PP-LOC (IN in) (NP (NP (DT the) (JJ public) (NN school) (NN system)) (PP-LOC (IN in) (NP (NNP Iowa) (NNP City))))))))) (. ?) (-DFL- E_S))",95,225.28875,242.957875,"I don't know  how hard,  how hard  is it,  uh,  in the public school system  in Iowa City?  "," I/PRP  do/VBP n't/RB know/VB how/WRB   hard/JJ  ,/, how/WRB hard/JJ is/VBZ   it/PRP  ,/,   uh/UH  ,/, in/IN   the/DT public/JJ school/NN system/NN  in/IN   Iowa/NNP City/NNP  ?/."
"66","sw03utt/sw_0311_3776.utt","3/sw3776",3776,65,"qy","A",39,5,"[ Is it, + is it, ] {F uh, } deteriorated a lot.  /","Is/VBZ  [ it/PRP ] ,/, is/VBZ  [ it/PRP ] ,/,  [ uh/UH ] ,/, deteriorated/JJ  [ a/DT lot/NN ] ./.","(SQ (EDITED (RM (-DFL- \[)) (SQ-UNF (VBZ Is) (NP-SBJ (PRP it))) (, ,) (IP (-DFL- \+))) (VBZ is) (NP-SBJ (PRP it)) (, ,) (RS (-DFL- \])) (INTJ (UH uh)) (, ,) (VP (JJ deteriorated)) (NP-ADV (DT a) (NN lot)) (. .) (-DFL- E_S))",96,225.28875,242.957875," Is it,  is it,   uh,  deteriorated a lot.  ","Is/VBZ   it/PRP  ,/, is/VBZ   it/PRP  ,/,   uh/UH  ,/, deteriorated/JJ   a/DT lot/NN  ./."
"67","sw03utt/sw_0311_3776.utt","3/sw3776",3776,66,"qy","A",39,6,"Do the people say, - /","Do/VBP  [ the/DT people/NNS ] say/VB ,/,","(SQ (VBP Do) (NP-SBJ (DT the) (NNS people)) (VP-UNF (VB say)) (, ,) (-DFL- N_S))",97,225.28875,242.957875,"Do the people say,  ","Do/VBP   the/DT people/NNS  say/VB ,/,"
"68","sw03utt/sw_0311_3776.utt","3/sw3776",3776,67,"qy","A",39,7,"are they pretty happy with it,  /","are/VBP  [ they/PRP ] pretty/RB happy/JJ with/IN  [ it/PRP ] ,/,","(SQ (VBP are) (NP-SBJ (PRP they)) (ADJP-PRD (RB pretty) (JJ happy) (PP (IN with) (NP (PRP it)))) (, ,) (-DFL- E_S))",98,225.28875,242.957875,"are they pretty happy with it,  ","are/VBP   they/PRP  pretty/RB happy/JJ with/IN   it/PRP  ,/,"
"69","sw03utt/sw_0311_3776.utt","3/sw3776",3776,68,"%","A",39,8,"{C or, } -/","or/CC ,/,","(S-UNF (CC or) (, ,) (-DFL- N_S))",99,225.28875,242.957875," or,  ","or/CC ,/,"
"70","sw03utt/sw_0311_3776.utt","3/sw3776",3776,69,"^h","B",40,1,"{D Well, } [ I, + I ] haven't taught in Iowa,  /","Well/UH ,/,  [ I/PRP ] ,/,  [ I/PRP ] have/VBP n't/RB taught/VBN in/IN  [ Iowa/NNP ] ,/,","(S (INTJ (UH Well)) (, ,) (EDITED (RM (-DFL- \[)) (NP-SBJ (PRP I)) (, ,) (IP (-DFL- \+))) (NP-SBJ (PRP I)) (RS (-DFL- \])) (VP (VBP have) (RB n't) (VP (VBN taught) (PP-LOC (IN in) (NP (NNP Iowa))))) (, ,) (-DFL- E_S))",101,243.417,265.06325," Well,   I,  I  haven't taught in Iowa,  ","Well/UH ,/,   I/PRP  ,/,   I/PRP  have/VBP n't/RB taught/VBN in/IN   Iowa/NNP  ,/,"
"71","sw03utt/sw_0311_3776.utt","3/sw3776",3776,70,"^h","B",40,2,"{C but } I've taught in Utah,  /","but/CC  [ I/PRP ] 've/VBP taught/VBN in/IN  [ Utah/NNP ] ,/,","(S (CC but) (NP-SBJ (PRP I)) (VP (VBP 've) (VP (VBN taught) (PP-LOC (IN in) (NP (NNP Utah))))) (, ,) (-DFL- E_S))",102,243.417,265.06325," but  I've taught in Utah,  ","but/CC   I/PRP  've/VBP taught/VBN in/IN   Utah/NNP  ,/,"
"72","sw03utt/sw_0311_3776.utt","3/sw3776",3776,71,"sd","B",40,3,"{C and, }  {F uh, } people there were saying that the way that the schools were going,  a lot of people were going away and going to private schools, or else going to home,  where they taught their kids at home.","and/CC ,/,  [ uh/UH ] ,/,  [ people/NNS ] there/RB were/VBD saying/VBG that/IN  [ the/DT way/NN ] that/WDT  [ the/DT schools/NNS ] were/VBD going/VBG ,/,  [ a/DT lot/NN ] of/IN  [ people/NNS ] were/VBD going/VBG away/RB and/CC going/VBG to/IN  [ private/JJ schools/NNS ] ,/, or/CC else/RB going/VBG to/IN  [ home/NN ] ,/, where/WRB  [ they/PRP ] taught/VBD  [ their/PRP$ kids/NNS ] at/IN  [ home/NN ] ./.","(S (CC and) (, ,) (INTJ (UH uh)) (, ,) (NP-SBJ (NP (NNS people)) (ADVP-LOC (RB there))) (VP (VBD were) (VP (VBG saying) (SBAR (IN that) (S (NP-ADV (NP (DT the) (NN way)) (SBAR (WHADVP-1 (WDT that)) (S (NP-SBJ (DT the) (NNS schools)) (VP (VBD were) (VP (VBG going) (ADVP-MNR (-NONE- *T*-1))))))) (, ,) (NP-SBJ (NP (DT a) (NN lot)) (PP (IN of) (NP (NNS people)))) (VP (VBD were) (VP (VP (VBG going) (ADVP-DIR (RB away))) (CC and) (VP (VBG going) (PP-DIR (IN to) (NP (JJ private) (NNS schools)))) (, ,) (CC or) (ADVP (RB else)) (VP (VBG going) (PP (IN to) (UCP (EDITED (NP (NN home))) (, ,) (SBAR (WHADVP-3 (WRB where)) (S (NP-SBJ (PRP they)) (VP (VBD taught) (NP (PRP$ their) (NNS kids)) (PP-LOC (IN at) (NP (NN home))) (ADVP (-NONE- *T*-3))))) (. .) (CC Or) (PRN (, ,) (S (NP-SBJ (PRP you)) (VP (VBP know))) (, ,)) (NP (NP (NN anything)) (PP (CC but) (NP (NP (DT the) (JJ public) (NNS schools)) (CC and) (NP (NP (DT the) (NNS ones)) (SBAR (WHNP-2 (WDT that)) (S (NP-SBJ (-NONE- *T*-2)) (VP (VBD did) (VP (VB have) (PRN (, ,) (S (NP-SBJ (PRP you)) (VP (VBP know))) (, ,)) (NP (DT the) (NNS kids))))))))))))))))))) (, ,) (-DFL- E_S))",103,243.417,265.06325," and,    uh,  people there were saying that the way that the schools were going,  a lot of people were going away and going to private schools, or else going to home,  where they taught their kids at home.","and/CC ,/,   uh/UH  ,/,   people/NNS  there/RB were/VBD saying/VBG that/IN   the/DT way/NN  that/WDT   the/DT schools/NNS  were/VBD going/VBG ,/,   a/DT lot/NN  of/IN   people/NNS  were/VBD going/VBG away/RB and/CC going/VBG to/IN   private/JJ schools/NNS  ,/, or/CC else/RB going/VBG to/IN   home/NN  ,/, where/WRB   they/PRP  taught/VBD   their/PRP$ kids/NNS  at/IN   home/NN  ./."
"73","sw03utt/sw_0311_3776.utt","3/sw3776",3776,72,"b","A",41,1,"Right. /","[ Right/UH ] ./.","(INTJ (UH Right) (. .) (-DFL- E_S))",105,259.52275,260.04225,"Right. "," Right/UH  ./."
"74","sw03utt/sw_0311_3776.utt","3/sw3776",3776,73,"+","B",42,1,"Or, {D you know, } anything but the public schools and  the ones that did have, {D you know, } # the kids, # /","Or/CC ,/,  [ you/PRP ] know/VBP ,/,  [ anything/NN ] but/CC  [ the/DT public/JJ schools/NNS ] and/CC  [ the/DT ones/NNS ] [ that/WDT ] did/VBD have/VB ,/,  [ you/PRP ] know/VBP ,/,  [ the/DT kids/NNS ] ,/,","(S (CC and) (, ,) (INTJ (UH uh)) (, ,) (NP-SBJ (NP (NNS people)) (ADVP-LOC (RB there))) (VP (VBD were) (VP (VBG saying) (SBAR (IN that) (S (NP-ADV (NP (DT the) (NN way)) (SBAR (WHADVP-1 (WDT that)) (S (NP-SBJ (DT the) (NNS schools)) (VP (VBD were) (VP (VBG going) (ADVP-MNR (-NONE- *T*-1))))))) (, ,) (NP-SBJ (NP (DT a) (NN lot)) (PP (IN of) (NP (NNS people)))) (VP (VBD were) (VP (VP (VBG going) (ADVP-DIR (RB away))) (CC and) (VP (VBG going) (PP-DIR (IN to) (NP (JJ private) (NNS schools)))) (, ,) (CC or) (ADVP (RB else)) (VP (VBG going) (PP (IN to) (UCP (EDITED (NP (NN home))) (, ,) (SBAR (WHADVP-3 (WRB where)) (S (NP-SBJ (PRP they)) (VP (VBD taught) (NP (PRP$ their) (NNS kids)) (PP-LOC (IN at) (NP (NN home))) (ADVP (-NONE- *T*-3))))) (. .) (CC Or) (PRN (, ,) (S (NP-SBJ (PRP you)) (VP (VBP know))) (, ,)) (NP (NP (NN anything)) (PP (CC but) (NP (NP (DT the) (JJ public) (NNS schools)) (CC and) (NP (NP (DT the) (NNS ones)) (SBAR (WHNP-2 (WDT that)) (S (NP-SBJ (-NONE- *T*-2)) (VP (VBD did) (VP (VB have) (PRN (, ,) (S (NP-SBJ (PRP you)) (VP (VBP know))) (, ,)) (NP (DT the) (NNS kids))))))))))))))))))) (, ,) (-DFL- E_S))",103,NA,NA,"Or,  you know,  anything but the public schools and  the ones that did have,  you know,  # the kids, # ","Or/CC ,/,   you/PRP  know/VBP ,/,   anything/NN  but/CC   the/DT public/JJ schools/NNS  and/CC   the/DT ones/NNS   that/WDT  did/VBD have/VB ,/,   you/PRP  know/VBP ,/,   the/DT kids/NNS  ,/,"
"75","sw03utt/sw_0311_3776.utt","3/sw3776",3776,74,"qy^d","A",43,1,"# Even in Utah. # /","Even/RB in/IN  [ Utah/NNP ] ./.","(FRAG (ADVP (RB Even)) (PP-LOC (IN in) (NP (NNP Utah))) (. .) (-DFL- E_S))",108,264.268625,265.292,"# Even in Utah. # ","Even/RB in/IN   Utah/NNP  ./."
"76","sw03utt/sw_0311_3776.utt","3/sw3776",3776,75,"ny","B",44,1,"Yeah  /","Yeah/UH","(INTJ (UH Yeah) (-DFL- E_S))",110,265.44,271.9715,"Yeah  ","Yeah/UH"
"77","sw03utt/sw_0311_3776.utt","3/sw3776",3776,76,"sd^e","B",44,2,"{D well, }","well/UH ,/,","(S (INTJ (UH well)) (, ,) (INTJ (UH Well)) (, ,) (INTJ (UH uh)) (, ,) (ADVP (RB maybe)) (NP-SBJ (PRP it)) (VP (VBD was) (NP-PRD (NP (DT the) (NN area)) (SBAR (WHNP-1 (-NONE- 0)) (S (NP-SBJ (PRP I)) (VP (VBD was) (PP-LOC-PRD (IN in) (NP (-NONE- *T*-1)))))))) (, ,) (-DFL- E_S))",111,265.44,271.9715," well, ","well/UH ,/,"
"78","sw03utt/sw_0311_3776.utt","3/sw3776",3776,77,"sv","A",45,1,"{D Well, } Utah's a place where you wouldn't think  that problem would be very severe. /","Well/UH ,/,  [ Utah/NNP ] 's/BES  [ a/DT place/NN ] where/WRB  [ you/PRP ] would/MD n't/RB think/VB  [ that/DT problem/NN ] would/MD be/VB very/RB severe/JJ ./.","(S (INTJ (UH Well)) (, ,) (NP-SBJ (NNP Utah)) (VP (BES 's) (NP-PRD (NP (DT a) (NN place)) (SBAR (WHADVP-1 (WRB where)) (S (NP-SBJ (PRP you)) (VP (MD would) (RB n't) (VP (VB think) (SBAR (-NONE- 0) (S (NP-SBJ (DT that) (NN problem)) (VP (MD would) (VP (VB be) (ADJP-PRD (RB very) (JJ severe)) (ADVP-LOC (-NONE- *T*-1)))))))))))) (. .) (-DFL- E_S))",113,266.22225,269.384375," Well,  Utah's a place where you wouldn't think  that problem would be very severe. ","Well/UH ,/,   Utah/NNP  's/BES   a/DT place/NN  where/WRB   you/PRP  would/MD n't/RB think/VB   that/DT problem/NN  would/MD be/VB very/RB severe/JJ ./."
"79","sw03utt/sw_0311_3776.utt","3/sw3776",3776,78,"+","B",46,1,"{D Well, } {F uh, } maybe it was the area I was in,  /","Well/UH ,/,  [ uh/UH ] ,/, maybe/RB  [ it/PRP ] was/VBD  [ the/DT area/NN ] [ I/PRP ] was/VBD in/IN ,/,","(S (INTJ (UH well)) (, ,) (INTJ (UH Well)) (, ,) (INTJ (UH uh)) (, ,) (ADVP (RB maybe)) (NP-SBJ (PRP it)) (VP (VBD was) (NP-PRD (NP (DT the) (NN area)) (SBAR (WHNP-1 (-NONE- 0)) (S (NP-SBJ (PRP I)) (VP (VBD was) (PP-LOC-PRD (IN in) (NP (-NONE- *T*-1)))))))) (, ,) (-DFL- E_S))",111,271.9715,279.0715," Well,   uh,  maybe it was the area I was in,  ","Well/UH ,/,   uh/UH  ,/, maybe/RB   it/PRP  was/VBD   the/DT area/NN   I/PRP  was/VBD in/IN ,/,"
"80","sw03utt/sw_0311_3776.utt","3/sw3776",3776,79,"sd","B",46,2,"{C but } a lot of schools had a lot of transient, {F uh, } families and a lot of families who were on the  poorer side  /","but/CC  [ a/DT lot/NN ] of/IN  [ schools/NNS ] had/VBD  [ a/DT lot/NN ] of/IN  [ transient/JJ ] ,/,  [ uh/UH ] ,/,  [ families/NNS ] and/CC  [ a/DT lot/NN ] of/IN  [ families/NNS ] [ who/WP ] were/VBD on/IN  [ the/DT poorer/JJR side/NN ]","(S (CC but) (NP-SBJ (NP (DT a) (NN lot)) (PP (IN of) (NP (NNS schools)))) (VP (VBD had) (NP (NP (NP (DT a) (NN lot)) (PP (IN of) (NP (JJ transient) (, ,) (INTJ (UH uh)) (, ,) (NNS families)))) (CC and) (NP (NP (DT a) (NN lot)) (PP (IN of) (NP (NNS families))) (SBAR (WHNP-1 (WP who)) (S (NP-SBJ (-NONE- *T*-1)) (VP (VBD were) (PP-PRD (IN on) (NP (DT the) (JJR poorer) (NN side))))))))) (-DFL- E_S))",115,271.9715,279.0715," but  a lot of schools had a lot of transient,  uh,  families and a lot of families who were on the  poorer side  ","but/CC   a/DT lot/NN  of/IN   schools/NNS  had/VBD   a/DT lot/NN  of/IN   transient/JJ  ,/,   uh/UH  ,/,   families/NNS  and/CC   a/DT lot/NN  of/IN   families/NNS   who/WP  were/VBD on/IN   the/DT poorer/JJR side/NN "
"81","sw03utt/sw_0311_3776.utt","3/sw3776",3776,80,"%","B",46,3,"{C and, } -/","and/CC ,/,","(S-UNF (CC and) (, ,) (-DFL- N_S))",116,271.9715,279.0715," and,  ","and/CC ,/,"
"82","sw03utt/sw_0311_3776.utt","3/sw3776",3776,81,"b","A",47,1,"Yeah,  /","Yeah/UH ,/,","(INTJ (UH Yeah) (, ,) (-DFL- E_S))",118,278.939125,281.199375,"Yeah,  ","Yeah/UH ,/,"
"83","sw03utt/sw_0311_3776.utt","3/sw3776",3776,82,"bf","A",47,2,"[ you, + {C so, } you ] saw a fair number of troubled kids. /","[ you/PRP ] ,/, so/RB ,/,  [ you/PRP ] saw/VBD  [ a/DT fair/JJ number/NN ] of/IN  [ troubled/JJ kids/NNS ] ./.","(S (EDITED (RM (-DFL- \[)) (NP-SBJ (PRP you)) (, ,) (IP (-DFL- \+))) (RB so) (, ,) (NP-SBJ (PRP you)) (RS (-DFL- \])) (VP (VBD saw) (NP (NP (DT a) (JJ fair) (NN number)) (PP (IN of) (NP (JJ troubled) (NNS kids))))) (. .) (-DFL- E_S))",119,278.939125,281.199375," you,   so,  you  saw a fair number of troubled kids. "," you/PRP  ,/, so/RB ,/,   you/PRP  saw/VBD   a/DT fair/JJ number/NN  of/IN   troubled/JJ kids/NNS  ./."
"84","sw03utt/sw_0311_3776.utt","3/sw3776",3776,83,"aa","B",48,1,"Yeah,  /","[ Yeah/UH ] ,/,","(INTJ (UH Yeah) (, ,) (-DFL- E_S))",118,281.411625,296.582125,"Yeah,  "," Yeah/UH  ,/,"
"85","sw03utt/sw_0311_3776.utt","3/sw3776",3776,84,"aa","B",48,2,"{E I mean, } like you said,  how [ they were, + the schools ] are doing more things for the kids, they thought, than they were thirty years ago.  /","[ I/PRP ] mean/VBP ,/, like/IN  [ you/PRP ] said/VBD ,/, how/WRB  [ they/PRP ] were/VBD ,/,  [ the/DT schools/NNS ] are/VBP doing/VBG  [ more/JJR things/NNS ] for/IN  [ the/DT kids/NNS ] ,/,  [ they/PRP ] thought/VBD ,/, than/IN  [ they/PRP ] were/VBD  [ thirty/CD years/NNS ] ago/RB ./.","(S (PRN (S (NP-SBJ (PRP I)) (VP (VBP mean))) (, ,)) (INTJ (IN like)) (NP-SBJ (PRP you)) (VP (VBD said) (, ,) (SBAR (WHADVP-1 (WRB how)) (S-2 (EDITED (RM (-DFL- \[)) (S (NP-SBJ (PRP they)) (VP-UNF (VBD were))) (, ,) (IP (-DFL- \+))) (NP-SBJ (DT the) (NNS schools)) (RS (-DFL- \])) (VP (VBP are) (VP (VBG doing) (NP (NP (JJR more) (NNS things)) (PP (IN for) (NP (DT the) (NNS kids))) (PRN (, ,) (S (NP-SBJ (PRP they)) (VP (VBD thought) (SBAR (-NONE- 0) (S (-NONE- *T*-2))))) (, ,)) (SBAR (IN than) (S (NP-SBJ (PRP they)) (VP (VBD were) (VP (-NONE- *?*) (ADVP-TMP (NP (CD thirty) (NNS years)) (RB ago))))))) (ADVP-MNR (-NONE- *T*-1))))))) (. .) (-DFL- E_S))",122,281.411625,296.582125," I mean,  like you said,  how  they were,  the schools  are doing more things for the kids, they thought, than they were thirty years ago.  "," I/PRP  mean/VBP ,/, like/IN   you/PRP  said/VBD ,/, how/WRB   they/PRP  were/VBD ,/,   the/DT schools/NNS  are/VBP doing/VBG   more/JJR things/NNS  for/IN   the/DT kids/NNS  ,/,   they/PRP  thought/VBD ,/, than/IN   they/PRP  were/VBD   thirty/CD years/NNS  ago/RB ./."
"86","sw03utt/sw_0311_3776.utt","3/sw3776",3776,85,"sd","B",48,3,"{E I mean, } [ they were, + the school I was teaching at, [ the, + the ]  year I left, they were ] considering providing hot lunch [ for +  or --","[ I/PRP ] mean/VBP ,/,  [ they/PRP ] were/VBD ,/,  [ the/DT school/NN ] [ I/PRP ] was/VBD teaching/VBG at/IN ,/,  [ the/DT ] ,/,  [ the/DT year/NN ] [ I/PRP ] left/VBD ,/,  [ they/PRP ] were/VBD considering/VBG providing/VBG  [ hot/JJ lunch/NN ] for/IN or/CC --/:","(S (PRN (S (NP-SBJ (PRP I)) (VP (VBP mean))) (, ,)) (EDITED (RM (-DFL- \[)) (S (NP-SBJ (PRP they)) (VP-UNF (VBD were))) (, ,) (IP (-DFL- \+))) (NP-TPC (NP (DT the) (NN school)) (SBAR (WHNP-1 (-NONE- 0)) (S (NP-SBJ (PRP I)) (VP (VBD was) (VP (VBG teaching) (PP (IN at) (NP (-NONE- *T*-1)))))))) (, ,) (EDITED (RM (-DFL- \[)) (NP-TMP-UNF (DT the)) (, ,) (IP (-DFL- \+))) (NP-TMP (NP (DT the) (RS (-DFL- \])) (NN year)) (SBAR (WHADVP-2 (-NONE- 0)) (S (NP-SBJ (PRP I)) (VP (VBD left) (ADVP-TMP (-NONE- *T*-2)))))) (, ,) (NP-SBJ-3 (PRP they)) (VP (VBD were) (RS (-DFL- \])) (VP (VBG considering) (S (NP-SBJ (-NONE- *-3)) (VP (VBG providing) (NP (EDITED (NP (JJ hot) (NN lunch)) (RM (-DFL- \[)) (PP-UNF (IN for)) (IP (-DFL- \+)) (CC or)) (NP (JJ hot) (NN breakfast))) (PP (IN for) (RS (-DFL- \])) (NP (DT the) (NNS kids))))))) (. .) (-DFL- E_S))",123,281.411625,296.582125," I mean,   they were,  the school I was teaching at,  the,  the   year I left, they were  considering providing hot lunch  for   or "," I/PRP  mean/VBP ,/,   they/PRP  were/VBD ,/,   the/DT school/NN   I/PRP  was/VBD teaching/VBG at/IN ,/,   the/DT  ,/,   the/DT year/NN   I/PRP  left/VBD ,/,   they/PRP  were/VBD considering/VBG providing/VBG   hot/JJ lunch/NN  for/IN or/CC /:"
"87","sw03utt/sw_0311_3776.utt","3/sw3776",3776,86,"b","A",49,1,"Yeah. /","Yeah/UH ./.","(INTJ (UH Yeah) (. .) (-DFL- E_S))",125,295.3025,295.728,"Yeah. ","Yeah/UH ./."
"88","sw03utt/sw_0311_3776.utt","3/sw3776",3776,87,"+","B",50,1,"-- hot breakfast for ] the kids. /","--/:  [ hot/JJ breakfast/NN ] for/IN  [ the/DT kids/NNS ] ./.","(S (PRN (S (NP-SBJ (PRP I)) (VP (VBP mean))) (, ,)) (EDITED (RM (-DFL- \[)) (S (NP-SBJ (PRP they)) (VP-UNF (VBD were))) (, ,) (IP (-DFL- \+))) (NP-TPC (NP (DT the) (NN school)) (SBAR (WHNP-1 (-NONE- 0)) (S (NP-SBJ (PRP I)) (VP (VBD was) (VP (VBG teaching) (PP (IN at) (NP (-NONE- *T*-1)))))))) (, ,) (EDITED (RM (-DFL- \[)) (NP-TMP-UNF (DT the)) (, ,) (IP (-DFL- \+))) (NP-TMP (NP (DT the) (RS (-DFL- \])) (NN year)) (SBAR (WHADVP-2 (-NONE- 0)) (S (NP-SBJ (PRP I)) (VP (VBD left) (ADVP-TMP (-NONE- *T*-2)))))) (, ,) (NP-SBJ-3 (PRP they)) (VP (VBD were) (RS (-DFL- \])) (VP (VBG considering) (S (NP-SBJ (-NONE- *-3)) (VP (VBG providing) (NP (EDITED (NP (JJ hot) (NN lunch)) (RM (-DFL- \[)) (PP-UNF (IN for)) (IP (-DFL- \+)) (CC or)) (NP (JJ hot) (NN breakfast))) (PP (IN for) (RS (-DFL- \])) (NP (DT the) (NNS kids))))))) (. .) (-DFL- E_S))",123,NA,NA," hot breakfast for  the kids. ","/:   hot/JJ breakfast/NN  for/IN   the/DT kids/NNS  ./."
"89","sw03utt/sw_0311_3776.utt","3/sw3776",3776,88,"b","A",51,1,"Yeah. /","Yeah/UH ./.","(INTJ (UH Yeah) (. .) (-DFL- E_S))",125,296.8585,297.19175,"Yeah. ","Yeah/UH ./."
"90","sw03utt/sw_0311_3776.utt","3/sw3776",3776,89,"sd","B",52,1,"As well as hot lunch  /","As/RB well/RB as/IN  [ hot/JJ lunch/NN ]","(FRAG (CONJP (RB As) (RB well) (IN as)) (NP (JJ hot) (NN lunch)) (-DFL- E_S))",130,297.087,298.483,"As well as hot lunch  ","As/RB well/RB as/IN   hot/JJ lunch/NN "
"91","sw03utt/sw_0311_3776.utt","3/sw3776",3776,90,"%","B",52,2,"{C and, } -/","and/CC ,/,","(S-UNF (CC and) (, ,) (-DFL- N_S))",116,297.087,298.483," and,  ","and/CC ,/,"
