"","swda_filename","ptb_basename","conversation_no","transcript_index","act_tag","caller","turn_index","subutterance_index","text","pos","trees","ptb_treenumbers","start_turn","end_turn","newtext","newpos"
"1","sw05utt/sw_0572_3768.utt","3/sw3768",3768,0,"qw","A",1,1,"{D Well, } what kind of vacations do you like to take?   ((   )) . /","Well/UH ,/,  [ what/WP kind/NN ] of/IN  [ vacations/NNS ] do/VBP  [ you/PRP ] like/VB to/TO take/VB ?/.  [ MUMBLEx/XX ] ./.","(SBARQ (INTJ (UH Well)) (, ,) (WHNP-2 (WHNP (WP what) (NN kind)) (PP (IN of) (NP (NNS vacations)))) (SQ (VBP do) (NP-SBJ-1 (PRP you)) (VP (VB like) (S (NP-SBJ (-NONE- *-1)) (VP (TO to) (VP (VB take) (NP (-NONE- *T*-2)) (. ?) (XX MUMBLEx)))))) (. .) (-DFL- E_S))",1,0.02,3.05475," Well,  what kind of vacations do you like to take?       . ","Well/UH ,/,   what/WP kind/NN  of/IN   vacations/NNS  do/VBP   you/PRP  like/VB to/TO take/VB ?/.   MUMBLEx/XX  ./."
"2","sw05utt/sw_0572_3768.utt","3/sw3768",3768,1,"sd","B",2,1,"{D Well, } [ we've, + {F uh, } we've ] been fortunate enough to take a couple of trips over to Europe  /","Well/UH ,/,  [ we/PRP ] 've/VBP ,/,  [ uh/UH ] ,/,  [ we/PRP ] 've/VBP been/VBN fortunate/JJ enough/RB to/TO take/VB  [ a/DT couple/NN ] of/IN  [ trips/NNS ] over/IN to/IN  [ Europe/NNP ]","(S (INTJ (UH Well)) (, ,) (EDITED (RM (-DFL- \[)) (S (NP-SBJ (PRP we)) (VP-UNF (VBP 've))) (, ,) (IP (-DFL- \+))) (INTJ (UH uh)) (, ,) (NP-SBJ-1 (PRP we)) (VP (VBP 've) (RS (-DFL- \])) (VP (VBN been) (ADJP-PRD (JJ fortunate) (RB enough) (S (NP-SBJ (-NONE- *-1)) (VP (TO to) (VP (VB take) (NP (NP (DT a) (NN couple)) (PP (IN of) (NP (NP (NNS trips)) (PP-DIR (IN over) (PP (IN to) (NP (NNP Europe))))))))))))) (-DFL- E_S))",3,2.548625,10.73," Well,   we've,   uh,  we've  been fortunate enough to take a couple of trips over to Europe  ","Well/UH ,/,   we/PRP  've/VBP ,/,   uh/UH  ,/,   we/PRP  've/VBP been/VBN fortunate/JJ enough/RB to/TO take/VB   a/DT couple/NN  of/IN   trips/NNS  over/IN to/IN   Europe/NNP "
"3","sw05utt/sw_0572_3768.utt","3/sw3768",3768,2,"sd","B",2,2,"[ {C so } +  <laughter>.","so/UH ./.","(S (EDITED (RM (-DFL- \[)) (RB so) (IP (-DFL- \+)) (. .)) (RB So) (, ,) (RS (-DFL- \])) (EDITED (RM (-DFL- \[)) (NP-SBJ (PRP I)) (, ,) (IP (-DFL- \+))) (NP-SBJ (PRP I)) (RS (-DFL- \])) (VP (VBP guess) (SBAR (-NONE- 0) (S (NP-SBJ (DT those)) (VP (VBP are) (NP-PRD (NP (DT the) (NNS types)) (SBAR (WHNP-1 (-NONE- 0)) (S (NP-SBJ (PRP I)) (VP (VBP like) (NP (-NONE- *T*-1)))))))))) (. .) (-DFL- E_S))",4,2.548625,10.73,"  so    laughter.","so/UH ./."
"4","sw05utt/sw_0572_3768.utt","3/sw3768",3768,3,"b","A",3,1,"Uh-huh. /","[ Uh-huh/UH ] ./.","(INTJ (UH Uh-huh) (. .) (-DFL- E_S))",6,7.14825,7.56825,"Uhhuh. "," Uhhuh/UH  ./."
"5","sw05utt/sw_0572_3768.utt","3/sw3768",3768,4,"+","B",4,1,"{C So, } ] [ I, + I  ] guess those are the types I like <laughter>. /","So/RB ,/,  [ I/PRP ] ,/,  [ I/PRP ] guess/VBP  [ those/DT ] are/VBP  [ the/DT types/NNS I/PRP ] like/VBP ./.","(S (EDITED (RM (-DFL- \[)) (RB so) (IP (-DFL- \+)) (. .)) (RB So) (, ,) (RS (-DFL- \])) (EDITED (RM (-DFL- \[)) (NP-SBJ (PRP I)) (, ,) (IP (-DFL- \+))) (NP-SBJ (PRP I)) (RS (-DFL- \])) (VP (VBP guess) (SBAR (-NONE- 0) (S (NP-SBJ (DT those)) (VP (VBP are) (NP-PRD (NP (DT the) (NNS types)) (SBAR (WHNP-1 (-NONE- 0)) (S (NP-SBJ (PRP I)) (VP (VBP like) (NP (-NONE- *T*-1)))))))))) (. .) (-DFL- E_S))",4,NA,NA," So,    I,  I   guess those are the types I like laughter. ","So/RB ,/,   I/PRP  ,/,   I/PRP  guess/VBP   those/DT  are/VBP   the/DT types/NNS I/PRP  like/VBP ./."
"6","sw05utt/sw_0572_3768.utt","3/sw3768",3768,5,"b","A",5,1,"Uh-huh. /","[ Uh-huh/UH ] ./.","(INTJ (UH Uh-huh) (. .) (-DFL- E_S))",6,11.02475,11.5305,"Uhhuh. "," Uhhuh/UH  ./."
"7","sw05utt/sw_0572_3768.utt","3/sw3768",3768,6,"sd","B",6,1,"We've really enjoyed them. /","[ We/PRP ] 've/VBP really/RB enjoyed/VBN  [ them/PRP ] ./.","(S (NP-SBJ (PRP We)) (VP (VBP 've) (ADVP (RB really)) (VP (VBN enjoyed) (NP (PRP them)))) (. .) (-DFL- E_S))",11,12.42,14.25,"We've really enjoyed them. "," We/PRP  've/VBP really/RB enjoyed/VBN   them/PRP  ./."
"8","sw05utt/sw_0572_3768.utt","3/sw3768",3768,7,"b","A",7,1,"Yeah.  /","Yeah/UH ./.","(INTJ (UH Yeah) (. .) (-DFL- E_S))",13,13.878,15.11825,"Yeah.  ","Yeah/UH ./."
"9","sw05utt/sw_0572_3768.utt","3/sw3768",3768,8,"qw","A",7,2,"Where have you gone there? /","Where/WRB have/VBP  [ you/PRP ] gone/VBN there/RB ?/.","(SBARQ (WHADVP-1 (WRB Where)) (SQ (VBP have) (NP-SBJ (PRP you)) (VP (VBN gone) (ADVP-DIR (-NONE- *T*-1)) (ADVP-LOC (RB there)))) (. ?) (-DFL- E_S))",14,13.878,15.11825,"Where have you gone there? ","Where/WRB have/VBP   you/PRP  gone/VBN there/RB ?/."
"10","sw05utt/sw_0572_3768.utt","3/sw3768",3768,9,"sd","B",8,1,"We've gone to, {F um, } Germany, Switzerland, Austria, Ireland and England. /","[ We/PRP ] 've/VBP gone/VBN to/IN ,/, um/UH ,/,  [ Germany/NNP ] ,/,  [ Switzerland/NNP ] ,/,  [ Austria/NNP ] ,/,  [ Ireland/NNP ] and/CC  [ England/NNP ] ./.","(S (NP-SBJ (PRP We)) (VP (VBP 've) (VP (VBN gone) (PP-DIR (IN to) (, ,) (INTJ (UH um)) (, ,) (NP (NNP Germany) (, ,) (NNP Switzerland) (, ,) (NNP Austria) (, ,) (NNP Ireland) (CC and) (NNP England))))) (. .) (-DFL- E_S))",16,15.23,22.317,"We've gone to,  um,  Germany, Switzerland, Austria, Ireland and England. "," We/PRP  've/VBP gone/VBN to/IN ,/, um/UH ,/,   Germany/NNP  ,/,   Switzerland/NNP  ,/,   Austria/NNP  ,/,   Ireland/NNP  and/CC   England/NNP  ./."
"11","sw05utt/sw_0572_3768.utt","3/sw3768",3768,10,"b","A",9,1,"Uh-huh. /","[ Uh-huh/UH ] ./.","(INTJ (UH Uh-huh) (. .) (-DFL- E_S))",6,22.487,22.971625,"Uhhuh. "," Uhhuh/UH  ./."
"12","sw05utt/sw_0572_3768.utt","3/sw3768",3768,11,"sd","B",10,1,"We've been to Germany twice. /","[ We/PRP ] 've/VBP been/VBN to/IN  [ Germany/NNP ] twice/RB ./.","(S (NP-SBJ (PRP We)) (VP (VBP 've) (VP (VBN been) (PP-DIR-PRD (IN to) (NP (NNP Germany))) (ADVP-TMP (RB twice)))) (. .) (-DFL- E_S))",20,23.057,24.567,"We've been to Germany twice. "," We/PRP  've/VBP been/VBN to/IN   Germany/NNP  twice/RB ./."
"13","sw05utt/sw_0572_3768.utt","3/sw3768",3768,12,"b","A",11,1,"Uh-huh. /","[ Uh-huh/UH ] ./.","(INTJ (UH Uh-huh) (. .) (-DFL- E_S))",6,24.782,25.143,"Uhhuh. "," Uhhuh/UH  ./."
"14","sw05utt/sw_0572_3768.utt","3/sw3768",3768,13,"sd","B",12,1,"{C But, } {F um, } I guess my favorite is probably Switzerland and Ireland. /","But/CC ,/, um/UH ,/,  [ I/PRP ] guess/VBP  [ my/PRP$ favorite/JJ ] is/VBZ probably/RB  [ Switzerland/NNP ] and/CC  [ Ireland/NNP ] ./.","(S (CC But) (, ,) (INTJ (UH um)) (, ,) (NP-SBJ (PRP I)) (VP (VBP guess) (SBAR (-NONE- 0) (S (NP-SBJ (PRP$ my) (JJ favorite)) (VP (VBZ is) (ADVP (RB probably)) (NP-PRD (NNP Switzerland) (CC and) (NNP Ireland)))))) (. .) (-DFL- E_S))",24,25.627,30.254125," But,   um,  I guess my favorite is probably Switzerland and Ireland. ","But/CC ,/, um/UH ,/,   I/PRP  guess/VBP   my/PRP$ favorite/JJ  is/VBZ probably/RB   Switzerland/NNP  and/CC   Ireland/NNP  ./."
"15","sw05utt/sw_0572_3768.utt","3/sw3768",3768,14,"b","A",13,1,"Uh-huh.  /","[ Uh-huh/UH ] ./.","(INTJ (UH Uh-huh) (. .) (-DFL- E_S))",6,30.46575,33.340375,"Uhhuh.  "," Uhhuh/UH  ./."
"16","sw05utt/sw_0572_3768.utt","3/sw3768",3768,15,"b","A",13,2,"Yeah  /","Yeah/UH","(INTJ (UH Yeah) (-DFL- E_S))",27,30.46575,33.340375,"Yeah  ","Yeah/UH"
"17","sw05utt/sw_0572_3768.utt","3/sw3768",3768,16,"sd","A",13,3,"{D well, } I've been over there too. /","well/UH ,/,  [ I/PRP ] 've/VBP been/VBN over/IN there/RB too/RB ./.","(S (INTJ (UH well)) (, ,) (NP-SBJ (PRP I)) (VP (VBP 've) (VP (VBN been) (PP-DIR-PRD (IN over) (ADVP (RB there))) (ADVP (RB too)))) (. .) (-DFL- E_S))",28,30.46575,33.340375," well,  I've been over there too. ","well/UH ,/,   I/PRP  've/VBP been/VBN over/IN there/RB too/RB ./."
"18","sw05utt/sw_0572_3768.utt","3/sw3768",3768,17,"b","B",14,1,"Uh-huh.  /","[ Uh-huh/UH ] ./.","(INTJ (UH Uh-huh) (. .) (-DFL- E_S))",6,33.523,34.567,"Uhhuh.  "," Uhhuh/UH  ./."
"19","sw05utt/sw_0572_3768.utt","3/sw3768",3768,18,"qw","B",14,2,"# Where have you been? # /","Where/WRB  [ have/VBP ] you/PRP been/VBN ?/.","(SBARQ (WHADVP-1 (WRB Where)) (SQ (VBP have) (NP-SBJ (PRP you)) (VP (VBN been) (ADVP-DIR-PRD (-NONE- *T*-1)))) (. ?) (-DFL- E_S))",31,33.523,34.567,"# Where have you been? # ","Where/WRB   have/VBP  you/PRP been/VBN ?/."
"20","sw05utt/sw_0572_3768.utt","3/sw3768",3768,19,"%","A",15,1,"# I even. # - /","[ I/PRP ] even/RB ./.","(S-UNF (NP-SBJ (PRP I)) (ADVP (RB even)) (. .) (-DFL- N_S))",33,33.74725,39.12075,"# I even. #  "," I/PRP  even/RB ./."
"21","sw05utt/sw_0572_3768.utt","3/sw3768",3768,20,"^h","A",15,2,"Let's see, {F um, }  /","Let/VB  [ 's/PRP ] see/VB ,/, um/UH ,/,","(S-IMP (NP-SBJ (-NONE- *)) (VP (VB Let) (S (NP-SBJ (PRP 's)) (VP (VB see))) (, ,) (INTJ (UH um))) (, ,) (-DFL- E_S))",34,33.74725,39.12075,"Let's see,  um,   ","Let/VB   's/PRP  see/VB ,/, um/UH ,/,"
"22","sw05utt/sw_0572_3768.utt","3/sw3768",3768,21,"sd","A",15,3,"mostly Germany and France. /","mostly/RB  [ Germany/NNP ] and/CC  [ France/NNP ] ./.","(FRAG (ADVP (RB mostly)) (NP (NNP Germany) (CC and) (NNP France)) (. .) (-DFL- E_S))",35,33.74725,39.12075,"mostly Germany and France. ","mostly/RB   Germany/NNP  and/CC   France/NNP  ./."
"23","sw05utt/sw_0572_3768.utt","3/sw3768",3768,22,"b","B",16,1,"Uh-huh. /","[ Uh-huh/UH ] ./.","(INTJ (UH Uh-huh) (. .) (-DFL- E_S))",9,39.129375,39.43675,"Uhhuh. "," Uhhuh/UH  ./."
"24","sw05utt/sw_0572_3768.utt","3/sw3768",3768,23,"sd","A",17,1,"I lived in France for a year and a half  /","[ I/PRP ] lived/VBD in/IN  [ France/NNP ] for/IN  [ a/DT year/NN ] and/CC  [ a/DT half/NN ]","(S (NP-SBJ (PRP I)) (VP (VBD lived) (PP-LOC (IN in) (NP (NNP France))) (PP-TMP (IN for) (NP (DT a) (NN year) (QP (CC and) (DT a) (NN half))))) (-DFL- E_S))",39,39.12075,42.32475,"I lived in France for a year and a half  "," I/PRP  lived/VBD in/IN   France/NNP  for/IN   a/DT year/NN  and/CC   a/DT half/NN "
"25","sw05utt/sw_0572_3768.utt","3/sw3768",3768,24,"%","A",17,2,"{C so } --","so/RB --/:","(S (RB so) (NP-SBJ (PRP I)) (VP (VBD was) (ADJP-PRD-UNF (JJ able))) (, ,) (-DFL- N_S))",40,39.12075,42.32475," so  ","so/RB /:"
"26","sw05utt/sw_0572_3768.utt","3/sw3768",3768,25,"ba","B",18,1,"{F Oh, } how neat. /","Oh/UH ,/, how/WRB neat/JJ ./.","(FRAG (INTJ (UH Oh)) (, ,) (WHADJP (WRB how) (JJ neat)) (. .) (-DFL- E_S))",42,40.98225,41.6865," Oh,  how neat. ","Oh/UH ,/, how/WRB neat/JJ ./."
"27","sw05utt/sw_0572_3768.utt","3/sw3768",3768,26,"+","A",19,1,"-- I was able, - /","--/:  [ I/PRP ] was/VBD able/JJ ,/,","(S (RB so) (NP-SBJ (PRP I)) (VP (VBD was) (ADJP-PRD-UNF (JJ able))) (, ,) (-DFL- N_S))",40,42.803125,48.78575," I was able,  ","/:   I/PRP  was/VBD able/JJ ,/,"
"28","sw05utt/sw_0572_3768.utt","3/sw3768",3768,27,"sd","A",19,2,"{C but, } [ I, + once when I  ] had a chance in France to go on vacation instead of travelling around France I went to Germany --  /","but/CC ,/,  [ I/PRP ] ,/, once/RB when/WRB  [ I/PRP ] had/VBD  [ a/DT chance/NN ] in/IN  [ France/NNP ] to/TO go/VB on/IN  [ vacation/NN ] instead/IN of/IN travelling/VBG around/IN  [ France/NNP I/PRP ] went/VBD to/IN  [ Germany/NNP ] --/:","(S (CC but) (, ,) (EDITED (RM (-DFL- \[)) (NP-SBJ (PRP I)) (, ,) (IP (-DFL- \+))) (ADVP-TMP (RB once)) (SBAR-TMP (WHADVP-3 (WRB when)) (S (NP-SBJ (PRP I)) (RS (-DFL- \])) (VP (VBD had) (NP (DT a) (NN chance) (S (-NONE- *ICH*-1))) (PP-LOC (IN in) (NP (NNP France))) (S-1 (NP-SBJ (-NONE- *)) (VP (TO to) (VP (VB go) (PP (IN on) (NP (NN vacation)))))) (ADVP-TMP (-NONE- *T*-3))))) (PP (IN instead) (IN of) (S-NOM (NP-SBJ (-NONE- *-2)) (VP (VBG travelling) (PP-DIR (IN around) (NP (NNP France)))))) (NP-SBJ-2 (PRP I)) (VP (VBD went) (PP-DIR (IN to) (NP (NNP Germany)))) (-DFL- E_S))",44,42.803125,48.78575," but,   I,  once when I   had a chance in France to go on vacation instead of travelling around France I went to Germany   ","but/CC ,/,   I/PRP  ,/, once/RB when/WRB   I/PRP  had/VBD   a/DT chance/NN  in/IN   France/NNP  to/TO go/VB on/IN   vacation/NN  instead/IN of/IN travelling/VBG around/IN   France/NNP I/PRP  went/VBD to/IN   Germany/NNP  /:"
"29","sw05utt/sw_0572_3768.utt","3/sw3768",3768,28,"b","B",20,1,"Uh-huh. /","[ Uh-huh/UH ] ./.","(INTJ (UH Uh-huh) (. .) (-DFL- E_S))",18,48.735875,49.15475,"Uhhuh. "," Uhhuh/UH  ./."
"30","sw05utt/sw_0572_3768.utt","3/sw3768",3768,29,"sd","A",21,1,"-- {C because, } {F uh, } I've got relatives there  /","--/: because/RB ,/,  [ uh/UH ] ,/,  [ I/PRP ] 've/VBP got/VBN  [ relatives/NNS ] there/RB","(SBAR-PRP (RB because) (, ,) (INTJ (UH uh)) (, ,) (S (NP-SBJ (PRP I)) (VP (VBP 've) (VP (VBN got) (NP (NP (NNS relatives)) (ADVP-LOC (RB there)))))) (-DFL- E_S))",48,49.365875,52.58775,"  because,   uh,  I've got relatives there  ","/: because/RB ,/,   uh/UH  ,/,   I/PRP  've/VBP got/VBN   relatives/NNS  there/RB"
"31","sw05utt/sw_0572_3768.utt","3/sw3768",3768,30,"sd","A",21,2,"{C and } I just --","and/CC  [ I/PRP ] just/RB --/:","(S (CC and) (NP-SBJ (PRP I)) (ADVP (RB just)) (VP (VBP like) (NP (PRP it)) (ADVP-LOC (RB there))) (. .) (-DFL- E_S))",49,49.365875,52.58775," and  I just ","and/CC   I/PRP  just/RB /:"
"32","sw05utt/sw_0572_3768.utt","3/sw3768",3768,31,"ba","B",22,1,"{F Oh, } # that's neat. # /","Oh/UH ,/,  [ that/DT ] 's/BES neat/JJ ./.","(S (INTJ (UH Oh)) (, ,) (NP-SBJ (DT that)) (VP (BES 's) (ADJP-PRD (JJ neat))) (. .) (-DFL- E_S))",51,51.77,52.643125," Oh,  # that's neat. # ","Oh/UH ,/,   that/DT  's/BES neat/JJ ./."
"33","sw05utt/sw_0572_3768.utt","3/sw3768",3768,32,"+","A",23,1,"-- # like it there. # /","--/: like/VBP  [ it/PRP ] there/RB ./.","(S (CC and) (NP-SBJ (PRP I)) (ADVP (RB just)) (VP (VBP like) (NP (PRP it)) (ADVP-LOC (RB there))) (. .) (-DFL- E_S))",49,NA,NA," # like it there. # ","/: like/VBP   it/PRP  there/RB ./."
"34","sw05utt/sw_0572_3768.utt","3/sw3768",3768,33,"b","B",24,1,"Uh-huh. /","[ Uh-huh/UH ] ./.","(INTJ (UH Uh-huh) (. .) (-DFL- E_S))",26,53.0395,53.415625,"Uhhuh. "," Uhhuh/UH  ./."
"35","sw05utt/sw_0572_3768.utt","3/sw3768",3768,34,"sd","A",25,1,"[ {C So, } + {C but, } ] {F um, } Austria, I found really pretty --","So/UH ,/, but/CC ,/, um/UH ,/,  [ Austria/NNP ] ,/,  [ I/PRP ] found/VBD really/RB  [ pretty/JJ ] --/:","(S (EDITED (RM (-DFL- \[)) (RB So) (, ,) (IP (-DFL- \+))) (CC but) (, ,) (RS (-DFL- \])) (INTJ (UH um)) (, ,) (NP-TPC-1 (NP (NNP Austria)) (NAC (-NONE- *ICH*-2))) (, ,) (NP-SBJ (PRP I)) (VP (VBD found) (S (NP-SBJ (-NONE- *T*-1)) (ADJP-PRD (RB really) (JJ pretty))) (NAC-2 (CC and) (NP (NNP Switzerland)))) (, ,) (-DFL- E_S))",56,53.673625,57.806625,"  So,    but,    um,  Austria, I found really pretty ","So/UH ,/, but/CC ,/, um/UH ,/,   Austria/NNP  ,/,   I/PRP  found/VBD really/RB   pretty/JJ  /:"
"36","sw05utt/sw_0572_3768.utt","3/sw3768",3768,35,"b","B",26,1,"Uh-huh. /","[ Uh-huh/UH ] ./.","(INTJ (UH Uh-huh) (. .) (-DFL- E_S))",30,56.572375,56.949,"Uhhuh. "," Uhhuh/UH  ./."
"37","sw05utt/sw_0572_3768.utt","3/sw3768",3768,36,"+","A",27,1,"-- and Switzerland,  /","--/: and/CC  [ Switzerland/NNP ] ,/,","(S (EDITED (RM (-DFL- \[)) (RB So) (, ,) (IP (-DFL- \+))) (CC but) (, ,) (RS (-DFL- \])) (INTJ (UH um)) (, ,) (NP-TPC-1 (NP (NNP Austria)) (NAC (-NONE- *ICH*-2))) (, ,) (NP-SBJ (PRP I)) (VP (VBD found) (S (NP-SBJ (-NONE- *T*-1)) (ADJP-PRD (RB really) (JJ pretty))) (NAC-2 (CC and) (NP (NNP Switzerland)))) (, ,) (-DFL- E_S))",56,57.993625,64.31825," and Switzerland,  ","/: and/CC   Switzerland/NNP  ,/,"
"38","sw05utt/sw_0572_3768.utt","3/sw3768",3768,37,"%","A",27,2,"yeah,  /","yeah/UH ,/,","(INTJ (UH yeah) (, ,) (-DFL- E_S))",60,57.993625,64.31825,"yeah,  ","yeah/UH ,/,"
"39","sw05utt/sw_0572_3768.utt","3/sw3768",3768,38,"sd","A",27,3,"{C and } [ I, + I  ] lived in the Alps in France  /","and/CC  [ I/PRP ] ,/,  [ I/PRP ] lived/VBD in/IN  [ the/DT Alps/NNPS ] in/IN  [ France/NNP ]","(S (CC and) (EDITED (RM (-DFL- \[)) (NP-SBJ (PRP I)) (, ,) (IP (-DFL- \+))) (NP-SBJ (PRP I)) (RS (-DFL- \])) (VP (VBD lived) (PP-LOC (IN in) (NP (DT the) (NNPS Alps))) (PP-LOC (IN in) (NP (NNP France)))) (-DFL- E_S))",61,57.993625,64.31825," and   I,  I   lived in the Alps in France  ","and/CC   I/PRP  ,/,   I/PRP  lived/VBD in/IN   the/DT Alps/NNPS  in/IN   France/NNP "
"40","sw05utt/sw_0572_3768.utt","3/sw3768",3768,39,"sd","A",27,4,"{C so } [ I +  --","so/RB  [ I/PRP ] --/:","(S (RB so) (NP-SBJ (PRP I)) (VP (VBD was) (ADJP-PRD-UNF (JJ able))) (, ,) (-DFL- N_S))",40,57.993625,64.31825," so   I   ","so/RB   I/PRP  /:"
"41","sw05utt/sw_0572_3768.utt","3/sw3768",3768,40,"ba","B",28,1,"{F Oh, } how neat. /","Oh/UH ,/, how/WRB neat/JJ ./.","(FRAG (INTJ (UH Oh)) (, ,) (WHADJP (WRB how) (JJ neat)) (. .) (-DFL- E_S))",42,60.72425,61.8595," Oh,  how neat. ","Oh/UH ,/, how/WRB neat/JJ ./."
"42","sw05utt/sw_0572_3768.utt","3/sw3768",3768,41,"+","A",29,1,"-- anything in the mountains over there I ] just love. /","--/:  [ anything/NN ] in/IN  [ the/DT mountains/NNS ] over/IN  [ there/EX ] [ I/PRP ] just/RB love/VBP ./.","(S (RB so) (EDITED (RM (-DFL- \[)) (NP-SBJ (PRP I)) (IP (-DFL- \+))) (NP-TPC-1 (NP (NN anything)) (PP-LOC (IN in) (NP (DT the) (NNS mountains))) (PP-LOC (IN over) (NP (EX there)))) (NP-SBJ (PRP I)) (RS (-DFL- \])) (ADVP (RB just)) (VP (VBP love) (NP (-NONE- *T*-1))) (. .) (-DFL- E_S))",62,NA,NA," anything in the mountains over there I  just love. ","/:   anything/NN  in/IN   the/DT mountains/NNS  over/IN   there/EX   I/PRP  just/RB love/VBP ./."
"43","sw05utt/sw_0572_3768.utt","3/sw3768",3768,42,"b","B",30,1,"{F Oh, } yeah. /","Oh/UH ,/, yeah/UH ./.","(INTJ (INTJ (UH Oh)) (, ,) (INTJ (UH yeah)) (. .) (-DFL- E_S))",67,64.32,65.20075," Oh,  yeah. ","Oh/UH ,/, yeah/UH ./."
"44","sw05utt/sw_0572_3768.utt","3/sw3768",3768,43,"sd","A",31,1,"Then I finally made it to England, too, {F uh, } on my way home, {F um, }  /","Then/RB  [ I/PRP ] finally/RB made/VBD  [ it/PRP ] to/IN  [ England/NNP ] ,/, too/RB ,/,  [ uh/UH ] ,/, on/IN  [ my/PRP$ way/NN home/RB ] ,/, um/UH ,/,","(S (ADVP-TMP (RB Then)) (NP-SBJ (PRP I)) (ADVP-TMP (RB finally)) (VP (VBD made) (NP (PRP it)) (PP-DIR (IN to) (NP (NNP England))) (, ,) (ADVP (RB too)) (, ,) (INTJ (UH uh)) (, ,) (PP (IN on) (NP (NP (PRP$ my) (NN way)) (ADVP-DIR (RB home)))) (, ,) (INTJ (UH um))) (, ,) (-DFL- E_S))",69,65.142375,73.804625,"Then I finally made it to England, too,  uh,  on my way home,  um,   ","Then/RB   I/PRP  finally/RB made/VBD   it/PRP  to/IN   England/NNP  ,/, too/RB ,/,   uh/UH  ,/, on/IN   my/PRP$ way/NN home/RB  ,/, um/UH ,/,"
"45","sw05utt/sw_0572_3768.utt","3/sw3768",3768,44,"sd","A",31,2,"I lived in Africa, actually,  /","[ I/PRP ] lived/VBD in/IN  [ Africa/NNP ] ,/, actually/RB ,/,","(S (NP-SBJ (PRP I)) (VP (VBD lived) (PP-LOC (IN in) (NP (NNP Africa))) (, ,) (ADVP (RB actually))) (, ,) (-DFL- E_S))",70,65.142375,73.804625,"I lived in Africa, actually,  "," I/PRP  lived/VBD in/IN   Africa/NNP  ,/, actually/RB ,/,"
"46","sw05utt/sw_0572_3768.utt","3/sw3768",3768,45,"%","A",31,3,"{C and } on my way # home from there. # -/","and/CC on/IN  [ my/PRP$ way/NN home/NN ] from/IN there/RB ./.","(S-UNF (CC and) (PP (IN on) (NP (NP (PRP$ my) (NN way)) (ADVP-DIR (NN home) (PP (IN from) (ADVP-LOC (RB there)))))) (. .) (-DFL- N_S))",71,65.142375,73.804625," and  on my way # home from there. # ","and/CC on/IN   my/PRP$ way/NN home/NN  from/IN there/RB ./."
"47","sw05utt/sw_0572_3768.utt","3/sw3768",3768,46,"qy^d","B",32,1,"# You lived in Africa? # /","[ You/PRP ] lived/VBD in/IN  [ Africa/NNP ] ?/.","(S (NP-SBJ (PRP You)) (VP (VBD lived) (PP-LOC (IN in) (NP (NNP Africa)))) (. ?) (-DFL- E_S))",73,72.93025,74.051,"# You lived in Africa? # "," You/PRP  lived/VBD in/IN   Africa/NNP  ?/."
"48","sw05utt/sw_0572_3768.utt","3/sw3768",3768,47,"ny","A",33,1,"Yeah. /","Yeah/UH ./.","(INTJ (UH Yeah) (. .) (-DFL- E_S))",75,74.03425,74.617375,"Yeah. ","Yeah/UH ./."
"49","sw05utt/sw_0572_3768.utt","3/sw3768",3768,48,"ba","B",34,1,"{F Oh, } my goodness <laughter>. /","Oh/UH ,/,  [ my/PRP$ goodness/NN ] ./.","(INTJ (INTJ (UH Oh)) (, ,) (INTJ (PRP$ my) (NN goodness)) (. .) (-DFL- E_S))",77,74.525125,75.628375," Oh,  my goodness laughter. ","Oh/UH ,/,   my/PRP$ goodness/NN  ./."
"50","sw05utt/sw_0572_3768.utt","3/sw3768",3768,49,"aa","A",35,1,"Yeah. /","Yeah/UH ./.","(INTJ (UH Yeah) (. .) (-DFL- E_S))",75,75.73225,76.074375,"Yeah. ","Yeah/UH ./."
"51","sw05utt/sw_0572_3768.utt","3/sw3768",3768,50,"ba","B",36,1,"Wow. /","[ Wow/NN ] ./.","(INTJ (NN Wow) (. .) (-DFL- E_S))",81,76.668375,77.41125,"Wow. "," Wow/NN  ./."
"52","sw05utt/sw_0572_3768.utt","3/sw3768",3768,51,"sd","A",37,1,"[ {C So, } +  {F um, } {C and } ] [ you always have to go out, fly through, + {E or } unless you fly from Nairobi, you have to fly through,  ] {F um, } {F uh, } Europe on your way home. /","So/UH ,/, um/UH ,/, and/CC  [ you/PRP ] always/RB have/VBP to/TO go/VB out/RB ,/, fly/VB through/IN ,/, or/CC unless/IN  [ you/PRP ] fly/VBP from/IN  [ Nairobi/NNP ] ,/,  [ you/PRP ] have/VBP to/TO fly/VB through/IN ,/, um/UH ,/,  [ uh/UH ] ,/,  [ Europe/NNP ] on/IN  [ your/PRP$ way/NN home/NN ] ./.","(S (EDITED (RM (-DFL- \[)) (RB So) (, ,) (IP (-DFL- \+))) (INTJ (UH um)) (, ,) (CC and) (RS (-DFL- \])) (EDITED (RM (-DFL- \[)) (S (NP-SBJ-1 (PRP you)) (ADVP-TMP (RB always)) (VP (VBP have) (S (NP-SBJ (-NONE- *-1)) (VP (TO to) (VP (VP (VB go) (ADVP-DIR (RB out))) (, ,) (VP (VB fly) (PP-UNF (IN through)))))))) (, ,) (IP (-DFL- \+)) (CC or)) (SBAR-ADV (IN unless) (S (NP-SBJ (PRP you)) (VP (VBP fly) (PP (IN from) (NP (NNP Nairobi)))))) (, ,) (NP-SBJ-2 (PRP you)) (VP (VBP have) (S (NP-SBJ (-NONE- *-2)) (VP (TO to) (VP (VB fly) (PP (IN through) (, ,) (RS (-DFL- \])) (INTJ (UH um)) (, ,) (INTJ (UH uh)) (, ,) (NP (NNP Europe))) (PP (IN on) (NP (NP (PRP$ your) (NN way)) (ADVP-DIR (NN home)))))))) (. .) (-DFL- E_S))",83,77.48525,85.91875,"  So,     um,   and    you always have to go out, fly through,   or  unless you fly from Nairobi, you have to fly through,    um,   uh,  Europe on your way home. ","So/UH ,/, um/UH ,/, and/CC   you/PRP  always/RB have/VBP to/TO go/VB out/RB ,/, fly/VB through/IN ,/, or/CC unless/IN   you/PRP  fly/VBP from/IN   Nairobi/NNP  ,/,   you/PRP  have/VBP to/TO fly/VB through/IN ,/, um/UH ,/,   uh/UH  ,/,   Europe/NNP  on/IN   your/PRP$ way/NN home/NN  ./."
"53","sw05utt/sw_0572_3768.utt","3/sw3768",3768,52,"b","B",38,1,"Uh-huh. /","[ Uh-huh/UH ] ./.","(INTJ (UH Uh-huh) (. .) (-DFL- E_S))",58,85.94775,86.313625,"Uhhuh. "," Uhhuh/UH  ./."
"54","sw05utt/sw_0572_3768.utt","3/sw3768",3768,53,"sd","A",39,1,"{C So, } I went to England,  /","So/UH ,/,  [ I/PRP ] went/VBD to/TO  [ England/NNP ] ,/,","(S (RB So) (, ,) (NP-SBJ (PRP I)) (VP (VBD went) (PP-DIR (TO to) (NP (NNP England)))) (, ,) (-DFL- E_S))",87,85.91875,89.144," So,  I went to England,  ","So/UH ,/,   I/PRP  went/VBD to/TO   England/NNP  ,/,"
"55","sw05utt/sw_0572_3768.utt","3/sw3768",3768,54,"sd","A",39,2,"{C and } I really liked it there too. /","and/CC  [ I/PRP ] really/RB liked/VBD  [ it/PRP ] there/RB too/RB ./.","(S (CC and) (NP-SBJ (PRP I)) (ADVP (RB really)) (VP (VBD liked) (NP (PRP it)) (ADVP-LOC (RB there)) (ADVP (RB too))) (. .) (-DFL- E_S))",88,85.91875,89.144," and  I really liked it there too. ","and/CC   I/PRP  really/RB liked/VBD   it/PRP  there/RB too/RB ./."
"56","sw05utt/sw_0572_3768.utt","3/sw3768",3768,55,"sv","B",40,1,"It's so expensive over there <laughter>. /","[ It/PRP ] 's/BES so/RB expensive/JJ over/IN there/RB ./.","(S (NP-SBJ (PRP It)) (VP (BES 's) (ADJP-PRD (RB so) (JJ expensive)) (PP-LOC (IN over) (ADVP (RB there)))) (. .) (-DFL- E_S))",90,89.3495,91.392875,"It's so expensive over there laughter. "," It/PRP  's/BES so/RB expensive/JJ over/IN there/RB ./."
"57","sw05utt/sw_0572_3768.utt","3/sw3768",3768,56,"aa","A",41,1,"I know,  /","[ I/PRP ] know/VBP ,/,","(S (NP-SBJ (PRP I)) (VP (VBP know)) (, ,) (-DFL- E_S))",92,90.8935,92.625,"I know,  "," I/PRP  know/VBP ,/,"
"58","sw05utt/sw_0572_3768.utt","3/sw3768",3768,57,"aa","A",41,2,"it's true. /","[ it/PRP ] 's/BES true/JJ ./.","(S (NP-SBJ (PRP it)) (VP (BES 's) (ADJP-PRD (JJ true))) (. .) (-DFL- E_S))",93,90.8935,92.625,"it's true. "," it/PRP  's/BES true/JJ ./."
"59","sw05utt/sw_0572_3768.utt","3/sw3768.pos",3768,58,"x","B",42,1,"<Laughter>.","./.","",NA,NA,NA,"Laughter.","./."
"60","sw05utt/sw_0572_3768.utt","3/sw3768",3768,59,"sv","A",43,1,"That's the one thing. /","[ That/DT ] 's/BES  [ the/DT one/CD thing/NN ] ./.","(S (NP-SBJ (DT That)) (VP (BES 's) (NP-PRD (DT the) (CD one) (NN thing))) (. .) (-DFL- E_S))",96,93.489125,94.4885,"That's the one thing. "," That/DT  's/BES   the/DT one/CD thing/NN  ./."
"61","sw05utt/sw_0572_3768.utt","3/sw3768",3768,60,"aa","B",44,1,"It really is.  /","[ It/PRP ] really/RB is/VBZ ./.","(S (NP-SBJ (PRP It)) (ADVP (RB really)) (VP (VBZ is) (ADJP-PRD (-NONE- *?*))) (. .) (-DFL- E_S))",98,94.6355,101.878625,"It really is.  "," It/PRP  really/RB is/VBZ ./."
"62","sw05utt/sw_0572_3768.utt","3/sw3768",3768,61,"%","B",44,2,"[ [ It just, +   it's, ] +  it's, ] - /","[ It/PRP ] just/RB ,/,  [ it/PRP ] 's/BES ,/,  [ it/PRP ] 's/BES ,/,","(S (EDITED (RM (-DFL- \[)) (EDITED (RM (-DFL- \[)) (S-UNF (NP-SBJ (PRP It)) (ADVP (RB just))) (, ,) (IP (-DFL- \+))) (S (NP-SBJ (PRP it)) (VP-UNF (BES 's))) (, ,) (RS (-DFL- \])) (IP (-DFL- \+))) (NP-SBJ (PRP it)) (VP-UNF (BES 's)) (, ,) (RS (-DFL- \])) (-DFL- N_S))",99,94.6355,101.878625,"  It just,    it's,    it's,   "," It/PRP  just/RB ,/,   it/PRP  's/BES ,/,   it/PRP  's/BES ,/,"
"63","sw05utt/sw_0572_3768.utt","3/sw3768",3768,62,"sd","B",44,3,"I love to go over there,  /","[ I/PRP ] love/VBP to/TO go/VB over/IN there/RB ,/,","(S (NP-SBJ-1 (PRP I)) (VP (VBP love) (S (NP-SBJ (-NONE- *-1)) (VP (TO to) (VP (VB go) (PP-DIR (IN over) (ADVP (RB there))))))) (, ,) (-DFL- E_S))",100,94.6355,101.878625,"I love to go over there,  "," I/PRP  love/VBP to/TO go/VB over/IN there/RB ,/,"
"64","sw05utt/sw_0572_3768.utt","3/sw3768",3768,63,"sv","B",44,4,"{C but } it's so  darn expensive --","but/CC  [ it/PRP ] 's/BES so/RB darn/VBN  [ expensive/JJ ] --/:","(S (CC but) (NP-SBJ (NP (PRP it)) (S (-NONE- *EXP*-1))) (VP (BES 's) (ADJP-PRD (RB so) (VBN darn) (JJ expensive)) (S-1 (NP-SBJ (-NONE- *)) (VP (TO to) (VP (VB go) (ADVP-DIR (RB over)))))) (. .) (-DFL- E_S))",101,94.6355,101.878625," but  it's so  darn expensive ","but/CC   it/PRP  's/BES so/RB darn/VBN   expensive/JJ  /:"
"65","sw05utt/sw_0572_3768.utt","3/sw3768",3768,64,"b","A",45,1,"Yeah. /","Yeah/UH ./.","(INTJ (UH Yeah) (. .) (-DFL- E_S))",75,100.043125,100.628,"Yeah. ","Yeah/UH ./."
"66","sw05utt/sw_0572_3768.utt","3/sw3768",3768,65,"+","B",46,1,"-- to go over. /","--/: to/TO go/VB over/RB ./.","(S (CC but) (NP-SBJ (NP (PRP it)) (S (-NONE- *EXP*-1))) (VP (BES 's) (ADJP-PRD (RB so) (VBN darn) (JJ expensive)) (S-1 (NP-SBJ (-NONE- *)) (VP (TO to) (VP (VB go) (ADVP-DIR (RB over)))))) (. .) (-DFL- E_S))",101,NA,NA," to go over. ","/: to/TO go/VB over/RB ./."
"67","sw05utt/sw_0572_3768.utt","3/sw3768",3768,66,"b","A",47,1,"Yeah,  /","Yeah/UH ,/,","(INTJ (UH Yeah) (, ,) (-DFL- E_S))",106,102.148875,105.988875,"Yeah,  ","Yeah/UH ,/,"
"68","sw05utt/sw_0572_3768.utt","3/sw3768",3768,67,"sd","A",47,2,"{D actually } now you can get some really good deals flying over,  /","actually/RB now/RB  [ you/PRP ] can/MD get/VB  [ some/DT ] really/RB  [ good/JJ deals/NNS ] flying/VBG over/RB ,/,","(S (ADVP (RB actually)) (ADVP-TMP (RB now)) (NP-SBJ-1 (PRP you)) (VP (MD can) (VP (VB get) (NP (DT some) (ADJP (RB really) (JJ good)) (NNS deals)) (S-ADV (NP-SBJ (-NONE- *-1)) (VP (VBG flying) (ADVP-DIR (RB over)))))) (, ,) (-DFL- E_S))",107,102.148875,105.988875," actually  now you can get some really good deals flying over,  ","actually/RB now/RB   you/PRP  can/MD get/VB   some/DT  really/RB   good/JJ deals/NNS  flying/VBG over/RB ,/,"
"69","sw05utt/sw_0572_3768.utt","3/sw3768",3768,68,"%","A",47,3,"{C but } it's -- -/","but/CC  [ it/PRP ] 's/BES --/:","(S (CC but) (NP-SBJ (PRP it)) (VP-UNF (BES 's)) (-DFL- N_S))",108,102.148875,105.988875," but  it's  ","but/CC   it/PRP  's/BES /:"
"70","sw05utt/sw_0572_3768.utt","3/sw3768",3768,69,"b","B",48,1,"Yeah. /","Yeah/UH ./.","(INTJ (UH Yeah) (. .) (-DFL- E_S))",103,105.657875,106.130875,"Yeah. ","Yeah/UH ./."
"71","sw05utt/sw_0572_3768.utt","3/sw3768",3768,70,"sd","A",49,1,"-- once you're there you still have to spend money  <laughter>.","--/: once/IN  [ you/PRP ] 're/VBP there/RB  [ you/PRP ] still/RB have/VBP to/TO spend/VB  [ money/NN ] ./.","(S (SBAR-TMP (IN once) (S (NP-SBJ (PRP you)) (VP (VBP 're) (ADVP-LOC-PRD (RB there))))) (NP-SBJ-1 (PRP you)) (ADVP-TMP (RB still)) (VP (VBP have) (S (NP-SBJ (-NONE- *-1)) (VP (TO to) (VP (VB spend) (NP (NN money))))) (. .) (SBAR-ADV (IN Unless) (S (NP-SBJ (PRP you)) (VP (VBP know) (NP (NNS people))))) (PRN (, ,) (S (NP-SBJ (PRP you)) (VP (VBP know))))) (. .) (-DFL- E_S))",112,105.988875,110.420625," once you're there you still have to spend money  laughter.","/: once/IN   you/PRP  're/VBP there/RB   you/PRP  still/RB have/VBP to/TO spend/VB   money/NN  ./."
"72","sw05utt/sw_0572_3768.utt","3/sw3768",3768,71,"aa","B",50,1,"{F Oh, } I know,  /","Oh/UH ,/,  [ I/PRP ] know/VBP ,/,","(S (INTJ (UH Oh)) (, ,) (NP-SBJ (PRP I)) (VP (VBP know)) (, ,) (-DFL- E_S))",114,107.920125,109.2665," Oh,  I know,  ","Oh/UH ,/,   I/PRP  know/VBP ,/,"
"73","sw05utt/sw_0572_3768.utt","3/sw3768",3768,72,"%","B",50,2,"just. -/","just/RB ./.","(S-UNF (ADVP (RB just)) (. .) (-DFL- N_S))",115,107.920125,109.2665,"just. ","just/RB ./."
"74","sw05utt/sw_0572_3768.utt","3/sw3768",3768,73,"+","A",51,1,"Unless you know people, {D you know } <laughter>. /","Unless/IN  [ you/PRP ] know/VBP  [ people/NNS ] ,/,  [ you/PRP ] know/VBP ./.","(S (SBAR-TMP (IN once) (S (NP-SBJ (PRP you)) (VP (VBP 're) (ADVP-LOC-PRD (RB there))))) (NP-SBJ-1 (PRP you)) (ADVP-TMP (RB still)) (VP (VBP have) (S (NP-SBJ (-NONE- *-1)) (VP (TO to) (VP (VB spend) (NP (NN money))))) (. .) (SBAR-ADV (IN Unless) (S (NP-SBJ (PRP you)) (VP (VBP know) (NP (NNS people))))) (PRN (, ,) (S (NP-SBJ (PRP you)) (VP (VBP know))))) (. .) (-DFL- E_S))",112,NA,NA,"Unless you know people,  you know  laughter. ","Unless/IN   you/PRP  know/VBP   people/NNS  ,/,   you/PRP  know/VBP ./."
"75","sw05utt/sw_0572_3768.utt","3/sw3768",3768,74,"aa","B",52,1,"Right.  /","[ Right/UH ] ./.","(INTJ (UH Right) (. .) (-DFL- E_S))",118,110.243625,114.065375,"Right.  "," Right/UH  ./."
"76","sw05utt/sw_0572_3768.utt","3/sw3768",3768,75,"sd","B",52,2,"Then you can stay with them,  /","Then/RB  [ you/PRP ] can/MD stay/VB with/IN  [ them/PRP ] ,/,","(S (ADVP (RB Then)) (NP-SBJ (PRP you)) (VP (MD can) (VP (VB stay) (PP (IN with) (NP (PRP them))))) (, ,) (-DFL- E_S))",119,110.243625,114.065375,"Then you can stay with them,  ","Then/RB   you/PRP  can/MD stay/VB with/IN   them/PRP  ,/,"
"77","sw05utt/sw_0572_3768.utt","3/sw3768",3768,76,"%","B",52,3,"{C and } --","and/CC --/:","(FRAG (CC and) (INTJ (UH yeah)) (. .) (-DFL- E_S))",120,110.243625,114.065375," and  ","and/CC /:"
"78","sw05utt/sw_0572_3768.utt","3/sw3768",3768,77,"b","A",53,1,"Uh-huh. /","[ Uh-huh/UH ] ./.","(INTJ (UH Uh-huh) (. .) (-DFL- E_S))",122,112.868,113.408875,"Uhhuh. "," Uhhuh/UH  ./."
"79","sw05utt/sw_0572_3768.utt","3/sw3768",3768,78,"+","B",54,1,"-- # yeah. # /","--/: yeah/UH ./.","(FRAG (CC and) (INTJ (UH yeah)) (. .) (-DFL- E_S))",120,NA,NA," # yeah. # ","/: yeah/UH ./."
"80","sw05utt/sw_0572_3768.utt","3/sw3768",3768,79,"sv","A",55,1,"# That helps # a lot. /","[ That/DT ] helps/VBZ  [ a/DT lot/NN ] ./.","(S (NP-SBJ (DT That)) (VP (VBZ helps) (NP-ADV (DT a) (NN lot))) (. .) (-DFL- E_S))",125,113.72475,114.6585,"# That helps # a lot. "," That/DT  helps/VBZ   a/DT lot/NN  ./."
"81","sw05utt/sw_0572_3768.utt","3/sw3768",3768,80,"b","B",56,1,"Yeah. /","Yeah/UH ./.","(INTJ (UH Yeah) (. .) (-DFL- E_S))",103,114.795375,115.2425,"Yeah. ","Yeah/UH ./."
"82","sw05utt/sw_0572_3768.utt","3/sw3768",3768,81,"%","A",57,1,"{C But. } -/","But/CC ./.","(S-UNF (CC But) (. .) (-DFL- N_S))",129,115.565875,115.8865," But.  ","But/CC ./."
"83","sw05utt/sw_0572_3768.utt","3/sw3768",3768,82,"sd","B",58,1,"{D You know } there's a lot of places in the states that we haven't even gone. /","[ You/PRP ] know/VBP  [ there/EX ] 's/BES  [ a/DT lot/NN ] of/IN  [ places/NNS ] in/IN  [ the/DT states/NNS ] that/WDT  [ we/PRP ] have/VBP n't/RB even/RB gone/VBN ./.","(S (PRN (S (NP-SBJ (PRP You)) (VP (VBP know)))) (NP-SBJ (EX there)) (VP (BES 's) (NP-PRD (NP (DT a) (NN lot)) (PP (IN of) (NP (NP (NNS places)) (PP-LOC (IN in) (NP (DT the) (NNS states))) (SBAR (WHADVP-1 (WDT that)) (S (NP-SBJ (PRP we)) (VP (VBP have) (RB n't) (ADVP (RB even)) (VP (VBN gone) (ADVP-DIR (-NONE- *T*-1)))))))))) (. .) (-DFL- E_S))",131,115.8145,118.75275," You know  there's a lot of places in the states that we haven't even gone. "," You/PRP  know/VBP   there/EX  's/BES   a/DT lot/NN  of/IN   places/NNS  in/IN   the/DT states/NNS  that/WDT   we/PRP  have/VBP n't/RB even/RB gone/VBN ./."
"84","sw05utt/sw_0572_3768.utt","3/sw3768",3768,83,"b","A",59,1,"Uh-huh. /","[ Uh-huh/UH ] ./.","(INTJ (UH Uh-huh) (. .) (-DFL- E_S))",122,119.08125,119.470125,"Uhhuh. "," Uhhuh/UH  ./."
"85","sw05utt/sw_0572_3768.utt","3/sw3768",3768,84,"sd","B",60,1,"{D You know, } I'd like to go to Hawaii some time,  /","[ You/PRP ] know/VBP ,/,  [ I/PRP ] 'd/MD like/VB to/TO go/VB to/IN  [ Hawaii/NNP ] [ some/DT time/NN ] ,/,","(S (PRN (S (NP-SBJ (PRP You)) (VP (VBP know))) (, ,)) (NP-SBJ-1 (PRP I)) (VP (MD 'd) (VP (VB like) (S (NP-SBJ (-NONE- *-1)) (VP (TO to) (VP (VB go) (PP-DIR (IN to) (NP (NNP Hawaii))) (NP-TMP (DT some) (NN time))))))) (, ,) (-DFL- E_S))",135,119.457375,124.343625," You know,  I'd like to go to Hawaii some time,  "," You/PRP  know/VBP ,/,   I/PRP  'd/MD like/VB to/TO go/VB to/IN   Hawaii/NNP   some/DT time/NN  ,/,"
"86","sw05utt/sw_0572_3768.utt","3/sw3768",3768,85,"%","B",60,2,"[ {C and } +  --","and/CC --/:","(FRAG (CC and) (INTJ (UH yeah)) (. .) (-DFL- E_S))",120,119.457375,124.343625,"  and    ","and/CC /:"
"87","sw05utt/sw_0572_3768.utt","3/sw3768",3768,86,"b","A",61,1,"Yeah. /","Yeah/UH ./.","(INTJ (UH Yeah) (. .) (-DFL- E_S))",127,121.692125,122.133625,"Yeah. ","Yeah/UH ./."
"88","sw05utt/sw_0572_3768.utt","3/sw3768",3768,87,"+","B",62,1,"-- {C and, } ] {F uh, } we made it, - /","--/: and/CC ,/,  [ uh/UH ] ,/,  [ we/PRP ] made/VBD  [ it/PRP ] ,/,","(S (EDITED (RM (-DFL- \[)) (CC and) (IP (-DFL- \+))) (CC and) (, ,) (RS (-DFL- \])) (INTJ (UH uh)) (, ,) (NP-SBJ (PRP we)) (VP-UNF (VBD made) (NP (PRP it))) (, ,) (-DFL- N_S))",136,124.343625,128.198875,"  and,    uh,  we made it,  ","/: and/CC ,/,   uh/UH  ,/,   we/PRP  made/VBD   it/PRP  ,/,"
"89","sw05utt/sw_0572_3768.utt","3/sw3768",3768,88,"sd","B",62,2,"[ we've, + we've  ] at least gone to the Grand Canyon and  Niagara Falls.  /","[ we/PRP ] 've/VBP ,/,  [ we/PRP ] 've/VBP at/IN  [ least/JJS ] gone/VBN to/IN  [ the/DT Grand/NNP Canyon/NNP ] and/CC  [ Niagara/NNP Falls/NNP ] ./.","(S (EDITED (RM (-DFL- \[)) (S (NP-SBJ (PRP we)) (VP-UNF (VBP 've))) (, ,) (IP (-DFL- \+))) (NP-SBJ (PRP we)) (VP (VBP 've) (RS (-DFL- \])) (ADVP (IN at) (JJS least)) (VP (VBN gone) (PP-DIR (IN to) (NP (NP (DT the) (NNP Grand) (NNP Canyon)) (CC and) (NP (NNP Niagara) (NNP Falls)))))) (. .) (-DFL- E_S))",140,124.343625,128.198875," we've,  we've   at least gone to the Grand Canyon and  Niagara Falls.  "," we/PRP  've/VBP ,/,   we/PRP  've/VBP at/IN   least/JJS  gone/VBN to/IN   the/DT Grand/NNP Canyon/NNP  and/CC   Niagara/NNP Falls/NNP  ./."
"90","sw05utt/sw_0572_3768.utt","3/sw3768",3768,89,"%","B",62,3,"{C So. } -/","So/UH ./.","(S-UNF (RB So) (. .) (-DFL- N_S))",141,124.343625,128.198875," So.  ","So/UH ./."
"91","sw05utt/sw_0572_3768.utt","3/sw3768",3768,90,"b","A",63,1,"Uh-huh.  /","[ Uh-huh/UH ] ./.","(INTJ (UH Uh-huh) (. .) (-DFL- E_S))",122,128.149125,129.941,"Uhhuh.  "," Uhhuh/UH  ./."
"92","sw05utt/sw_0572_3768.utt","3/sw3768",3768,91,"b","A",63,2,"# Yeah. # /","Yeah/UH ./.","(INTJ (UH Yeah) (. .) (-DFL- E_S))",127,128.149125,129.941,"# Yeah. # ","Yeah/UH ./."
"93","sw05utt/sw_0572_3768.utt","3/sw3768",3768,92,"sd","B",64,1,"# Feel like # we've accomplished a little bit here. /","Feel/VB like/IN  [ we/PRP ] 've/VBP accomplished/VBN  [ a/DT little/JJ bit/NN ] here/RB ./.","(S (NP-SBJ (-NONE- *)) (VP (VB Feel) (SBAR (IN like) (S (NP-SBJ (PRP we)) (VP (VBP 've) (VP (VBN accomplished) (NP (DT a) (JJ little) (NN bit)) (ADVP (RB here))))))) (. .) (-DFL- E_S))",146,129.2495,131.042,"# Feel like # we've accomplished a little bit here. ","Feel/VB like/IN   we/PRP  've/VBP accomplished/VBN   a/DT little/JJ bit/NN  here/RB ./."
"94","sw05utt/sw_0572_3768.utt","3/sw3768",3768,93,"sd","A",65,1,"I haven't.   /","[ I/PRP ] have/VBP n't/RB ./.","(S (NP-SBJ (PRP I)) (VP (VBP have) (RB n't) (VP (-NONE- *?*))) (. .) (-DFL- E_S))",148,131.24025,136.64025,"I haven't.   "," I/PRP  have/VBP n't/RB ./."
"95","sw05utt/sw_0572_3768.utt","3/sw3768",3768,94,"%","A",65,2,"[ I've been, +  I've, ] - /","[ I/PRP ] 've/VBP been/VBN ,/,  [ I/PRP ] 've/VBP ,/,","(S (EDITED (RM (-DFL- \[)) (S (NP-SBJ (PRP I)) (VP (VBP 've) (VP-UNF (VBN been)))) (, ,) (IP (-DFL- \+))) (NP-SBJ (PRP I)) (VP-UNF (VBP 've)) (, ,) (RS (-DFL- \])) (-DFL- N_S))",149,131.24025,136.64025," I've been,   I've,   "," I/PRP  've/VBP been/VBN ,/,   I/PRP  've/VBP ,/,"
"96","sw05utt/sw_0572_3768.utt","3/sw3768",3768,95,"sd","A",65,3,"most of my vacationing in the U S has been on the West Coast -- /","most/JJS of/IN  [ my/PRP$ ] vacationing/NN in/IN  [ the/DT U/NNP S/NNP ] has/VBZ been/VBN on/IN  [ the/DT West/NNP Coast/NNP ] --/:","(S (NP-SBJ (NP (JJS most)) (PP (IN of) (NP (PRP$ my) (NN vacationing))) (PP (IN in) (NP (DT the) (NNP U) (NNP S)))) (VP (VBZ has) (VP (VBN been) (PP-LOC-PRD (IN on) (NP (DT the) (NNP West) (NNP Coast))))) (-DFL- E_S))",150,131.24025,136.64025,"most of my vacationing in the U S has been on the West Coast  ","most/JJS of/IN   my/PRP$  vacationing/NN in/IN   the/DT U/NNP S/NNP  has/VBZ been/VBN on/IN   the/DT West/NNP Coast/NNP  /:"
"97","sw05utt/sw_0572_3768.utt","3/sw3768",3768,96,"b","B",66,1,"Uh-huh. /","[ Uh-huh/UH ] ./.","(INTJ (UH Uh-huh) (. .) (-DFL- E_S))",133,136.635375,136.990625,"Uhhuh. "," Uhhuh/UH  ./."
"98","sw05utt/sw_0572_3768.utt","3/sw3768",3768,97,"sd","A",67,1,"-- {C or } this summer I went to Colorado -- /","--/: or/CC  [ this/DT summer/NN ] [ I/PRP ] went/VBD to/IN  [ Colorado/NNP ] --/:","(S (CC or) (NP-TMP (DT this) (NN summer)) (NP-SBJ (PRP I)) (VP (VBD went) (PP-DIR (IN to) (NP (NNP Colorado)))) (-DFL- E_S))",154,137.22775,139.538625,"  or  this summer I went to Colorado  ","/: or/CC   this/DT summer/NN   I/PRP  went/VBD to/IN   Colorado/NNP  /:"
"99","sw05utt/sw_0572_3768.utt","3/sw3768",3768,98,"b","B",68,1,"Uh-huh. /","[ Uh-huh/UH ] ./.","(INTJ (UH Uh-huh) (. .) (-DFL- E_S))",133,139.72175,140.061375,"Uhhuh. "," Uhhuh/UH  ./."
"100","sw05utt/sw_0572_3768.utt","3/sw3768",3768,99,"sd","A",69,1,"-- {C and, } {F uh, } I'd love to go to the East Coast, # during the Fall. # /","--/: and/CC ,/,  [ uh/UH ] ,/,  [ I/PRP ] 'd/MD love/VB to/TO go/VB to/IN  [ the/DT East/NNP Coast/NNP ] ,/, during/IN  [ the/DT Fall/NN ] ./.","(S (CC and) (, ,) (INTJ (UH uh)) (, ,) (NP-SBJ-1 (PRP I)) (VP (MD 'd) (VP (VB love) (S (NP-SBJ (-NONE- *-1)) (VP (TO to) (VP (VB go) (PP-DIR (IN to) (NP (DT the) (NNP East) (NNP Coast))) (, ,) (PP-TMP (IN during) (NP (DT the) (NN Fall)))))))) (. .) (-DFL- E_S))",158,140.462625,143.83125,"  and,   uh,  I'd love to go to the East Coast, # during the Fall. # ","/: and/CC ,/,   uh/UH  ,/,   I/PRP  'd/MD love/VB to/TO go/VB to/IN   the/DT East/NNP Coast/NNP  ,/, during/IN   the/DT Fall/NN  ./."
"101","sw05utt/sw_0572_3768.utt","3/sw3768",3768,100,"%","B",70,1,"# [ The, + {F oh, } the  ] - /","[ The/DT ] ,/, oh/UH ,/,  [ the/DT ]","(S (EDITED (RM (-DFL- \[)) (NP-SBJ-UNF (DT The)) (, ,) (IP (-DFL- \+))) (INTJ (UH oh)) (, ,) (NP-SBJ-UNF (DT the)) (RS (-DFL- \])) (-DFL- N_S))",160,143.0645,148.239,"#  The,   oh,  the    "," The/DT  ,/, oh/UH ,/,   the/DT "
"102","sw05utt/sw_0572_3768.utt","3/sw3768",3768,101,"%","B",70,2,"# it's, {F oh, } - /","[ it/PRP ] 's/BES ,/, oh/UH ,/,","(S (NP-SBJ (PRP it)) (VP-UNF (BES 's) (, ,) (INTJ (UH oh))) (, ,) (-DFL- N_S))",161,143.0645,148.239,"# it's,  oh,   "," it/PRP  's/BES ,/, oh/UH ,/,"
"103","sw05utt/sw_0572_3768.utt","3/sw3768",3768,102,"sd","B",70,3,"I've always wanted to go there.  /","[ I/PRP ] 've/VBP always/RB wanted/VBN to/TO go/VB there/RB ./.","(S (NP-SBJ-1 (PRP I)) (VP (VBP 've) (ADVP-TMP (RB always)) (VP (VBN wanted) (S (NP-SBJ (-NONE- *-1)) (VP (TO to) (VP (VB go) (ADVP-DIR (RB there))))))) (. .) (-DFL- E_S))",162,143.0645,148.239,"I've always wanted to go there.  "," I/PRP  've/VBP always/RB wanted/VBN to/TO go/VB there/RB ./."
"104","sw05utt/sw_0572_3768.utt","3/sw3768",3768,103,"sd","B",70,4,"I've seen pictures,  /","[ I/PRP ] 've/VBP seen/VBN  [ pictures/NNS ] ,/,","(S (NP-SBJ (PRP I)) (VP (VBP 've) (VP (VBN seen) (NP (NNS pictures)))) (, ,) (-DFL- E_S))",163,143.0645,148.239,"I've seen pictures,  "," I/PRP  've/VBP seen/VBN   pictures/NNS  ,/,"
"105","sw05utt/sw_0572_3768.utt","3/sw3768",3768,104,"sv","B",70,5,"[ {C and, } + {C and }  ] --","and/CC ,/, and/CC --/:","(S (EDITED (RM (-DFL- \[)) (CC and) (, ,) (IP (-DFL- \+))) (CC and) (RS (-DFL- \])) (NP-SBJ (PRP it)) (VP (VBZ looks) (ADJP-PRD (JJ gorgeous))) (. .) (-DFL- E_S))",164,143.0645,148.239,"  and,    and    ","and/CC ,/, and/CC /:"
"106","sw05utt/sw_0572_3768.utt","3/sw3768",3768,105,"b","A",71,1,"Yeah. /","Yeah/UH ./.","(INTJ (UH Yeah) (. .) (-DFL- E_S))",138,147.360875,147.78425,"Yeah. ","Yeah/UH ./."
"107","sw05utt/sw_0572_3768.utt","3/sw3768",3768,106,"+","B",72,1,"-- it looks gorgeous.  /","--/:  [ it/PRP ] looks/VBZ  [ gorgeous/JJ ] ./.","(S (EDITED (RM (-DFL- \[)) (CC and) (, ,) (IP (-DFL- \+))) (CC and) (RS (-DFL- \])) (NP-SBJ (PRP it)) (VP (VBZ looks) (ADJP-PRD (JJ gorgeous))) (. .) (-DFL- E_S))",164,148.72975,152.936625," it looks gorgeous.  ","/:   it/PRP  looks/VBZ   gorgeous/JJ  ./."
"108","sw05utt/sw_0572_3768.utt","3/sw3768",3768,107,"sd","B",72,2,"[ We, + {F um, } we  ] made a trip up the East Coast.  /","[ We/PRP ] ,/, um/UH ,/,  [ we/PRP ] made/VBD  [ a/DT trip/NN ] up/IN  [ the/DT East/NNP Coast/NNP ] ./.","(S (EDITED (RM (-DFL- \[)) (NP-SBJ (PRP We)) (, ,) (IP (-DFL- \+))) (INTJ (UH um)) (, ,) (NP-SBJ (PRP we)) (RS (-DFL- \])) (VP (VBD made) (NP (NP (DT a) (NN trip)) (PP-LOC (IN up) (NP (DT the) (NNP East) (NNP Coast))))) (. .) (-DFL- E_S))",168,148.72975,152.936625," We,   um,  we   made a trip up the East Coast.  "," We/PRP  ,/, um/UH ,/,   we/PRP  made/VBD   a/DT trip/NN  up/IN   the/DT East/NNP Coast/NNP  ./."
"109","sw05utt/sw_0572_3768.utt","3/sw3768",3768,108,"sd","B",72,3,"It was, {F uh, } in the summer -- /","[ It/PRP ] was/VBD ,/,  [ uh/UH ] ,/, in/IN  [ the/DT summer/NN ] --/:","(S (NP-SBJ (PRP It)) (VP (VBD was) (, ,) (INTJ (UH uh)) (, ,) (PP-TMP-PRD (IN in) (NP (DT the) (NN summer)))) (-DFL- E_S))",169,148.72975,152.936625,"It was,  uh,  in the summer  "," It/PRP  was/VBD ,/,   uh/UH  ,/, in/IN   the/DT summer/NN  /:"
"110","sw05utt/sw_0572_3768.utt","3/sw3768",3768,109,"b","A",73,1,"Uh-huh. /","[ Uh-huh/UH ] ./.","(INTJ (UH Uh-huh) (. .) (-DFL- E_S))",143,153.129875,153.494625,"Uhhuh. "," Uhhuh/UH  ./."
"111","sw05utt/sw_0572_3768.utt","3/sw3768",3768,110,"sd","B",74,1,"-- {C and } it really is pretty. /","--/: and/CC  [ it/PRP ] really/RB is/VBZ pretty/JJ ./.","(S (CC and) (NP-SBJ (PRP it)) (ADVP (RB really)) (VP (VBZ is) (ADJP-PRD (JJ pretty))) (. .) (-DFL- E_S))",173,153.63275,155.982375,"  and  it really is pretty. ","/: and/CC   it/PRP  really/RB is/VBZ pretty/JJ ./."
"112","sw05utt/sw_0572_3768.utt","3/sw3768",3768,111,"b","A",75,1,"Uh-huh. /","[ Uh-huh/UH ] ./.","(INTJ (UH Uh-huh) (. .) (-DFL- E_S))",143,156.21175,156.60175,"Uhhuh. "," Uhhuh/UH  ./."
"113","sw05utt/sw_0572_3768.utt","3/sw3768",3768,112,"%","B",76,1,"It's, {F uh, } - /","[ It/PRP ] [ 's/BES ] ,/,  [ uh/UH ] ,/,","(S (NP-SBJ (PRP It)) (VP-UNF (BES 's) (, ,) (INTJ (UH uh))) (, ,) (-DFL- N_S))",177,156.734625,159.437625,"It's,  uh,   "," It/PRP   's/BES  ,/,   uh/UH  ,/,"
"114","sw05utt/sw_0572_3768.utt","3/sw3768",3768,113,"sd","B",76,2,"both coasts are really pretty -- /","[ both/DT ] [ coasts/NNS ] are/VBP really/RB pretty/RB --/:","(S (NP-SBJ (DT both) (NNS coasts)) (VP (VBP are) (ADJP-PRD (RB really) (RB pretty))) (-DFL- E_S))",178,156.734625,159.437625,"both coasts are really pretty  "," both/DT   coasts/NNS  are/VBP really/RB pretty/RB /:"
"115","sw05utt/sw_0572_3768.utt","3/sw3768",3768,114,"b","A",77,1,"Yeah. /","Yeah/UH ./.","(INTJ (UH Yeah) (. .) (-DFL- E_S))",166,159.73825,160.062,"Yeah. ","Yeah/UH ./."
"116","sw05utt/sw_0572_3768.utt","3/sw3768",3768,115,"sd","B",78,1,"-- {C but, } {F um, } I love the Carolinas.  /","--/: but/CC ,/, um/UH ,/,  [ I/PRP ] love/VBP  [ the/DT Carolinas/NNPS ] ./.","(S (CC but) (, ,) (INTJ (UH um)) (, ,) (NP-SBJ (PRP I)) (VP (VBP love) (NP (DT the) (NNPS Carolinas))) (. .) (-DFL- E_S))",182,160.5565,164.41775,"  but,   um,  I love the Carolinas.  ","/: but/CC ,/, um/UH ,/,   I/PRP  love/VBP   the/DT Carolinas/NNPS  ./."
"117","sw05utt/sw_0572_3768.utt","3/sw3768",3768,116,"sd","B",78,2,"It's just gorgeous over there. /","[ It/PRP ] 's/BES just/RB gorgeous/JJ over/IN there/RB ./.","(S (NP-SBJ (PRP It)) (VP (BES 's) (ADVP (RB just)) (ADJP-PRD (JJ gorgeous)) (PP-LOC (IN over) (ADVP (RB there)))) (. .) (-DFL- E_S))",183,160.5565,164.41775,"It's just gorgeous over there. "," It/PRP  's/BES just/RB gorgeous/JJ over/IN there/RB ./."
"118","sw05utt/sw_0572_3768.utt","3/sw3768",3768,117,"b","A",79,1,"Uh-huh.  /","[ Uh-huh/UH ] ./.","(INTJ (UH Uh-huh) (. .) (-DFL- E_S))",156,164.485375,167.38925,"Uhhuh.  "," Uhhuh/UH  ./."
"119","sw05utt/sw_0572_3768.utt","3/sw3768",3768,118,"sd","A",79,2,"I haven't been [ there, + anywhere  ] on the East Coast. /","[ I/PRP ] have/VBP n't/RB been/VBN there/RB ,/, anywhere/RB on/IN  [ the/DT East/NNP Coast/NNP ] ./.","(S (NP-SBJ (PRP I)) (VP (VBP have) (RB n't) (VP (VBN been) (EDITED (RM (-DFL- \[)) (ADVP-LOC (RB there)) (, ,) (IP (-DFL- \+))) (NP-LOC-PRD (NP (RB anywhere)) (RS (-DFL- \])) (PP-LOC (IN on) (NP (DT the) (NNP East) (NNP Coast)))))) (. .) (-DFL- E_S))",186,164.485375,167.38925,"I haven't been  there,  anywhere   on the East Coast. "," I/PRP  have/VBP n't/RB been/VBN there/RB ,/, anywhere/RB on/IN   the/DT East/NNP Coast/NNP  ./."
"120","sw05utt/sw_0572_3768.utt","3/sw3768",3768,119,"b","B",80,1,"Yeah. /","Yeah/UH ./.","(INTJ (UH Yeah) (. .) (-DFL- E_S))",166,166.1295,166.591875,"Yeah. ","Yeah/UH ./."
"121","sw05utt/sw_0572_3768.utt","3/sw3768",3768,120,"sd","A",81,1,"I think Tennessee has been the furthest east I've been. /","[ I/PRP ] think/VBP  [ Tennessee/NNP ] has/VBZ been/VBN  [ the/DT ] furthest/RBS east/RB  [ I/PRP ] 've/VBP been/VBN ./.","(S (NP-SBJ (PRP I)) (VP (VBP think) (SBAR (-NONE- 0) (S (NP-SBJ (NNP Tennessee)) (VP (VBZ has) (VP (VBN been) (NP-PRD (NP (DT the) (ADVP (RBS furthest) (RB east))) (SBAR (WHADVP-1 (-NONE- 0)) (S (NP-SBJ (PRP I)) (VP (VBP 've) (VP (VBN been) (ADVP-DIR-PRD (-NONE- *T*-1)))))))))))) (. .) (-DFL- E_S))",190,167.38925,170.903,"I think Tennessee has been the furthest east I've been. "," I/PRP  think/VBP   Tennessee/NNP  has/VBZ been/VBN   the/DT  furthest/RBS east/RB   I/PRP  've/VBP been/VBN ./."
"122","sw05utt/sw_0572_3768.utt","3/sw3768",3768,121,"b","B",82,1,"Uh-huh. /","[ Uh-huh/UH ] ./.","(INTJ (UH Uh-huh) (. .) (-DFL- E_S))",171,171.031,171.41775,"Uhhuh. "," Uhhuh/UH  ./."
"123","sw05utt/sw_0572_3768.utt","3/sw3768",3768,122,"b","A",83,1,"Yeah. /","Yeah/UH ./.","(INTJ (UH Yeah) (. .) (-DFL- E_S))",166,171.643875,172.049625,"Yeah. ","Yeah/UH ./."
"124","sw05utt/sw_0572_3768.utt","3/sw3768",3768,123,"ad","B",84,1,"{D Well, } you'll just have to plan a vacation some time --","Well/UH ,/,  [ you/PRP ] 'll/MD just/RB have/VB to/TO plan/VB  [ a/DT vacation/NN ] [ some/DT time/NN ] --/:","(S (INTJ (UH Well)) (, ,) (NP-SBJ-1 (PRP you)) (VP (MD 'll) (ADVP (RB just)) (VP (VB have) (S (NP-SBJ (-NONE- *-1)) (VP (TO to) (VP (VP (VB plan) (NP (DT a) (NN vacation)) (NP-TMP (DT some) (NN time))) (EDITED (RM (-DFL- \[)) (CC and) (, ,) (IP (-DFL- \+))) (CC and) (RS (-DFL- \])) (VP (VB go) (PP-DIR (IN over) (ADVP (RB there))))))))) (. .) (-DFL- E_S))",196,172.403875,177.214125," Well,  you'll just have to plan a vacation some time ","Well/UH ,/,   you/PRP  'll/MD just/RB have/VB to/TO plan/VB   a/DT vacation/NN   some/DT time/NN  /:"
"125","sw05utt/sw_0572_3768.utt","3/sw3768",3768,124,"aa","A",85,1,"Yeah,  /","[ Yeah/UH ] ,/,","(INTJ (UH Yeah) (, ,) (-DFL- E_S))",198,174.589375,176.112,"Yeah,  "," Yeah/UH  ,/,"
"126","sw05utt/sw_0572_3768.utt","3/sw3768",3768,125,"am","A",85,2,"I guess so. /","[ I/PRP ] guess/VBP so/RB ./.","(S (NP-SBJ (PRP I)) (VP (VBP guess) (ADVP (RB so))) (. .) (-DFL- E_S))",199,174.589375,176.112,"I guess so. "," I/PRP  guess/VBP so/RB ./."
"127","sw05utt/sw_0572_3768.utt","3/sw3768",3768,126,"+","B",86,1,"-- [ and, + and  ] go over there.  /","--/: and/CC ,/, and/CC go/VB over/IN there/RB ./.","(S (INTJ (UH Well)) (, ,) (NP-SBJ-1 (PRP you)) (VP (MD 'll) (ADVP (RB just)) (VP (VB have) (S (NP-SBJ (-NONE- *-1)) (VP (TO to) (VP (VP (VB plan) (NP (DT a) (NN vacation)) (NP-TMP (DT some) (NN time))) (EDITED (RM (-DFL- \[)) (CC and) (, ,) (IP (-DFL- \+))) (CC and) (RS (-DFL- \])) (VP (VB go) (PP-DIR (IN over) (ADVP (RB there))))))))) (. .) (-DFL- E_S))",196,177.214125,179.833625,"  and,  and   go over there.  ","/: and/CC ,/, and/CC go/VB over/IN there/RB ./."
"128","sw05utt/sw_0572_3768.utt","3/sw3768",3768,127,"b","B",86,2,"Yeah,  /","Yeah/UH ,/,","(INTJ (UH Yeah) (, ,) (-DFL- E_S))",198,177.214125,179.833625,"Yeah,  ","Yeah/UH ,/,"
"129","sw05utt/sw_0572_3768.utt","3/sw3768",3768,128,"sd","B",86,3,"{C but } [  there's, +  {D you know, } there's ] a lot to see here -- /","but/CC  [ there/EX ] 's/BES ,/,  [ you/PRP ] know/VBP ,/,  [ there/EX ] 's/BES  [ a/DT lot/NN ] to/TO see/VB here/RB --/:","(S (CC but) (EDITED (RM (-DFL- \[)) (S (NP-SBJ (EX there)) (VP-UNF (BES 's))) (, ,) (IP (-DFL- \+))) (PRN (S (NP-SBJ (PRP you)) (VP (VBP know))) (, ,)) (NP-SBJ (EX there)) (VP (BES 's) (RS (-DFL- \])) (NP-PRD (NP (DT a) (NN lot)) (SBAR (WHNP-1 (-NONE- 0)) (S (NP-SBJ (-NONE- *)) (VP (TO to) (VP (VB see) (NP (-NONE- *T*-1))))))) (ADVP-LOC (RB here))) (-DFL- E_S))",202,177.214125,179.833625," but    there's,    you know,  there's  a lot to see here  ","but/CC   there/EX  's/BES ,/,   you/PRP  know/VBP ,/,   there/EX  's/BES   a/DT lot/NN  to/TO see/VB here/RB /:"
"130","sw05utt/sw_0572_3768.utt","3/sw3768",3768,129,"b","A",87,1,"Uh-huh. /","[ Uh-huh/UH ] ./.","(INTJ (UH Uh-huh) (. .) (-DFL- E_S))",175,180.053,180.419875,"Uhhuh. "," Uhhuh/UH  ./."
"131","sw05utt/sw_0572_3768.utt","3/sw3768",3768,130,"sd","B",88,1,"-- {C but } I just love going over to Europe because [ it's so, +  their way of life is just so ] different than ours. /","--/: but/CC  [ I/PRP ] just/RB love/VBP going/VBG over/IN to/IN  [ Europe/NNP ] because/IN  [ it/PRP ] 's/BES so/RB ,/,  [ their/PRP$ way/NN ] of/IN  [ life/NN ] is/VBZ just/RB so/RB different/JJ than/IN  [ ours/JJ ] ./.","(S (CC but) (NP-SBJ-1 (PRP I)) (ADVP (RB just)) (VP (VBP love) (S (NP-SBJ (-NONE- *-1)) (VP (VBG going) (PP-DIR (IN over) (PP (IN to) (NP (NNP Europe)))))) (SBAR-PRP (IN because) (S (EDITED (RM (-DFL- \[)) (S (NP-SBJ (PRP it)) (VP (BES 's) (ADJP-UNF-PRD (RB so)))) (, ,) (IP (-DFL- \+))) (NP-SBJ (NP (PRP$ their) (NN way)) (PP (IN of) (NP (NN life)))) (VP (VBZ is) (ADVP (RB just)) (ADJP-PRD (ADJP (RB so) (RS (-DFL- \])) (JJ different)) (PP (IN than) (NP (JJ ours)))))))) (. .) (-DFL- E_S))",206,180.619,185.721625,"  but  I just love going over to Europe because  it's so,   their way of life is just so  different than ours. ","/: but/CC   I/PRP  just/RB love/VBP going/VBG over/IN to/IN   Europe/NNP  because/IN   it/PRP  's/BES so/RB ,/,   their/PRP$ way/NN  of/IN   life/NN  is/VBZ just/RB so/RB different/JJ than/IN   ours/JJ  ./."
"132","sw05utt/sw_0572_3768.utt","3/sw3768",3768,131,"b","A",89,1,"Yeah. /","Yeah/UH ./.","(INTJ (UH Yeah) (. .) (-DFL- E_S))",180,185.785375,186.218125,"Yeah. ","Yeah/UH ./."
"133","sw05utt/sw_0572_3768.utt","3/sw3768",3768,132,"sv","B",90,1,"{D You know, } we're so fast paced here,  /","[ You/PRP ] know/VBP ,/,  [ we/PRP ] 're/VBP so/RB fast/RB paced/VBN here/RB ,/,","(S (PRN (S (NP-SBJ (PRP You)) (VP (VBP know))) (, ,)) (NP-SBJ (PRP we)) (VP (VBP 're) (ADJP-PRD (RB so) (RB fast) (VBN paced)) (ADVP-LOC (RB here))) (, ,) (-DFL- E_S))",210,186.241375,196.786625," You know,  we're so fast paced here,  "," You/PRP  know/VBP ,/,   we/PRP  're/VBP so/RB fast/RB paced/VBN here/RB ,/,"
"134","sw05utt/sw_0572_3768.utt","3/sw3768",3768,133,"sd","B",90,2,"{C and } over there, {D you know, } every time we'd go [ and, + and  ] eat dinner or lunch or whatever we'd always have to ask for the check --","and/CC over/IN there/RB ,/,  [ you/PRP ] know/VBP ,/,  [ every/DT time/NN ] [ we/PRP ] 'd/MD go/VB and/CC ,/, and/CC eat/VB  [ dinner/NN ] or/CC  [ lunch/NN ] or/CC  [ whatever/WDT ] [ we/PRP ] 'd/MD always/RB have/VB to/TO ask/VB for/IN  [ the/DT check/NN ] --/:","(S (CC and) (PP-LOC (IN over) (ADVP (RB there)) (PRN (, ,) (S (NP-SBJ (PRP you)) (VP (VBP know))) (, ,))) (NP-TMP (NP (DT every) (NN time)) (SBAR (WHADVP-1 (-NONE- 0)) (S (NP-SBJ (PRP we)) (VP (MD 'd) (VP (VP (VB go)) (EDITED (RM (-DFL- \[)) (CC and) (, ,) (IP (-DFL- \+))) (CC and) (RS (-DFL- \])) (VP (VB eat) (NP (NN dinner) (CC or) (NN lunch) (CC or) (WDT whatever))) (ADVP-TMP (-NONE- *T*-1))))))) (NP-SBJ-2 (PRP we)) (VP (MD 'd) (ADVP-TMP (RB always)) (VP (VB have) (S (NP-SBJ (-NONE- *-2)) (VP (TO to) (VP (VB ask) (PP (IN for) (NP (DT the) (NN check))) (PRN (S (NP-SBJ (PRP you)) (VP (VBP know))))))))) (-DFL- E_S))",211,186.241375,196.786625," and  over there,  you know,  every time we'd go  and,  and   eat dinner or lunch or whatever we'd always have to ask for the check ","and/CC over/IN there/RB ,/,   you/PRP  know/VBP ,/,   every/DT time/NN   we/PRP  'd/MD go/VB and/CC ,/, and/CC eat/VB   dinner/NN  or/CC   lunch/NN  or/CC   whatever/WDT   we/PRP  'd/MD always/RB have/VB to/TO ask/VB for/IN   the/DT check/NN  /:"
"135","sw05utt/sw_0572_3768.utt","3/sw3768",3768,134,"b","A",91,1,"Uh-huh. /","[ Uh-huh/UH ] ./.","(INTJ (UH Uh-huh) (. .) (-DFL- E_S))",185,195.213375,195.573375,"Uhhuh. "," Uhhuh/UH  ./."
"136","sw05utt/sw_0572_3768.utt","3/sw3768",3768,135,"+","B",92,1,"-- {D you know } <laughter> -- /","--/:  [ you/PRP ] know/VBP --/:","(S (CC but) (EDITED (RM (-DFL- \[)) (S (NP-SBJ (EX there)) (VP-UNF (BES 's))) (, ,) (IP (-DFL- \+))) (PRN (S (NP-SBJ (PRP you)) (VP (VBP know))) (, ,)) (NP-SBJ (EX there)) (VP (BES 's) (RS (-DFL- \])) (NP-PRD (NP (DT a) (NN lot)) (SBAR (WHNP-1 (-NONE- 0)) (S (NP-SBJ (-NONE- *)) (VP (TO to) (VP (VB see) (NP (-NONE- *T*-1))))))) (ADVP-LOC (RB here))) (-DFL- E_S))",202,NA,NA,"  you know  laughter  ","/:   you/PRP  know/VBP /:"
"137","sw05utt/sw_0572_3768.utt","3/sw3768",3768,136,"b","A",93,1,"Yeah. /","Yeah/UH ./.","(INTJ (UH Yeah) (. .) (-DFL- E_S))",194,196.503375,196.974875,"Yeah. ","Yeah/UH ./."
"138","sw05utt/sw_0572_3768.utt","3/sw3768",3768,137,"sv","B",94,1,"-- they're so leisurely over there -- /","--/:  [ they/PRP ] 're/VBP so/RB leisurely/RB over/IN  [ there/EX ] --/:","(S (NP-SBJ (PRP they)) (VP (VBP 're) (ADJP-PRD (RB so) (RB leisurely)) (PP-LOC (IN over) (ADVP (EX there)))) (-DFL- E_S))",218,197.21875,198.820625," they're so leisurely over there  ","/:   they/PRP  're/VBP so/RB leisurely/RB over/IN   there/EX  /:"
"139","sw05utt/sw_0572_3768.utt","3/sw3768",3768,138,"b","A",95,1,"Yeah. /","Yeah/UH ./.","(INTJ (UH Yeah) (. .) (-DFL- E_S))",194,198.9235,199.277375,"Yeah. ","Yeah/UH ./."
"140","sw05utt/sw_0572_3768.utt","3/sw3768",3768,139,"sv","B",96,1,"-- {C and } it's kind of nice [ to, + to  ] have that. /","--/: and/CC  [ it/PRP ] 's/BES  [ kind/RB ] of/RB  [ nice/JJ ] to/TO ,/, to/TO have/VB  [ that/DT ] ./.","(S (CC and) (NP-SBJ (NP (PRP it)) (S (-NONE- *EXP*-1))) (VP (BES 's) (ADJP-PRD (ADVP (RB kind) (RB of)) (JJ nice)) (S-1 (NP-SBJ (-NONE- *)) (EDITED (RM (-DFL- \[)) (VP-UNF (TO to)) (, ,) (IP (-DFL- \+))) (VP (TO to) (RS (-DFL- \])) (VP (VB have) (NP (DT that)))))) (. .) (-DFL- E_S))",222,199.496,201.474625,"  and  it's kind of nice  to,  to   have that. ","/: and/CC   it/PRP  's/BES   kind/RB  of/RB   nice/JJ  to/TO ,/, to/TO have/VB   that/DT  ./."
"141","sw05utt/sw_0572_3768.utt","3/sw3768",3768,140,"b","A",97,1,"Yeah.  /","Yeah/UH ./.","(INTJ (UH Yeah) (. .) (-DFL- E_S))",208,201.96175,211.33075,"Yeah.  ","Yeah/UH ./."
"142","sw05utt/sw_0572_3768.utt","3/sw3768",3768,141,"%","A",97,2,"{C So } the type of vacation you'd like, {F um, } - /","So/UH  [ the/DT type/NN ] of/IN  [ vacation/NN ] [ you/PRP ] 'd/MD like/VB ,/, um/UH ,/,","(S-UNF (RB So) (NP-SBJ (NP (DT the) (NN type)) (PP (IN of) (NP (NN vacation))) (SBAR (WHNP-1 (-NONE- 0)) (S (NP-SBJ (PRP you)) (VP (MD 'd) (VP (VB like) (NP (-NONE- *T*-1))))))) (, ,) (INTJ (UH um)) (, ,) (-DFL- N_S))",225,201.96175,211.33075," So  the type of vacation you'd like,  um,   ","So/UH   the/DT type/NN  of/IN   vacation/NN   you/PRP  'd/MD like/VB ,/, um/UH ,/,"
"143","sw05utt/sw_0572_3768.utt","3/sw3768",3768,142,"qr","A",97,3,"{D like, } would you go over and  spend a lot of time in one place, or travel to whole bunch of different places in one week? /","like/VB ,/, would/MD  [ you/PRP ] go/VB over/RB and/CC spend/VB  [ a/DT lot/NN ] of/IN  [ time/NN ] in/IN  [ one/CD place/NN ] ,/, or/CC travel/VB to/IN  [ whole/JJ bunch/NN ] of/IN  [ different/JJ places/NNS ] in/IN  [ one/CD week/NN ] ?/.","(SQ (INTJ (UH like)) (, ,) (MD would) (NP-SBJ (PRP you)) (VP (VP (VB go) (ADVP-DIR (RB over))) (CC and) (VP (VB spend) (NP (NP (DT a) (NN lot)) (PP (IN of) (NP (NN time)))) (PP-LOC (IN in) (NP (CD one) (NN place)))) (, ,) (CC or) (VP (VB travel) (PP-DIR (IN to) (NP (NP (JJ whole) (NN bunch)) (PP (IN of) (NP (JJ different) (NNS places))))) (PP-TMP (IN in) (NP (CD one) (NN week))))) (. ?) (-DFL- E_S))",226,201.96175,211.33075," like,  would you go over and  spend a lot of time in one place, or travel to whole bunch of different places in one week? ","like/VB ,/, would/MD   you/PRP  go/VB over/RB and/CC spend/VB   a/DT lot/NN  of/IN   time/NN  in/IN   one/CD place/NN  ,/, or/CC travel/VB to/IN   whole/JJ bunch/NN  of/IN   different/JJ places/NNS  in/IN   one/CD week/NN  ?/."
"144","sw05utt/sw_0572_3768.utt","3/sw3768",3768,143,"sd","B",98,1,"{D Well, } usually a bunch of different places. /","Well/UH ,/, usually/RB  [ a/DT bunch/NN ] of/IN  [ different/JJ places/NNS ] ./.","(FRAG (INTJ (UH Well)) (, ,) (ADVP (RB usually)) (NP (NP (DT a) (NN bunch)) (PP (IN of) (NP (JJ different) (NNS places)))) (. .) (-DFL- E_S))",228,210.409375,212.826," Well,  usually a bunch of different places. ","Well/UH ,/, usually/RB   a/DT bunch/NN  of/IN   different/JJ places/NNS  ./."
"145","sw05utt/sw_0572_3768.utt","3/sw3768",3768,144,"b","A",99,1,"Yeah,  /","[ Yeah/UH ] ,/,","(INTJ (UH Yeah) (, ,) (-DFL- E_S))",230,212.96125,215.20825,"Yeah,  "," Yeah/UH  ,/,"
"146","sw05utt/sw_0572_3768.utt","3/sw3768",3768,145,"sv","A",99,2,"[ [ main-, + mainly ] + probably  ] because you want to see everything. /","[ main-/RB ] ,/, mainly/RB probably/RB because/IN  [ you/PRP ] want/VBP to/TO see/VB  [ everything/NN ] ./.","(SBAR-PRP (EDITED (RM (-DFL- \[)) (EDITED (RM (-DFL- \[)) (ADVP-UNF (RB main-)) (, ,) (IP (-DFL- \+))) (ADVP (RB mainly)) (RS (-DFL- \])) (IP (-DFL- \+))) (ADVP (RB probably)) (RS (-DFL- \])) (IN because) (S (NP-SBJ-1 (PRP you)) (VP (VBP want) (S (NP-SBJ (-NONE- *-1)) (VP (TO to) (VP (VB see) (NP (NN everything))))))) (. .) (-DFL- E_S))",231,212.96125,215.20825,"  main,  mainly   probably   because you want to see everything. "," main/RB  ,/, mainly/RB probably/RB because/IN   you/PRP  want/VBP to/TO see/VB   everything/NN  ./."
"147","sw05utt/sw_0572_3768.utt","3/sw3768",3768,146,"aa","B",100,1,"Right,  /","Right/UH ,/,","(INTJ (UH Right) (, ,) (-DFL- E_S))",233,215.21475,217.177625,"Right,  ","Right/UH ,/,"
"148","sw05utt/sw_0572_3768.utt","3/sw3768",3768,147,"sd","B",100,2,"see as much as --","see/VB as/RB much/RB as/IN --/:","(S (NP-SBJ (-NONE- *)) (VP (VB see) (NP (NP (RB as) (RB much)) (SBAR (IN as) (S (NP-SBJ (PRP you)) (VP (MD can) (VP (-NONE- *?*)))))) (SBAR-TMP (IN while) (S (NP-SBJ (PRP you)) (VP (VBP 're) (ADVP-LOC-PRD (RB there)))))) (. .) (-DFL- E_S))",234,215.21475,217.177625,"see as much as ","see/VB as/RB much/RB as/IN /:"
"149","sw05utt/sw_0572_3768.utt","3/sw3768",3768,148,"b","A",101,1,"Yeah. /","Yeah/UH ./.","(INTJ (UH Yeah) (. .) (-DFL- E_S))",208,215.91825,216.284125,"Yeah. ","Yeah/UH ./."
"150","sw05utt/sw_0572_3768.utt","3/sw3768",3768,149,"+","B",102,1,"-- you can while you're there. /","--/:  [ you/PRP ] can/MD while/IN  [ you/PRP ] 're/VBP there/RB ./.","(S (NP-SBJ (-NONE- *)) (VP (VB see) (NP (NP (RB as) (RB much)) (SBAR (IN as) (S (NP-SBJ (PRP you)) (VP (MD can) (VP (-NONE- *?*)))))) (SBAR-TMP (IN while) (S (NP-SBJ (PRP you)) (VP (VBP 're) (ADVP-LOC-PRD (RB there)))))) (. .) (-DFL- E_S))",234,NA,NA," you can while you're there. ","/:   you/PRP  can/MD while/IN   you/PRP  're/VBP there/RB ./."
"151","sw05utt/sw_0572_3768.utt","3/sw3768",3768,150,"aa","A",103,1,"Yeah,  /","[ Yeah/UH ] ,/,","(INTJ (UH Yeah) (, ,) (-DFL- E_S))",230,217.52225,218.28075,"Yeah,  "," Yeah/UH  ,/,"
"152","sw05utt/sw_0572_3768.utt","3/sw3768",3768,151,"aa","A",103,2,"I know. /","[ I/PRP ] know/VBP ./.","(S (NP-SBJ (PRP I)) (VP (VBP know)) (. .) (-DFL- E_S))",240,217.52225,218.28075,"I know. "," I/PRP  know/VBP ./."
"153","sw05utt/sw_0572_3768.utt","3/sw3768",3768,152,"b","B",104,1,"Yeah. /","Yeah/UH ./.","(INTJ (UH Yeah) (. .) (-DFL- E_S))",216,218.584375,218.8025,"Yeah. ","Yeah/UH ./."
"154","sw05utt/sw_0572_3768.utt","3/sw3768",3768,153,"b","A",105,1,"Yeah. /","Yeah/UH ./.","(INTJ (UH Yeah) (. .) (-DFL- E_S))",216,218.710125,218.924875,"Yeah. ","Yeah/UH ./."
"155","sw05utt/sw_0572_3768.utt","3/sw3768",3768,154,"qo","B",106,1,"How did you like Africa? /","How/WRB did/VBD  [ you/PRP ] like/IN  [ Africa/NNP ] ?/.","(SBARQ (WHADVP-1 (WRB How)) (SQ (VBD did) (NP-SBJ (PRP you)) (VP (IN like) (NP (NNP Africa)) (ADVP (-NONE- *T*-1)))) (. ?) (-DFL- E_S))",246,218.824625,220.08175,"How did you like Africa? ","How/WRB did/VBD   you/PRP  like/IN   Africa/NNP  ?/."
"156","sw05utt/sw_0572_3768.utt","3/sw3768",3768,155,"sd","A",107,1,"{D Well, } I liked it.  /","Well/UH ,/,  [ I/PRP ] liked/VBD  [ it/PRP ] ./.","(S (INTJ (UH Well)) (, ,) (NP-SBJ (PRP I)) (VP (VBD liked) (NP (PRP it))) (. .) (-DFL- E_S))",248,220.51125,223.88125," Well,  I liked it.  ","Well/UH ,/,   I/PRP  liked/VBD   it/PRP  ./."
"157","sw05utt/sw_0572_3768.utt","3/sw3768",3768,156,"sd","A",107,2,"I was working in Cameroon, Africa -- /","[ I/PRP ] was/VBD working/VBG in/IN  [ Cameroon/NNP ] ,/,  [ Africa/NNP ] --/:","(S (NP-SBJ (PRP I)) (VP (VBD was) (VP (VBG working) (PP-LOC (IN in) (NP (NP (NNP Cameroon)) (, ,) (NP (NNP Africa)))))) (-DFL- E_S))",249,220.51125,223.88125,"I was working in Cameroon, Africa  "," I/PRP  was/VBD working/VBG in/IN   Cameroon/NNP  ,/,   Africa/NNP  /:"
"158","sw05utt/sw_0572_3768.utt","3/sw3768",3768,157,"b","B",108,1,"Uh-huh. /","[ Uh-huh/UH ] ./.","(INTJ (UH Uh-huh) (. .) (-DFL- E_S))",251,224.2035,224.6535,"Uhhuh. "," Uhhuh/UH  ./."
"159","sw05utt/sw_0572_3768.utt","3/sw3768",3768,158,"sd","A",109,1,"-- {C and } [ it's not a, + <inhaling> it's not a  ] place for tourists,  /","--/: and/CC  [ it/PRP ] 's/BES not/RB  [ a/DT ] ,/,  [ it/PRP ] 's/BES not/RB  [ a/DT place/NN ] for/IN  [ tourists/NNS ] ,/,","(S (CC and) (EDITED (RM (-DFL- \[)) (S (NP-SBJ (PRP it)) (VP (BES 's) (RB not) (NP-PRD-UNF (DT a)))) (, ,) (IP (-DFL- \+))) (NP-SBJ (PRP it)) (VP (BES 's) (RB not) (NP-PRD (NP (DT a) (RS (-DFL- \])) (NN place)) (PP (IN for) (NP (NNS tourists))))) (, ,) (-DFL- E_S))",253,223.88125,230.892875,"  and   it's not a,  inhaling it's not a   place for tourists,  ","/: and/CC   it/PRP  's/BES not/RB   a/DT  ,/,   it/PRP  's/BES not/RB   a/DT place/NN  for/IN   tourists/NNS  ,/,"
"160","sw05utt/sw_0572_3768.utt","3/sw3768",3768,159,"sd","A",109,2,"{E I mean, } they're not used to having tourists there,  /","[ I/PRP ] mean/VBP ,/,  [ they/PRP ] 're/VBP not/RB used/JJ to/IN  [ having/VBG tourists/NNS ] [ there/EX ] ,/,","(S (PRN (S (NP-SBJ (PRP I)) (VP (VBP mean))) (, ,)) (NP-SBJ-1 (PRP they)) (VP (VBP 're) (RB not) (ADJP-PRD (JJ used) (PP (IN to) (S-NOM (NP-SBJ (-NONE- *-1)) (VP (VBG having) (NP (NNS tourists)) (NP-LOC (EX there))))))) (, ,) (-DFL- E_S))",254,223.88125,230.892875," I mean,  they're not used to having tourists there,  "," I/PRP  mean/VBP ,/,   they/PRP  're/VBP not/RB used/JJ to/IN   having/VBG tourists/NNS   there/EX  ,/,"
"161","sw05utt/sw_0572_3768.utt","3/sw3768",3768,160,"%","A",109,3,"{C so } --","so/RB --/:","(S (RB so) (NP-SBJ (PRP it)) (VP-UNF (BES 's)) (, ,) (-DFL- N_S))",255,223.88125,230.892875," so  ","so/RB /:"
"162","sw05utt/sw_0572_3768.utt","3/sw3768",3768,161,"b","B",110,1,"Uh-huh. /","[ Uh-huh/UH ] ./.","(INTJ (UH Uh-huh) (. .) (-DFL- E_S))",251,230.25025,230.542625,"Uhhuh. "," Uhhuh/UH  ./."
"163","sw05utt/sw_0572_3768.utt","3/sw3768",3768,162,"+","A",111,1,"-- it's, - /","--/:  [ it/PRP ] 's/BES ,/,","(S (RB so) (NP-SBJ (PRP it)) (VP-UNF (BES 's)) (, ,) (-DFL- N_S))",255,231.179125,234.768125," it's,  ","/:   it/PRP  's/BES ,/,"
"164","sw05utt/sw_0572_3768.utt","3/sw3768",3768,163,"sd","A",111,2,"you're kind of roughing it.  /","[ you/PRP ] 're/VBP kind/RB of/RB roughing/VBG  [ it/PRP ] ./.","(S (NP-SBJ (PRP you)) (VP (VBP 're) (ADVP (RB kind) (RB of)) (VP (VBG roughing) (NP (PRP it)))) (. .) (-DFL- E_S))",259,231.179125,234.768125,"you're kind of roughing it.  "," you/PRP  're/VBP kind/RB of/RB roughing/VBG   it/PRP  ./."
"165","sw05utt/sw_0572_3768.utt","3/sw3768",3768,164,"sd","A",111,3,"{C But, } {F um, } I liked it,  /","But/CC ,/, um/UH ,/,  [ I/PRP ] liked/VBD  [ it/PRP ] ,/,","(S (CC But) (, ,) (INTJ (UH um)) (, ,) (NP-SBJ (PRP I)) (VP (VBD liked) (NP (PRP it))) (, ,) (-DFL- E_S))",260,231.179125,234.768125," But,   um,  I liked it,  ","But/CC ,/, um/UH ,/,   I/PRP  liked/VBD   it/PRP  ,/,"
"166","sw05utt/sw_0572_3768.utt","3/sw3768",3768,165,"sd","A",111,4,"I liked it. /","[ I/PRP ] liked/VBD  [ it/PRP ] ./.","(S (NP-SBJ (PRP I)) (VP (VBD liked) (NP (PRP it))) (. .) (-DFL- E_S))",261,231.179125,234.768125,"I liked it. "," I/PRP  liked/VBD   it/PRP  ./."
"167","sw05utt/sw_0572_3768.utt","3/sw3768",3768,166,"b","B",112,1,"Uh-huh. /","[ Uh-huh/UH ] ./.","(INTJ (UH Uh-huh) (. .) (-DFL- E_S))",251,234.303125,234.615,"Uhhuh. "," Uhhuh/UH  ./."
"168","sw05utt/sw_0572_3768.utt","3/sw3768",3768,167,"sd","A",113,1,"The people there are just [ very, + very  ] friendly  /","[ The/DT people/NNS ] [ there/EX ] are/VBP just/RB very/RB ,/, very/RB friendly/JJ","(S (NP-SBJ (NP (DT The) (NNS people)) (ADVP-LOC (EX there))) (VP (VBP are) (ADVP (RB just)) (EDITED (RM (-DFL- \[)) (ADJP-PRD-UNF (RB very)) (, ,) (IP (-DFL- \+))) (ADJP-PRD (RB very) (RS (-DFL- \])) (JJ friendly))) (-DFL- E_S))",265,234.768125,237.175875,"The people there are just  very,  very   friendly  "," The/DT people/NNS   there/EX  are/VBP just/RB very/RB ,/, very/RB friendly/JJ"
"169","sw05utt/sw_0572_3768.utt","3/sw3768",3768,168,"%","A",113,2,"{C and. } -/","and/CC ./.","(S-UNF (CC and) (. .) (-DFL- N_S))",266,234.768125,237.175875," and.  ","and/CC ./."
"170","sw05utt/sw_0572_3768.utt","3/sw3768",3768,169,"qw","B",114,1,"What type of work? /","[ What/WP type/NN ] of/IN  [ work/NN ] ?/.","(WHNP (WHNP (WP What) (NN type)) (PP (IN of) (NP (NN work))) (. ?) (-DFL- E_S))",268,237.401375,238.317,"What type of work? "," What/WP type/NN  of/IN   work/NN  ?/."
"171","sw05utt/sw_0572_3768.utt","3/sw3768",3768,170,"sd","A",115,1,"{F Um, } I was working with an organization that does Bible translation. /","[ Um/UH ] ,/,  [ I/PRP ] was/VBD working/VBG with/IN  [ an/DT organization/NN ] [ that/WDT ] does/VBZ  [ Bible/NN translation/NN ] ./.","(S (INTJ (UH Um)) (, ,) (NP-SBJ (PRP I)) (VP (VBD was) (VP (VBG working) (PP (IN with) (NP (NP (DT an) (NN organization)) (SBAR (WHNP-1 (WDT that)) (S (NP-SBJ (-NONE- *T*-1)) (VP (VBZ does) (NP (NN Bible) (NN translation))))))))) (. .) (-DFL- E_S))",270,238.612625,242.542625," Um,  I was working with an organization that does Bible translation. "," Um/UH  ,/,   I/PRP  was/VBD working/VBG with/IN   an/DT organization/NN   that/WDT  does/VBZ   Bible/NN translation/NN  ./."
"172","sw05utt/sw_0572_3768.utt","3/sw3768",3768,171,"bk","B",116,1,"{F Oh, } okay. /","Oh/UH ,/, okay/UH ./.","(INTJ (INTJ (UH Oh)) (, ,) (INTJ (UH okay)) (. .) (-DFL- E_S))",272,242.6585,243.30275," Oh,  okay. ","Oh/UH ,/, okay/UH ./."
"173","sw05utt/sw_0572_3768.utt","3/sw3768",3768,172,"sd","A",117,1,"{C So } I was doing linguistic work actually, travelling around, finding out about languages,  and --","So/UH  [ I/PRP ] was/VBD doing/VBG  [ linguistic/JJ work/NN ] actually/RB ,/, travelling/VBG around/IN ,/, finding/VBG out/RP about/IN  [ languages/NNS ] ,/, and/CC --/:","(S (RB So) (NP-SBJ (PRP I)) (VP (VBD was) (VP (VP (VBG doing) (NP (JJ linguistic) (NN work)) (ADVP (RB actually))) (, ,) (VP (VBG travelling) (ADVP-DIR (IN around))) (, ,) (VP (VBG finding) (PRT (RP out)) (PP (IN about) (NP (NP (NNS languages)) (, ,) (CC and) (INTJ (UH uh)) (, ,) (SBAR-NOM (WHNP-1 (WP what)) (S (NP-SBJ (PRP they)) (VP (VBP call) (S (NP-SBJ (-NONE- *T*-1)) (NP-PRD (NN survey) (NN work))))))))))) (. .) (-DFL- E_S))",274,243.4285,250.62125," So  I was doing linguistic work actually, travelling around, finding out about languages,  and ","So/UH   I/PRP  was/VBD doing/VBG   linguistic/JJ work/NN  actually/RB ,/, travelling/VBG around/IN ,/, finding/VBG out/RP about/IN   languages/NNS  ,/, and/CC /:"
"174","sw05utt/sw_0572_3768.utt","3/sw3768",3768,173,"b","B",118,1,"{F Oh, } uh-huh. /","Oh/UH ,/,  [ uh-huh/UH ] ./.","(INTJ (INTJ (UH Oh)) (, ,) (INTJ (UH uh-huh)) (. .) (-DFL- E_S))",276,248.1575,248.9365," Oh,  uhhuh. ","Oh/UH ,/,   uhhuh/UH  ./."
"175","sw05utt/sw_0572_3768.utt","3/sw3768",3768,174,"+","A",119,1,"-- {F uh, } what they call survey work. /","--/:  [ uh/UH ] ,/,  [ what/WP ] [ they/PRP ] call/VBP  [ survey/NN work/NN ] ./.","(S (RB So) (NP-SBJ (PRP I)) (VP (VBD was) (VP (VP (VBG doing) (NP (JJ linguistic) (NN work)) (ADVP (RB actually))) (, ,) (VP (VBG travelling) (ADVP-DIR (IN around))) (, ,) (VP (VBG finding) (PRT (RP out)) (PP (IN about) (NP (NP (NNS languages)) (, ,) (CC and) (INTJ (UH uh)) (, ,) (SBAR-NOM (WHNP-1 (WP what)) (S (NP-SBJ (PRP they)) (VP (VBP call) (S (NP-SBJ (-NONE- *T*-1)) (NP-PRD (NN survey) (NN work))))))))))) (. .) (-DFL- E_S))",274,NA,NA,"  uh,  what they call survey work. ","/:   uh/UH  ,/,   what/WP   they/PRP  call/VBP   survey/NN work/NN  ./."
"176","sw05utt/sw_0572_3768.utt","3/sw3768",3768,175,"b","B",120,1,"Uh-huh. /","[ Uh-huh/UH ] ./.","(INTJ (UH Uh-huh) (. .) (-DFL- E_S))",251,250.844625,251.19375,"Uhhuh. "," Uhhuh/UH  ./."
"177","sw05utt/sw_0572_3768.utt","3/sw3768",3768,176,"sd","A",121,1,"Find out where the languages are. /","Find/VB out/RP where/WRB  [ the/DT languages/NNS ] are/VBP ./.","(S (NP-SBJ (-NONE- *)) (VP (VB Find) (PRT (RP out)) (SBAR (WHADVP-1 (WRB where)) (S (NP-SBJ (DT the) (NNS languages)) (VP (VBP are) (ADVP-LOC-PRD (-NONE- *T*-1)))))) (. .) (-DFL- E_S))",281,251.288625,253.7885,"Find out where the languages are. ","Find/VB out/RP where/WRB   the/DT languages/NNS  are/VBP ./."
"178","sw05utt/sw_0572_3768.utt","3/sw3768",3768,177,"b","B",122,1,"Uh-huh. /","[ Uh-huh/UH ] ./.","(INTJ (UH Uh-huh) (. .) (-DFL- E_S))",257,253.93525,254.26925,"Uhhuh. "," Uhhuh/UH  ./."
"179","sw05utt/sw_0572_3768.utt","3/sw3768",3768,178,"sd","A",123,1,"{C So, } I travelled a lot around the country and met a lot of people. /","So/UH ,/,  [ I/PRP ] travelled/JJ  [ a/DT lot/NN ] around/IN  [ the/DT country/NN ] and/CC met/VBD  [ a/DT lot/NN ] of/IN  [ people/NNS ] ./.","(S (RB So) (, ,) (NP-SBJ (PRP I)) (VP (VP (JJ travelled) (NP-ADV (DT a) (NN lot)) (PP-LOC (IN around) (NP (DT the) (NN country)))) (CC and) (VP (VBD met) (NP (NP (DT a) (NN lot)) (PP (IN of) (NP (NNS people)))))) (. .) (-DFL- E_S))",285,254.4155,257.84825," So,  I travelled a lot around the country and met a lot of people. ","So/UH ,/,   I/PRP  travelled/JJ   a/DT lot/NN  around/IN   the/DT country/NN  and/CC met/VBD   a/DT lot/NN  of/IN   people/NNS  ./."
"180","sw05utt/sw_0572_3768.utt","3/sw3768",3768,179,"b","B",124,1,"Yeah. /","Yeah/UH ./.","(INTJ (UH Yeah) (. .) (-DFL- E_S))",287,257.4985,257.833875,"Yeah. ","Yeah/UH ./."
"181","sw05utt/sw_0572_3768.utt","3/sw3768",3768,180,"%","A",125,1,"{F Um. } /","Um/UH ./.","(INTJ (UH Um) (. .) (-DFL- E_S))",289,259.11275,259.448375," Um.  ","Um/UH ./."
"182","sw05utt/sw_0572_3768.utt","3/sw3768",3768,181,"ba","B",126,1,"That's neat. /","[ That/DT ] 's/BES neat/JJ ./.","(S (NP-SBJ (DT That)) (VP (BES 's) (ADJP-PRD (JJ neat))) (. .) (-DFL- E_S))",291,259.1205,260.23375,"That's neat. "," That/DT  's/BES neat/JJ ./."
"183","sw05utt/sw_0572_3768.utt","3/sw3768",3768,182,"aa","A",127,1,"Yeah,  /","[ Yeah/UH ] ,/,","(INTJ (UH Yeah) (, ,) (-DFL- E_S))",293,260.496625,262.0845,"Yeah,  "," Yeah/UH  ,/,"
"184","sw05utt/sw_0572_3768.utt","3/sw3768",3768,183,"sd","A",127,2,"I enjoyed it.  /","[ I/PRP ] enjoyed/VBD  [ it/PRP ] ./.","(S (NP-SBJ (PRP I)) (VP (VBD enjoyed) (NP (PRP it))) (. .) (-DFL- E_S))",294,260.496625,262.0845,"I enjoyed it.  "," I/PRP  enjoyed/VBD   it/PRP  ./."
"185","sw05utt/sw_0572_3768.utt","3/sw3768",3768,184,"%","A",127,3,"{C So. } -/","So/UH ./.","(S-UNF (RB So) (. .) (-DFL- N_S))",295,260.496625,262.0845," So.  ","So/UH ./."
"186","sw05utt/sw_0572_3768.utt","3/sw3768",3768,185,"sd","B",128,1,"[ [ I've, +  I've   always, ] +  {F um, } I've ] talked to people who have been to Africa,  /","[ I/PRP ] 've/VBP ,/,  [ I/PRP ] 've/VBP always/RB ,/, um/UH ,/,  [ I/PRP ] 've/VBP talked/VBN to/IN  [ people/NNS ] [ who/WP ] have/VBP been/VBN to/IN  [ Africa/NNP ] ,/,","(S (EDITED (RM (-DFL- \[)) (EDITED (RM (-DFL- \[)) (S (NP-SBJ (PRP I)) (VP-UNF (VBP 've))) (, ,) (IP (-DFL- \+))) (S (NP-SBJ (PRP I)) (VP-UNF (VBP 've) (ADVP-TMP (RB always)))) (, ,) (RS (-DFL- \])) (IP (-DFL- \+))) (INTJ (UH um)) (, ,) (NP-SBJ (PRP I)) (VP (VBP 've) (RS (-DFL- \])) (VP (VBN talked) (PP (IN to) (NP (NP (NNS people)) (SBAR (WHNP-1 (WP who)) (S (NP-SBJ (-NONE- *T*-1)) (VP (VBP have) (VP (VBN been) (PP-DIR-PRD (IN to) (NP (NNP Africa))))))))))) (, ,) (-DFL- E_S))",297,262.473,269.4745,"  I've,   I've   always,     um,  I've  talked to people who have been to Africa,  "," I/PRP  've/VBP ,/,   I/PRP  've/VBP always/RB ,/, um/UH ,/,   I/PRP  've/VBP talked/VBN to/IN   people/NNS   who/WP  have/VBP been/VBN to/IN   Africa/NNP  ,/,"
"187","sw05utt/sw_0572_3768.utt","3/sw3768",3768,186,"%","B",128,2,"{C and } they, - /","and/CC  [ they/PRP ] ,/,","(S-UNF (CC and) (NP-SBJ (PRP they)) (, ,) (-DFL- N_S))",298,262.473,269.4745," and  they,  ","and/CC   they/PRP  ,/,"
"188","sw05utt/sw_0572_3768.utt","3/sw3768",3768,187,"sd","B",128,3,"{C and then } of course when that movie OUT OF AFRICA came out <laughter>.  -/","and/CC then/RB of/IN  [ course/NN ] when/WRB  [ that/DT movie/NN ] OUT/IN OF/IN  [ AFRICA/NNP ] came/VBD out/RP ./.","(S-UNF (CONJP (CC and) (RB then)) (PP (IN of) (NP (NN course)) (SBAR-TMP (WHADVP-1 (WRB when)) (S (NP-SBJ (NP (DT that) (NN movie)) (PP-TTL (IN OUT) (PP (IN OF) (NP (NNP AFRICA))))) (VP (VBD came) (PRT (RP out)) (ADVP-TMP (-NONE- *T*-1)))))) (. .) (-DFL- N_S))",299,262.473,269.4745," and then  of course when that movie OUT OF AFRICA came out laughter.  ","and/CC then/RB of/IN   course/NN  when/WRB   that/DT movie/NN  OUT/IN OF/IN   AFRICA/NNP  came/VBD out/RP ./."
"189","sw05utt/sw_0572_3768.utt","3/sw3768",3768,188,"b","A",129,1,"Yeah. /","Yeah/UH ./.","(INTJ (UH Yeah) (. .) (-DFL- E_S))",287,269.623125,270.027375,"Yeah. ","Yeah/UH ./."
"190","sw05utt/sw_0572_3768.utt","3/sw3768",3768,189,"sv","B",130,1,"{F Um, } {C but } I've always thought it would be neat to go on a safari over there. /","Um/UH ,/, but/CC  [ I/PRP ] 've/VBP always/RB thought/VBN  [ it/PRP ] would/MD be/VB neat/JJ to/TO go/VB on/IN  [ a/DT safari/NN ] over/IN there/RB ./.","(S (INTJ (UH Um)) (, ,) (CC but) (NP-SBJ (PRP I)) (VP (VBP 've) (ADVP-TMP (RB always)) (VP (VBN thought) (SBAR (-NONE- 0) (S (NP-SBJ (NP (PRP it)) (S (-NONE- *EXP*-1))) (VP (MD would) (VP (VB be) (ADJP-PRD (JJ neat)) (S-1 (NP-SBJ (-NONE- *)) (VP (TO to) (VP (VB go) (PP (IN on) (NP (DT a) (NN safari))) (PP-LOC (IN over) (ADVP (RB there)))))))))))) (. .) (-DFL- E_S))",303,270.6745,274.5745," Um,   but  I've always thought it would be neat to go on a safari over there. ","Um/UH ,/, but/CC   I/PRP  've/VBP always/RB thought/VBN   it/PRP  would/MD be/VB neat/JJ to/TO go/VB on/IN   a/DT safari/NN  over/IN there/RB ./."
"191","sw05utt/sw_0572_3768.utt","3/sw3768",3768,190,"b","A",131,1,"Yeah,  /","Yeah/UH ,/,","(INTJ (UH Yeah) (, ,) (-DFL- E_S))",293,274.574125,283.459375,"Yeah,  ","Yeah/UH ,/,"
"192","sw05utt/sw_0572_3768.utt","3/sw3768",3768,191,"sd","A",131,2,"my cousin came over while I was there,  /","[ my/PRP$ cousin/NN ] came/VBD over/IN while/IN  [ I/PRP ] was/VBD there/RB ,/,","(S (NP-SBJ (PRP$ my) (NN cousin)) (VP (VBD came) (ADVP-DIR (IN over)) (SBAR-TMP (IN while) (S (NP-SBJ (PRP I)) (VP (VBD was) (ADVP-LOC-PRD (RB there)))))) (, ,) (-DFL- E_S))",306,274.574125,283.459375,"my cousin came over while I was there,  "," my/PRP$ cousin/NN  came/VBD over/IN while/IN   I/PRP  was/VBD there/RB ,/,"
"193","sw05utt/sw_0572_3768.utt","3/sw3768",3768,192,"sd","A",131,3,"{C and } she came to Cameroon  /","and/CC  [ she/PRP ] came/VBD to/IN  [ Cameroon/NNP ]","(S (CC and) (NP-SBJ (PRP she)) (VP (VBD came) (PP-DIR (IN to) (NP (NNP Cameroon)))) (-DFL- E_S))",307,274.574125,283.459375," and  she came to Cameroon  ","and/CC   she/PRP  came/VBD to/IN   Cameroon/NNP "
"194","sw05utt/sw_0572_3768.utt","3/sw3768",3768,193,"sd","A",131,4,"{C and then } she went over to Nairobi  and took a safari around --","and/CC then/RB  [ she/PRP ] went/VBD over/IN to/IN  [ Nairobi/NNP ] and/CC took/VBD  [ a/DT safari/NN ] around/RB --/:","(S (CONJP (CC and) (RB then)) (NP-SBJ (PRP she)) (VP (VP (VBD went) (PP-DIR (IN over) (PP (IN to) (NP (NNP Nairobi))))) (CC and) (VP (VBD took) (NP (DT a) (NN safari)) (ADVP-LOC (RB around)) (PRN (S (NP-SBJ (PRP you)) (VP (VBP know))) (, ,)) (ADVP-LOC (RB close) (PP (IN to) (NP (NNP Nairobi)))) (PP-LOC (IN in) (NP (NNP Kenya))))) (. .) (-DFL- E_S))",308,274.574125,283.459375," and then  she went over to Nairobi  and took a safari around ","and/CC then/RB   she/PRP  went/VBD over/IN to/IN   Nairobi/NNP  and/CC took/VBD   a/DT safari/NN  around/RB /:"
"195","sw05utt/sw_0572_3768.utt","3/sw3768",3768,194,"b","B",132,1,"Uh-huh. /","[ Uh-huh/UH ] ./.","(INTJ (UH Uh-huh) (. .) (-DFL- E_S))",279,281.609625,281.953625,"Uhhuh. "," Uhhuh/UH  ./."
"196","sw05utt/sw_0572_3768.utt","3/sw3768",3768,195,"+","A",133,1,"-- {D you know, } close to Nairobi # in Kenya. # /","--/:  [ you/PRP ] know/VBP ,/, close/RB to/IN  [ Nairobi/NNP ] in/IN  [ Kenya/NNP ] ./.","(S (CONJP (CC and) (RB then)) (NP-SBJ (PRP she)) (VP (VP (VBD went) (PP-DIR (IN over) (PP (IN to) (NP (NNP Nairobi))))) (CC and) (VP (VBD took) (NP (DT a) (NN safari)) (ADVP-LOC (RB around)) (PRN (S (NP-SBJ (PRP you)) (VP (VBP know))) (, ,)) (ADVP-LOC (RB close) (PP (IN to) (NP (NNP Nairobi)))) (PP-LOC (IN in) (NP (NNP Kenya))))) (. .) (-DFL- E_S))",308,NA,NA,"  you know,  close to Nairobi # in Kenya. # ","/:   you/PRP  know/VBP ,/, close/RB to/IN   Nairobi/NNP  in/IN   Kenya/NNP  ./."
"197","sw05utt/sw_0572_3768.utt","3/sw3768",3768,196,"ba","B",134,1,"# {F Oh } how # neat. /","Oh/UH how/WRB neat/JJ ./.","(FRAG (INTJ (UH Oh)) (WHADJP (WRB how) (JJ neat)) (. .) (-DFL- E_S))",313,283.0515,283.961125,"#  Oh  how # neat. ","Oh/UH how/WRB neat/JJ ./."
"198","sw05utt/sw_0572_3768.utt","3/sw3768",3768,197,"sd","A",135,1,"{C So, } she'd always dreamed of doing that too. /","So/UH ,/,  [ she/PRP ] 'd/MD always/RB dreamed/VBN of/IN doing/VBG that/DT too/RB ./.","(S (RB So) (, ,) (NP-SBJ-1 (PRP she)) (VP (MD 'd) (ADVP-TMP (RB always)) (VP (VBN dreamed) (PP (IN of) (S-NOM (NP-SBJ (-NONE- *-1)) (VP (VBG doing) (NP (DT that))))) (ADVP (RB too)))) (. .) (-DFL- E_S))",315,284.417,286.299375," So,  she'd always dreamed of doing that too. ","So/UH ,/,   she/PRP  'd/MD always/RB dreamed/VBN of/IN doing/VBG that/DT too/RB ./."
"199","sw05utt/sw_0572_3768.utt","3/sw3768",3768,198,"b","B",136,1,"Yeah,  /","Yeah/UH ,/,","(INTJ (UH Yeah) (, ,) (-DFL- E_S))",293,286.515125,288.270875,"Yeah,  ","Yeah/UH ,/,"
"200","sw05utt/sw_0572_3768.utt","3/sw3768",3768,199,"ba","B",136,2,"that's # great. # /","[ that/DT ] 's/BES great/JJ ./.","(S (NP-SBJ (DT that)) (VP (BES 's) (ADJP-PRD (JJ great))) (. .) (-DFL- E_S))",318,286.515125,288.270875,"that's # great. # "," that/DT  's/BES great/JJ ./."
"201","sw05utt/sw_0572_3768.utt","3/sw3768",3768,200,"%","A",137,1,"# {C So. } #  Yeah.  /","So/UH ./.  Yeah/UH ./.","(FRAG (RB So) (. .) (INTJ (UH Yeah)) (. .) (-DFL- E_S))",320,287.797875,293.594,"#  So.  #  Yeah.  ","So/UH ./.  Yeah/UH ./."
"202","sw05utt/sw_0572_3768.utt","3/sw3768",3768,201,"qy","A",137,2,"{C So } is there any place you would try to talk me into going to <laughter>? /","So/UH is/VBZ  [ there/EX ] [ any/DT place/NN ] [ you/PRP ] would/MD try/VB to/TO talk/VB  [ me/PRP ] into/IN going/VBG to/IN ?/.","(SQ (RB So) (VBZ is) (NP-SBJ (EX there)) (NP-PRD (NP (DT any) (NN place)) (SBAR (WHNP-3 (-NONE- 0)) (S (NP-SBJ-1 (PRP you)) (VP (MD would) (VP (VB try) (S (NP-SBJ (-NONE- *-1)) (VP (TO to) (VP (VB talk) (NP-2 (PRP me)) (PP (IN into) (S-NOM (NP-SBJ (-NONE- *-2)) (VP (VBG going) (PP-DIR (IN to) (NP (-NONE- *T*-3)))))))))))))) (. ?) (-DFL- E_S))",321,287.797875,293.594," So  is there any place you would try to talk me into going to laughter? ","So/UH is/VBZ   there/EX   any/DT place/NN   you/PRP  would/MD try/VB to/TO talk/VB   me/PRP  into/IN going/VBG to/IN ?/."
"203","sw05utt/sw_0572_3768.utt","3/sw3768",3768,202,"%","B",138,1,"{F Uh. } /","[ Uh/UH ] ./.","(INTJ (UH Uh) (. .) (-DFL- E_S))",323,294.05775,294.564375," Uh.  "," Uh/UH  ./."
"204","sw05utt/sw_0572_3768.utt","3/sw3768",3768,203,"sv","A",139,1,"It sounds like we've been to some of the same places. /","[ It/PRP ] sounds/VBZ like/IN  [ we/PRP ] 've/VBP been/VBN to/TO  [ some/DT ] of/IN  [ the/DT same/JJ places/NNS ] ./.","(S (NP-SBJ (PRP It)) (VP (VBZ sounds) (SBAR (IN like) (S (NP-SBJ (PRP we)) (VP (VBP 've) (VP (VBN been) (PP-DIR-PRD (TO to) (NP (NP (DT some)) (PP (IN of) (NP (DT the) (JJ same) (NNS places)))))))))) (. .) (-DFL- E_S))",325,294.254,296.434,"It sounds like we've been to some of the same places. "," It/PRP  sounds/VBZ like/IN   we/PRP  've/VBP been/VBN to/TO   some/DT  of/IN   the/DT same/JJ places/NNS  ./."
"205","sw05utt/sw_0572_3768.utt","3/sw3768",3768,204,"aa","B",140,1,"Yeah,  /","Yeah/UH ,/,","(INTJ (UH Yeah) (, ,) (-DFL- E_S))",305,296.563375,297.17275,"Yeah,  ","Yeah/UH ,/,"
"206","sw05utt/sw_0572_3768.utt","3/sw3768",3768,205,"aa","B",140,2,"it does. /","[ it/PRP ] does/VBZ ./.","(S (NP-SBJ (PRP it)) (VP (VBZ does)) (. .) (-DFL- E_S))",328,296.563375,297.17275,"it does. "," it/PRP  does/VBZ ./."
